dataset,circuit,odor,leak_learned,leak_control,specific,L_hat,H,L_base
BANC_right,original,0,0.042,0.004,0.038000000000000006,0.37675246866377354,12.083196974622972,0.031179866508427023
BANC_right,original,1,0.044,0.006,0.038,0.3235325269359183,9.760735858025566,0.03314632540433929
BANC_right,original,2,0.04,0.0,0.04,0.4617578470959212,10.76333052964052,0.04290101895731184
BANC_right,original,3,0.038,0.0,0.038,0.43306901041173296,9.195981645955268,0.047093287816881706
BANC_right,original,4,0.038,0.0,0.038,0.45265375462705937,10.436735691910519,0.043371200343600716
BANC_right,original,5,0.048,0.0,0.048,0.3427350702498168,15.664825078613312,0.021879278480915955
BANC_right,original,6,0.046,0.0,0.046,0.32533160535373973,11.476342226675513,0.028348022299086
BANC_right,original,7,0.044,0.0,0.044,0.3799420522404606,11.85827370851627,0.0320402498356567
BANC_right,original,8,0.04,0.0,0.04,0.46457686314124913,11.653933650999553,0.0398643820236099
BANC_right,original,9,0.038,0.0,0.038,0.38835485211154347,10.095307635840426,0.03846884771820163
BANC_right,original,10,0.044,0.002,0.041999999999999996,0.3914171086390935,13.789200528861588,0.02838577246156041
BANC_right,original,11,0.03,0.0,0.03,0.2538118833989296,10.209477339723138,0.024860418898369634
BANC_right,original,12,0.046,0.02,0.026,0.29967862061290634,12.554727794462824,0.023869782405404084
BANC_right,original,13,0.036,0.0,0.036,0.32310386084332593,10.961852686949502,0.029475296746871375
BANC_right,original,14,0.04,0.0,0.04,0.4150901139550507,11.510334364400595,0.03606238540201318
BANC_right,original,15,0.044,0.0,0.044,0.3640679568162336,11.564741019649187,0.03148085687328928
BANC_right,original,16,0.036,0.0,0.036,0.3329013484967452,8.589215137533282,0.03875806382378616
BANC_right,original,17,0.046,0.002,0.044,0.35074975729638924,11.640658623107209,0.030131435741972183
BANC_right,original,18,0.016,0.0,0.016,0.40390107622621746,9.555211118791703,0.04227024094024334
BANC_right,original,19,0.048,0.0,0.048,0.40628330348968267,12.00726171944732,0.03383646604717994
BANC_right,original,20,0.05,0.0,0.05,0.22927002998747156,22.112358899485194,0.0103684112142739
BANC_right,original,21,0.036,0.0,0.036,0.3332016177763606,11.602177239941422,0.028718887057619442
BANC_right,original,22,0.05,0.0,0.05,0.33466489957278744,16.140478182454483,0.020734509584516843
BANC_right,original,23,0.046,0.0,0.046,0.4173770146998686,14.81630900437197,0.02817010731732915
BANC_right,original,24,0.038,0.0,0.038,0.2888593128851132,13.320344217287708,0.021685574199367858
BANC_right,original,25,0.04,0.002,0.038,0.2822904645238028,14.130297717515912,0.01997767281108845
BANC_right,original,26,0.046,0.0,0.046,0.38246561743330554,12.81115066962799,0.029854119063640015
BANC_right,original,27,0.048,0.004,0.044,0.3978376624881537,13.527291147679984,0.02941000220553288
BANC_right,original,28,0.04,0.002,0.038,0.3705840096815574,11.304787106721028,0.03278115776821965
BANC_right,original,29,0.018,0.0,0.018,0.2682663114762371,7.445567371035379,0.036030338335241205
BANC_right,original,30,0.048,0.0,0.048,0.499961878035477,10.925326994695773,0.045761731276162954
BANC_right,original,31,0.046,0.0,0.046,0.4363297774631854,9.146651248151628,0.047703773285480824
BANC_right,original,32,0.046,0.0,0.046,0.5096786797014218,11.566634608888956,0.04406456129510081
BANC_right,original,33,0.046,0.002,0.044,0.44216352716602186,13.302147701714366,0.03324001034126514
BANC_right,original,34,0.016,0.002,0.014,0.37402925898340095,7.739457757376483,0.04832757936134652
BANC_right,original,35,0.04,0.0,0.04,0.4671929736653607,10.365544304124047,0.045071726091555346
BANC_right,original,36,0.038,0.0,0.038,0.44296862861060954,10.42170664692159,0.04250442308712034
BANC_right,original,37,0.016,0.0,0.016,0.4380936533126266,11.310669367710775,0.03873277867738562
BANC_right,original,38,0.022,0.0,0.022,0.46429691513664684,11.341384586372776,0.04093829211069362
BANC_right,original,39,0.012,0.0,0.012,0.2593836163451198,12.902665112080896,0.020103103823275726
BANC_right,original,40,0.016,0.0,0.016,0.3358583557944189,10.035411680753972,0.03346732216661644
BANC_right,original,41,0.014,0.0,0.014,0.2916336739040389,10.182954003878445,0.028639398134663336
BANC_right,original,42,0.022,0.0,0.022,0.37732083728230814,11.299865542320324,0.033391621862150826
BANC_right,original,43,0.02,0.0,0.02,0.4299998139751465,10.770343718229492,0.03992442815426071
BANC_right,original,44,0.038,0.0,0.038,0.42603196287836015,10.673127191360207,0.03991632023491942
BANC_right,original,45,0.044,0.0,0.044,0.4066854983186432,12.532050591777127,0.03245163234383117
BANC_right,original,46,0.044,0.0,0.044,0.37854429944152257,10.17885373724737,0.037189285671363904
BANC_right,original,47,0.018,0.0,0.018,0.4197489966391074,9.810722324232588,0.04278471887868266
BANC_right,original,48,0.016,0.0,0.016,0.43048278386207645,10.09330777885622,0.04265031774458175
BANC_right,original,49,0.042,0.0,0.042,0.504524459928175,10.45670347757093,0.048248901865712554
BANC_right,original,50,0.046,0.0,0.046,0.5254708892734216,10.60427380370223,0.04955274627952042
BANC_right,original,51,0.044,0.0,0.044,0.5297650896399732,10.845019100238776,0.048848700471934556
BANC_right,original,52,0.044,0.0,0.044,0.18563905894558214,17.598333916507194,0.010548672381506136
BANC_right,original,53,0.004,0.0,0.004,0.18949730458604527,5.948649439296617,0.03185551720937381
BANC_right,original,54,0.002,0.0,0.002,0.20304793328642481,6.154637784081525,0.03299104519385234
BANC_right,original,55,0.012,0.0,0.012,0.3138737023336247,7.4583462937296785,0.042083551765020905
BANC_right,original,56,0.04,0.0,0.04,0.4157291892127383,7.9412049807900855,0.05235089513724864
BANC_right,original,57,0.038,0.0,0.038,0.467841533549549,9.505394242713262,0.049218530194914484
BANC_right,original,58,0.01,0.0,0.01,0.32269211673565124,8.112481134902172,0.03977724094141053
BANC_right,original,59,0.042,0.0,0.042,0.43134712539111575,8.84751005654499,0.04875350495612316
BANC_right,original,60,0.022,0.0,0.022,0.39044341221510465,8.721241549801999,0.0447692464410608
BANC_right,original,61,0.038,0.0,0.038,0.4579723779690351,9.186366823165047,0.04985348253394115
BANC_right,original,62,0.046,0.0,0.046,0.5027573633818166,12.94888746897224,0.03882629798015542
BANC_right,original,63,0.042,0.0,0.042,0.47817078877221475,9.761818937691457,0.04898377974682
BANC_right,original,64,0.036,0.0,0.036,0.28880479004782533,11.727628105492029,0.024626018786576165
BANC_right,original,65,0.042,0.0,0.042,0.4105630148732133,8.774718021601702,0.04678931150408304
BANC_right,original,66,0.038,0.0,0.038,0.3994018744477506,9.356290474953033,0.04268805842624884
BANC_right,original,67,0.032,0.0,0.032,0.322810272198356,12.086314707620788,0.026708742905297206
BANC_right,original,68,0.028,0.0,0.028,0.21360824818292934,6.062431925825368,0.035234745857183
BANC_right,original,69,0.032,0.0,0.032,0.21807669311378994,6.511100348714285,0.03349306283643017
BANC_right,original,70,0.034,0.0,0.034,0.26370626998708213,13.327801867445254,0.019786178741988666
BANC_right,original,71,0.028,0.0,0.028,0.38643633702550406,8.835581544774634,0.04373637830936467
BANC_right,original,72,0.026,0.0,0.026,0.3815187765934129,8.952608222210829,0.042615377231284404
BANC_right,input_comp_0.5,0,0.034,0.01,0.024,0.09493272556568205,7.121043284546906,0.013331294555067767
BANC_right,input_comp_0.5,1,0.036,0.036,0.0,0.13337962346596507,7.29407015813811,0.018286035172989296
BANC_right,input_comp_0.5,2,0.014,0.0,0.014,0.1323636619034724,4.546175957014471,0.029115384700243153
BANC_right,input_comp_0.5,3,0.006,0.002,0.004,0.10957069440900859,3.609344489182749,0.030357505285902562
BANC_right,input_comp_0.5,4,0.012,0.0,0.012,0.14300725248756968,4.626781325271575,0.03090858254019076
BANC_right,input_comp_0.5,5,0.032,0.018,0.014000000000000002,0.2358624302896176,19.085950486155948,0.012357908528616436
BANC_right,input_comp_0.5,6,0.02,0.024,-0.004,0.040264530595533046,3.1565663595749616,0.012755800451777845
BANC_right,input_comp_0.5,7,0.022,0.012,0.009999999999999998,0.06588370731460697,5.0844588165537905,0.012957860352827573
BANC_right,input_comp_0.5,8,0.014,0.01,0.004,0.09621421976364658,4.443164271981663,0.021654436764890258
BANC_right,input_comp_0.5,9,0.01,0.0,0.01,0.06111462549353402,2.83011400673775,0.021594404093982195
BANC_right,input_comp_0.5,10,0.032,0.012,0.02,0.20034072040598813,12.6923747369251,0.01578433701796953
BANC_right,input_comp_0.5,11,0.032,0.002,0.03,0.20163395480016377,10.808697630544211,0.01865478725488333
BANC_right,input_comp_0.5,12,0.032,0.004,0.028,0.24748846374931377,14.27379300260864,0.017338661398836556
BANC_right,input_comp_0.5,13,0.016,0.0,0.016,0.1658852565192967,8.165989579054946,0.020314164610836384
BANC_right,input_comp_0.5,14,0.016,0.01,0.006,0.04327735750922863,2.4955698139710045,0.017341673739980353
BANC_right,input_comp_0.5,15,0.016,0.002,0.014,0.07538579208852161,5.640334404354451,0.013365482732783054
BANC_right,input_comp_0.5,16,0.012,0.0,0.012,0.11864269040113326,4.881956158528578,0.024302285098130046
BANC_right,input_comp_0.5,17,0.018,0.016,0.0019999999999999983,0.04080913829932795,3.696670663453272,0.011039430345468157
BANC_right,input_comp_0.5,18,0.002,0.0,0.002,0.08395151209792269,3.0965862891205966,0.027110987474456647
BANC_right,input_comp_0.5,19,0.014,0.0,0.014,0.12673924401189562,7.078030952960841,0.017906003075456853
BANC_right,input_comp_0.5,20,0.034,0.004,0.030000000000000002,0.12117485132373469,38.238147616466286,0.0031689519204521777
BANC_right,input_comp_0.5,21,0.018,0.012,0.005999999999999998,0.13142147308417398,9.170049422358614,0.014331599212948545
BANC_right,input_comp_0.5,22,0.036,0.016,0.019999999999999997,0.2088796851795885,21.75189901850347,0.009602825252264316
BANC_right,input_comp_0.5,23,0.034,0.004,0.030000000000000002,0.1523263727428005,9.83539271964724,0.015487574018118505
BANC_right,input_comp_0.5,24,0.034,0.01,0.024,0.18998163323837924,16.487821147047704,0.011522543309028872
BANC_right,input_comp_0.5,25,0.034,0.018,0.016000000000000004,0.20241680052930092,24.969223330651424,0.00810665185091362
BANC_right,input_comp_0.5,26,0.012,0.0,0.012,0.10078710273844875,5.472774122672474,0.01841609035551283
BANC_right,input_comp_0.5,27,0.036,0.002,0.033999999999999996,0.12828667620666287,7.4106863737309485,0.017311038375798418
BANC_right,input_comp_0.5,28,0.01,0.0,0.01,0.03338495157689968,2.163208414006897,0.01543307217220968
BANC_right,input_comp_0.5,29,0.004,0.0,0.004,0.04038314901287247,1.7984107269361986,0.022454908885952793
BANC_right,input_comp_0.5,30,0.014,0.004,0.01,0.14607170597664346,4.995525813021315,0.029240506694188952
BANC_right,input_comp_0.5,31,0.016,0.0,0.016,0.19374580982177186,5.580291010100603,0.03471966058241091
BANC_right,input_comp_0.5,32,0.018,0.0,0.018,0.19574719800015578,6.357922703788994,0.030787917236474196
BANC_right,input_comp_0.5,33,0.018,0.022,-0.004,0.10798489602684892,6.183876920069726,0.017462329445203664
BANC_right,input_comp_0.5,34,0.0,0.0,0.0,0.024891264845201554,0.7636674901558876,0.03259437538727816
BANC_right,input_comp_0.5,35,0.012,0.0,0.012,0.13309429904473474,3.949847576061172,0.03369605952679767
BANC_right,input_comp_0.5,36,0.012,0.0,0.012,0.06930833744702032,2.7939983593318694,0.02480614822679927
BANC_right,input_comp_0.5,37,0.002,0.0,0.002,0.0889274413331928,3.4108275052550154,0.02607210162231409
BANC_right,input_comp_0.5,38,0.002,0.0,0.002,0.06893435703616131,2.6008619287087225,0.02650442773422651
BANC_right,input_comp_0.5,39,0.0,0.0,0.0,0.06203222074463487,5.530885225373019,0.011215604413568576
BANC_right,input_comp_0.5,40,0.0,0.0,0.0,0.03445840393311003,1.4790502490281516,0.023297656016590257
BANC_right,input_comp_0.5,41,0.0,0.0,0.0,0.029015859419995807,1.349453533006573,0.021501932975304956
BANC_right,input_comp_0.5,42,0.0,0.0,0.0,0.047641279589979546,2.3178865288585953,0.020553758347023013
BANC_right,input_comp_0.5,43,0.006,0.0,0.006,0.0919738218257845,3.335967806023471,0.02757035654232491
BANC_right,input_comp_0.5,44,0.0,0.002,-0.002,0.06137253588862432,2.350680776665938,0.026108409316075398
BANC_right,input_comp_0.5,45,0.03,0.0,0.03,0.18956794862082016,8.421749908593211,0.022509330089153172
BANC_right,input_comp_0.5,46,0.014,0.0,0.014,0.11831941420474441,6.083962753582661,0.019447754530559823
BANC_right,input_comp_0.5,47,0.006,0.002,0.004,0.10427025783561222,4.2898611523813495,0.024306208087348152
BANC_right,input_comp_0.5,48,0.006,0.0,0.006,0.09314914724199846,3.2522172445220967,0.028641735849256417
BANC_right,input_comp_0.5,49,0.014,0.0,0.014,0.15430118028576226,4.445694296823828,0.034708005090678604
BANC_right,input_comp_0.5,50,0.014,0.0,0.014,0.17322018203257328,4.984994624969441,0.03474831871732162
BANC_right,input_comp_0.5,51,0.014,0.0,0.014,0.15702845105246263,4.8291335318970425,0.03251689977410434
BANC_right,input_comp_0.5,52,0.024,0.034,-0.010000000000000002,0.17982086976096634,39.94547449307761,0.004501658123803951
BANC_right,input_comp_0.5,53,0.0,0.0,0.0,0.007129299279376846,0.3172343351082147,0.022473290216031963
BANC_right,input_comp_0.5,54,0.0,0.0,0.0,0.003948644247579324,0.1672537359666393,0.02360870580712724
BANC_right,input_comp_0.5,55,0.0,0.0,0.0,0.01371167351208662,0.4426587964713257,0.030975716785456055
BANC_right,input_comp_0.5,56,0.012,0.002,0.01,0.09640601976349439,2.4570157312147543,0.03923703806154755
BANC_right,input_comp_0.5,57,0.014,0.0,0.014,0.1405932876696839,3.764757199420715,0.03734458298965922
BANC_right,input_comp_0.5,58,0.002,0.0,0.002,0.06764298401102255,2.2977651005168003,0.029438598399727053
BANC_right,input_comp_0.5,59,0.012,0.0,0.012,0.1095789220765689,3.0528569063920097,0.035893893961140066
BANC_right,input_comp_0.5,60,0.006,0.0,0.006,0.09990942675269668,3.052523965748491,0.032730103964375756
BANC_right,input_comp_0.5,61,0.008,0.0,0.008,0.08350082109550493,2.4267619835332623,0.03440832750063576
BANC_right,input_comp_0.5,62,0.014,0.0,0.014,0.19068646061107436,6.970242244699878,0.02735722144464505
BANC_right,input_comp_0.5,63,0.012,0.0,0.012,0.1244386604872409,3.7235323947901913,0.033419518697178574
BANC_right,input_comp_0.5,64,0.004,0.004,0.0,0.06671668999506634,4.944902231676904,0.013492013971010611
BANC_right,input_comp_0.5,65,0.012,0.0,0.012,0.1142441376103543,3.0828497554675534,0.037057964763848095
BANC_right,input_comp_0.5,66,0.012,0.0,0.012,0.09275647983759909,2.858272991991089,0.032451931672553225
BANC_right,input_comp_0.5,67,0.03,0.0,0.03,0.21075093000645176,12.640585069011241,0.016672561345527727
BANC_right,input_comp_0.5,68,0.01,0.0,0.01,0.08426897835567383,3.195640129904796,0.026369983768536654
BANC_right,input_comp_0.5,69,0.028,0.018,0.010000000000000002,0.11976335283894897,5.041360409009311,0.023756157688095927
BANC_right,input_comp_0.5,70,0.032,0.002,0.03,0.20953417879928338,16.090879154844146,0.01302192234388904
BANC_right,input_comp_0.5,71,0.0,0.0,0.0,0.04407354204139978,1.3544809680293113,0.03253906336205236
BANC_right,input_comp_0.5,72,0.0,0.0,0.0,0.029864502054266155,1.2418805976957914,0.024047804684023018
BANC_right,input_comp_1.0,0,0.026,0.032,-0.006000000000000002,0.07032822395485167,23.79148130602074,0.0029560254382754304
BANC_right,input_comp_1.0,1,0.028,0.032,-0.004,0.03329986921523458,4.415535215577647,0.00754152499967736
BANC_right,input_comp_1.0,2,0.0,0.028,-0.028,0.01981281791532922,1.1005447416631673,0.01800273734022631
BANC_right,input_comp_1.0,3,0.0,0.0,0.0,0.02578569025350219,0.9414221151715276,0.02739014713798605
BANC_right,input_comp_1.0,4,0.002,0.0,0.002,0.03505538439050963,1.343231066540525,0.026097806448740303
BANC_right,input_comp_1.0,5,0.028,0.006,0.022,0.2360207813644327,22.15037790966698,0.010655383954484466
BANC_right,input_comp_1.0,6,0.002,0.008,-0.006,0.011686357382795758,1.5407028579830282,0.007585081913909509
BANC_right,input_comp_1.0,7,0.004,0.008,-0.004,0.005549206669189962,2.1469385164437944,0.0025847068403159076
BANC_right,input_comp_1.0,8,0.006,0.028,-0.022,0.01422088390122418,1.6294324560776787,0.008727507450941703
BANC_right,input_comp_1.0,9,0.004,0.03,-0.026,0.00048731373886099177,0.028214267152224796,0.01727189071514003
BANC_right,input_comp_1.0,10,0.028,0.006,0.022,0.15962803900416928,16.102576628125185,0.009913198532796218
BANC_right,input_comp_1.0,11,0.028,0.01,0.018000000000000002,0.14670100260246383,9.919255920586147,0.014789516852570024
BANC_right,input_comp_1.0,12,0.028,0.028,0.0,0.22879789018964175,15.948326134439714,0.014346200865278437
BANC_right,input_comp_1.0,13,0.002,0.0,0.002,0.05919153656814435,2.7971202835814943,0.02116159856105802
BANC_right,input_comp_1.0,14,0.0,0.032,-0.032,0.0,0.0,0.0048400053821223265
BANC_right,input_comp_1.0,15,0.0,0.034,-0.034,0.024058162416873006,2.590529301768718,0.009286967879671145
BANC_right,input_comp_1.0,16,0.012,0.008,0.004,0.026058842132130767,1.6043667420481011,0.01624244722180204
BANC_right,input_comp_1.0,17,0.002,0.03,-0.027999999999999997,0.011017551802030272,1.594246057543756,0.006910822673762756
BANC_right,input_comp_1.0,18,0.0,0.0,0.0,0.027174411923160054,1.1529557757836433,0.023569344543757628
BANC_right,input_comp_1.0,19,0.012,0.008,0.004,0.01880725504985985,2.4356200676214703,0.007721752378328147
BANC_right,input_comp_1.0,20,0.026,0.0,0.026,0.11773749419056172,34.379918472878884,0.0034246007384642493
BANC_right,input_comp_1.0,21,0.012,0.008,0.004,0.02766175695484906,2.7039751857012475,0.010230033582085286
BANC_right,input_comp_1.0,22,0.028,0.026,0.0020000000000000018,0.22610391658219536,29.676894098343332,0.007618853773340697
BANC_right,input_comp_1.0,23,0.028,0.006,0.022,0.13330991236380116,18.283546512648584,0.007291250210760651
BANC_right,input_comp_1.0,24,0.028,0.004,0.024,0.14079655160359383,17.95905380230063,0.007839864680708134
BANC_right,input_comp_1.0,25,0.028,0.004,0.024,0.1994052146146963,32.55015390183853,0.006126091299477184
BANC_right,input_comp_1.0,26,0.028,0.03,-0.0019999999999999983,0.01958276405971708,1.3344659347991306,0.014674607683158852
BANC_right,input_comp_1.0,27,0.028,0.004,0.024,0.04270247806478579,3.0074606972156426,0.014198848252387956
BANC_right,input_comp_1.0,28,0.0,0.002,-0.002,0.0,0.0,0.00464244916658286
BANC_right,input_comp_1.0,29,0.0,0.0,0.0,0.029226243234801007,1.903802563610166,0.015351509549067686
BANC_right,input_comp_1.0,30,0.004,0.006,-0.002,0.03441541035996843,1.8111019510343096,0.019002469927390887
BANC_right,input_comp_1.0,31,0.002,0.0,0.002,0.06588978260642032,1.8269424824271683,0.036065603181378234
BANC_right,input_comp_1.0,32,0.002,0.0,0.002,0.06301103307409733,2.2066800782846774,0.02855467527629914
BANC_right,input_comp_1.0,33,0.004,0.03,-0.026,0.02233949604791492,2.7418265485357214,0.008147669319142518
BANC_right,input_comp_1.0,34,0.0,0.034,-0.034,0.0,0.0,0.028208090737647313
BANC_right,input_comp_1.0,35,0.002,0.0,0.002,0.032081668434325555,1.0413988722834175,0.030806321466415515
BANC_right,input_comp_1.0,36,0.004,0.032,-0.028,0.003415681784674237,0.32331059856758737,0.010564707126234824
BANC_right,input_comp_1.0,37,0.0,0.0,0.0,0.022681261841738364,1.2037024553420204,0.01884291399513155
BANC_right,input_comp_1.0,38,0.0,0.03,-0.03,0.006320916132738097,0.27501003616179326,0.02298431075809681
BANC_right,input_comp_1.0,39,0.002,0.0,0.002,0.053987088169313344,3.2769475605108798,0.016474809917585834
BANC_right,input_comp_1.0,40,0.002,0.0,0.002,0.036094023167057926,1.1541350141404427,0.031273657522590134
BANC_right,input_comp_1.0,41,0.002,0.0,0.002,0.0380119701355814,1.1878073384837284,0.03200179768556138
BANC_right,input_comp_1.0,42,0.0,0.0,0.0,0.0,0.0,0.012553805626037143
BANC_right,input_comp_1.0,43,0.002,0.0,0.002,0.040514324957502665,1.513948790081453,0.026760697074385803
BANC_right,input_comp_1.0,44,0.002,0.002,0.0,0.007688442615132332,0.4066803812655349,0.0189053688579885
BANC_right,input_comp_1.0,45,0.028,0.03,-0.0019999999999999983,0.15969079697571475,9.180194659286654,0.01739514279407704
BANC_right,input_comp_1.0,46,0.0,0.0,0.0,0.037197601054440484,2.4450024770459464,0.01521372734942283
BANC_right,input_comp_1.0,47,0.0,0.0,0.0,0.04747388400941025,2.221727707811714,0.02136800285763621
BANC_right,input_comp_1.0,48,0.0,0.002,-0.002,0.04183477387462785,1.4957263540127788,0.027969537183317177
BANC_right,input_comp_1.0,49,0.002,0.0,0.002,0.03298770736839208,1.251474409301083,0.02635907464285657
BANC_right,input_comp_1.0,50,0.002,0.0,0.002,0.053705842189724594,1.8078407719372815,0.029707175003124545
BANC_right,input_comp_1.0,51,0.002,0.0,0.002,0.039708284704546896,1.9047664269225535,0.020846799976783403
BANC_right,input_comp_1.0,52,0.026,0.004,0.022,0.24590998390543536,33.14793689191576,0.0074185607601240725
BANC_right,input_comp_1.0,53,0.0,0.0,0.0,0.0,0.0,0.019611808878898608
BANC_right,input_comp_1.0,54,0.0,0.0,0.0,0.0,0.0,0.021492854995180364
BANC_right,input_comp_1.0,55,0.0,0.0,0.0,0.0002000527918456288,0.007492740164810673,0.026699550157253282
BANC_right,input_comp_1.0,56,0.002,0.0,0.002,0.011574747254663975,0.3622653602138372,0.03195101857884414
BANC_right,input_comp_1.0,57,0.002,0.0,0.002,0.026700187905848487,0.908150879764236,0.029400607873418666
BANC_right,input_comp_1.0,58,0.0,0.0,0.0,0.025255340343658863,0.7604300424191943,0.03321191817108222
BANC_right,input_comp_1.0,59,0.004,0.0,0.004,0.035943620892942355,1.1073670090543368,0.03245863439948179
BANC_right,input_comp_1.0,60,0.0,0.0,0.0,0.053479990350880795,1.3461502967261014,0.03972809758386308
BANC_right,input_comp_1.0,61,0.0,0.0,0.0,0.002164709719264972,0.08962709360803364,0.02415240338743887
BANC_right,input_comp_1.0,62,0.002,0.0,0.002,0.049289493787861995,1.9593143632633765,0.025156501025066166
BANC_right,input_comp_1.0,63,0.002,0.0,0.002,0.02421817764886571,0.8930726752048388,0.027117812828962584
BANC_right,input_comp_1.0,64,0.0,0.006,-0.006,0.03310462921525406,2.5613092475116765,0.012924885680015156
BANC_right,input_comp_1.0,65,0.002,0.0,0.002,0.02585464718075623,0.6334615909799286,0.040814861625249575
BANC_right,input_comp_1.0,66,0.0,0.0,0.0,0.0062594623993048595,0.19040273080405026,0.032874856221188756
BANC_right,input_comp_1.0,67,0.026,0.028,-0.0020000000000000018,0.16850039642679032,8.852214681794864,0.01903482941656645
BANC_right,input_comp_1.0,68,0.0,0.0,0.0,0.008832132584824008,0.3240575245162142,0.027254829518337853
BANC_right,input_comp_1.0,69,0.028,0.006,0.022,0.04829550187591753,1.9754108738589355,0.024448332503897274
BANC_right,input_comp_1.0,70,0.03,0.032,-0.0020000000000000018,0.21954816817414644,13.050310280321861,0.01682321442618847
BANC_right,input_comp_1.0,71,0.002,0.0,0.002,0.020256590220662504,0.528003433824014,0.038364504703986675
BANC_right,input_comp_1.0,72,0.0,0.0,0.0,0.0,0.0,0.01574916428605154
BANC_left,original,0,0.052,0.0,0.052,0.6551384941148329,18.595870237185686,0.03523032188107923
BANC_left,original,1,0.052,0.0,0.052,0.5522674850662876,16.489270324428922,0.033492536309996754
BANC_left,original,2,0.024,0.0,0.024,0.4679890361593861,9.260409602379017,0.05053653739454017
BANC_left,original,3,0.02,0.0,0.02,0.4333380763037428,7.884488393377829,0.054960836351500356
BANC_left,original,4,0.014,0.0,0.014,0.4413482115259776,10.940904629347644,0.040339279655369153
BANC_left,original,5,0.036,0.0,0.036,0.3535740694749511,17.697269199965547,0.019979018541213096
BANC_left,original,6,0.054,0.002,0.052,0.6882226684584406,12.084320699437436,0.05695170507105787
BANC_left,original,7,0.054,0.0,0.054,0.6786813048606177,14.489171444808235,0.04684058763786683
BANC_left,original,8,0.054,0.0,0.054,0.6703600684822921,12.611619252950707,0.0531541632392248
BANC_left,original,9,0.052,0.0,0.052,0.6473008861447851,11.858095693596919,0.05458725438472483
BANC_left,original,10,0.032,0.0,0.032,0.4984978184215397,14.435288415305509,0.03453327734643599
BANC_left,original,11,0.01,0.0,0.01,0.2636774153000383,17.436942817375794,0.015121768653005248
BANC_left,original,12,0.036,0.0,0.036,0.4081318981158484,22.509658738525765,0.01813141206878103
BANC_left,original,13,0.012,0.0,0.012,0.32595087341211,13.949361291075467,0.023366723867181437
BANC_left,original,14,0.054,0.0,0.054,0.7250815299873599,12.804287696448913,0.05662802548465471
BANC_left,original,15,0.054,0.0,0.054,0.6214920363932389,13.852773131254281,0.044864088259053636
BANC_left,original,16,0.02,0.0,0.02,0.29978866107852353,10.92814103269696,0.02743272256292785
BANC_left,original,17,0.054,0.0,0.054,0.6074719283660411,12.16235646277232,0.04994689394489037
BANC_left,original,18,0.012,0.0,0.012,0.38073669724488857,8.763593674710107,0.0434452704423774
BANC_left,original,19,0.052,0.0,0.052,0.6739891272356212,16.17386329627244,0.04167149894181152
BANC_left,original,20,0.046,0.0,0.046,0.5691088041780574,19.85328073107005,0.028665730963417634
BANC_left,original,21,0.052,0.0,0.052,0.7106117239042855,14.756296164179066,0.048156510007524564
BANC_left,original,22,0.052,0.0,0.052,0.5675072311391847,22.464175045565348,0.02526276749482578
BANC_left,original,23,0.05,0.0,0.05,0.6055029318154508,17.41774443569214,0.034763567352306804
BANC_left,original,24,0.048,0.0,0.048,0.6767608182320263,20.3388810808361,0.03327424038432923
BANC_left,original,25,0.052,0.0,0.052,0.6691210781237471,18.456211491889224,0.03625451942928804
BANC_left,original,26,0.052,0.0,0.052,0.6267267248724412,15.685263179243984,0.03995640479286168
BANC_left,original,27,0.052,0.0,0.052,0.6583765164353972,17.08501681771401,0.038535315678049686
BANC_left,original,28,0.048,0.0,0.048,0.6593012487189641,16.40990937200005,0.040177019493106925
BANC_left,original,29,0.052,0.0,0.052,0.605596118328758,13.05011853248558,0.046405411324138654
BANC_left,original,30,0.018,0.0,0.018,0.37050822152765944,8.072425519395827,0.045898004340508274
BANC_left,original,31,0.016,0.0,0.016,0.37647570992708396,7.899332039930786,0.047659182830145044
BANC_left,original,32,0.048,0.0,0.048,0.6227640800878939,15.310233899166384,0.040676326971190314
BANC_left,original,33,0.05,0.0,0.05,0.5250500430975089,13.038305570909303,0.040269806551319495
BANC_left,original,34,0.014,0.0,0.014,0.3506405457103933,6.080877277053418,0.0576628222762459
BANC_left,original,35,0.046,0.0,0.046,0.4958245580371669,11.67912356639069,0.04245391832859906
BANC_left,original,36,0.052,0.0,0.052,0.7171892699855912,12.937803827722274,0.055433617601222646
BANC_left,original,37,0.052,0.0,0.052,0.5564359702173383,11.412942758842375,0.04875482002976225
BANC_left,original,38,0.018,0.0,0.018,0.40824403217352534,8.605163841091027,0.04744175005989951
BANC_left,original,39,0.028,0.0,0.028,0.40551688747736186,11.533724460446763,0.03515923142329464
BANC_left,original,40,0.01,0.0,0.01,0.2728142427047757,5.967761058704971,0.04571467255828395
BANC_left,original,41,0.012,0.0,0.012,0.24208214553638635,5.617145144205165,0.043097007344758825
BANC_left,original,42,0.046,0.0,0.046,0.44938119135212357,10.123096995951776,0.0443916710006662
BANC_left,original,43,0.014,0.0,0.014,0.36516435681524195,8.500587812268261,0.04295754186413175
BANC_left,original,44,0.024,0.0,0.024,0.34247634683232775,7.602717181040515,0.04504657199223293
BANC_left,original,45,0.016,0.0,0.016,0.3240321706697438,11.056493322478879,0.029306956665089853
BANC_left,original,46,0.044,0.0,0.044,0.5038228405457832,12.859865964433373,0.03917792315559196
BANC_left,original,47,0.046,0.0,0.046,0.5429754180076477,11.252611400859601,0.048253280830987295
BANC_left,original,48,0.044,0.0,0.044,0.5111992576895088,10.654868886797681,0.04797799608054582
BANC_left,original,49,0.048,0.0,0.048,0.6878928054291877,12.250575556482055,0.05615187647777154
BANC_left,original,50,0.05,0.006,0.044000000000000004,0.6533501033140441,14.213664147123776,0.04596633890820148
BANC_left,original,51,0.05,0.0,0.05,0.6680476735860946,13.135284733981496,0.05085901730457575
BANC_left,original,52,0.052,0.0,0.052,0.3484306941776761,25.845112379319914,0.013481492711808617
BANC_left,original,53,0.01,0.0,0.01,0.24998163813231894,7.6218973219076185,0.03279782284836044
BANC_left,original,54,0.014,0.0,0.014,0.31358903640215197,6.315696550375611,0.04965232795795137
BANC_left,original,55,0.044,0.0,0.044,0.5055780475371541,8.872150469131183,0.05698483691143523
BANC_left,original,56,0.016,0.0,0.016,0.4126516790283753,6.975949747145714,0.059153476442002216
BANC_left,original,57,0.05,0.0,0.05,0.6811760020943148,10.758603709361134,0.06331453602121426
BANC_left,original,58,0.046,0.0,0.046,0.5061373168641896,8.720095305623877,0.058042635903046265
BANC_left,original,59,0.052,0.0,0.052,0.5363806682923695,9.059245809826047,0.05920809298612783
BANC_left,original,60,0.014,0.0,0.014,0.39117863110222995,7.464590305549093,0.05240456811292538
BANC_left,original,61,0.05,0.0,0.05,0.6463838628966042,10.294685989197939,0.06278810869752076
BANC_left,original,62,0.05,0.0,0.05,0.647518289878106,13.537061348404574,0.0478330025411623
BANC_left,original,63,0.05,0.0,0.05,0.6401829908389984,11.436581866419285,0.05597677683038659
BANC_left,original,64,0.03,0.0,0.03,0.38252881139203315,16.783903558122432,0.022791409046610703
BANC_left,original,65,0.012,0.0,0.012,0.33039960468533086,7.600628331329474,0.04347003830241737
BANC_left,original,66,0.046,0.0,0.046,0.477528411556932,9.693350753050627,0.04926350275797535
BANC_left,original,67,0.02,0.0,0.02,0.34513486082363254,8.908674873552036,0.038741436377733876
BANC_left,original,68,0.012,0.0,0.012,0.2772043995754362,6.701727593015082,0.04136312551174927
BANC_left,original,69,0.024,0.0,0.024,0.35316726622328637,9.078671265205864,0.03890076597186693
BANC_left,original,70,0.026,0.0,0.026,0.3049250333248769,11.53988388219269,0.026423578992455007
BANC_left,original,71,0.05,0.0,0.05,0.5480450458712145,9.25893395889318,0.05919094447636909
BANC_left,original,72,0.044,0.0,0.044,0.5297893382477554,10.571585135333715,0.050114465471883224
BANC_left,input_comp_0.5,0,0.05,0.0,0.05,0.1845242858112877,14.494245172340522,0.012730865499875552
BANC_left,input_comp_0.5,1,0.05,0.01,0.04,0.1220448554109088,7.631639791816252,0.01599195700271165
BANC_left,input_comp_0.5,2,0.008,0.0,0.008,0.11134612688239409,3.7190404852394825,0.02993947694958317
BANC_left,input_comp_0.5,3,0.004,0.0,0.004,0.070207952224277,1.70776092940752,0.04111111281169462
BANC_left,input_comp_0.5,4,0.004,0.0,0.004,0.11685836319567919,4.856093536237202,0.02406427354079102
BANC_left,input_comp_0.5,5,0.024,0.046,-0.022,0.1029551658969563,12.462110988393713,0.00826145474011916
BANC_left,input_comp_0.5,6,0.038,0.002,0.036,0.2243406571960931,6.705521564974284,0.033456108525236464
BANC_left,input_comp_0.5,7,0.044,0.0,0.044,0.19732553806142228,10.22087608664381,0.01930612761456707
BANC_left,input_comp_0.5,8,0.036,0.0,0.036,0.22683332453552785,7.414674753572089,0.030592484778411727
BANC_left,input_comp_0.5,9,0.024,0.002,0.022,0.17528681116845357,5.133113793070218,0.034148241834243656
BANC_left,input_comp_0.5,10,0.018,0.0,0.018,0.11306896270347712,8.54544575037553,0.013231487976915458
BANC_left,input_comp_0.5,11,0.012,0.0,0.012,0.11577050640036099,11.839337924548252,0.009778461189144442
BANC_left,input_comp_0.5,12,0.02,0.036,-0.015999999999999997,0.11684136998476194,11.987502668845591,0.009746931718181955
BANC_left,input_comp_0.5,13,0.01,0.0,0.01,0.10025217956900442,7.250007642862176,0.013827872259928629
BANC_left,input_comp_0.5,14,0.05,0.01,0.04,0.259198720274933,7.878626427786423,0.03289897327290303
BANC_left,input_comp_0.5,15,0.052,0.026,0.026,0.15065375842048617,8.161714250311517,0.018458592619159143
BANC_left,input_comp_0.5,16,0.012,0.002,0.01,0.1011508383894721,7.5397211489593685,0.013415726708067038
BANC_left,input_comp_0.5,17,0.04,0.0,0.04,0.16704295039444783,6.530855309462721,0.025577499803496655
BANC_left,input_comp_0.5,18,0.004,0.0,0.004,0.041319326253478776,1.6207668283258263,0.02549368948780846
BANC_left,input_comp_0.5,19,0.044,0.0,0.044,0.2663520311721884,12.035405088949313,0.022130707625017787
BANC_left,input_comp_0.5,20,0.032,0.0,0.032,0.3637325344077228,16.24848168916881,0.02238563216956978
BANC_left,input_comp_0.5,21,0.034,0.0,0.034,0.35666983468700103,11.171215815571433,0.031927575348588554
BANC_left,input_comp_0.5,22,0.048,0.012,0.036000000000000004,0.1533050624338347,15.13216498732738,0.010131072623264546
BANC_left,input_comp_0.5,23,0.046,0.002,0.044,0.3161101337794982,15.476590284842649,0.020425050218528293
BANC_left,input_comp_0.5,24,0.042,0.0,0.042,0.3109344234846073,16.22221004959151,0.019167204871227576
BANC_left,input_comp_0.5,25,0.04,0.002,0.038,0.31379235170635394,15.733911242323506,0.019943696571915748
BANC_left,input_comp_0.5,26,0.04,0.0,0.04,0.2565606451031777,10.866176580787426,0.023610940167934014
BANC_left,input_comp_0.5,27,0.046,0.008,0.038,0.2776068818998871,12.846308157652702,0.021609856971593296
BANC_left,input_comp_0.5,28,0.03,0.0,0.03,0.31360285077044125,12.884007648277214,0.02434047381308212
BANC_left,input_comp_0.5,29,0.006,0.002,0.004,0.1055397833740283,4.407046600191736,0.02394796174141581
BANC_left,input_comp_0.5,30,0.012,0.002,0.01,0.09303355718839625,3.3117826810521285,0.02809168539973166
BANC_left,input_comp_0.5,31,0.008,0.0,0.008,0.1121376777655453,3.21002149967755,0.03493362202614832
BANC_left,input_comp_0.5,32,0.018,0.0,0.018,0.18062011633764483,6.784868231922659,0.026621020506755175
BANC_left,input_comp_0.5,33,0.018,0.0,0.018,0.13427969081583915,7.520873539680885,0.01785426787292274
BANC_left,input_comp_0.5,34,0.0,0.0,0.0,0.04073932132515253,0.959574300107786,0.042455619456019625
BANC_left,input_comp_0.5,35,0.01,0.0,0.01,0.19601404742143244,6.591711096264617,0.02973644393069797
BANC_left,input_comp_0.5,36,0.03,0.0,0.03,0.22967180860588582,6.727629866779458,0.03413859162198984
BANC_left,input_comp_0.5,37,0.006,0.0,0.006,0.11646140994274677,3.9051281004671523,0.029822686208120813
BANC_left,input_comp_0.5,38,0.0,0.0,0.0,0.06997097088332646,3.0608686316166542,0.02285984120996725
BANC_left,input_comp_0.5,39,0.004,0.0,0.004,0.19940809551547117,6.826107381299916,0.029212563526578642
BANC_left,input_comp_0.5,40,0.004,0.0,0.004,0.1413545278449404,4.3056558743426345,0.03282996411470568
BANC_left,input_comp_0.5,41,0.004,0.0,0.004,0.1612046622606936,4.899558078713496,0.032901878020603445
BANC_left,input_comp_0.5,42,0.002,0.0,0.002,0.13438278374033272,4.975854044304667,0.027006978609862255
BANC_left,input_comp_0.5,43,0.006,0.0,0.006,0.11891280288162326,4.3156282007835856,0.02755399616214213
BANC_left,input_comp_0.5,44,0.006,0.0,0.006,0.10135997356112286,3.769942191282292,0.026886346903544085
BANC_left,input_comp_0.5,45,0.018,0.0,0.018,0.11237680359724483,6.751101958147508,0.01664569788664262
BANC_left,input_comp_0.5,46,0.01,0.0,0.01,0.06682694416334917,3.4026907349434223,0.019639441068528468
BANC_left,input_comp_0.5,47,0.018,0.0,0.018,0.14908492607942445,4.685913174736685,0.031815554518421475
BANC_left,input_comp_0.5,48,0.01,0.0,0.01,0.11997939427382497,4.304292423465174,0.02787435946957234
BANC_left,input_comp_0.5,49,0.034,0.0,0.034,0.32540844099213906,8.03086922207986,0.040519703657665065
BANC_left,input_comp_0.5,50,0.01,0.0,0.01,0.19973915772363943,6.770553419705636,0.029501156750687523
BANC_left,input_comp_0.5,51,0.026,0.0,0.026,0.22497477128549703,7.427361808225599,0.030289997591923374
BANC_left,input_comp_0.5,52,0.022,0.006,0.016,0.06531871408467824,12.583270585522758,0.005190917070465638
BANC_left,input_comp_0.5,53,0.0,0.0,0.0,0.020689127444085815,1.016884899431654,0.02034559413326833
BANC_left,input_comp_0.5,54,0.0,0.0,0.0,0.038284500767682514,1.2097992758484402,0.031645332851462774
BANC_left,input_comp_0.5,55,0.0,0.0,0.0,0.07318558286662015,2.1056024445251533,0.03475755029488706
BANC_left,input_comp_0.5,56,0.004,0.0,0.004,0.08900133385007229,2.147218087207833,0.04144960140765511
BANC_left,input_comp_0.5,57,0.03,0.0,0.03,0.23315781963987775,5.313537525493389,0.04387996104689744
BANC_left,input_comp_0.5,58,0.006,0.0,0.006,0.12043832684900842,2.8425015953343338,0.042370539755085875
BANC_left,input_comp_0.5,59,0.02,0.0,0.02,0.22502042236659142,5.3084836473642065,0.04238883216270613
BANC_left,input_comp_0.5,60,0.006,0.0,0.006,0.0872741213569018,2.464055949311698,0.035418887863029526
BANC_left,input_comp_0.5,61,0.02,0.0,0.02,0.21319401583810627,4.884668070317497,0.043645548227445666
BANC_left,input_comp_0.5,62,0.01,0.0,0.01,0.20206852156515287,6.146122472442039,0.03287739911971929
BANC_left,input_comp_0.5,63,0.008,0.0,0.008,0.15708529053351095,4.404546248173778,0.035664352621712615
BANC_left,input_comp_0.5,64,0.024,0.01,0.014,0.050458409392803334,14.80750773587321,0.0034076233686889078
BANC_left,input_comp_0.5,65,0.004,0.0,0.004,0.121374776161033,3.5639583948913516,0.034056170895545246
BANC_left,input_comp_0.5,66,0.004,0.0,0.004,0.16208191410531428,4.188882366779525,0.03869335539014557
BANC_left,input_comp_0.5,67,0.012,0.008,0.004,0.08518463900039308,3.538234446255389,0.024075464838274448
BANC_left,input_comp_0.5,68,0.0,0.0,0.0,0.09085352016188697,2.8367923202419654,0.032026849309200606
BANC_left,input_comp_0.5,69,0.01,0.0,0.01,0.106575913361475,3.811208465412048,0.027963811040169
BANC_left,input_comp_0.5,70,0.026,0.026,0.0,0.1723079292863875,9.43914428011553,0.018254613360383823
BANC_left,input_comp_0.5,71,0.004,0.0,0.004,0.1033205154961418,2.4181092695253357,0.04272781085547187
BANC_left,input_comp_0.5,72,0.0,0.0,0.0,0.03856072019674091,1.386881615994741,0.027803901754861193
BANC_left,input_comp_1.0,0,0.008,0.026,-0.018,0.02989939951135387,10.869978687370699,0.002750640122789986
BANC_left,input_comp_1.0,1,0.008,0.034,-0.026000000000000002,0.02237156150284573,3.2524173809582635,0.00687844113545303
BANC_left,input_comp_1.0,2,0.004,0.002,0.002,0.01549093568871561,0.7890850182583041,0.019631516668391122
BANC_left,input_comp_1.0,3,0.004,0.0,0.004,0.02048589944507313,0.6013765507548247,0.03406501204504901
BANC_left,input_comp_1.0,4,0.0,0.0,0.0,0.027259891769593102,1.2634610175185186,0.021575570113854782
BANC_left,input_comp_1.0,5,0.012,0.032,-0.02,0.10100491172146277,12.064406904217629,0.00837214067159424
BANC_left,input_comp_1.0,6,0.004,0.036,-0.032,0.018498300440775148,1.307643820633803,0.014146283681292655
BANC_left,input_comp_1.0,7,0.0,0.032,-0.032,0.004881965115190165,1.9600861344757514,0.002490689071935048
BANC_left,input_comp_1.0,8,0.002,0.04,-0.038,0.016422972530544117,1.3239900794060897,0.012404150745533584
BANC_left,input_comp_1.0,9,0.026,0.036,-0.009999999999999998,0.009250871295363505,0.5117274943549489,0.018077729645979965
BANC_left,input_comp_1.0,10,0.006,0.028,-0.022,0.07296900072158811,9.010120747032829,0.00809855969417701
BANC_left,input_comp_1.0,11,0.012,0.018,-0.005999999999999998,0.0725587151284286,6.580898226678858,0.011025655256949075
BANC_left,input_comp_1.0,12,0.006,0.008,-0.002,0.10182560512549105,9.635974107413096,0.01056723523646199
BANC_left,input_comp_1.0,13,0.004,0.024,-0.02,0.025161543109107423,2.3765712241068773,0.010587329701664299
BANC_left,input_comp_1.0,14,0.026,0.038,-0.012,0.030414331898794427,2.6722255104932313,0.011381648659278251
BANC_left,input_comp_1.0,15,0.0,0.008,-0.008,0.0,0.0,0.0007421923860073609
BANC_left,input_comp_1.0,16,0.0,0.012,-0.012,0.020534552080972,1.9980524267558348,0.010277283922080667
BANC_left,input_comp_1.0,17,0.002,0.032,-0.03,0.017192565558125115,1.33595110001477,0.01286915782915635
BANC_left,input_comp_1.0,18,0.004,0.0,0.004,0.021690313618323215,0.8498702493034804,0.02552191188725541
BANC_left,input_comp_1.0,19,0.028,0.04,-0.012,0.04768243319906164,3.8104165082046957,0.012513706335354806
BANC_left,input_comp_1.0,20,0.028,0.006,0.022,0.16740108775747709,6.343998699722509,0.026387314323503774
BANC_left,input_comp_1.0,21,0.028,0.022,0.006000000000000002,0.1288745945888648,4.41483537925277,0.02919125709522546
BANC_left,input_comp_1.0,22,0.014,0.026,-0.011999999999999999,0.12490398635465398,11.604400579167779,0.010763501785596891
BANC_left,input_comp_1.0,23,0.032,0.04,-0.008,0.11264335287682854,7.242628508938014,0.015552827642314825
BANC_left,input_comp_1.0,24,0.03,0.04,-0.010000000000000002,0.1274583463000111,7.319460176061987,0.017413626583673306
BANC_left,input_comp_1.0,25,0.036,0.016,0.019999999999999997,0.15962050249646806,8.94795009054997,0.017838778813154654
BANC_left,input_comp_1.0,26,0.026,0.038,-0.012,0.04641053846074259,2.559909435148302,0.018129757960774855
BANC_left,input_comp_1.0,27,0.03,0.016,0.013999999999999999,0.06016337631300603,3.4076480137613436,0.01765539635257047
BANC_left,input_comp_1.0,28,0.026,0.01,0.016,0.10492481646944989,4.225435829000234,0.02483171457706785
BANC_left,input_comp_1.0,29,0.0,0.016,-0.016,0.0,0.0,0.009729360905628932
BANC_left,input_comp_1.0,30,0.004,0.04,-0.036000000000000004,0.019945554230295277,1.1297596690474028,0.0176546877860431
BANC_left,input_comp_1.0,31,0.004,0.0,0.004,0.03656871867106889,1.349495161567703,0.027098073199897328
BANC_left,input_comp_1.0,32,0.004,0.0,0.004,0.03166636243217162,1.5996798235133673,0.01979543779118435
BANC_left,input_comp_1.0,33,0.0,0.006,-0.006,0.009073838040967782,2.590253221433338,0.0035030698797651524
BANC_left,input_comp_1.0,34,0.0,0.036,-0.036,0.0,0.0,0.03126284369670851
BANC_left,input_comp_1.0,35,0.0,0.0,0.0,0.025667317787720988,0.8388624599808223,0.03059776663305184
BANC_left,input_comp_1.0,36,0.0,0.04,-0.04,0.0034263228933120167,0.3002042968514906,0.011413303970818911
BANC_left,input_comp_1.0,37,0.004,0.0,0.004,0.018498333160590057,0.7540003851272725,0.024533585824982843
BANC_left,input_comp_1.0,38,0.004,0.034,-0.030000000000000002,0.00427016530773418,0.27071408554401766,0.015773709369990868
BANC_left,input_comp_1.0,39,0.002,0.0,0.002,0.04976396403475133,1.5220005881966314,0.03269641577058457
BANC_left,input_comp_1.0,40,0.002,0.0,0.002,0.044009659464353715,1.0869079659942122,0.04049069547861614
BANC_left,input_comp_1.0,41,0.002,0.0,0.002,0.046158879774617356,1.0977891055562152,0.04204712867070229
BANC_left,input_comp_1.0,42,0.0,0.0,0.0,0.0,0.0,0.015130752595337842
BANC_left,input_comp_1.0,43,0.002,0.0,0.002,0.024471109510322372,1.0559190425866714,0.023175175864217593
BANC_left,input_comp_1.0,44,0.002,0.01,-0.008,0.012511708998501824,0.6330706494245588,0.019763527198543435
BANC_left,input_comp_1.0,45,0.006,0.0,0.006,0.08092988164284882,4.878159588505474,0.01659024887860288
BANC_left,input_comp_1.0,46,0.004,0.008,-0.004,0.007039080309984479,1.6599105917835306,0.004240638227641629
BANC_left,input_comp_1.0,47,0.004,0.0,0.004,0.024322512661178727,1.3726377294469945,0.01771954255619779
BANC_left,input_comp_1.0,48,0.004,0.0,0.004,0.0204473476100297,0.8045075422712777,0.025415980007226474
BANC_left,input_comp_1.0,49,0.024,0.0,0.024,0.07619597092576298,2.1240388458700235,0.03587315320240883
BANC_left,input_comp_1.0,50,0.004,0.0,0.004,0.03473762862409695,1.3580316458848805,0.02557939553865274
BANC_left,input_comp_1.0,51,0.004,0.0,0.004,0.026659108721624327,1.4399795031658158,0.01851353346559023
BANC_left,input_comp_1.0,52,0.012,0.038,-0.026,0.16367749488447506,11.42150028544639,0.014330647532622112
BANC_left,input_comp_1.0,53,0.0,0.0,0.0,0.0,0.0,0.019416750353327215
BANC_left,input_comp_1.0,54,0.0,0.0,0.0,0.0,0.0,0.02044621260273552
BANC_left,input_comp_1.0,55,0.0,0.0,0.0,9.799305186632403e-05,0.0054089089672089835,0.018116971918070345
BANC_left,input_comp_1.0,56,0.0,0.0,0.0,0.009600553004697903,0.2968944077515502,0.03233659090248653
BANC_left,input_comp_1.0,57,0.004,0.002,0.002,0.026051888397134612,0.7673256830320507,0.03395153970891711
BANC_left,input_comp_1.0,58,0.004,0.0,0.004,0.020276482445483586,0.5418231280916376,0.03742269643767267
BANC_left,input_comp_1.0,59,0.002,0.0,0.002,0.03636433176951999,0.9488377655000786,0.03832513111485862
BANC_left,input_comp_1.0,60,0.004,0.0,0.004,0.026592497150733627,0.7936533087123782,0.03350644022876595
BANC_left,input_comp_1.0,61,0.0,0.0,0.0,0.002276885802503498,0.0924337822917502,0.02463261532798612
BANC_left,input_comp_1.0,62,0.004,0.0,0.004,0.03807734457588656,1.5541245410929692,0.02450083218498558
BANC_left,input_comp_1.0,63,0.0,0.0,0.0,0.018378075837890317,0.7187974985950564,0.025567807169351097
BANC_left,input_comp_1.0,64,0.0,0.0,0.0,0.0,,0.0
BANC_left,input_comp_1.0,65,0.0,0.0,0.0,0.0203802113880603,0.5502570720812187,0.037037618273540615
BANC_left,input_comp_1.0,66,0.0,0.0,0.0,0.0049029639336783835,0.1367216109767851,0.035860928631910954
BANC_left,input_comp_1.0,67,0.01,0.032,-0.022,0.0837868630577676,3.8594512149041043,0.021709527700261255
BANC_left,input_comp_1.0,68,0.0,0.0,0.0,0.007782182025454842,0.2968953878887715,0.026211865670241898
BANC_left,input_comp_1.0,69,0.008,0.034,-0.026000000000000002,0.037516052150696665,1.7168502659312133,0.02185167390258585
BANC_left,input_comp_1.0,70,0.01,0.032,-0.022,0.11098647185194221,5.0428062524699175,0.022008870913409
BANC_left,input_comp_1.0,71,0.0,0.0,0.0,0.02154875850245918,0.5777726722402116,0.03729625774598801
BANC_left,input_comp_1.0,72,0.0,0.0,0.0,0.0,0.0,0.011098597077338943
FlyWire_right,original,0,0.044,0.0,0.044,0.3897479858599088,11.492917839781581,0.033912013580296836
FlyWire_right,original,1,0.042,0.0,0.042,0.30978266170621577,9.256496246658841,0.033466514051473065
FlyWire_right,original,2,0.006,0.0,0.006,0.2224967932044689,5.053454740990143,0.044028650617908616
FlyWire_right,original,3,0.002,0.0,0.002,0.1402898831475371,3.232582363554075,0.04339870338007253
FlyWire_right,original,4,0.004,0.0,0.004,0.181307520585981,4.328427278320585,0.041887620821095956
FlyWire_right,original,5,0.04,0.0,0.04,0.2896501369023855,12.385388112776706,0.02338644007478327
FlyWire_right,original,6,0.046,0.0,0.046,0.39739624725812805,9.236979524309204,0.043022315488768795
FlyWire_right,original,7,0.034,0.0,0.034,0.334485215802941,8.821162088145822,0.037918497864633235
FlyWire_right,original,8,0.018,0.0,0.018,0.3080071477321223,6.552732683963889,0.047004381620188745
FlyWire_right,original,9,0.018,0.0,0.018,0.2323696863085139,5.33986679093967,0.04351600805899939
FlyWire_right,original,10,0.038,0.0,0.038,0.3157007136504217,9.592155848562028,0.032912383684607124
FlyWire_right,original,11,0.032,0.0,0.032,0.3120282606624743,10.883189000375609,0.02867066451310414
FlyWire_right,original,12,0.034,0.0,0.034,0.3342758670852445,11.875689815278363,0.028147911597959593
FlyWire_right,original,13,0.006,0.0,0.006,0.1654242397030297,5.282280543070372,0.03131682203438506
FlyWire_right,original,14,0.032,0.0,0.032,0.3721454585591813,7.63477606391283,0.04874346744997474
FlyWire_right,original,15,0.03,0.0,0.03,0.34580920773956564,9.087702997984541,0.03805243281126801
FlyWire_right,original,16,0.014,0.0,0.014,0.16587514494942557,4.796739311867654,0.03458081295746726
FlyWire_right,original,17,0.044,0.0,0.044,0.3352474784011198,8.942263749400977,0.03749022482406396
FlyWire_right,original,18,0.002,0.0,0.002,0.1294783848900541,3.282358548352971,0.03944675238328976
FlyWire_right,original,19,0.026,0.0,0.026,0.3384749882690193,8.32762284789348,0.04064485081173416
FlyWire_right,original,20,0.024,0.0,0.024,0.3269456461298764,11.921649112870615,0.02742453187763309
FlyWire_right,original,21,0.02,0.0,0.02,0.33296500373962357,7.647192571320642,0.04354081587906472
FlyWire_right,original,22,0.044,0.0,0.044,0.41112449209786384,13.368172471362152,0.03075397874904678
FlyWire_right,original,23,0.036,0.0,0.036,0.4151821916318389,9.902289798771058,0.041927897493301586
FlyWire_right,original,24,0.034,0.0,0.034,0.38931617148701225,11.082552635991707,0.035128745540325135
FlyWire_right,original,25,0.032,0.0,0.032,0.4081342240284038,12.387059193538867,0.03294843575473411
FlyWire_right,original,26,0.028,0.0,0.028,0.34126640902849015,8.240181194942396,0.04141491563777146
FlyWire_right,original,27,0.034,0.0,0.034,0.38034824203667317,8.9512181507301,0.04249122696285201
FlyWire_right,original,28,0.022,0.0,0.022,0.27154952502270824,7.627988244244167,0.03559910114276994
FlyWire_right,original,29,0.002,0.0,0.002,0.14809228613749223,3.9236430420486106,0.03774356753415835
FlyWire_right,original,30,0.006,0.0,0.006,0.1695669640710739,3.6635553776149905,0.04628480986179705
FlyWire_right,original,31,0.004,0.0,0.004,0.15249773511173723,3.335001106200554,0.04572644213766765
FlyWire_right,original,32,0.008,0.0,0.008,0.21580546247517146,4.763169343840833,0.04530711526228341
FlyWire_right,original,33,0.02,0.0,0.02,0.2715300085190894,7.368766782669524,0.03684877219315669
FlyWire_right,original,34,0.002,0.0,0.002,0.10910553554134726,2.172075966042801,0.05023099433309477
FlyWire_right,original,35,0.01,0.0,0.01,0.2192394742729672,4.513435462197903,0.04857485525365292
FlyWire_right,original,36,0.02,0.0,0.02,0.29470079428857476,5.297941124446578,0.05562553213902677
FlyWire_right,original,37,0.004,0.0,0.004,0.18636274086806887,4.463897257002267,0.04174888671008994
FlyWire_right,original,38,0.006,0.0,0.006,0.14714673101121287,3.941070851526792,0.03733673830152214
FlyWire_right,original,39,0.014,0.0,0.014,0.2919429884742739,9.471849827102659,0.030822172416512673
FlyWire_right,original,40,0.008,0.0,0.008,0.2082477542667917,4.6972487886224155,0.04433398434658291
FlyWire_right,original,41,0.008,0.0,0.008,0.2103850672259333,5.257618080092911,0.04001528144893618
FlyWire_right,original,42,0.006,0.0,0.006,0.20098494729653302,5.060748956172627,0.03971446697655106
FlyWire_right,original,43,0.008,0.0,0.008,0.21272934390662404,5.013399924592558,0.042432151255899
FlyWire_right,original,44,0.01,0.0,0.01,0.21267994560028403,5.100022237100181,0.04170176828899703
FlyWire_right,original,45,0.014,0.0,0.014,0.3211085650919315,8.686948566385624,0.036964483286394664
FlyWire_right,original,46,0.006,0.0,0.006,0.1533747644295395,4.634366456208068,0.03309508772748926
FlyWire_right,original,47,0.004,0.0,0.004,0.19372796758918834,4.679071612623497,0.0414030781376666
FlyWire_right,original,48,0.004,0.0,0.004,0.18531950210290327,4.187479854814283,0.04425561639176466
FlyWire_right,original,49,0.01,0.0,0.01,0.24662719267200653,4.472096605912682,0.05514800202346567
FlyWire_right,original,50,0.008,0.0,0.008,0.19777574237158826,4.039526402584154,0.048960131129497694
FlyWire_right,original,51,0.01,0.0,0.01,0.20598440376648136,4.183165251196343,0.04924127817029746
FlyWire_right,original,52,0.042,0.004,0.038000000000000006,0.3327543891005071,17.738309639302432,0.018759081099995547
FlyWire_right,original,53,0.0,0.0,0.0,0.06684625135627359,2.531642185675408,0.026404304579258665
FlyWire_right,original,54,0.0,0.0,0.0,0.15239456857410413,4.011585051310591,0.03798861712387641
FlyWire_right,original,55,0.0,0.0,0.0,0.1237565964434686,2.4670352000088456,0.050164098365124615
FlyWire_right,original,56,0.002,0.0,0.002,0.13566122162608626,2.3714819206242517,0.057205252313446184
FlyWire_right,original,57,0.01,0.0,0.01,0.2238616977976399,3.7499237519254534,0.05969766656793883
FlyWire_right,original,58,0.002,0.0,0.002,0.17301071324562478,3.5614634667236658,0.048578544989199154
FlyWire_right,original,59,0.012,0.0,0.012,0.22417590915482313,3.799115801832808,0.059007390363482445
FlyWire_right,original,60,0.006,0.0,0.006,0.1658632565028012,3.495982582583899,0.04744395962642663
FlyWire_right,original,61,0.006,0.0,0.006,0.19043301084471612,3.3626284908231012,0.05663218858830941
FlyWire_right,original,62,0.01,0.0,0.01,0.21676081462658825,5.015439431523795,0.043218708467332
FlyWire_right,original,63,0.006,0.0,0.006,0.1629786115742302,3.397371126802364,0.04797197759422507
FlyWire_right,original,64,0.014,0.0,0.014,0.19585561123255754,8.202715766286158,0.023876922815921568
FlyWire_right,original,65,0.004,0.0,0.004,0.1439565293215283,2.928781040602334,0.04915236998800094
FlyWire_right,original,66,0.008,0.0,0.008,0.17434435527643843,3.6819989503679986,0.04735046305730574
FlyWire_right,original,67,0.02,0.0,0.02,0.27110659905505013,9.106938102036702,0.029769237038562837
FlyWire_right,original,68,0.002,0.0,0.002,0.10839134765247037,3.112205911921743,0.03482782011217897
FlyWire_right,original,69,0.026,0.0,0.026,0.2203911586265803,6.4521583472790685,0.034157741760866916
FlyWire_right,original,70,0.03,0.0,0.03,0.34414661224705595,10.732617822660291,0.0320654865321341
FlyWire_right,original,71,0.006,0.0,0.006,0.16282537279200557,3.212349911371749,0.0506873090679201
FlyWire_right,original,72,0.0,0.0,0.0,0.10957145312225554,2.6103307765806516,0.04197607985367524
FlyWire_right,input_comp_0.5,0,0.036,0.016,0.019999999999999997,0.1182894039179363,9.14365367112006,0.012936776497949571
FlyWire_right,input_comp_0.5,1,0.034,0.002,0.032,0.10595458182698943,6.431478873693892,0.016474372987582385
FlyWire_right,input_comp_0.5,2,0.0,0.0,0.0,0.05373522184356117,1.871588077510561,0.02871103021506502
FlyWire_right,input_comp_0.5,3,0.0,0.0,0.0,0.021886404424789042,0.7977165779610759,0.02743631639288431
FlyWire_right,input_comp_0.5,4,0.004,0.0,0.004,0.03243632292217429,1.122012194100478,0.0289090645295336
FlyWire_right,input_comp_0.5,5,0.032,0.002,0.03,0.13156076917159837,13.398158554467756,0.009819317232048135
FlyWire_right,input_comp_0.5,6,0.022,0.0,0.022,0.12219023392813601,5.8370848576579935,0.020933434566713194
FlyWire_right,input_comp_0.5,7,0.036,0.014,0.022,0.07365330255238152,4.660867937164162,0.015802486477914414
FlyWire_right,input_comp_0.5,8,0.016,0.0,0.016,0.052429100418928384,2.085233690809146,0.02514303344033541
FlyWire_right,input_comp_0.5,9,0.002,0.0,0.002,0.04619395890818797,1.8404853659781544,0.025098791743794972
FlyWire_right,input_comp_0.5,10,0.034,0.016,0.018000000000000002,0.10211658636337392,6.796676347613508,0.015024488608940418
FlyWire_right,input_comp_0.5,11,0.026,0.0,0.026,0.1346830486705638,7.964665641223285,0.016910069391171324
FlyWire_right,input_comp_0.5,12,0.024,0.0,0.024,0.14685912510771865,10.27859515646213,0.014287859660995467
FlyWire_right,input_comp_0.5,13,0.002,0.0,0.002,0.03701531348034129,1.83244102710854,0.020200002582756393
FlyWire_right,input_comp_0.5,14,0.012,0.0,0.012,0.08111855047285113,3.3147201507388053,0.024472216894319398
FlyWire_right,input_comp_0.5,15,0.024,0.0,0.024,0.07735699970092097,4.494782683592219,0.01721039817638023
FlyWire_right,input_comp_0.5,16,0.008,0.002,0.006,0.02795218446172105,1.3967286486485724,0.020012609098242987
FlyWire_right,input_comp_0.5,17,0.034,0.012,0.022000000000000002,0.07365898198037296,4.481668205405808,0.01643561696323819
FlyWire_right,input_comp_0.5,18,0.0,0.0,0.0,0.02383513445785944,0.9828964791690145,0.024249893008072173
FlyWire_right,input_comp_0.5,19,0.02,0.0,0.02,0.11048351123169478,4.806804923196224,0.022984812780425915
FlyWire_right,input_comp_0.5,20,0.014,0.0,0.014,0.18267263302696132,9.152195171787673,0.01995943373127175
FlyWire_right,input_comp_0.5,21,0.006,0.0,0.006,0.14529529855839682,4.791401535887361,0.030324174976808397
FlyWire_right,input_comp_0.5,22,0.034,0.0,0.034,0.19892718668243345,14.599826173368916,0.013625311994829793
FlyWire_right,input_comp_0.5,23,0.036,0.006,0.03,0.18047727222586868,7.643362948282213,0.02361228603784013
FlyWire_right,input_comp_0.5,24,0.02,0.002,0.018000000000000002,0.16936148574888515,8.265350734970747,0.02049053829407574
FlyWire_right,input_comp_0.5,25,0.016,0.0,0.016,0.2180183638242506,12.006492418383628,0.018158372672641164
FlyWire_right,input_comp_0.5,26,0.02,0.0,0.02,0.11740602851689604,4.959384836139845,0.02367350637146349
FlyWire_right,input_comp_0.5,27,0.024,0.0,0.024,0.14930971570257123,5.883703321290735,0.02537682604802318
FlyWire_right,input_comp_0.5,28,0.006,0.0,0.006,0.09623657213745454,4.8532152243057585,0.019829446601808385
FlyWire_right,input_comp_0.5,29,0.0,0.0,0.0,0.025792314350600608,1.218129264237091,0.02117370882371357
FlyWire_right,input_comp_0.5,30,0.0,0.0,0.0,0.033573426740566716,1.1920280698784076,0.028164963216001586
FlyWire_right,input_comp_0.5,31,0.0,0.0,0.0,0.04222429662464258,1.3334741256890117,0.031664878838818945
FlyWire_right,input_comp_0.5,32,0.0,0.0,0.0,0.06560285151034434,2.0011315291481893,0.03278287836395699
FlyWire_right,input_comp_0.5,33,0.034,0.016,0.018000000000000002,0.05862703585545076,3.4854289704579933,0.016820608410719393
FlyWire_right,input_comp_0.5,34,0.0,0.0,0.0,0.004843789993120162,0.1375361789930493,0.03521829694981532
FlyWire_right,input_comp_0.5,35,0.002,0.0,0.002,0.05549524384156204,1.4955958048627498,0.0371057766149958
FlyWire_right,input_comp_0.5,36,0.002,0.0,0.002,0.04225566747417037,1.3686278247390575,0.030874476399182397
FlyWire_right,input_comp_0.5,37,0.0,0.0,0.0,0.034667317870342856,1.2461522038948258,0.02781948927425622
FlyWire_right,input_comp_0.5,38,0.0,0.0,0.0,0.01964780522012523,0.8734933496243286,0.022493365551753023
FlyWire_right,input_comp_0.5,39,0.006,0.0,0.006,0.11173258790622743,4.542318401259933,0.02459814086904067
FlyWire_right,input_comp_0.5,40,0.002,0.0,0.002,0.05209745604433069,1.5283632773589573,0.03408708964426059
FlyWire_right,input_comp_0.5,41,0.002,0.0,0.002,0.058248306103291916,1.8084874542941092,0.032208299794939665
FlyWire_right,input_comp_0.5,42,0.0,0.0,0.0,0.023650560878593862,0.9151281490790243,0.025843987973045685
FlyWire_right,input_comp_0.5,43,0.0,0.0,0.0,0.05528791252925064,1.6982200305236723,0.032556389357980754
FlyWire_right,input_comp_0.5,44,0.0,0.0,0.0,0.0382451957167708,1.3938405664506985,0.027438716189871752
FlyWire_right,input_comp_0.5,45,0.014,0.0,0.014,0.12195729675812404,5.135540147480373,0.023747705841216996
FlyWire_right,input_comp_0.5,46,0.0,0.0,0.0,0.02564291052008976,1.4740007121053118,0.017396810130073853
FlyWire_right,input_comp_0.5,47,0.0,0.0,0.0,0.057851970067096456,2.290263243705064,0.025259965301415162
FlyWire_right,input_comp_0.5,48,0.0,0.0,0.0,0.04905774756178948,1.6635793402584684,0.02948927434634253
FlyWire_right,input_comp_0.5,49,0.002,0.0,0.002,0.09102704680562834,2.2404399148977943,0.04062909529523396
FlyWire_right,input_comp_0.5,50,0.002,0.0,0.002,0.06498939788936955,1.870084105801779,0.03475212568661773
FlyWire_right,input_comp_0.5,51,0.002,0.0,0.002,0.06474189254891151,2.0192683042777557,0.03206205555336944
FlyWire_right,input_comp_0.5,52,0.034,0.026,0.008000000000000004,0.20673501412584513,21.818756566537257,0.009475105214882325
FlyWire_right,input_comp_0.5,53,0.0,0.0,0.0,0.0010182587265405748,0.06342320100279418,0.016054987929349614
FlyWire_right,input_comp_0.5,54,0.0,0.0,0.0,0.012276117669671939,0.48823120999962233,0.025144065799647335
FlyWire_right,input_comp_0.5,55,0.0,0.0,0.0,0.005982028322066184,0.18809912425956277,0.03180253148766089
FlyWire_right,input_comp_0.5,56,0.0,0.0,0.0,0.013466706967602434,0.3512161537200553,0.03834307398724141
FlyWire_right,input_comp_0.5,57,0.002,0.0,0.002,0.06809502855366097,1.6012003269910955,0.042527488538315575
FlyWire_right,input_comp_0.5,58,0.0,0.0,0.0,0.04344710959681439,1.28454069958621,0.033823069686161
FlyWire_right,input_comp_0.5,59,0.004,0.0,0.004,0.05117649713282052,1.217250683589368,0.04204269327819461
FlyWire_right,input_comp_0.5,60,0.0,0.0,0.0,0.042612529020523766,1.267480932408565,0.03361985804358268
FlyWire_right,input_comp_0.5,61,0.0,0.0,0.0,0.04001244069638935,1.0801533080748165,0.03704329783306825
FlyWire_right,input_comp_0.5,62,0.0,0.0,0.0,0.05262515412273157,1.7540121793081986,0.03000273016546983
FlyWire_right,input_comp_0.5,63,0.0,0.0,0.0,0.020815631677456658,0.6997318436935546,0.029748012563756924
FlyWire_right,input_comp_0.5,64,0.004,0.0,0.004,0.048649106544129364,3.9226296222751267,0.012402166716905805
FlyWire_right,input_comp_0.5,65,0.0,0.0,0.0,0.023239157404831498,0.6568544807023977,0.03537946088147415
FlyWire_right,input_comp_0.5,66,0.002,0.0,0.002,0.040307340186725674,1.1251527360369526,0.03582388319002575
FlyWire_right,input_comp_0.5,67,0.014,0.0,0.014,0.11341250859229215,5.998827169608584,0.018905780311002388
FlyWire_right,input_comp_0.5,68,0.0,0.0,0.0,0.011166040122196068,0.4741118858127881,0.023551487436459642
FlyWire_right,input_comp_0.5,69,0.018,0.0,0.018,0.06801568508895249,3.2120772400334427,0.02117498428781381
FlyWire_right,input_comp_0.5,70,0.024,0.0,0.024,0.1686440712260395,8.109110656670067,0.020796863967730297
FlyWire_right,input_comp_0.5,71,0.0,0.0,0.0,0.0210110793260539,0.5988465947960708,0.03508591266718139
FlyWire_right,input_comp_0.5,72,0.0,0.0,0.0,0.004092930824255102,0.169822630986354,0.024101209600173888
FlyWire_right,input_comp_1.0,0,0.014,0.036,-0.022,0.02535625676589389,16.834669621087006,0.0015061927163769698
FlyWire_right,input_comp_1.0,1,0.016,0.036,-0.019999999999999997,0.023986191935801034,3.317400925711258,0.007230416965853575
FlyWire_right,input_comp_1.0,2,0.002,0.03,-0.027999999999999997,0.016149520304377028,0.8769897076620311,0.01841472045028906
FlyWire_right,input_comp_1.0,3,0.002,0.0,0.002,0.020257880640317846,0.8945682007241664,0.02264542896105494
FlyWire_right,input_comp_1.0,4,0.004,0.0,0.004,0.03140434270092379,1.5746204305354015,0.019944071658111098
FlyWire_right,input_comp_1.0,5,0.018,0.042,-0.024000000000000004,0.08609216768181256,11.110526787894925,0.007748702588576735
FlyWire_right,input_comp_1.0,6,0.008,0.03,-0.022,0.0185838391411294,1.95590186073451,0.009501416975057488
FlyWire_right,input_comp_1.0,7,0.006,0.042,-0.036000000000000004,0.007481236750524678,2.0613971356432037,0.003629206920475495
FlyWire_right,input_comp_1.0,8,0.006,0.042,-0.036000000000000004,0.021440952840579265,1.8911439243158366,0.01133755742484592
FlyWire_right,input_comp_1.0,9,0.028,0.042,-0.014000000000000002,0.0360246939238819,2.013546813461791,0.01789116283914275
FlyWire_right,input_comp_1.0,10,0.012,0.012,0.0,0.06455593667944008,6.868923103472531,0.009398261664452807
FlyWire_right,input_comp_1.0,11,0.018,0.018,0.0,0.06725087591208671,4.912874716188782,0.01368870158452918
FlyWire_right,input_comp_1.0,12,0.012,0.03,-0.018,0.09022162076056338,7.6366895418343415,0.011814231843041775
FlyWire_right,input_comp_1.0,13,0.006,0.0,0.006,0.04572908626382796,2.426499667467413,0.018845700610194742
FlyWire_right,input_comp_1.0,14,0.026,0.042,-0.016000000000000004,0.04157784365448543,4.581725140121637,0.009074713646698939
FlyWire_right,input_comp_1.0,15,0.01,0.036,-0.025999999999999995,0.012356182975565804,1.7590792544102054,0.007024233242810119
FlyWire_right,input_comp_1.0,16,0.004,0.042,-0.038000000000000006,0.030777478415420674,2.074363966923584,0.014837067605385409
FlyWire_right,input_comp_1.0,17,0.004,0.042,-0.038000000000000006,0.01738916639726111,2.040939035784923,0.008520179237285952
FlyWire_right,input_comp_1.0,18,0.002,0.0,0.002,0.020833652876779147,1.1455361174108205,0.01818681450556799
FlyWire_right,input_comp_1.0,19,0.03,0.042,-0.012000000000000004,0.060964171123156156,4.313590297784626,0.014133046236325723
FlyWire_right,input_comp_1.0,20,0.022,0.0,0.022,0.17356224160139105,8.838155771239695,0.01963783464489064
FlyWire_right,input_comp_1.0,21,0.03,0.042,-0.012000000000000004,0.1493554194406183,5.8038508900071335,0.025733848486316768
FlyWire_right,input_comp_1.0,22,0.02,0.042,-0.022000000000000002,0.09354810610137985,12.687852097517304,0.0073730451287089705
FlyWire_right,input_comp_1.0,23,0.036,0.042,-0.006000000000000005,0.10923303431029376,8.239934015305199,0.01325654235912566
FlyWire_right,input_comp_1.0,24,0.036,0.042,-0.006000000000000005,0.1273000908285843,7.767201927410764,0.01638944011218985
FlyWire_right,input_comp_1.0,25,0.04,0.04,0.0,0.15159923109205012,10.604134615410088,0.014296237891184806
FlyWire_right,input_comp_1.0,26,0.034,0.036,-0.001999999999999995,0.05786944645948642,4.002268591165523,0.014459161133569483
FlyWire_right,input_comp_1.0,27,0.036,0.042,-0.006000000000000005,0.06719320612046323,4.4663371212894125,0.015044365057034664
FlyWire_right,input_comp_1.0,28,0.028,0.042,-0.014000000000000002,0.11501168520354876,7.2199446617788885,0.015929718383078516
FlyWire_right,input_comp_1.0,29,0.0,0.02,-0.02,0.015186772786664252,1.2488360322973877,0.012160741998071847
FlyWire_right,input_comp_1.0,30,0.008,0.042,-0.034,0.030078942745526745,1.6179815164623013,0.01859041184308089
FlyWire_right,input_comp_1.0,31,0.006,0.0,0.006,0.05706231486220556,1.8807972164637714,0.030339429664561456
FlyWire_right,input_comp_1.0,32,0.004,0.0,0.004,0.04907699328955889,1.8520152384917277,0.02649923838074192
FlyWire_right,input_comp_1.0,33,0.004,0.036,-0.032,0.01962068160163502,2.755128194236348,0.00712151312693215
FlyWire_right,input_comp_1.0,34,0.0,0.04,-0.04,0.0,0.0,0.02458827513808923
FlyWire_right,input_comp_1.0,35,0.004,0.0,0.004,0.027946019158235188,1.0242806412850378,0.027283556900162424
FlyWire_right,input_comp_1.0,36,0.004,0.042,-0.038000000000000006,0.006754839603876799,0.598269214434783,0.011290635454572834
FlyWire_right,input_comp_1.0,37,0.002,0.0,0.002,0.017704812725216918,0.8805906261842311,0.02010561116456041
FlyWire_right,input_comp_1.0,38,0.002,0.018,-0.016,0.004415686085815552,0.2637271465098794,0.01674338855234282
FlyWire_right,input_comp_1.0,39,0.002,0.0,0.002,0.05046159315583847,2.3958155050332506,0.021062386919955316
FlyWire_right,input_comp_1.0,40,0.002,0.0,0.002,0.038426632026230284,1.40774684833067,0.027296549853261777
FlyWire_right,input_comp_1.0,41,0.002,0.0,0.002,0.03985278405776141,1.4277614207371874,0.02791277553723539
FlyWire_right,input_comp_1.0,42,0.0,0.0,0.0,0.0,0.0,0.01376519513353314
FlyWire_right,input_comp_1.0,43,0.002,0.0,0.002,0.037359541408589714,1.3722386657977839,0.027225250490132375
FlyWire_right,input_comp_1.0,44,0.002,0.01,-0.008,0.014607194675821611,0.761753040066011,0.01917576157563585
FlyWire_right,input_comp_1.0,45,0.012,0.0,0.012,0.06728941098097596,4.11454651774395,0.016354028491546005
FlyWire_right,input_comp_1.0,46,0.0,0.0,0.0,0.02212160745062801,1.8683961992789213,0.011839891056921173
FlyWire_right,input_comp_1.0,47,0.002,0.0,0.002,0.0454812432310188,2.330771438684287,0.019513386201734484
FlyWire_right,input_comp_1.0,48,0.002,0.0,0.002,0.024876336051182862,1.1710285048877995,0.021243151594816517
FlyWire_right,input_comp_1.0,49,0.024,0.0,0.024,0.0959148126093218,2.959606843755941,0.03240795743248094
FlyWire_right,input_comp_1.0,50,0.006,0.0,0.006,0.043093168687695596,1.6878261782378183,0.025531757501644624
FlyWire_right,input_comp_1.0,51,0.006,0.0,0.006,0.03492341342176116,1.7084267959773347,0.020441855339656288
FlyWire_right,input_comp_1.0,52,0.018,0.034,-0.016000000000000004,0.11130083868071118,15.920418280544462,0.006991075028268969
FlyWire_right,input_comp_1.0,53,0.0,0.0,0.0,0.0,0.0,0.012660189323580564
FlyWire_right,input_comp_1.0,54,0.0,0.0,0.0,0.0,0.0,0.01621967463033295
FlyWire_right,input_comp_1.0,55,0.0,0.0,0.0,0.0003509275340369624,0.01934269647209214,0.01814263768980114
FlyWire_right,input_comp_1.0,56,0.004,0.0,0.004,0.01308601138533479,0.4957514393061574,0.02639631546738357
FlyWire_right,input_comp_1.0,57,0.006,0.0,0.006,0.04556206826227632,1.4457096829917604,0.031515364943803865
FlyWire_right,input_comp_1.0,58,0.002,0.0,0.002,0.020449534946085673,0.7058429913416756,0.028971790039616217
FlyWire_right,input_comp_1.0,59,0.006,0.0,0.006,0.04109508924021488,1.3192226240551053,0.031150988840605492
FlyWire_right,input_comp_1.0,60,0.002,0.0,0.002,0.03241510747669467,1.1790548278998907,0.027492451334457296
FlyWire_right,input_comp_1.0,61,0.0,0.0,0.0,0.003412167607211244,0.1555691924803193,0.02193344037343968
FlyWire_right,input_comp_1.0,62,0.004,0.0,0.004,0.0451663459758502,1.8771319559701787,0.024061359049479494
FlyWire_right,input_comp_1.0,63,0.004,0.0,0.004,0.023630257922033555,1.1562886898525861,0.02043629599546299
FlyWire_right,input_comp_1.0,64,0.004,0.032,-0.028,0.017087568197600544,2.062469026131302,0.008285005971533414
FlyWire_right,input_comp_1.0,65,0.004,0.0,0.004,0.024955012485421074,0.7801769447258503,0.03198634957636453
FlyWire_right,input_comp_1.0,66,0.0,0.0,0.0,0.012822575355387689,0.3880407122104972,0.033044407331238826
FlyWire_right,input_comp_1.0,67,0.01,0.0,0.01,0.07094612902588046,4.6740100180438695,0.015178856859954333
FlyWire_right,input_comp_1.0,68,0.0,0.0,0.0,0.015217252105419889,0.6339513038734441,0.02400381860947748
FlyWire_right,input_comp_1.0,69,0.014,0.042,-0.028000000000000004,0.038529738826902186,1.9768529255296574,0.019490442778680124
FlyWire_right,input_comp_1.0,70,0.014,0.042,-0.028000000000000004,0.1003471828468097,5.612544543383477,0.017879088900079575
FlyWire_right,input_comp_1.0,71,0.002,0.0,0.002,0.019319780093688888,0.692326925779319,0.02790557376046229
FlyWire_right,input_comp_1.0,72,0.0,0.0,0.0,0.0004036478687445825,0.031506212203358926,0.012811691425780118
FlyWire_left,original,0,0.052,0.0,0.052,0.30915952127476065,10.50368402748482,0.02943343692230154
FlyWire_left,original,1,0.056,0.0,0.056,0.2867210617966435,8.990955850868062,0.03188994213212169
FlyWire_left,original,2,0.006,0.0,0.006,0.15412539834895989,3.8531779989820705,0.03999955319730275
FlyWire_left,original,3,0.004,0.0,0.004,0.10562701679821321,2.7981896750615256,0.03774834055732506
FlyWire_left,original,4,0.0,0.0,0.0,0.12918415773096267,3.4388299714269532,0.037566311450216106
FlyWire_left,original,5,0.044,0.0,0.044,0.25224276172529325,12.461963567389294,0.020241012610995507
FlyWire_left,original,6,0.05,0.0,0.05,0.31624147850124873,7.902815875030831,0.04001630349258453
FlyWire_left,original,7,0.058,0.0,0.058,0.2728673820035361,7.360688281469088,0.037070905813318275
FlyWire_left,original,8,0.018,0.0,0.018,0.21300932174620732,4.8817213045105285,0.043634060295370536
FlyWire_left,original,9,0.012,0.0,0.012,0.18316949106894403,4.6369911232858705,0.039501798946543216
FlyWire_left,original,10,0.048,0.0,0.048,0.24533466678354882,8.425882851549147,0.029116790620752887
FlyWire_left,original,11,0.038,0.0,0.038,0.29823542771617617,10.772437971469017,0.027685044788009705
FlyWire_left,original,12,0.042,0.0,0.042,0.2921237324336224,10.660416994458203,0.02740265531690574
FlyWire_left,original,13,0.002,0.0,0.002,0.12955257146541577,4.299416459804455,0.030132594196587332
FlyWire_left,original,14,0.024,0.0,0.024,0.2536198767996338,5.408826738337625,0.0468899983432604
FlyWire_left,original,15,0.05,0.0,0.05,0.2840658412450209,7.788438931183028,0.03647275708970252
FlyWire_left,original,16,0.006,0.0,0.006,0.10777506205960279,3.6087949031111295,0.029864557269987907
FlyWire_left,original,17,0.054,0.0,0.054,0.2712728085018505,8.024432177662534,0.033805857224014885
FlyWire_left,original,18,0.004,0.0,0.004,0.10450515662949432,3.1633426613355144,0.03303630615387517
FlyWire_left,original,19,0.024,0.0,0.024,0.29408301108494495,7.394994751748925,0.03976784581427782
FlyWire_left,original,20,0.032,0.0,0.032,0.3192000095332382,9.66595564322465,0.03302311962883684
FlyWire_left,original,21,0.026,0.0,0.026,0.2999318284074213,6.865564817465579,0.04368640255852118
FlyWire_left,original,22,0.056,0.0,0.056,0.38769370774582157,12.245021850334442,0.03166133245693087
FlyWire_left,original,23,0.056,0.0,0.056,0.35065024106997433,9.256229521050294,0.03788262167360198
FlyWire_left,original,24,0.038,0.0,0.038,0.32765176878842434,8.735156163775134,0.03750954907334144
FlyWire_left,original,25,0.054,0.0,0.054,0.4041633362047564,11.425790370440046,0.03537289965080908
FlyWire_left,original,26,0.054,0.0,0.054,0.3097369505587284,8.007823773656469,0.03867929156703942
FlyWire_left,original,27,0.048,0.0,0.048,0.33199509217716616,7.58112026146324,0.04379235267705507
FlyWire_left,original,28,0.024,0.0,0.024,0.24007090479912482,6.644986965090292,0.03612812275785446
FlyWire_left,original,29,0.002,0.0,0.002,0.1187321968198221,3.132560385432199,0.037902604327112004
FlyWire_left,original,30,0.008,0.0,0.008,0.1340251536057262,2.9978392962951164,0.04470725090946715
FlyWire_left,original,31,0.006,0.0,0.006,0.1246834650758111,2.9100466488530814,0.042845864730365
FlyWire_left,original,32,0.006,0.0,0.006,0.17200779032167865,3.704810946196775,0.046428223415355546
FlyWire_left,original,33,0.044,0.0,0.044,0.22709870473180882,6.682990217021787,0.03398160065435697
FlyWire_left,original,34,0.0,0.0,0.0,0.04407462178547891,0.9967179791777004,0.04421975193207691
FlyWire_left,original,35,0.002,0.0,0.002,0.13914245009855913,3.4391950638569138,0.040457853513698835
FlyWire_left,original,36,0.01,0.0,0.01,0.183221133551808,3.5029399464799758,0.05230495993398994
FlyWire_left,original,37,0.004,0.0,0.004,0.16032297193663156,4.092600638382825,0.03917386183079485
FlyWire_left,original,38,0.004,0.0,0.004,0.17096264419611795,4.8717086283196975,0.035092953466530435
FlyWire_left,original,39,0.01,0.0,0.01,0.21084715051153652,6.82237094551056,0.03090526038462975
FlyWire_left,original,40,0.002,0.0,0.002,0.11088402337727285,2.994591667651644,0.037028094539589766
FlyWire_left,original,41,0.002,0.0,0.002,0.11149319894363745,3.3318407947722752,0.03346294310297554
FlyWire_left,original,42,0.0,0.0,0.0,0.10105753810704711,3.3833525118013417,0.02986905377271573
FlyWire_left,original,43,0.002,0.0,0.002,0.1729903699562837,3.956481637415305,0.04372328391982505
FlyWire_left,original,44,0.006,0.0,0.006,0.18991039624019412,4.661046076445288,0.040744157668792635
FlyWire_left,original,45,0.038,0.0,0.038,0.25932096163249163,8.434316221258294,0.030745937765397677
FlyWire_left,original,46,0.006,0.0,0.006,0.1410386010115317,4.022504596080386,0.035062384055188585
FlyWire_left,original,47,0.01,0.0,0.01,0.18565188665755897,4.137963083841634,0.0448655251136755
FlyWire_left,original,48,0.006,0.0,0.006,0.12858907049860127,2.9524370768819357,0.04355353463939153
FlyWire_left,original,49,0.014,0.0,0.014,0.19832324626758369,4.0181918312976075,0.04935634100961739
FlyWire_left,original,50,0.006,0.0,0.006,0.1637890346635303,3.160310890745209,0.05182687410380326
FlyWire_left,original,51,0.008,0.0,0.008,0.16201261790321544,3.154304441929359,0.051362390944140746
FlyWire_left,original,52,0.056,0.002,0.054,0.3274420853477161,17.38891129400568,0.01883051099700487
FlyWire_left,original,53,0.0,0.0,0.0,0.047088537964605374,1.664391234151751,0.02829174835723274
FlyWire_left,original,54,0.0,0.0,0.0,0.10747886109266416,3.201734183806879,0.03356895198741053
FlyWire_left,original,55,0.0,0.0,0.0,0.05243534230377509,1.2198412575559863,0.042985381892093034
FlyWire_left,original,56,0.0,0.0,0.0,0.09402950115875815,1.9901980240044572,0.047246304148952145
FlyWire_left,original,57,0.008,0.0,0.008,0.1588596027146817,3.2672519238400253,0.04862177953145799
FlyWire_left,original,58,0.004,0.0,0.004,0.11671276144789568,3.138572529228593,0.037186574584778406
FlyWire_left,original,59,0.006,0.0,0.006,0.14541266568930483,2.8113344545801033,0.051723716277302004
FlyWire_left,original,60,0.006,0.0,0.006,0.11666647438545949,2.687160041983836,0.043416273151832344
FlyWire_left,original,61,0.002,0.0,0.002,0.10333312085182393,1.9305621883919075,0.053524885897561734
FlyWire_left,original,62,0.004,0.0,0.004,0.14208851212543996,3.477508844107905,0.040859281311731735
FlyWire_left,original,63,0.0,0.0,0.0,0.10070002912532523,2.105013340860215,0.04783819046209659
FlyWire_left,original,64,0.002,0.0,0.002,0.14277740164434446,5.687779587509448,0.02510248497636729
FlyWire_left,original,65,0.0,0.0,0.0,0.08299809808367953,2.250978122975042,0.036872014541831144
FlyWire_left,original,66,0.002,0.0,0.002,0.10078813367463692,3.1112897012331286,0.03239432626112912
FlyWire_left,original,67,0.04,0.0,0.04,0.2333704462217214,8.072715419514234,0.02890854366767263
FlyWire_left,original,68,0.0,0.0,0.0,0.0825093808890655,3.197456947213973,0.02580468861698296
FlyWire_left,original,69,0.02,0.0,0.02,0.15488897693738707,5.592868990725169,0.027694011283697927
FlyWire_left,original,70,0.046,0.0,0.046,0.29113354918057494,9.294950609926387,0.03132168866714189
FlyWire_left,original,71,0.0,0.0,0.0,0.09574722287427535,1.9288563221244324,0.04963937530029186
FlyWire_left,original,72,0.0,0.0,0.0,0.08248968991555636,1.8991215525171645,0.04343570837065249
FlyWire_left,input_comp_0.5,0,0.044,0.0,0.044,0.06593742828551995,6.7353095454353475,0.009789814089570248
FlyWire_left,input_comp_0.5,1,0.044,0.008,0.036,0.0833788317542339,5.517453063457412,0.01511183344838208
FlyWire_left,input_comp_0.5,2,0.002,0.0,0.002,0.031274101595461026,1.3024184264941716,0.024012330414922137
FlyWire_left,input_comp_0.5,3,0.004,0.0,0.004,0.02047360872542534,0.8028204013002593,0.02550210320049913
FlyWire_left,input_comp_0.5,4,0.0,0.0,0.0,0.0276459409700881,1.1571554605693612,0.0238912937043786
FlyWire_left,input_comp_0.5,5,0.038,0.026,0.012,0.09848749792010711,10.006681240788923,0.009842173998573615
FlyWire_left,input_comp_0.5,6,0.042,0.002,0.04,0.0763125252807676,4.0686623845348,0.018756170472840294
FlyWire_left,input_comp_0.5,7,0.042,0.028,0.014000000000000002,0.04516432389544039,3.081283410255212,0.014657633811003313
FlyWire_left,input_comp_0.5,8,0.016,0.036,-0.019999999999999997,0.029779533686421267,1.4464138050143822,0.020588529771482067
FlyWire_left,input_comp_0.5,9,0.008,0.0,0.008,0.044483510047299286,2.0023102320560513,0.022216092858708444
FlyWire_left,input_comp_0.5,10,0.028,0.0,0.028,0.054447724603345064,4.225770521343188,0.012884685604280875
FlyWire_left,input_comp_0.5,11,0.03,0.0,0.03,0.11200937070172007,6.851265386057513,0.016348712885894304
FlyWire_left,input_comp_0.5,12,0.036,0.0,0.036,0.08791494290564723,6.217794020845984,0.01413924980642663
FlyWire_left,input_comp_0.5,13,0.0,0.0,0.0,0.04583587180135085,2.2567114213182227,0.020310914088685978
FlyWire_left,input_comp_0.5,14,0.022,0.02,0.0019999999999999983,0.05951359067186811,2.6259837397627717,0.022663350793346686
FlyWire_left,input_comp_0.5,15,0.044,0.02,0.023999999999999997,0.05973376073514586,3.5624932068495783,0.016767403407337372
FlyWire_left,input_comp_0.5,16,0.004,0.0,0.004,0.021226365873837142,1.278194191669429,0.01660652662340276
FlyWire_left,input_comp_0.5,17,0.032,0.012,0.02,0.04465929606894021,3.162188887498643,0.014122905891389252
FlyWire_left,input_comp_0.5,18,0.004,0.0,0.004,0.02467925841593215,1.3158454879205814,0.01875543796174166
FlyWire_left,input_comp_0.5,19,0.012,0.0,0.012,0.09485912141790934,4.404612777450685,0.021536313453826963
FlyWire_left,input_comp_0.5,20,0.012,0.0,0.012,0.1626294757032916,7.42023558475816,0.021917023232705352
FlyWire_left,input_comp_0.5,21,0.018,0.0,0.018,0.13732180832290686,4.711332766252868,0.02914712569371851
FlyWire_left,input_comp_0.5,22,0.048,0.038,0.010000000000000002,0.17160012917339326,10.7589662754319,0.015949499680581968
FlyWire_left,input_comp_0.5,23,0.048,0.042,0.005999999999999998,0.1500876146682823,7.837573982441521,0.019149754120920945
FlyWire_left,input_comp_0.5,24,0.03,0.002,0.027999999999999997,0.12454548353898612,5.986449713063113,0.020804565227903565
FlyWire_left,input_comp_0.5,25,0.034,0.0,0.034,0.19951704003454188,10.514151052750465,0.01897604847348554
FlyWire_left,input_comp_0.5,26,0.028,0.0,0.028,0.0961341911175255,4.709129518276518,0.020414429194274827
FlyWire_left,input_comp_0.5,27,0.036,0.012,0.023999999999999997,0.1166625625347877,4.709922073139953,0.024769531368703204
FlyWire_left,input_comp_0.5,28,0.01,0.0,0.01,0.09758144640043971,4.777972168063642,0.020423192720267838
FlyWire_left,input_comp_0.5,29,0.0,0.0,0.0,0.02331411795697848,1.1346967969804156,0.020546561882452262
FlyWire_left,input_comp_0.5,30,0.004,0.0,0.004,0.037345477402249166,1.3927829313004545,0.026813566251403832
FlyWire_left,input_comp_0.5,31,0.0,0.0,0.0,0.047636762811279244,1.5473788905758021,0.0307854547463504
FlyWire_left,input_comp_0.5,32,0.002,0.0,0.002,0.05931789783354521,1.849257600701896,0.03207660079971053
FlyWire_left,input_comp_0.5,33,0.032,0.0,0.032,0.047667184672456696,3.1753665696677924,0.015011553351915412
FlyWire_left,input_comp_0.5,34,0.0,0.0,0.0,0.0006681701672708523,0.02239145107218572,0.0298404138756707
FlyWire_left,input_comp_0.5,35,0.002,0.0,0.002,0.03258655520325401,1.1772111529746008,0.027681147193444135
FlyWire_left,input_comp_0.5,36,0.0,0.002,-0.002,0.018793592766870995,0.6872936024712719,0.027344344104609276
FlyWire_left,input_comp_0.5,37,0.004,0.0,0.004,0.024932274503747597,0.9845790505847591,0.0253227757476049
FlyWire_left,input_comp_0.5,38,0.002,0.0,0.002,0.021739138162316513,1.0199641540248656,0.021313629578580795
FlyWire_left,input_comp_0.5,39,0.002,0.0,0.002,0.05958730560260139,2.5205297734523184,0.023640786246688875
FlyWire_left,input_comp_0.5,40,0.002,0.0,0.002,0.030878650617439444,1.0342804918947495,0.029855199686567926
FlyWire_left,input_comp_0.5,41,0.002,0.0,0.002,0.03261215213138886,1.149670843518606,0.028366512306755798
FlyWire_left,input_comp_0.5,42,0.0,0.0,0.0,0.007729105397138947,0.47046816585268053,0.01642854067103701
FlyWire_left,input_comp_0.5,43,0.0,0.0,0.0,0.03898125192794053,1.319025304657241,0.02955307361451273
FlyWire_left,input_comp_0.5,44,0.0,0.0,0.0,0.029454027189403875,1.1910209633757844,0.024730066132438593
FlyWire_left,input_comp_0.5,45,0.024,0.0,0.024,0.08246544284822287,4.697831904073979,0.017553936482211825
FlyWire_left,input_comp_0.5,46,0.0,0.0,0.0,0.038643877773744555,2.0159848027595326,0.01916873466548349
FlyWire_left,input_comp_0.5,47,0.004,0.0,0.004,0.06255460839329871,2.257068450861548,0.0277149806287093
FlyWire_left,input_comp_0.5,48,0.004,0.0,0.004,0.03373090936538123,1.2009297156383034,0.02808733011278099
FlyWire_left,input_comp_0.5,49,0.004,0.0,0.004,0.07518066331428298,2.221871033193026,0.033836645867893464
FlyWire_left,input_comp_0.5,50,0.002,0.0,0.002,0.04595492971126128,1.3458867670896928,0.034144722152691126
FlyWire_left,input_comp_0.5,51,0.004,0.0,0.004,0.04632750884098882,1.4813925399377466,0.03127294595592851
FlyWire_left,input_comp_0.5,52,0.042,0.032,0.010000000000000002,0.1751156469452128,17.017008413523712,0.010290624690885465
FlyWire_left,input_comp_0.5,53,0.0,0.0,0.0,0.0008286244082464657,0.044415545501989145,0.01865617992262092
FlyWire_left,input_comp_0.5,54,0.0,0.0,0.0,0.0017772789972488707,0.078869174658539,0.022534520044662956
FlyWire_left,input_comp_0.5,55,0.0,0.0,0.0,0.000555991026648189,0.0196588803218764,0.028281927431517157
FlyWire_left,input_comp_0.5,56,0.0,0.0,0.0,0.010380609803416749,0.3397316036052766,0.03055532571375859
FlyWire_left,input_comp_0.5,57,0.004,0.0,0.004,0.044996607506703444,1.4231779466651586,0.03161699323133913
FlyWire_left,input_comp_0.5,58,0.004,0.0,0.004,0.028460118741464403,1.0789362731906171,0.026377942283192027
FlyWire_left,input_comp_0.5,59,0.002,0.0,0.002,0.027985466933351577,0.7938608192086609,0.03525235942649008
FlyWire_left,input_comp_0.5,60,0.004,0.0,0.004,0.040423873614707236,1.2975573716151942,0.03115382371446725
FlyWire_left,input_comp_0.5,61,0.0,0.0,0.0,0.01052716718135183,0.3100404630160856,0.033954171913379114
FlyWire_left,input_comp_0.5,62,0.004,0.0,0.004,0.03656125344417786,1.2841389006919017,0.028471416467859077
FlyWire_left,input_comp_0.5,63,0.0,0.0,0.0,0.010548856954104957,0.35861870575458415,0.029415244617284196
FlyWire_left,input_comp_0.5,64,0.0,0.0,0.0,0.034168380522179215,2.5849601142209697,0.01321814612697672
FlyWire_left,input_comp_0.5,65,0.0,0.0,0.0,0.015756147222498733,0.6069636155390348,0.025958964951310875
FlyWire_left,input_comp_0.5,66,0.0,0.0,0.0,0.020265962814900174,0.8177854044212508,0.02478151689347214
FlyWire_left,input_comp_0.5,67,0.006,0.0,0.006,0.06632370182361234,3.652715880808285,0.018157366734183555
FlyWire_left,input_comp_0.5,68,0.0,0.0,0.0,0.009964532996704616,0.5250292167418383,0.01897900665136559
FlyWire_left,input_comp_0.5,69,0.012,0.0,0.012,0.038276584454072914,2.0881226972308276,0.018330620372468326
FlyWire_left,input_comp_0.5,70,0.02,0.0,0.02,0.08943055390905685,4.546231790991629,0.01967135817541546
FlyWire_left,input_comp_0.5,71,0.0,0.0,0.0,0.012818972562324945,0.3708293966729828,0.034568382866446264
FlyWire_left,input_comp_0.5,72,0.0,0.0,0.0,0.003935844693882746,0.15979084583098507,0.024631227611410178
FlyWire_left,input_comp_1.0,0,0.014,0.032,-0.018000000000000002,0.02732661035639432,13.272421843226061,0.0020589015839894507
FlyWire_left,input_comp_1.0,1,0.016,0.036,-0.019999999999999997,0.02493086985581974,4.252765472987864,0.00586227244699296
FlyWire_left,input_comp_1.0,2,0.004,0.006,-0.002,0.023725442550592064,1.4699162997374553,0.01614067587034018
FlyWire_left,input_comp_1.0,3,0.002,0.0,0.002,0.028545710701028886,1.2402234968995136,0.02301658593986608
FlyWire_left,input_comp_1.0,4,0.004,0.0,0.004,0.028660702264815947,1.8150050223845862,0.015790976835513656
FlyWire_left,input_comp_1.0,5,0.018,0.042,-0.024000000000000004,0.08725328139707608,12.895515829653519,0.006766172253182402
FlyWire_left,input_comp_1.0,6,0.008,0.034,-0.026000000000000002,0.018742281894194208,2.1783650188503016,0.008603829813648961
FlyWire_left,input_comp_1.0,7,0.01,0.04,-0.03,0.006235317104106306,2.310523684044892,0.0026986596792596034
FlyWire_left,input_comp_1.0,8,0.006,0.038,-0.032,0.0199453783355828,2.0669962605762464,0.009649450613917579
FlyWire_left,input_comp_1.0,9,0.028,0.042,-0.014000000000000002,0.031526074480340734,2.057699480367782,0.015321029519191955
FlyWire_left,input_comp_1.0,10,0.012,0.03,-0.018,0.06425853566110688,8.960382913614167,0.00717140509290894
FlyWire_left,input_comp_1.0,11,0.018,0.04,-0.022000000000000002,0.06504029161913912,6.550004103611175,0.00992980929329202
FlyWire_left,input_comp_1.0,12,0.012,0.042,-0.030000000000000002,0.08904212655378883,9.961773111917603,0.008938381305559424
FlyWire_left,input_comp_1.0,13,0.006,0.0,0.006,0.037690046608107125,2.132333366931816,0.017675494457200562
FlyWire_left,input_comp_1.0,14,0.026,0.042,-0.016000000000000004,0.03834601685370835,4.947188438824408,0.00775107261991024
FlyWire_left,input_comp_1.0,15,0.002,0.038,-0.036,0.0063135958665734545,1.1120167484949337,0.005677608610768346
FlyWire_left,input_comp_1.0,16,0.008,0.04,-0.032,0.024665934928858494,2.503899759627344,0.009851007347246813
FlyWire_left,input_comp_1.0,17,0.002,0.036,-0.033999999999999996,0.017573622766408885,2.333703397977508,0.007530358305875106
FlyWire_left,input_comp_1.0,18,0.002,0.0,0.002,0.029516215068458168,1.6006189179657102,0.018440501194357674
FlyWire_left,input_comp_1.0,19,0.03,0.042,-0.012000000000000004,0.05673779460797649,4.990757674973935,0.01136857333155788
FlyWire_left,input_comp_1.0,20,0.024,0.0,0.024,0.16768687821681866,8.746460178310326,0.01917197069423039
FlyWire_left,input_comp_1.0,21,0.032,0.042,-0.010000000000000002,0.14240650770492644,6.072498293881044,0.02345105767232943
FlyWire_left,input_comp_1.0,22,0.02,0.034,-0.014000000000000002,0.0925522619509683,13.256855319205375,0.006981464285642966
FlyWire_left,input_comp_1.0,23,0.04,0.042,-0.0020000000000000018,0.11122569689051477,10.294241922976694,0.010804651544302607
FlyWire_left,input_comp_1.0,24,0.036,0.042,-0.006000000000000005,0.12405286982512415,9.614246487734489,0.012903025732009925
FlyWire_left,input_comp_1.0,25,0.04,0.042,-0.0020000000000000018,0.14923766265448715,11.845546418381119,0.012598630521839856
FlyWire_left,input_comp_1.0,26,0.032,0.042,-0.010000000000000002,0.05540686491966822,4.646329655408989,0.011924867374652752
FlyWire_left,input_comp_1.0,27,0.036,0.042,-0.006000000000000005,0.06789073379399324,5.297816803092384,0.012814851158002443
FlyWire_left,input_comp_1.0,28,0.028,0.042,-0.014000000000000002,0.10431067331638733,6.618046241580199,0.015761550993859622
FlyWire_left,input_comp_1.0,29,0.0,0.008,-0.008,0.007734081325270528,0.703252722625632,0.010997584618506584
FlyWire_left,input_comp_1.0,30,0.006,0.042,-0.036000000000000004,0.03075289817345452,1.7576407054774432,0.017496692058631427
FlyWire_left,input_comp_1.0,31,0.006,0.0,0.006,0.05273454354745297,1.8577506585635668,0.028386233267831483
FlyWire_left,input_comp_1.0,32,0.004,0.0,0.004,0.04772657415012039,1.943845813864334,0.024552654233023108
FlyWire_left,input_comp_1.0,33,0.008,0.036,-0.027999999999999997,0.013845893759849239,2.311570477793212,0.005989821159624562
FlyWire_left,input_comp_1.0,34,0.0,0.018,-0.018,0.0,0.0,0.022833741209115865
FlyWire_left,input_comp_1.0,35,0.004,0.0,0.004,0.027175650456122358,1.2948620944159401,0.020987293220889436
FlyWire_left,input_comp_1.0,36,0.004,0.042,-0.038000000000000006,0.005955700987488085,0.6552938911230058,0.009088595312984742
FlyWire_left,input_comp_1.0,37,0.002,0.0,0.002,0.02621385919053817,1.381239125057194,0.018978509017729073
FlyWire_left,input_comp_1.0,38,0.002,0.002,0.0,0.009491814603902488,0.591260205211521,0.0160535319648425
FlyWire_left,input_comp_1.0,39,0.002,0.0,0.002,0.054182334096800976,2.852137618111438,0.018997096687318395
FlyWire_left,input_comp_1.0,40,0.002,0.0,0.002,0.04294991489851113,1.7021160006140037,0.025233247841520687
FlyWire_left,input_comp_1.0,41,0.002,0.0,0.002,0.044933547339864086,1.7740721406618039,0.025327914412263966
FlyWire_left,input_comp_1.0,42,0.0,0.0,0.0,3.165808179154819e-06,0.0003387328674345059,0.009346031883861784
FlyWire_left,input_comp_1.0,43,0.002,0.0,0.002,0.03422477248923127,1.4642976143789879,0.02337282541004895
FlyWire_left,input_comp_1.0,44,0.002,0.03,-0.027999999999999997,0.014762881591246975,0.8908734968219683,0.01657124344130891
FlyWire_left,input_comp_1.0,45,0.012,0.0,0.012,0.07355580147832914,5.909639062615411,0.012446750249714198
FlyWire_left,input_comp_1.0,46,0.0,0.0,0.0,0.01708542320371243,1.5276361215670036,0.011184223102938096
FlyWire_left,input_comp_1.0,47,0.002,0.0,0.002,0.04795265409956657,2.509427437185685,0.01910900207313638
FlyWire_left,input_comp_1.0,48,0.002,0.0,0.002,0.029371727163670272,1.4145913333080407,0.020763401041758184
FlyWire_left,input_comp_1.0,49,0.024,0.0,0.024,0.09463593383639686,3.3261028815843248,0.028452497473956326
FlyWire_left,input_comp_1.0,50,0.006,0.0,0.006,0.04396327682900003,1.8425694416940235,0.023859766603195713
FlyWire_left,input_comp_1.0,51,0.006,0.0,0.006,0.03563086020375872,1.8662543490961385,0.01909217798796579
FlyWire_left,input_comp_1.0,52,0.016,0.03,-0.013999999999999999,0.10631966605738744,16.823855659402597,0.00631957787856834
FlyWire_left,input_comp_1.0,53,0.0,0.0,0.0,0.0,0.0,0.013826626194782154
FlyWire_left,input_comp_1.0,54,0.0,0.0,0.0,0.0,0.0,0.015944275840628998
FlyWire_left,input_comp_1.0,55,0.0,0.0,0.0,0.0005461514189052307,0.03167103295607878,0.01724450919117891
FlyWire_left,input_comp_1.0,56,0.004,0.0,0.004,0.012617464782035815,0.5203252308512618,0.024249188841743086
FlyWire_left,input_comp_1.0,57,0.006,0.0,0.006,0.049924280176128995,1.7779240633840219,0.02808009700993941
FlyWire_left,input_comp_1.0,58,0.002,0.0,0.002,0.02949577135492535,1.0624625780128227,0.027761703767574364
FlyWire_left,input_comp_1.0,59,0.006,0.0,0.006,0.039255791451880885,1.4235054661879212,0.027576846302533698
FlyWire_left,input_comp_1.0,60,0.002,0.0,0.002,0.03822818238522007,1.3858685057363236,0.02758427818150692
FlyWire_left,input_comp_1.0,61,0.0,0.0,0.0,0.005718416241775277,0.28038436941028483,0.02039491806837332
FlyWire_left,input_comp_1.0,62,0.004,0.0,0.004,0.05098497194777617,2.208744337179276,0.023083238331190296
FlyWire_left,input_comp_1.0,63,0.004,0.0,0.004,0.021975308656406168,1.05435511546698,0.020842416690578847
FlyWire_left,input_comp_1.0,64,0.002,0.032,-0.03,0.00898776440093326,1.0870444990956676,0.008268074037824898
FlyWire_left,input_comp_1.0,65,0.004,0.0,0.004,0.023507685677685648,0.8612544277339642,0.0272947051657388
FlyWire_left,input_comp_1.0,66,0.0,0.0,0.0,0.01199267727123835,0.43350656996227566,0.027664349521350898
FlyWire_left,input_comp_1.0,67,0.008,0.0,0.008,0.08577742779021785,5.350215337140465,0.016032518765135048
FlyWire_left,input_comp_1.0,68,0.002,0.0,0.002,0.012363342061644767,0.6122008453524198,0.02019491177691478
FlyWire_left,input_comp_1.0,69,0.012,0.036,-0.023999999999999997,0.04178782725456544,2.3859159128655025,0.017514375518950267
FlyWire_left,input_comp_1.0,70,0.016,0.042,-0.026000000000000002,0.10141675426268641,6.340598998199868,0.015994822301722472
FlyWire_left,input_comp_1.0,71,0.002,0.0,0.002,0.021148410420682304,0.8182722783201578,0.025845199673754267
FlyWire_left,input_comp_1.0,72,0.0,0.0,0.0,0.00032323839120174623,0.027227335424539104,0.01187183344097719
hemibrain_right,original,0,0.046,0.0,0.046,0.5057318046875904,8.192979990672452,0.061727455121745226
hemibrain_right,original,1,0.046,0.0,0.046,0.46589820278913147,9.017905238714206,0.05166368357797917
hemibrain_right,original,2,0.036,0.0,0.036,0.3507170028575493,6.304257053108125,0.05563177387962612
hemibrain_right,original,3,0.008,0.0,0.008,0.22917985942576713,5.480528110291591,0.04181711229532835
hemibrain_right,original,4,0.006,0.0,0.006,0.3122470197065877,5.772548671532065,0.05409170844179572
hemibrain_right,original,5,0.038,0.0,0.038,0.4257105048335471,10.340856465233653,0.04116781876479978
hemibrain_right,original,6,0.046,0.0,0.046,0.47902699241836855,7.841137939245161,0.061091514539085234
hemibrain_right,original,7,0.046,0.0,0.046,0.4560442317608649,7.679951116931371,0.0593811373037858
hemibrain_right,original,8,0.046,0.0,0.046,0.45116084825316316,6.184104488078727,0.0729549200086898
hemibrain_right,original,9,0.044,0.0,0.044,0.4245659222325752,6.696957631466288,0.06339683563738138
hemibrain_right,original,10,0.04,0.0,0.04,0.4091021829971983,9.558927213425608,0.04279791799466892
hemibrain_right,original,11,0.038,0.0,0.038,0.41030013280962757,9.797503823897602,0.04187802732047352
hemibrain_right,original,12,0.038,0.0,0.038,0.4263346290214656,9.566321802214343,0.04456620191501197
hemibrain_right,original,13,0.03,0.0,0.03,0.26203583609006353,7.090716043572351,0.03695477783623784
hemibrain_right,original,14,0.046,0.0,0.046,0.5037140950202011,6.741771986134209,0.0747153858149147
hemibrain_right,original,15,0.046,0.0,0.046,0.4713749332594232,8.09699472595485,0.058216035604967686
hemibrain_right,original,16,0.038,0.0,0.038,0.30645267934428094,6.675073352950026,0.04591000924489395
hemibrain_right,original,17,0.046,0.0,0.046,0.44085068992843196,7.832451013412636,0.05628515124748303
hemibrain_right,original,18,0.008,0.0,0.008,0.22289339041309802,4.6588072474938995,0.04784344545119322
hemibrain_right,original,19,0.046,0.0,0.046,0.5078154487959623,8.432903267536101,0.060218341499407975
hemibrain_right,original,20,0.046,0.0,0.046,0.5098630487864271,9.503115742689154,0.053652198141295925
hemibrain_right,original,21,0.046,0.0,0.046,0.5026176966564955,8.249696386321073,0.06092559933355757
hemibrain_right,original,22,0.046,0.0,0.046,0.5209332582522807,10.135347582215982,0.05139767077809327
hemibrain_right,original,23,0.046,0.0,0.046,0.5617802290543202,8.499002844831342,0.0660995459480245
hemibrain_right,original,24,0.046,0.0,0.046,0.5234105143144677,9.994964403543456,0.05236742155168718
hemibrain_right,original,25,0.046,0.0,0.046,0.5500750976962584,10.301823433156603,0.05339589649011377
hemibrain_right,original,26,0.046,0.0,0.046,0.5393480316349413,8.311048672852719,0.0648953041746311
hemibrain_right,original,27,0.046,0.0,0.046,0.5595054295710551,8.498206625836637,0.06583805904060053
hemibrain_right,original,28,0.04,0.0,0.04,0.47169543675889763,6.708893330242875,0.07030897847675592
hemibrain_right,original,29,0.044,0.0,0.044,0.32742872279817276,5.292378414269689,0.0618679726142288
hemibrain_right,original,30,0.036,0.0,0.036,0.31717922918917607,6.359804227289483,0.04987248315414833
hemibrain_right,original,31,0.002,0.0,0.002,0.2107133499909371,4.834798790932967,0.04358265133723919
hemibrain_right,original,32,0.012,0.0,0.012,0.33432189688737984,6.257113317876505,0.053430692382096676
hemibrain_right,original,33,0.038,0.0,0.038,0.45977890850727027,8.20454276965139,0.056039552893549754
hemibrain_right,original,34,0.004,0.0,0.004,0.19986561334004832,3.3120378243987947,0.06034520858055967
hemibrain_right,original,35,0.01,0.0,0.01,0.3644009272993746,5.105417356517942,0.07137534541307465
hemibrain_right,original,36,0.046,0.0,0.046,0.46464607148932774,5.940165291597005,0.07822106771113238
hemibrain_right,original,37,0.01,0.0,0.01,0.2885666788260837,5.454415512805512,0.05290515145914465
hemibrain_right,original,38,0.03,0.0,0.03,0.3181216562020043,5.4115364529772165,0.05878582893532689
hemibrain_right,original,39,0.018,0.0,0.018,0.2500922871896066,5.4223615099777325,0.046122392748880664
hemibrain_right,original,40,0.004,0.0,0.004,0.24588120303412184,4.2575165554189995,0.05775225999324944
hemibrain_right,original,41,0.006,0.0,0.006,0.22449922407202297,4.610795537984692,0.04868991093240889
hemibrain_right,original,42,0.024,0.0,0.024,0.3755813834336796,5.92460803043955,0.0633934568336017
hemibrain_right,original,43,0.01,0.0,0.01,0.25903180416154553,4.247682303624351,0.0609819157003634
hemibrain_right,original,44,0.024,0.0,0.024,0.3438494203186766,4.926069739932578,0.06980197976721758
hemibrain_right,original,45,0.038,0.0,0.038,0.4529068303905218,8.062044434779562,0.05617766486583567
hemibrain_right,original,46,0.034,0.0,0.034,0.2733246157624167,6.146838001652765,0.04446588891539439
hemibrain_right,original,47,0.018,0.0,0.018,0.2993352340117086,5.5971474214516395,0.05347996246525073
hemibrain_right,original,48,0.006,0.0,0.006,0.2802070188297392,4.882355674558581,0.057391766906673185
hemibrain_right,original,49,0.014,0.0,0.014,0.35858205019702466,5.150294832106693,0.06962359668453177
hemibrain_right,original,50,0.01,0.0,0.01,0.33075073891504414,5.233257391312982,0.06320169526996292
hemibrain_right,original,51,0.01,0.0,0.01,0.3223893102536992,4.968133380059266,0.06489143619768384
hemibrain_right,original,52,0.044,0.032,0.011999999999999997,0.431356065565052,11.99520768542933,0.03596070004598782
hemibrain_right,original,53,0.004,0.0,0.004,0.18645192784212594,5.279167681345277,0.03531843258189762
hemibrain_right,original,54,0.034,0.0,0.034,0.31441916022690947,6.307193264772043,0.049850884066460155
hemibrain_right,original,55,0.014,0.0,0.014,0.2613428734123724,4.365035632132407,0.05987187630005696
hemibrain_right,original,56,0.006,0.0,0.006,0.25777531776791374,4.050940198010417,0.0636334542520568
hemibrain_right,original,57,0.02,0.0,0.02,0.3610945141858096,5.004686793173678,0.07215127122007663
hemibrain_right,original,58,0.018,0.0,0.018,0.25293517455369224,4.924840891255632,0.05135905507176785
hemibrain_right,original,59,0.016,0.0,0.016,0.35260502173749575,4.571378416815967,0.07713319475815578
hemibrain_right,original,60,0.006,0.0,0.006,0.24589664516568807,4.984552245105445,0.04933174196481639
hemibrain_right,original,61,0.012,0.0,0.012,0.2956426281059293,4.424095848547306,0.06682554768857604
hemibrain_right,original,62,0.032,0.0,0.032,0.321387699243832,7.136204450522838,0.04503622359366194
hemibrain_right,original,63,0.006,0.0,0.006,0.23109072336645986,3.9468921404752377,0.058550047769644564
hemibrain_right,original,64,0.038,0.0,0.038,0.3535937423338935,7.659280752755876,0.046165397737466064
hemibrain_right,original,65,0.008,0.0,0.008,0.2845018649268701,4.243357602353431,0.06704640324658968
hemibrain_right,original,66,0.014,0.0,0.014,0.32418150673225626,4.833529639342481,0.06706931185309864
hemibrain_right,original,67,0.042,0.0,0.042,0.3381083680944846,12.211153300635893,0.027688487710401416
hemibrain_right,original,68,0.012,0.0,0.012,0.27653025258699393,6.218536415320847,0.0444687035852513
hemibrain_right,original,69,0.044,0.0,0.044,0.3832793009203389,7.812340219447254,0.049060753903963625
hemibrain_right,original,70,0.046,0.0,0.046,0.4037620513327818,8.565427748326401,0.04713857418407071
hemibrain_right,original,71,0.008,0.0,0.008,0.2383291806966223,3.8707880818093185,0.06157122933612535
hemibrain_right,original,72,0.006,0.0,0.006,0.2623733507167978,4.015911891556597,0.06533344301413445
hemibrain_right,input_comp_0.5,0,0.05,0.05,0.0,0.12537891109364777,5.0141199274268295,0.025005167987274354
hemibrain_right,input_comp_0.5,1,0.046,0.032,0.013999999999999999,0.12797073242121548,5.7389161924064584,0.02229876306445145
hemibrain_right,input_comp_0.5,2,0.004,0.0,0.004,0.04686589720008873,1.5151688433947488,0.030931138403747324
hemibrain_right,input_comp_0.5,3,0.0,0.0,0.0,0.014248755677792055,0.7319383662234635,0.019467152338673632
hemibrain_right,input_comp_0.5,4,0.002,0.0,0.002,0.05186834292873668,1.723098356961205,0.030101788861437863
hemibrain_right,input_comp_0.5,5,0.038,0.044,-0.005999999999999998,0.10793359666404563,6.538544419834101,0.01650728200861319
hemibrain_right,input_comp_0.5,6,0.046,0.05,-0.0040000000000000036,0.12495612736590209,4.629270783575927,0.02699261572885967
hemibrain_right,input_comp_0.5,7,0.046,0.024,0.022,0.09926575779309245,3.948091092572412,0.02514272225882585
hemibrain_right,input_comp_0.5,8,0.036,0.01,0.025999999999999995,0.08344154670284104,2.2312878978230093,0.03739613645744777
hemibrain_right,input_comp_0.5,9,0.026,0.0,0.026,0.10277585014842908,3.32730042387222,0.030888659590534176
hemibrain_right,input_comp_0.5,10,0.042,0.044,-0.001999999999999995,0.07921471068880724,4.930517162446033,0.016066207271755804
hemibrain_right,input_comp_0.5,11,0.03,0.012,0.018,0.11202913578649688,5.600434414732109,0.020003651054604072
hemibrain_right,input_comp_0.5,12,0.038,0.004,0.034,0.1024606314025967,5.090930401578003,0.020126111205691917
hemibrain_right,input_comp_0.5,13,0.002,0.0,0.002,0.04440505617239023,2.7510526577080574,0.01614111458316641
hemibrain_right,input_comp_0.5,14,0.034,0.0,0.034,0.13090657151435706,3.3582023444951066,0.038981144697532624
hemibrain_right,input_comp_0.5,15,0.038,0.0,0.038,0.11265488749812126,4.702093628355938,0.023958452638789852
hemibrain_right,input_comp_0.5,16,0.032,0.024,0.008,0.04736416148063137,2.181983704182103,0.021706927228581387
hemibrain_right,input_comp_0.5,17,0.038,0.008,0.03,0.08307640157733752,3.8610341972545483,0.021516618950541893
hemibrain_right,input_comp_0.5,18,0.0,0.0,0.0,0.008431880467549887,0.3886035219115838,0.02169790028168693
hemibrain_right,input_comp_0.5,19,0.046,0.008,0.038,0.1790240990629359,6.2028829452882155,0.028861434375272995
hemibrain_right,input_comp_0.5,20,0.026,0.0,0.026,0.27299181770232167,9.20115623739676,0.029669294886308546
hemibrain_right,input_comp_0.5,21,0.022,0.0,0.022,0.2537539956360301,7.383523165803814,0.034367603370064725
hemibrain_right,input_comp_0.5,22,0.046,0.048,-0.0020000000000000018,0.19202598044443836,8.788541100781663,0.02184958552760928
hemibrain_right,input_comp_0.5,23,0.046,0.048,-0.0020000000000000018,0.22652144681927042,6.3746259990543095,0.035534860688748705
hemibrain_right,input_comp_0.5,24,0.046,0.024,0.022,0.22244201833095478,8.923700813529296,0.02492710400977458
hemibrain_right,input_comp_0.5,25,0.042,0.0,0.042,0.27284660531284505,10.367780352473599,0.02631678103093184
hemibrain_right,input_comp_0.5,26,0.046,0.006,0.04,0.18469010635598151,5.600786629203178,0.03297574404869934
hemibrain_right,input_comp_0.5,27,0.046,0.002,0.044,0.20043400155074798,5.932930017637611,0.033783307902653686
hemibrain_right,input_comp_0.5,28,0.026,0.0,0.026,0.2065460644837148,5.437630210233263,0.03798457351789179
hemibrain_right,input_comp_0.5,29,0.0,0.0,0.0,0.0419214754243429,1.490618353305614,0.02812354707117171
hemibrain_right,input_comp_0.5,30,0.004,0.0,0.004,0.032440889484666655,1.379781954928077,0.02351160585105469
hemibrain_right,input_comp_0.5,31,0.002,0.0,0.002,0.019728876217439687,0.8706428090638364,0.022660126531858997
hemibrain_right,input_comp_0.5,32,0.002,0.0,0.002,0.05647722385501293,2.1902264730259877,0.025786020099092654
hemibrain_right,input_comp_0.5,33,0.04,0.046,-0.005999999999999998,0.10145064607527778,3.993007263804502,0.02540707776690005
hemibrain_right,input_comp_0.5,34,0.0,0.0,0.0,0.005889940066280211,0.15246468428459276,0.03863150403595081
hemibrain_right,input_comp_0.5,35,0.004,0.0,0.004,0.08148943635333476,1.8066316707514558,0.045105727787579306
hemibrain_right,input_comp_0.5,36,0.008,0.0,0.008,0.0766592248926397,1.8156198027968637,0.042222069165885015
hemibrain_right,input_comp_0.5,37,0.002,0.0,0.002,0.03271915330858159,1.1316285757001157,0.028913332529040204
hemibrain_right,input_comp_0.5,38,0.002,0.0,0.002,0.03943493307962655,1.3120432621336067,0.030056122551552607
hemibrain_right,input_comp_0.5,39,0.002,0.0,0.002,0.033827626980327666,1.3214082411503965,0.025599679135403217
hemibrain_right,input_comp_0.5,40,0.0,0.0,0.0,0.023009790742628922,0.6791831570578493,0.03387862390802643
hemibrain_right,input_comp_0.5,41,0.0,0.0,0.0,0.02249429474433021,0.7743016392943574,0.029051074675277566
hemibrain_right,input_comp_0.5,42,0.002,0.0,0.002,0.04994893614410503,1.407931643410968,0.03547681904719091
hemibrain_right,input_comp_0.5,43,0.0,0.0,0.0,0.025469215022032882,0.717130607520108,0.03551544830879184
hemibrain_right,input_comp_0.5,44,0.004,0.0,0.004,0.05287060406088753,1.2539698736313825,0.04216257915972023
hemibrain_right,input_comp_0.5,45,0.018,0.0,0.018,0.11756953089594081,3.5606443718011302,0.03301917254838595
hemibrain_right,input_comp_0.5,46,0.0,0.0,0.0,0.03178553750332539,1.82742907498818,0.017393582020977193
hemibrain_right,input_comp_0.5,47,0.008,0.0,0.008,0.0639052797520399,2.7080246248031026,0.023598485466758405
hemibrain_right,input_comp_0.5,48,0.0,0.0,0.0,0.029299009256978054,0.9589529302556715,0.030553125531580044
hemibrain_right,input_comp_0.5,49,0.014,0.0,0.014,0.14877605909655053,3.455824800593377,0.04305081064034414
hemibrain_right,input_comp_0.5,50,0.002,0.0,0.002,0.05071802838102792,1.48028184777666,0.03426241324056288
hemibrain_right,input_comp_0.5,51,0.002,0.0,0.002,0.04928993451739235,1.4873778086977283,0.03313881263332017
hemibrain_right,input_comp_0.5,52,0.04,0.028,0.012,0.1584307528598834,11.194735273029597,0.014152255412557671
hemibrain_right,input_comp_0.5,53,0.0,0.0,0.0,0.012926579450169713,0.7061000233982431,0.01830700895314809
hemibrain_right,input_comp_0.5,54,0.0,0.0,0.0,0.030940723784373514,1.0372804114677707,0.02982869766198691
hemibrain_right,input_comp_0.5,55,0.0,0.0,0.0,0.010229320187392787,0.2973598682815867,0.03440047322628644
hemibrain_right,input_comp_0.5,56,0.0,0.0,0.0,0.014307195480400695,0.3843791049306736,0.03722157447393279
hemibrain_right,input_comp_0.5,57,0.01,0.0,0.01,0.10780037116943642,2.4052988582383703,0.04481786984607348
hemibrain_right,input_comp_0.5,58,0.0,0.0,0.0,0.06669290629362588,2.253476893267954,0.029595558087533332
hemibrain_right,input_comp_0.5,59,0.006,0.0,0.006,0.08285777522531733,1.7141309387478578,0.04833806645240501
hemibrain_right,input_comp_0.5,60,0.0,0.0,0.0,0.025560189995564205,0.976672188295521,0.026170695041671663
hemibrain_right,input_comp_0.5,61,0.0,0.0,0.0,0.04178087215050982,1.1205882548501422,0.03728476714767747
hemibrain_right,input_comp_0.5,62,0.008,0.0,0.008,0.0427777852505595,2.1410827614349324,0.019979510377212253
hemibrain_right,input_comp_0.5,63,0.0,0.0,0.0,0.015670389123864127,0.49217722193317304,0.03183891579198646
hemibrain_right,input_comp_0.5,64,0.008,0.0,0.008,0.05799583358490032,3.1809968851332227,0.018231968052515528
hemibrain_right,input_comp_0.5,65,0.0,0.0,0.0,0.05421126393990314,1.2472736836080798,0.04346380802574319
hemibrain_right,input_comp_0.5,66,0.002,0.0,0.002,0.08616422802934741,1.9422417983201392,0.044363285819444084
hemibrain_right,input_comp_0.5,67,0.04,0.034,0.005999999999999998,0.051303328497029205,7.270761277369366,0.007056115108154295
hemibrain_right,input_comp_0.5,68,0.0,0.0,0.0,0.04095199929450065,1.720042272379397,0.023808716769414193
hemibrain_right,input_comp_0.5,69,0.02,0.002,0.018000000000000002,0.07202216180971412,2.9447793451275,0.02445757504000551
hemibrain_right,input_comp_0.5,70,0.028,0.0,0.028,0.09605584337619287,4.022152123225844,0.0238817032358175
hemibrain_right,input_comp_0.5,71,0.0,0.0,0.0,0.012658351781262213,0.3581044017266919,0.035348216107444465
hemibrain_right,input_comp_0.5,72,0.0,0.0,0.0,0.010499846697547529,0.29797352796294213,0.03523751512199216
hemibrain_right,input_comp_1.0,0,0.012,0.014,-0.002,0.01958788873450772,10.979125683309396,0.0017841027873727205
hemibrain_right,input_comp_1.0,1,0.016,0.044,-0.027999999999999997,0.032345659627695596,4.707301591004359,0.00687138034442239
hemibrain_right,input_comp_1.0,2,0.006,0.016,-0.01,0.006216220327848021,0.4458702461602042,0.013941769789263961
hemibrain_right,input_comp_1.0,3,0.0,0.0,0.0,0.0,0.0,0.014947808055445964
hemibrain_right,input_comp_1.0,4,0.006,0.0,0.006,0.045805107902188905,2.789738035874211,0.016419143056862366
hemibrain_right,input_comp_1.0,5,0.014,0.046,-0.032,0.06641872463651258,9.947041396992079,0.006677234162974045
hemibrain_right,input_comp_1.0,6,0.01,0.048,-0.038,0.0220487181180551,1.9055263238498672,0.011570933364755908
hemibrain_right,input_comp_1.0,7,0.048,0.05,-0.0020000000000000018,0.012912055351739553,2.230620377842688,0.005788548997399216
hemibrain_right,input_comp_1.0,8,0.012,0.05,-0.038000000000000006,0.028370303169100185,1.8537636228818952,0.015304164359960407
hemibrain_right,input_comp_1.0,9,0.046,0.054,-0.008,0.0704598147389607,3.605733846212252,0.01954104705009696
hemibrain_right,input_comp_1.0,10,0.012,0.02,-0.008,0.05537860360135558,8.530215393501758,0.0064920521987689205
hemibrain_right,input_comp_1.0,11,0.012,0.008,0.004,0.06349077932385931,5.9745039667692765,0.010626954083050356
hemibrain_right,input_comp_1.0,12,0.014,0.052,-0.038,0.07240617960461866,7.3461893372169715,0.009856290966773394
hemibrain_right,input_comp_1.0,13,0.006,0.0,0.006,0.05443339665930336,4.931842351537862,0.011037132328921617
hemibrain_right,input_comp_1.0,14,0.044,0.054,-0.010000000000000002,0.08239036627774027,5.675628728814356,0.014516517942665303
hemibrain_right,input_comp_1.0,15,0.01,0.054,-0.044,0.020947676128468727,3.0286681656480305,0.006916464591949329
hemibrain_right,input_comp_1.0,16,0.006,0.018,-0.011999999999999999,0.04091870196984763,2.853968245577602,0.014337476260730531
hemibrain_right,input_comp_1.0,17,0.006,0.054,-0.048,0.020407501022168373,2.1344427320792376,0.009561044068063934
hemibrain_right,input_comp_1.0,18,0.0,0.0,0.0,0.0,0.0,0.015766538885737223
hemibrain_right,input_comp_1.0,19,0.046,0.052,-0.005999999999999998,0.11654180553403462,9.847293646457103,0.011834907104244268
hemibrain_right,input_comp_1.0,20,0.038,0.0,0.038,0.28636987350390025,14.994361275641408,0.019098504313692435
hemibrain_right,input_comp_1.0,21,0.046,0.052,-0.005999999999999998,0.25209339013538384,12.408494291515728,0.02031619503647207
hemibrain_right,input_comp_1.0,22,0.014,0.046,-0.032,0.06705636635088065,11.423661330797856,0.005869953984901378
hemibrain_right,input_comp_1.0,23,0.048,0.048,0.0,0.1612260265384732,10.489935674468406,0.01536959153437741
hemibrain_right,input_comp_1.0,24,0.048,0.046,0.0020000000000000018,0.20054323400792293,14.602920201639249,0.013733091137854125
hemibrain_right,input_comp_1.0,25,0.048,0.046,0.0020000000000000018,0.21391368528373708,16.33628126759932,0.013094392890259812
hemibrain_right,input_comp_1.0,26,0.046,0.052,-0.005999999999999998,0.11800162994230522,7.825548007370077,0.0150790244761353
hemibrain_right,input_comp_1.0,27,0.048,0.052,-0.003999999999999997,0.12707336558316237,8.452990061487288,0.015032948655898933
hemibrain_right,input_comp_1.0,28,0.042,0.05,-0.008,0.20892702041056962,11.986333334266723,0.017430436363160842
hemibrain_right,input_comp_1.0,29,0.0,0.0,0.0,0.022879267830518555,1.82204143397058,0.012556941573310007
hemibrain_right,input_comp_1.0,30,0.008,0.054,-0.046,0.02839190443400609,1.9765192525751594,0.014364597965344866
hemibrain_right,input_comp_1.0,31,0.006,0.0,0.006,0.0566698141346224,2.884698712495423,0.01964496808250727
hemibrain_right,input_comp_1.0,32,0.006,0.0,0.006,0.04681986656510177,3.3877933942614495,0.013820165847306241
hemibrain_right,input_comp_1.0,33,0.008,0.052,-0.044,0.030618360116622372,3.889177472127201,0.007872708390413343
hemibrain_right,input_comp_1.0,34,0.0,0.004,-0.004,0.0003362729630413672,0.00971243287480173,0.034622938184088285
hemibrain_right,input_comp_1.0,35,0.006,0.0,0.006,0.04352824516990162,1.6147663287451306,0.026956374055513252
hemibrain_right,input_comp_1.0,36,0.008,0.05,-0.042,0.009957307977533459,0.5346447166538186,0.01862415856244362
hemibrain_right,input_comp_1.0,37,0.0,0.0,0.0,0.0015479012417637427,0.09141182933662645,0.01693327059524819
hemibrain_right,input_comp_1.0,38,0.0,0.0,0.0,0.0044119767962361375,0.271207762413357,0.01626788539153866
hemibrain_right,input_comp_1.0,39,0.004,0.0,0.004,0.05176975834997385,2.708729675064701,0.019112190790591635
hemibrain_right,input_comp_1.0,40,0.004,0.0,0.004,0.046352744482916555,1.9138210105123858,0.024219999795334346
hemibrain_right,input_comp_1.0,41,0.004,0.0,0.004,0.04851191218886915,1.9837075381145077,0.024455173586212808
hemibrain_right,input_comp_1.0,42,0.0,0.0,0.0,0.001012259327857731,0.05542439400930927,0.018263787019262824
hemibrain_right,input_comp_1.0,43,0.002,0.0,0.002,0.044916472416038106,1.928807329803875,0.02328717426670361
hemibrain_right,input_comp_1.0,44,0.004,0.002,0.002,0.01714379379523983,0.7657168959050227,0.022389206620518787
hemibrain_right,input_comp_1.0,45,0.006,0.0,0.006,0.05361476244296495,3.1888165132914006,0.01681337330620676
hemibrain_right,input_comp_1.0,46,0.0,0.0,0.0,0.026752594745974675,3.136828949268464,0.008528547516820646
hemibrain_right,input_comp_1.0,47,0.038,0.0,0.038,0.07626301952252824,6.593561928683849,0.011566285468672503
hemibrain_right,input_comp_1.0,48,0.0,0.0,0.0,0.023230531893431283,1.4708639951328526,0.01579380008641318
hemibrain_right,input_comp_1.0,49,0.044,0.0,0.044,0.16646560875794233,5.876696349676673,0.028326392730347726
hemibrain_right,input_comp_1.0,50,0.006,0.0,0.006,0.04780568051209332,2.9161122592774116,0.016393635176424646
hemibrain_right,input_comp_1.0,51,0.006,0.0,0.006,0.03541007189098287,2.811460690921471,0.012594902004259228
hemibrain_right,input_comp_1.0,52,0.01,0.006,0.004,0.06483734247117721,17.642464185063737,0.003675072925814358
hemibrain_right,input_comp_1.0,53,0.0,0.0,0.0,0.0,0.0,0.013386799223109064
hemibrain_right,input_comp_1.0,54,0.0,0.0,0.0,0.0,0.0,0.025922708625187748
hemibrain_right,input_comp_1.0,55,0.0,0.0,0.0,0.0019466865524289626,0.05971277316593635,0.032600839807243556
hemibrain_right,input_comp_1.0,56,0.006,0.0,0.006,0.018457770640278662,0.5817102044908575,0.03173018196652377
hemibrain_right,input_comp_1.0,57,0.006,0.0,0.006,0.07012028166290578,2.0997271389430465,0.03339494944957595
hemibrain_right,input_comp_1.0,58,0.0,0.0,0.0,0.001361246553591316,0.05037844704595259,0.02702041514597816
hemibrain_right,input_comp_1.0,59,0.01,0.0,0.01,0.050792097220417796,1.5482626392603949,0.03280586635138415
hemibrain_right,input_comp_1.0,60,0.0,0.0,0.0,0.025608102743221877,1.4056764147291148,0.01821763705707246
hemibrain_right,input_comp_1.0,61,0.0,0.0,0.0,0.0037988855634227244,0.13769281632444433,0.027589569774442296
hemibrain_right,input_comp_1.0,62,0.006,0.054,-0.048,0.032009425974248704,2.945454898439147,0.010867396404952972
hemibrain_right,input_comp_1.0,63,0.006,0.0,0.006,0.038580435518096604,1.6912845867330533,0.022811320945471378
hemibrain_right,input_comp_1.0,64,0.0,0.046,-0.046,0.026700913736486375,4.018660883590044,0.006644231625892576
hemibrain_right,input_comp_1.0,65,0.006,0.0,0.006,0.03483972986933699,0.9752928739606268,0.03572232587720465
hemibrain_right,input_comp_1.0,66,0.0,0.0,0.0,0.019389979885579403,0.4963052766628774,0.039068655517741614
hemibrain_right,input_comp_1.0,67,0.008,0.016,-0.008,0.032319033453279696,11.708371299816957,0.0027603355433206116
hemibrain_right,input_comp_1.0,68,0.0,0.0,0.0,0.020207724141202175,0.8545844671289644,0.023646257237849667
hemibrain_right,input_comp_1.0,69,0.012,0.054,-0.041999999999999996,0.037039446484895266,1.918980368372548,0.019301628664553636
hemibrain_right,input_comp_1.0,70,0.02,0.054,-0.034,0.08539997617619423,4.982419676576215,0.017140261503398445
hemibrain_right,input_comp_1.0,71,0.002,0.0,0.002,0.023351999326032342,0.7658566695977387,0.030491344207131905
hemibrain_right,input_comp_1.0,72,0.0,0.0,0.0,0.0029341104550550893,0.12550524026783588,0.023378390008206174
