graph,noise,amplitude,test_apl,learning_gate,readout,source_pattern,naive_assigned_A_mean,naive_assigned_A_min,naive_assigned_A_max,gated_assigned_A_mean,gated_assigned_A_min,gated_assigned_A_max,signal_detected_fraction_mean,signal_detected_fraction_min,signal_detected_fraction_max,accuracy_mean,accuracy_min,accuracy_max,accuracy_rejections_wrong_mean,accuracy_rejections_wrong_min,accuracy_rejections_wrong_max,auc_A_mean,auc_A_min,auc_A_max
0,0.1,0.0,0.0,0.0,activity_normalized,A,0.99875,0.99,1.0,0.051250000000000004,0.02,0.08,0.051250000000000004,0.02,0.08,,,,,,,,,
0,0.1,0.0,0.0,0.0,activity_normalized,B,1.0,1.0,1.0,0.0425,0.02,0.07,0.0425,0.02,0.07,,,,,,,,,
0,0.1,0.0,0.0,0.0,counterfactual_fraction,A,0.0,0.0,0.0,0.0,0.0,0.0,0.051250000000000004,0.02,0.08,,,,,,,,,
0,0.1,0.0,0.0,0.0,counterfactual_fraction,B,0.0,0.0,0.0,0.0,0.0,0.0,0.0425,0.02,0.07,,,,,,,,,
0,0.1,0.0,0.0,0.0,raw,A,1.0,1.0,1.0,0.051250000000000004,0.02,0.08,0.051250000000000004,0.02,0.08,,,,,,,,,
0,0.1,0.0,0.0,0.0,raw,B,1.0,1.0,1.0,0.0425,0.02,0.07,0.0425,0.02,0.07,,,,,,,,,
0,0.1,0.0,0.0,1.0,activity_normalized,A,0.99875,0.99,1.0,0.051250000000000004,0.02,0.08,0.051250000000000004,0.02,0.08,,,,,,,,,
0,0.1,0.0,0.0,1.0,activity_normalized,B,1.0,1.0,1.0,0.0425,0.02,0.07,0.0425,0.02,0.07,,,,,,,,,
0,0.1,0.0,0.0,1.0,counterfactual_fraction,A,0.0,0.0,0.0,0.0,0.0,0.0,0.051250000000000004,0.02,0.08,,,,,,,,,
0,0.1,0.0,0.0,1.0,counterfactual_fraction,B,0.0,0.0,0.0,0.0,0.0,0.0,0.0425,0.02,0.07,,,,,,,,,
0,0.1,0.0,0.0,1.0,raw,A,1.0,1.0,1.0,0.051250000000000004,0.02,0.08,0.051250000000000004,0.02,0.08,,,,,,,,,
0,0.1,0.0,0.0,1.0,raw,B,1.0,1.0,1.0,0.0425,0.02,0.07,0.0425,0.02,0.07,,,,,,,,,
0,0.1,0.0,1.0,0.0,activity_normalized,A,0.99875,0.99,1.0,0.051250000000000004,0.02,0.08,0.051250000000000004,0.02,0.08,,,,,,,,,
0,0.1,0.0,1.0,0.0,activity_normalized,B,1.0,1.0,1.0,0.0425,0.02,0.07,0.0425,0.02,0.07,,,,,,,,,
0,0.1,0.0,1.0,0.0,counterfactual_fraction,A,0.0,0.0,0.0,0.0,0.0,0.0,0.051250000000000004,0.02,0.08,,,,,,,,,
0,0.1,0.0,1.0,0.0,counterfactual_fraction,B,0.0,0.0,0.0,0.0,0.0,0.0,0.0425,0.02,0.07,,,,,,,,,
0,0.1,0.0,1.0,0.0,raw,A,1.0,1.0,1.0,0.051250000000000004,0.02,0.08,0.051250000000000004,0.02,0.08,,,,,,,,,
0,0.1,0.0,1.0,0.0,raw,B,1.0,1.0,1.0,0.0425,0.02,0.07,0.0425,0.02,0.07,,,,,,,,,
0,0.1,0.0,1.0,1.0,activity_normalized,A,0.99875,0.99,1.0,0.051250000000000004,0.02,0.08,0.051250000000000004,0.02,0.08,,,,,,,,,
0,0.1,0.0,1.0,1.0,activity_normalized,B,1.0,1.0,1.0,0.0425,0.02,0.07,0.0425,0.02,0.07,,,,,,,,,
0,0.1,0.0,1.0,1.0,counterfactual_fraction,A,0.0,0.0,0.0,0.0,0.0,0.0,0.051250000000000004,0.02,0.08,,,,,,,,,
0,0.1,0.0,1.0,1.0,counterfactual_fraction,B,0.0,0.0,0.0,0.0,0.0,0.0,0.0425,0.02,0.07,,,,,,,,,
0,0.1,0.0,1.0,1.0,raw,A,1.0,1.0,1.0,0.051250000000000004,0.02,0.08,0.051250000000000004,0.02,0.08,,,,,,,,,
0,0.1,0.0,1.0,1.0,raw,B,1.0,1.0,1.0,0.0425,0.02,0.07,0.0425,0.02,0.07,,,,,,,,,
0,0.1,0.1,0.0,0.0,activity_normalized,A,0.97875,0.91,1.0,0.80625,0.74,0.86,0.8275,0.75,0.88,0.494375,0.46,0.505,0.4075,0.375,0.43,0.49254375,0.46035,0.505
0,0.1,0.1,0.0,0.0,activity_normalized,B,0.99,0.96,1.0,0.80375,0.75,0.86,0.8125,0.76,0.86,0.494375,0.46,0.505,0.4075,0.375,0.43,0.49254375,0.46035,0.505
0,0.1,0.1,0.0,0.0,counterfactual_fraction,A,0.0,0.0,0.0,0.0,0.0,0.0,0.8275,0.75,0.88,0.5,0.5,0.5,0.40625,0.38,0.43,0.5,0.5,0.5
0,0.1,0.1,0.0,0.0,counterfactual_fraction,B,0.0,0.0,0.0,0.0,0.0,0.0,0.8125,0.76,0.86,0.5,0.5,0.5,0.40625,0.38,0.43,0.5,0.5,0.5
0,0.1,0.1,0.0,0.0,raw,A,1.0,1.0,1.0,0.8275,0.75,0.88,0.8275,0.75,0.88,0.5,0.5,0.5,0.41375,0.375,0.44,0.492625,0.46035,0.505
0,0.1,0.1,0.0,0.0,raw,B,1.0,1.0,1.0,0.8125,0.76,0.86,0.8125,0.76,0.86,0.5,0.5,0.5,0.41375,0.375,0.44,0.492625,0.46035,0.505
0,0.1,0.1,0.0,1.0,activity_normalized,A,0.99875,0.99,1.0,0.82625,0.75,0.88,0.8275,0.75,0.88,0.5,0.495,0.505,0.41375,0.375,0.44,0.49254375,0.4602,0.505
0,0.1,0.1,0.0,1.0,activity_normalized,B,0.99875,0.99,1.0,0.81125,0.76,0.86,0.8125,0.76,0.86,0.5,0.495,0.505,0.41375,0.375,0.44,0.49254375,0.4602,0.505
0,0.1,0.1,0.0,1.0,counterfactual_fraction,A,0.02375,0.0,0.09,0.02375,0.0,0.09,0.8275,0.75,0.88,0.506875,0.495,0.54,0.41375,0.4,0.43,0.50623125,0.495,0.5397
0,0.1,0.1,0.0,1.0,counterfactual_fraction,B,0.01,0.0,0.04,0.008749999999999999,0.0,0.03,0.8125,0.76,0.86,0.506875,0.495,0.54,0.41375,0.4,0.43,0.50623125,0.495,0.5397
0,0.1,0.1,0.0,1.0,raw,A,1.0,1.0,1.0,0.8275,0.75,0.88,0.8275,0.75,0.88,0.5,0.5,0.5,0.41375,0.375,0.44,0.492625,0.46025,0.505
0,0.1,0.1,0.0,1.0,raw,B,1.0,1.0,1.0,0.8125,0.76,0.86,0.8125,0.76,0.86,0.5,0.5,0.5,0.41375,0.375,0.44,0.492625,0.46025,0.505
0,0.1,0.1,1.0,0.0,activity_normalized,A,0.97875,0.91,1.0,0.80625,0.74,0.86,0.8275,0.75,0.88,0.494375,0.46,0.505,0.4075,0.375,0.43,0.49254375,0.4604,0.505
0,0.1,0.1,1.0,0.0,activity_normalized,B,0.99,0.96,1.0,0.80375,0.75,0.86,0.8125,0.76,0.86,0.494375,0.46,0.505,0.4075,0.375,0.43,0.49254375,0.4604,0.505
0,0.1,0.1,1.0,0.0,counterfactual_fraction,A,0.0,0.0,0.0,0.0,0.0,0.0,0.8275,0.75,0.88,0.5,0.5,0.5,0.40625,0.38,0.43,0.5,0.5,0.5
0,0.1,0.1,1.0,0.0,counterfactual_fraction,B,0.0,0.0,0.0,0.0,0.0,0.0,0.8125,0.76,0.86,0.5,0.5,0.5,0.40625,0.38,0.43,0.5,0.5,0.5
0,0.1,0.1,1.0,0.0,raw,A,1.0,1.0,1.0,0.8275,0.75,0.88,0.8275,0.75,0.88,0.5,0.5,0.5,0.41375,0.375,0.44,0.492625,0.46035,0.505
0,0.1,0.1,1.0,0.0,raw,B,1.0,1.0,1.0,0.8125,0.76,0.86,0.8125,0.76,0.86,0.5,0.5,0.5,0.41375,0.375,0.44,0.492625,0.46035,0.505
0,0.1,0.1,1.0,1.0,activity_normalized,A,0.99875,0.99,1.0,0.82625,0.75,0.88,0.8275,0.75,0.88,0.5,0.495,0.505,0.41375,0.375,0.44,0.49254375,0.4602,0.505
0,0.1,0.1,1.0,1.0,activity_normalized,B,0.99875,0.99,1.0,0.81125,0.76,0.86,0.8125,0.76,0.86,0.5,0.495,0.505,0.41375,0.375,0.44,0.49254375,0.4602,0.505
0,0.1,0.1,1.0,1.0,counterfactual_fraction,A,0.02375,0.0,0.09,0.02375,0.0,0.09,0.8275,0.75,0.88,0.506875,0.495,0.54,0.41375,0.4,0.43,0.50624375,0.495,0.53985
0,0.1,0.1,1.0,1.0,counterfactual_fraction,B,0.01,0.0,0.04,0.008749999999999999,0.0,0.03,0.8125,0.76,0.86,0.506875,0.495,0.54,0.41375,0.4,0.43,0.50624375,0.495,0.53985
0,0.1,0.1,1.0,1.0,raw,A,1.0,1.0,1.0,0.8275,0.75,0.88,0.8275,0.75,0.88,0.5,0.5,0.5,0.41375,0.375,0.44,0.492625,0.46025,0.505
0,0.1,0.1,1.0,1.0,raw,B,1.0,1.0,1.0,0.8125,0.76,0.86,0.8125,0.76,0.86,0.5,0.5,0.5,0.41375,0.375,0.44,0.492625,0.46025,0.505
0,0.1,0.25,0.0,0.0,activity_normalized,A,0.78625,0.36,0.98,0.78625,0.36,0.98,1.0,1.0,1.0,0.5231250000000001,0.365,0.635,0.5231250000000001,0.365,0.635,0.53314375,0.3394,0.64865
0,0.1,0.25,0.0,0.0,activity_normalized,B,0.74,0.4,0.92,0.74,0.4,0.92,1.0,1.0,1.0,0.5231250000000001,0.365,0.635,0.5231250000000001,0.365,0.635,0.53314375,0.3394,0.64865
0,0.1,0.25,0.0,0.0,counterfactual_fraction,A,0.0,0.0,0.0,0.0,0.0,0.0,1.0,1.0,1.0,0.5,0.5,0.5,0.5,0.5,0.5,0.5,0.5,0.5
0,0.1,0.25,0.0,0.0,counterfactual_fraction,B,0.0,0.0,0.0,0.0,0.0,0.0,1.0,1.0,1.0,0.5,0.5,0.5,0.5,0.5,0.5,0.5,0.5,0.5
0,0.1,0.25,0.0,0.0,raw,A,1.0,1.0,1.0,1.0,1.0,1.0,1.0,1.0,1.0,0.5,0.5,0.5,0.5,0.5,0.5,0.49754375,0.20685,0.65255
0,0.1,0.25,0.0,0.0,raw,B,1.0,1.0,1.0,1.0,1.0,1.0,1.0,1.0,1.0,0.5,0.5,0.5,0.5,0.5,0.5,0.49754375,0.20685,0.65255
0,0.1,0.25,0.0,1.0,activity_normalized,A,0.99375,0.98,1.0,0.99375,0.98,1.0,1.0,1.0,1.0,0.505,0.49,0.515,0.505,0.49,0.515,0.51028125,0.34225,0.63605
0,0.1,0.25,0.0,1.0,activity_normalized,B,0.98375,0.97,1.0,0.98375,0.97,1.0,1.0,1.0,1.0,0.505,0.49,0.515,0.505,0.49,0.515,0.51028125,0.34225,0.63605
0,0.1,0.25,0.0,1.0,counterfactual_fraction,A,0.4575,0.06,0.93,0.4575,0.06,0.93,1.0,1.0,1.0,0.494375,0.36,0.705,0.494375,0.36,0.705,0.48613125,0.34785,0.73715
0,0.1,0.25,0.0,1.0,counterfactual_fraction,B,0.46875,0.19,0.92,0.46875,0.19,0.92,1.0,1.0,1.0,0.494375,0.36,0.705,0.494375,0.36,0.705,0.48613125,0.34785,0.73715
0,0.1,0.25,0.0,1.0,raw,A,1.0,1.0,1.0,1.0,1.0,1.0,1.0,1.0,1.0,0.5,0.5,0.5,0.5,0.5,0.5,0.5057812500000001,0.30715,0.64375
0,0.1,0.25,0.0,1.0,raw,B,1.0,1.0,1.0,1.0,1.0,1.0,1.0,1.0,1.0,0.5,0.5,0.5,0.5,0.5,0.5,0.5057812500000001,0.30715,0.64375
0,0.1,0.25,1.0,0.0,activity_normalized,A,0.78625,0.36,0.98,0.78625,0.36,0.98,1.0,1.0,1.0,0.5231250000000001,0.365,0.635,0.5231250000000001,0.365,0.635,0.53315,0.3397,0.64765
0,0.1,0.25,1.0,0.0,activity_normalized,B,0.74,0.4,0.92,0.74,0.4,0.92,1.0,1.0,1.0,0.5231250000000001,0.365,0.635,0.5231250000000001,0.365,0.635,0.53315,0.3397,0.64765
0,0.1,0.25,1.0,0.0,counterfactual_fraction,A,0.0,0.0,0.0,0.0,0.0,0.0,1.0,1.0,1.0,0.5,0.5,0.5,0.5,0.5,0.5,0.5,0.5,0.5
0,0.1,0.25,1.0,0.0,counterfactual_fraction,B,0.0,0.0,0.0,0.0,0.0,0.0,1.0,1.0,1.0,0.5,0.5,0.5,0.5,0.5,0.5,0.5,0.5,0.5
0,0.1,0.25,1.0,0.0,raw,A,1.0,1.0,1.0,1.0,1.0,1.0,1.0,1.0,1.0,0.5,0.5,0.5,0.5,0.5,0.5,0.49810625,0.20735,0.65235
0,0.1,0.25,1.0,0.0,raw,B,1.0,1.0,1.0,1.0,1.0,1.0,1.0,1.0,1.0,0.5,0.5,0.5,0.5,0.5,0.5,0.49810625,0.20735,0.65235
0,0.1,0.25,1.0,1.0,activity_normalized,A,0.99375,0.98,1.0,0.99375,0.98,1.0,1.0,1.0,1.0,0.505,0.49,0.515,0.505,0.49,0.515,0.51311875,0.34545,0.6361
0,0.1,0.25,1.0,1.0,activity_normalized,B,0.98375,0.97,1.0,0.98375,0.97,1.0,1.0,1.0,1.0,0.505,0.49,0.515,0.505,0.49,0.515,0.51311875,0.34545,0.6361
0,0.1,0.25,1.0,1.0,counterfactual_fraction,A,0.45625,0.06,0.93,0.45625,0.06,0.93,1.0,1.0,1.0,0.49375,0.36,0.705,0.49375,0.36,0.705,0.48684375,0.351,0.7337
0,0.1,0.25,1.0,1.0,counterfactual_fraction,B,0.46875,0.19,0.92,0.46875,0.19,0.92,1.0,1.0,1.0,0.49375,0.36,0.705,0.49375,0.36,0.705,0.48684375,0.351,0.7337
0,0.1,0.25,1.0,1.0,raw,A,1.0,1.0,1.0,1.0,1.0,1.0,1.0,1.0,1.0,0.5,0.5,0.5,0.5,0.5,0.5,0.50784375,0.30765,0.64375
0,0.1,0.25,1.0,1.0,raw,B,1.0,1.0,1.0,1.0,1.0,1.0,1.0,1.0,1.0,0.5,0.5,0.5,0.5,0.5,0.5,0.50784375,0.30765,0.64375
0,0.1,0.5,0.0,0.0,activity_normalized,A,0.5375,0.11,0.96,0.5375,0.11,0.96,1.0,1.0,1.0,0.638125,0.465,0.93,0.638125,0.465,0.93,0.6996625000000001,0.3353,0.9793
0,0.1,0.5,0.0,0.0,activity_normalized,B,0.26125,0.0,0.86,0.26125,0.0,0.86,1.0,1.0,1.0,0.638125,0.465,0.93,0.638125,0.465,0.93,0.6996625000000001,0.3353,0.9793
0,0.1,0.5,0.0,0.0,counterfactual_fraction,A,0.0,0.0,0.0,0.0,0.0,0.0,1.0,1.0,1.0,0.5,0.5,0.5,0.5,0.5,0.5,0.5,0.5,0.5
0,0.1,0.5,0.0,0.0,counterfactual_fraction,B,0.0,0.0,0.0,0.0,0.0,0.0,1.0,1.0,1.0,0.5,0.5,0.5,0.5,0.5,0.5,0.5,0.5,0.5
0,0.1,0.5,0.0,0.0,raw,A,1.0,1.0,1.0,1.0,1.0,1.0,1.0,1.0,1.0,0.5,0.5,0.5,0.5,0.5,0.5,0.5338875,0.0469,0.9698
0,0.1,0.5,0.0,0.0,raw,B,1.0,1.0,1.0,1.0,1.0,1.0,1.0,1.0,1.0,0.5,0.5,0.5,0.5,0.5,0.5,0.5338875,0.0469,0.9698
0,0.1,0.5,0.0,1.0,activity_normalized,A,0.99,0.93,1.0,0.99,0.93,1.0,1.0,1.0,1.0,0.68125,0.505,0.945,0.68125,0.505,0.945,0.8612875,0.6988,0.9997
0,0.1,0.5,0.0,1.0,activity_normalized,B,0.6275,0.11,0.99,0.6275,0.11,0.99,1.0,1.0,1.0,0.68125,0.505,0.945,0.68125,0.505,0.945,0.8612875,0.6988,0.9997
0,0.1,0.5,0.0,1.0,counterfactual_fraction,A,0.99,0.93,1.0,0.99,0.93,1.0,1.0,1.0,1.0,0.655625,0.505,0.87,0.655625,0.505,0.87,0.8577375,0.6687,0.9984
0,0.1,0.5,0.0,1.0,counterfactual_fraction,B,0.67875,0.26,0.99,0.67875,0.26,0.99,1.0,1.0,1.0,0.655625,0.505,0.87,0.655625,0.505,0.87,0.8577375,0.6687,0.9984
0,0.1,0.5,0.0,1.0,raw,A,1.0,1.0,1.0,1.0,1.0,1.0,1.0,1.0,1.0,0.5,0.5,0.5,0.5,0.5,0.5,0.8230125,0.6688,0.9992
0,0.1,0.5,0.0,1.0,raw,B,1.0,1.0,1.0,1.0,1.0,1.0,1.0,1.0,1.0,0.5,0.5,0.5,0.5,0.5,0.5,0.8230125,0.6688,0.9992
0,0.1,0.5,1.0,0.0,activity_normalized,A,0.56375,0.21,0.98,0.56375,0.21,0.98,1.0,1.0,1.0,0.636875,0.455,0.92,0.636875,0.455,0.92,0.7095625,0.405,0.978
0,0.1,0.5,1.0,0.0,activity_normalized,B,0.29,0.0,0.91,0.29,0.0,0.91,1.0,1.0,1.0,0.636875,0.455,0.92,0.636875,0.455,0.92,0.7095625,0.405,0.978
0,0.1,0.5,1.0,0.0,counterfactual_fraction,A,0.0,0.0,0.0,0.0,0.0,0.0,1.0,1.0,1.0,0.5,0.5,0.5,0.5,0.5,0.5,0.5,0.5,0.5
0,0.1,0.5,1.0,0.0,counterfactual_fraction,B,0.0,0.0,0.0,0.0,0.0,0.0,1.0,1.0,1.0,0.5,0.5,0.5,0.5,0.5,0.5,0.5,0.5,0.5
0,0.1,0.5,1.0,0.0,raw,A,1.0,1.0,1.0,1.0,1.0,1.0,1.0,1.0,1.0,0.5,0.5,0.5,0.5,0.5,0.5,0.5425125,0.0495,0.9733
0,0.1,0.5,1.0,0.0,raw,B,1.0,1.0,1.0,1.0,1.0,1.0,1.0,1.0,1.0,0.5,0.5,0.5,0.5,0.5,0.5,0.5425125,0.0495,0.9733
0,0.1,0.5,1.0,1.0,activity_normalized,A,0.9975,0.99,1.0,0.9975,0.99,1.0,1.0,1.0,1.0,0.65125,0.505,0.94,0.65125,0.505,0.94,0.8738375,0.6904,0.9999
0,0.1,0.5,1.0,1.0,activity_normalized,B,0.6950000000000001,0.12,0.99,0.6950000000000001,0.12,0.99,1.0,1.0,1.0,0.65125,0.505,0.94,0.65125,0.505,0.94,0.8738375,0.6904,0.9999
0,0.1,0.5,1.0,1.0,counterfactual_fraction,A,0.99875,0.99,1.0,0.99875,0.99,1.0,1.0,1.0,1.0,0.628125,0.505,0.85,0.628125,0.505,0.85,0.868125,0.6609,0.9985
0,0.1,0.5,1.0,1.0,counterfactual_fraction,B,0.7424999999999999,0.3,0.99,0.7424999999999999,0.3,0.99,1.0,1.0,1.0,0.628125,0.505,0.85,0.628125,0.505,0.85,0.868125,0.6609,0.9985
0,0.1,0.5,1.0,1.0,raw,A,1.0,1.0,1.0,1.0,1.0,1.0,1.0,1.0,1.0,0.5,0.5,0.5,0.5,0.5,0.5,0.8526875,0.6645,0.9995
0,0.1,0.5,1.0,1.0,raw,B,1.0,1.0,1.0,1.0,1.0,1.0,1.0,1.0,1.0,0.5,0.5,0.5,0.5,0.5,0.5,0.8526875,0.6645,0.9995
0,0.1,1.0,0.0,0.0,activity_normalized,A,0.205,0.0,0.8,0.205,0.0,0.8,1.0,1.0,1.0,0.6012500000000001,0.5,0.9,0.6012500000000001,0.5,0.9,0.7188749999999999,0.0,0.993
0,0.1,1.0,0.0,0.0,activity_normalized,B,0.0025,0.0,0.01,0.0025,0.0,0.01,1.0,1.0,1.0,0.6012500000000001,0.5,0.9,0.6012500000000001,0.5,0.9,0.7188749999999999,0.0,0.993
0,0.1,1.0,0.0,0.0,counterfactual_fraction,A,0.0,0.0,0.0,0.0,0.0,0.0,1.0,1.0,1.0,0.5,0.5,0.5,0.5,0.5,0.5,0.5,0.5,0.5
0,0.1,1.0,0.0,0.0,counterfactual_fraction,B,0.0,0.0,0.0,0.0,0.0,0.0,1.0,1.0,1.0,0.5,0.5,0.5,0.5,0.5,0.5,0.5,0.5,0.5
0,0.1,1.0,0.0,0.0,raw,A,0.01875,0.0,0.13,0.01875,0.0,0.13,1.0,1.0,1.0,0.509375,0.5,0.565,0.509375,0.5,0.565,0.468275,0.0022,0.99
0,0.1,1.0,0.0,0.0,raw,B,0.0,0.0,0.0,0.0,0.0,0.0,1.0,1.0,1.0,0.509375,0.5,0.565,0.509375,0.5,0.565,0.468275,0.0022,0.99
0,0.1,1.0,0.0,1.0,activity_normalized,A,0.20500000000000002,0.0,1.0,0.20500000000000002,0.0,1.0,1.0,1.0,1.0,0.6025,0.5,1.0,0.6025,0.5,1.0,0.9579625,0.8401,1.0
0,0.1,1.0,0.0,1.0,activity_normalized,B,0.0,0.0,0.0,0.0,0.0,0.0,1.0,1.0,1.0,0.6025,0.5,1.0,0.6025,0.5,1.0,0.9579625,0.8401,1.0
0,0.1,1.0,0.0,1.0,counterfactual_fraction,A,0.20500000000000002,0.0,1.0,0.20500000000000002,0.0,1.0,1.0,1.0,1.0,0.6025,0.5,1.0,0.6025,0.5,1.0,0.96405,0.8118,1.0
0,0.1,1.0,0.0,1.0,counterfactual_fraction,B,0.0,0.0,0.0,0.0,0.0,0.0,1.0,1.0,1.0,0.6025,0.5,1.0,0.6025,0.5,1.0,0.96405,0.8118,1.0
0,0.1,1.0,0.0,1.0,raw,A,0.135,0.0,0.76,0.135,0.0,0.76,1.0,1.0,1.0,0.5675,0.5,0.88,0.5675,0.5,0.88,0.7824875,0.453,1.0
0,0.1,1.0,0.0,1.0,raw,B,0.0,0.0,0.0,0.0,0.0,0.0,1.0,1.0,1.0,0.5675,0.5,0.88,0.5675,0.5,0.88,0.7824875,0.453,1.0
0,0.1,1.0,1.0,0.0,activity_normalized,A,0.66875,0.0,0.99,0.66875,0.0,0.99,1.0,1.0,1.0,0.73375,0.47,0.995,0.73375,0.47,0.995,0.723975,0.0959,1.0
0,0.1,1.0,1.0,0.0,activity_normalized,B,0.20124999999999998,0.0,0.77,0.20124999999999998,0.0,0.77,1.0,1.0,1.0,0.73375,0.47,0.995,0.73375,0.47,0.995,0.723975,0.0959,1.0
0,0.1,1.0,1.0,0.0,counterfactual_fraction,A,0.0,0.0,0.0,0.0,0.0,0.0,1.0,1.0,1.0,0.5,0.5,0.5,0.5,0.5,0.5,0.5,0.5,0.5
0,0.1,1.0,1.0,0.0,counterfactual_fraction,B,0.0,0.0,0.0,0.0,0.0,0.0,1.0,1.0,1.0,0.5,0.5,0.5,0.5,0.5,0.5,0.5,0.5,0.5
0,0.1,1.0,1.0,0.0,raw,A,0.5225,0.0,1.0,0.5225,0.0,1.0,1.0,1.0,1.0,0.604375,0.43,0.985,0.604375,0.43,0.985,0.4665375,0.0028,0.9993
0,0.1,1.0,1.0,0.0,raw,B,0.31375,0.0,0.91,0.31375,0.0,0.91,1.0,1.0,1.0,0.604375,0.43,0.985,0.604375,0.43,0.985,0.4665375,0.0028,0.9993
0,0.1,1.0,1.0,1.0,activity_normalized,A,0.9824999999999999,0.93,1.0,0.9824999999999999,0.93,1.0,1.0,1.0,1.0,0.97125,0.855,1.0,0.97125,0.855,1.0,0.9891625,0.9243,1.0
0,0.1,1.0,1.0,1.0,activity_normalized,B,0.04,0.0,0.22,0.04,0.0,0.22,1.0,1.0,1.0,0.97125,0.855,1.0,0.97125,0.855,1.0,0.9891625,0.9243,1.0
0,0.1,1.0,1.0,1.0,counterfactual_fraction,A,0.96875,0.9,1.0,0.96875,0.9,1.0,1.0,1.0,1.0,0.963125,0.81,1.0,0.963125,0.81,1.0,0.9877625,0.9175,1.0
0,0.1,1.0,1.0,1.0,counterfactual_fraction,B,0.042499999999999996,0.0,0.29,0.042499999999999996,0.0,0.29,1.0,1.0,1.0,0.963125,0.81,1.0,0.963125,0.81,1.0,0.9877625,0.9175,1.0
0,0.1,1.0,1.0,1.0,raw,A,0.955,0.84,1.0,0.955,0.84,1.0,1.0,1.0,1.0,0.95125,0.78,1.0,0.95125,0.78,1.0,0.9745125,0.8441,1.0
0,0.1,1.0,1.0,1.0,raw,B,0.052500000000000005,0.0,0.28,0.052500000000000005,0.0,0.28,1.0,1.0,1.0,0.95125,0.78,1.0,0.95125,0.78,1.0,0.9745125,0.8441,1.0
0,0.4,0.0,0.0,0.0,activity_normalized,A,0.46125,0.03,0.79,0.0225,0.0,0.06,0.05375,0.03,0.08,,,,,,,,,
0,0.4,0.0,0.0,0.0,activity_normalized,B,0.41000000000000003,0.01,0.8,0.01875,0.0,0.06,0.05,0.01,0.07,,,,,,,,,
0,0.4,0.0,0.0,0.0,counterfactual_fraction,A,0.0,0.0,0.0,0.0,0.0,0.0,0.05375,0.03,0.08,,,,,,,,,
0,0.4,0.0,0.0,0.0,counterfactual_fraction,B,0.0,0.0,0.0,0.0,0.0,0.0,0.05,0.01,0.07,,,,,,,,,
0,0.4,0.0,0.0,0.0,raw,A,0.995,0.98,1.0,0.052500000000000005,0.03,0.08,0.05375,0.03,0.08,,,,,,,,,
0,0.4,0.0,0.0,0.0,raw,B,0.985,0.93,1.0,0.045,0.01,0.07,0.05,0.01,0.07,,,,,,,,,
0,0.4,0.0,0.0,1.0,activity_normalized,A,0.00375,0.0,0.01,0.0,0.0,0.0,0.05375,0.03,0.08,,,,,,,,,
0,0.4,0.0,0.0,1.0,activity_normalized,B,0.01,0.0,0.04,0.0,0.0,0.0,0.05,0.01,0.07,,,,,,,,,
0,0.4,0.0,0.0,1.0,counterfactual_fraction,A,0.0025,0.0,0.01,0.0,0.0,0.0,0.05375,0.03,0.08,,,,,,,,,
0,0.4,0.0,0.0,1.0,counterfactual_fraction,B,0.0075,0.0,0.03,0.0,0.0,0.0,0.05,0.01,0.07,,,,,,,,,
0,0.4,0.0,0.0,1.0,raw,A,0.61875,0.42,0.73,0.01125,0.0,0.02,0.05375,0.03,0.08,,,,,,,,,
0,0.4,0.0,0.0,1.0,raw,B,0.6575,0.55,0.78,0.0075,0.0,0.02,0.05,0.01,0.07,,,,,,,,,
0,0.4,0.0,1.0,0.0,activity_normalized,A,0.50125,0.03,0.81,0.021249999999999998,0.0,0.05,0.05375,0.03,0.08,,,,,,,,,
0,0.4,0.0,1.0,0.0,activity_normalized,B,0.445,0.04,0.79,0.02,0.0,0.06,0.05,0.01,0.07,,,,,,,,,
0,0.4,0.0,1.0,0.0,counterfactual_fraction,A,0.0,0.0,0.0,0.0,0.0,0.0,0.05375,0.03,0.08,,,,,,,,,
0,0.4,0.0,1.0,0.0,counterfactual_fraction,B,0.0,0.0,0.0,0.0,0.0,0.0,0.05,0.01,0.07,,,,,,,,,
0,0.4,0.0,1.0,0.0,raw,A,1.0,1.0,1.0,0.05375,0.03,0.08,0.05375,0.03,0.08,,,,,,,,,
0,0.4,0.0,1.0,0.0,raw,B,0.99875,0.99,1.0,0.04875,0.01,0.07,0.05,0.01,0.07,,,,,,,,,
0,0.4,0.0,1.0,1.0,activity_normalized,A,0.0125,0.0,0.03,0.0,0.0,0.0,0.05375,0.03,0.08,,,,,,,,,
0,0.4,0.0,1.0,1.0,activity_normalized,B,0.01625,0.0,0.04,0.0,0.0,0.0,0.05,0.01,0.07,,,,,,,,,
0,0.4,0.0,1.0,1.0,counterfactual_fraction,A,0.01125,0.0,0.02,0.0,0.0,0.0,0.05375,0.03,0.08,,,,,,,,,
0,0.4,0.0,1.0,1.0,counterfactual_fraction,B,0.0125,0.0,0.03,0.0,0.0,0.0,0.05,0.01,0.07,,,,,,,,,
0,0.4,0.0,1.0,1.0,raw,A,0.81625,0.62,0.95,0.03,0.01,0.05,0.05375,0.03,0.08,,,,,,,,,
0,0.4,0.0,1.0,1.0,raw,B,0.79125,0.67,0.88,0.0225,0.0,0.05,0.05,0.01,0.07,,,,,,,,,
0,0.4,0.1,0.0,0.0,activity_normalized,A,0.435,0.01,0.75,0.06,0.0,0.12,0.135,0.08,0.17,0.52375,0.5,0.555,0.07875,0.055,0.095,0.5071375,0.4319,0.5631
0,0.4,0.1,0.0,0.0,activity_normalized,B,0.3875,0.01,0.73,0.04625,0.0,0.12,0.14375,0.09,0.19,0.52375,0.5,0.555,0.07875,0.055,0.095,0.5071375,0.4319,0.5631
0,0.4,0.1,0.0,0.0,counterfactual_fraction,A,0.0,0.0,0.0,0.0,0.0,0.0,0.135,0.08,0.17,0.5,0.5,0.5,0.071875,0.045,0.095,0.5,0.5,0.5
0,0.4,0.1,0.0,0.0,counterfactual_fraction,B,0.0,0.0,0.0,0.0,0.0,0.0,0.14375,0.09,0.19,0.5,0.5,0.5,0.071875,0.045,0.095,0.5,0.5,0.5
0,0.4,0.1,0.0,0.0,raw,A,0.9875,0.97,1.0,0.12875,0.08,0.16,0.135,0.08,0.17,0.5025,0.49,0.525,0.07,0.04,0.085,0.482375,0.445,0.5035
0,0.4,0.1,0.0,0.0,raw,B,0.9824999999999999,0.93,1.0,0.1325,0.08,0.19,0.14375,0.09,0.19,0.5025,0.49,0.525,0.07,0.04,0.085,0.482375,0.445,0.5035
0,0.4,0.1,0.0,1.0,activity_normalized,A,0.007500000000000001,0.0,0.02,0.00125,0.0,0.01,0.135,0.08,0.17,0.4975,0.485,0.505,0.0725,0.045,0.095,0.5156999999999999,0.4523,0.5623
0,0.4,0.1,0.0,1.0,activity_normalized,B,0.0125,0.0,0.05,0.0,0.0,0.0,0.14375,0.09,0.19,0.4975,0.485,0.505,0.0725,0.045,0.095,0.5156999999999999,0.4523,0.5623
0,0.4,0.1,0.0,1.0,counterfactual_fraction,A,0.005,0.0,0.01,0.00125,0.0,0.01,0.135,0.08,0.17,0.4975,0.49,0.505,0.0725,0.045,0.095,0.5089875,0.442,0.5525
0,0.4,0.1,0.0,1.0,counterfactual_fraction,B,0.01,0.0,0.03,0.0,0.0,0.0,0.14375,0.09,0.19,0.4975,0.49,0.505,0.0725,0.045,0.095,0.5089875,0.442,0.5525
0,0.4,0.1,0.0,1.0,raw,A,0.58125,0.38,0.71,0.0325,0.01,0.06,0.135,0.08,0.17,0.48125,0.425,0.505,0.065,0.035,0.105,0.4861,0.4273,0.5162
0,0.4,0.1,0.0,1.0,raw,B,0.61875,0.52,0.76,0.04625,0.01,0.08,0.14375,0.09,0.19,0.48125,0.425,0.505,0.065,0.035,0.105,0.4861,0.4273,0.5162
0,0.4,0.1,1.0,0.0,activity_normalized,A,0.48,0.03,0.76,0.065,0.01,0.11,0.135,0.08,0.17,0.52625,0.495,0.55,0.0775,0.055,0.095,0.507325,0.4182,0.5603
0,0.4,0.1,1.0,0.0,activity_normalized,B,0.4275,0.04,0.74,0.05375,0.01,0.12,0.14375,0.09,0.19,0.52625,0.495,0.55,0.0775,0.055,0.095,0.507325,0.4182,0.5603
0,0.4,0.1,1.0,0.0,counterfactual_fraction,A,0.0,0.0,0.0,0.0,0.0,0.0,0.135,0.08,0.17,0.5,0.5,0.5,0.071875,0.045,0.095,0.5,0.5,0.5
0,0.4,0.1,1.0,0.0,counterfactual_fraction,B,0.0,0.0,0.0,0.0,0.0,0.0,0.14375,0.09,0.19,0.5,0.5,0.5,0.071875,0.045,0.095,0.5,0.5,0.5
0,0.4,0.1,1.0,0.0,raw,A,1.0,1.0,1.0,0.135,0.08,0.17,0.135,0.08,0.17,0.50125,0.5,0.505,0.06875,0.04,0.085,0.4819375,0.4469,0.5128
0,0.4,0.1,1.0,0.0,raw,B,0.9975,0.99,1.0,0.14125000000000001,0.09,0.19,0.14375,0.09,0.19,0.50125,0.5,0.505,0.06875,0.04,0.085,0.4819375,0.4469,0.5128
0,0.4,0.1,1.0,1.0,activity_normalized,A,0.02125,0.0,0.06,0.0025,0.0,0.01,0.135,0.08,0.17,0.49624999999999997,0.485,0.515,0.071875,0.045,0.095,0.5129625,0.457,0.5618
0,0.4,0.1,1.0,1.0,activity_normalized,B,0.02875,0.0,0.06,0.0025,0.0,0.01,0.14375,0.09,0.19,0.49624999999999997,0.485,0.515,0.071875,0.045,0.095,0.5129625,0.457,0.5618
0,0.4,0.1,1.0,1.0,counterfactual_fraction,A,0.01875,0.0,0.04,0.00375,0.0,0.01,0.135,0.08,0.17,0.498125,0.485,0.52,0.071875,0.045,0.095,0.5056499999999999,0.4487,0.55
0,0.4,0.1,1.0,1.0,counterfactual_fraction,B,0.0225,0.0,0.03,0.00375,0.0,0.01,0.14375,0.09,0.19,0.498125,0.485,0.52,0.071875,0.045,0.095,0.5056499999999999,0.4487,0.55
0,0.4,0.1,1.0,1.0,raw,A,0.8125,0.61,0.95,0.08125,0.03,0.12,0.135,0.08,0.17,0.5175000000000001,0.435,0.545,0.073125,0.045,0.09,0.4865625,0.4253,0.5297
0,0.4,0.1,1.0,1.0,raw,B,0.7775,0.64,0.87,0.07875,0.05,0.12,0.14375,0.09,0.19,0.5175000000000001,0.435,0.545,0.073125,0.045,0.09,0.4865625,0.4253,0.5297
0,0.4,0.25,0.0,0.0,activity_normalized,A,0.35875,0.01,0.7,0.16375,0.0,0.35,0.47625,0.42,0.52,0.50875,0.49,0.56,0.2275,0.2,0.255,0.5096375,0.4086,0.5853
0,0.4,0.25,0.0,0.0,activity_normalized,B,0.34125,0.02,0.71,0.14125,0.0,0.36,0.4325,0.34,0.49,0.50875,0.49,0.56,0.2275,0.2,0.255,0.5096375,0.4086,0.5853
0,0.4,0.25,0.0,0.0,counterfactual_fraction,A,0.0,0.0,0.0,0.0,0.0,0.0,0.47625,0.42,0.52,0.5,0.5,0.5,0.21625,0.17,0.245,0.5,0.5,0.5
0,0.4,0.25,0.0,0.0,counterfactual_fraction,B,0.0,0.0,0.0,0.0,0.0,0.0,0.4325,0.34,0.49,0.5,0.5,0.5,0.21625,0.17,0.245,0.5,0.5,0.5
0,0.4,0.25,0.0,0.0,raw,A,0.955,0.86,1.0,0.44125,0.32,0.52,0.47625,0.42,0.52,0.501875,0.475,0.52,0.241875,0.205,0.275,0.48775,0.4298,0.5112
0,0.4,0.25,0.0,0.0,raw,B,0.95125,0.89,0.99,0.39,0.29,0.48,0.4325,0.34,0.49,0.501875,0.475,0.52,0.241875,0.205,0.275,0.48775,0.4298,0.5112
0,0.4,0.25,0.0,1.0,activity_normalized,A,0.01375,0.0,0.03,0.0025,0.0,0.01,0.47625,0.42,0.52,0.5,0.49,0.51,0.216875,0.17,0.245,0.5327375,0.4661,0.5857
0,0.4,0.25,0.0,1.0,activity_normalized,B,0.01375,0.0,0.05,0.00125,0.0,0.01,0.4325,0.34,0.49,0.5,0.49,0.51,0.216875,0.17,0.245,0.5327375,0.4661,0.5857
0,0.4,0.25,0.0,1.0,counterfactual_fraction,A,0.01625,0.0,0.03,0.0025,0.0,0.01,0.47625,0.42,0.52,0.500625,0.49,0.515,0.216875,0.17,0.245,0.5244,0.4512,0.5732
0,0.4,0.25,0.0,1.0,counterfactual_fraction,B,0.015000000000000001,0.0,0.05,0.00125,0.0,0.01,0.4325,0.34,0.49,0.500625,0.49,0.515,0.216875,0.17,0.245,0.5244,0.4512,0.5732
0,0.4,0.25,0.0,1.0,raw,A,0.51625,0.33,0.63,0.165,0.07,0.29,0.47625,0.42,0.52,0.49624999999999997,0.475,0.515,0.22875,0.17,0.315,0.4976125,0.4486,0.5302
0,0.4,0.25,0.0,1.0,raw,B,0.52375,0.37,0.68,0.14,0.08,0.27,0.4325,0.34,0.49,0.49624999999999997,0.475,0.515,0.22875,0.17,0.315,0.4976125,0.4486,0.5302
0,0.4,0.25,1.0,0.0,activity_normalized,A,0.45499999999999996,0.01,0.73,0.20500000000000002,0.0,0.36,0.47625,0.42,0.52,0.520625,0.48,0.54,0.226875,0.21,0.245,0.50885,0.385,0.5795
0,0.4,0.25,1.0,0.0,activity_normalized,B,0.41375,0.05,0.71,0.18375,0.01,0.36,0.4325,0.34,0.49,0.520625,0.48,0.54,0.226875,0.21,0.245,0.50885,0.385,0.5795
0,0.4,0.25,1.0,0.0,counterfactual_fraction,A,0.0,0.0,0.0,0.0,0.0,0.0,0.47625,0.42,0.52,0.5,0.5,0.5,0.21625,0.17,0.245,0.5,0.5,0.5
0,0.4,0.25,1.0,0.0,counterfactual_fraction,B,0.0,0.0,0.0,0.0,0.0,0.0,0.4325,0.34,0.49,0.5,0.5,0.5,0.21625,0.17,0.245,0.5,0.5,0.5
0,0.4,0.25,1.0,0.0,raw,A,0.9975,0.99,1.0,0.47375,0.41,0.52,0.47625,0.42,0.52,0.50125,0.495,0.51,0.239375,0.215,0.26,0.4874375,0.4277,0.5183
0,0.4,0.25,1.0,0.0,raw,B,0.995,0.97,1.0,0.4275,0.34,0.49,0.4325,0.34,0.49,0.50125,0.495,0.51,0.239375,0.215,0.26,0.4874375,0.4277,0.5183
0,0.4,0.25,1.0,1.0,activity_normalized,A,0.052500000000000005,0.01,0.08,0.021249999999999998,0.0,0.04,0.47625,0.42,0.52,0.500625,0.475,0.52,0.221875,0.185,0.26,0.5269125,0.4658,0.5872
0,0.4,0.25,1.0,1.0,activity_normalized,B,0.051250000000000004,0.01,0.1,0.01,0.0,0.03,0.4325,0.34,0.49,0.500625,0.475,0.52,0.221875,0.185,0.26,0.5269125,0.4658,0.5872
0,0.4,0.25,1.0,1.0,counterfactual_fraction,A,0.052500000000000005,0.03,0.08,0.02875,0.01,0.05,0.47625,0.42,0.52,0.50125,0.48,0.52,0.22625,0.185,0.27,0.5192375,0.4542,0.5754
0,0.4,0.25,1.0,1.0,counterfactual_fraction,B,0.05,0.03,0.07,0.00875,0.0,0.02,0.4325,0.34,0.49,0.50125,0.48,0.52,0.22625,0.185,0.27,0.5192375,0.4542,0.5754
0,0.4,0.25,1.0,1.0,raw,A,0.7987500000000001,0.6,0.93,0.3375,0.22,0.45,0.47625,0.42,0.52,0.513125,0.44,0.54,0.244375,0.2,0.29,0.4982625,0.4413,0.5488
0,0.4,0.25,1.0,1.0,raw,B,0.7725,0.63,0.87,0.28125,0.19,0.41,0.4325,0.34,0.49,0.513125,0.44,0.54,0.244375,0.2,0.29,0.4982625,0.4413,0.5488
0,0.4,0.5,0.0,0.0,activity_normalized,A,0.28875,0.0,0.68,0.27625,0.0,0.65,0.9675,0.96,0.98,0.524375,0.48,0.555,0.509375,0.47,0.535,0.51425,0.374,0.5713
0,0.4,0.5,0.0,0.0,activity_normalized,B,0.24,0.0,0.63,0.2275,0.0,0.59,0.97,0.95,0.99,0.524375,0.48,0.555,0.509375,0.47,0.535,0.51425,0.374,0.5713
0,0.4,0.5,0.0,0.0,counterfactual_fraction,A,0.0,0.0,0.0,0.0,0.0,0.0,0.9675,0.96,0.98,0.5,0.5,0.5,0.485,0.475,0.495,0.5,0.5,0.5
0,0.4,0.5,0.0,0.0,counterfactual_fraction,B,0.0,0.0,0.0,0.0,0.0,0.0,0.97,0.95,0.99,0.5,0.5,0.5,0.485,0.475,0.495,0.5,0.5,0.5
0,0.4,0.5,0.0,0.0,raw,A,0.75375,0.41,0.92,0.72125,0.39,0.88,0.9675,0.96,0.98,0.5075000000000001,0.435,0.55,0.490625,0.425,0.54,0.491875,0.4091,0.5308
0,0.4,0.5,0.0,0.0,raw,B,0.73875,0.54,0.92,0.71,0.5,0.88,0.97,0.95,0.99,0.5075000000000001,0.435,0.55,0.490625,0.425,0.54,0.491875,0.4091,0.5308
0,0.4,0.5,0.0,1.0,activity_normalized,A,0.0175,0.0,0.04,0.01625,0.0,0.04,0.9675,0.96,0.98,0.50375,0.495,0.51,0.488125,0.48,0.495,0.5703374999999999,0.5028,0.644
0,0.4,0.5,0.0,1.0,activity_normalized,B,0.01,0.0,0.03,0.01,0.0,0.03,0.97,0.95,0.99,0.50375,0.495,0.51,0.488125,0.48,0.495,0.5703374999999999,0.5028,0.644
0,0.4,0.5,0.0,1.0,counterfactual_fraction,A,0.03,0.0,0.09,0.0275,0.0,0.08,0.9675,0.96,0.98,0.506875,0.495,0.525,0.490625,0.475,0.51,0.564825,0.4847,0.6343
0,0.4,0.5,0.0,1.0,counterfactual_fraction,B,0.01625,0.0,0.04,0.01625,0.0,0.04,0.97,0.95,0.99,0.506875,0.495,0.525,0.490625,0.475,0.51,0.564825,0.4847,0.6343
0,0.4,0.5,0.0,1.0,raw,A,0.29000000000000004,0.16,0.44,0.26375,0.15,0.41,0.9675,0.96,0.98,0.50625,0.46,0.54,0.489375,0.445,0.52,0.5207125,0.4912,0.5547
0,0.4,0.5,0.0,1.0,raw,B,0.2775,0.14,0.52,0.255,0.13,0.48,0.97,0.95,0.99,0.50625,0.46,0.54,0.489375,0.445,0.52,0.5207125,0.4912,0.5547
0,0.4,0.5,1.0,0.0,activity_normalized,A,0.425,0.0,0.72,0.41,0.0,0.69,0.9675,0.96,0.98,0.518125,0.475,0.57,0.5025,0.46,0.545,0.509825,0.3374,0.575
0,0.4,0.5,1.0,0.0,activity_normalized,B,0.38875,0.05,0.7,0.375,0.05,0.66,0.97,0.95,0.99,0.518125,0.475,0.57,0.5025,0.46,0.545,0.509825,0.3374,0.575
0,0.4,0.5,1.0,0.0,counterfactual_fraction,A,0.0,0.0,0.0,0.0,0.0,0.0,0.9675,0.96,0.98,0.5,0.5,0.5,0.485,0.475,0.495,0.5,0.5,0.5
0,0.4,0.5,1.0,0.0,counterfactual_fraction,B,0.0,0.0,0.0,0.0,0.0,0.0,0.97,0.95,0.99,0.5,0.5,0.5,0.485,0.475,0.495,0.5,0.5,0.5
0,0.4,0.5,1.0,0.0,raw,A,0.965,0.81,1.0,0.9325,0.79,0.97,0.9675,0.96,0.98,0.494375,0.455,0.525,0.47812499999999997,0.445,0.505,0.4928125,0.4008,0.5364
0,0.4,0.5,1.0,0.0,raw,B,0.97625,0.9,1.0,0.94625,0.86,0.98,0.97,0.95,0.99,0.494375,0.455,0.525,0.47812499999999997,0.445,0.505,0.4928125,0.4008,0.5364
0,0.4,0.5,1.0,1.0,activity_normalized,A,0.185,0.11,0.26,0.17875,0.1,0.25,0.9675,0.96,0.98,0.529375,0.5,0.575,0.515,0.485,0.555,0.5675625,0.4996,0.6392
0,0.4,0.5,1.0,1.0,activity_normalized,B,0.12625,0.08,0.19,0.11875000000000001,0.07,0.19,0.97,0.95,0.99,0.529375,0.5,0.575,0.515,0.485,0.555,0.5675625,0.4996,0.6392
0,0.4,0.5,1.0,1.0,counterfactual_fraction,A,0.2,0.14,0.28,0.19,0.13,0.26,0.9675,0.96,0.98,0.531875,0.5,0.58,0.514375,0.495,0.555,0.56,0.4888,0.6171
0,0.4,0.5,1.0,1.0,counterfactual_fraction,B,0.13625,0.09,0.21,0.13125,0.08,0.2,0.97,0.95,0.99,0.531875,0.5,0.58,0.514375,0.495,0.555,0.56,0.4888,0.6171
0,0.4,0.5,1.0,1.0,raw,A,0.75625,0.57,0.92,0.7262500000000001,0.55,0.88,0.9675,0.96,0.98,0.51875,0.465,0.55,0.5025,0.455,0.53,0.5363,0.4874,0.593
0,0.4,0.5,1.0,1.0,raw,B,0.71875,0.6,0.85,0.69125,0.57,0.81,0.97,0.95,0.99,0.51875,0.465,0.55,0.5025,0.455,0.53,0.5363,0.4874,0.593
0,0.4,1.0,0.0,0.0,activity_normalized,A,0.10625,0.0,0.58,0.10625,0.0,0.58,1.0,1.0,1.0,0.514375,0.49,0.555,0.514375,0.49,0.555,0.5191625,0.3356,0.6335
0,0.4,1.0,0.0,0.0,activity_normalized,B,0.0775,0.0,0.51,0.0775,0.0,0.51,1.0,1.0,1.0,0.514375,0.49,0.555,0.514375,0.49,0.555,0.5191625,0.3356,0.6335
0,0.4,1.0,0.0,0.0,counterfactual_fraction,A,0.0,0.0,0.0,0.0,0.0,0.0,1.0,1.0,1.0,0.5,0.5,0.5,0.5,0.5,0.5,0.5,0.5,0.5
0,0.4,1.0,0.0,0.0,counterfactual_fraction,B,0.0,0.0,0.0,0.0,0.0,0.0,1.0,1.0,1.0,0.5,0.5,0.5,0.5,0.5,0.5,0.5,0.5,0.5
0,0.4,1.0,0.0,0.0,raw,A,0.0175,0.0,0.04,0.0175,0.0,0.04,1.0,1.0,1.0,0.501875,0.485,0.515,0.501875,0.485,0.515,0.49025,0.3599,0.5873
0,0.4,1.0,0.0,0.0,raw,B,0.01375,0.0,0.06,0.01375,0.0,0.06,1.0,1.0,1.0,0.501875,0.485,0.515,0.501875,0.485,0.515,0.49025,0.3599,0.5873
0,0.4,1.0,0.0,1.0,activity_normalized,A,0.0025,0.0,0.02,0.0025,0.0,0.02,1.0,1.0,1.0,0.50125,0.5,0.51,0.50125,0.5,0.51,0.6713875,0.5045,0.7712
0,0.4,1.0,0.0,1.0,activity_normalized,B,0.0,0.0,0.0,0.0,0.0,0.0,1.0,1.0,1.0,0.50125,0.5,0.51,0.50125,0.5,0.51,0.6713875,0.5045,0.7712
0,0.4,1.0,0.0,1.0,counterfactual_fraction,A,0.012499999999999999,0.0,0.08,0.012499999999999999,0.0,0.08,1.0,1.0,1.0,0.50625,0.5,0.54,0.50625,0.5,0.54,0.6747875,0.489,0.79
0,0.4,1.0,0.0,1.0,counterfactual_fraction,B,0.0,0.0,0.0,0.0,0.0,0.0,1.0,1.0,1.0,0.50625,0.5,0.54,0.50625,0.5,0.54,0.6747875,0.489,0.79
0,0.4,1.0,0.0,1.0,raw,A,0.00625,0.0,0.03,0.00625,0.0,0.03,1.0,1.0,1.0,0.5025,0.5,0.515,0.5025,0.5,0.515,0.5774375,0.4976,0.641
0,0.4,1.0,0.0,1.0,raw,B,0.00125,0.0,0.01,0.00125,0.0,0.01,1.0,1.0,1.0,0.5025,0.5,0.515,0.5025,0.5,0.515,0.5774375,0.4976,0.641
0,0.4,1.0,1.0,0.0,activity_normalized,A,0.38625,0.0,0.87,0.38625,0.0,0.87,1.0,1.0,1.0,0.5275,0.45,0.61,0.5275,0.45,0.61,0.5107,0.2719,0.6484
0,0.4,1.0,1.0,0.0,activity_normalized,B,0.33125,0.0,0.79,0.33125,0.0,0.79,1.0,1.0,1.0,0.5275,0.45,0.61,0.5275,0.45,0.61,0.5107,0.2719,0.6484
0,0.4,1.0,1.0,0.0,counterfactual_fraction,A,0.0,0.0,0.0,0.0,0.0,0.0,1.0,1.0,1.0,0.5,0.5,0.5,0.5,0.5,0.5,0.5,0.5,0.5
0,0.4,1.0,1.0,0.0,counterfactual_fraction,B,0.0,0.0,0.0,0.0,0.0,0.0,1.0,1.0,1.0,0.5,0.5,0.5,0.5,0.5,0.5,0.5,0.5,0.5
0,0.4,1.0,1.0,0.0,raw,A,0.3825,0.01,0.8,0.3825,0.01,0.8,1.0,1.0,1.0,0.50375,0.44,0.565,0.50375,0.44,0.565,0.48985,0.3195,0.598
0,0.4,1.0,1.0,0.0,raw,B,0.375,0.01,0.8,0.375,0.01,0.8,1.0,1.0,1.0,0.50375,0.44,0.565,0.50375,0.44,0.565,0.48985,0.3195,0.598
0,0.4,1.0,1.0,1.0,activity_normalized,A,0.58875,0.37,0.72,0.58875,0.37,0.72,1.0,1.0,1.0,0.643125,0.52,0.735,0.643125,0.52,0.735,0.7009,0.5621,0.7997
0,0.4,1.0,1.0,1.0,activity_normalized,B,0.3025,0.12,0.46,0.3025,0.12,0.46,1.0,1.0,1.0,0.643125,0.52,0.735,0.643125,0.52,0.735,0.7009,0.5621,0.7997
0,0.4,1.0,1.0,1.0,counterfactual_fraction,A,0.6275,0.52,0.74,0.6275,0.52,0.74,1.0,1.0,1.0,0.645625,0.525,0.76,0.645625,0.525,0.76,0.7035625,0.5317,0.8328
0,0.4,1.0,1.0,1.0,counterfactual_fraction,B,0.33625,0.16,0.47,0.33625,0.16,0.47,1.0,1.0,1.0,0.645625,0.525,0.76,0.645625,0.525,0.76,0.7035625,0.5317,0.8328
0,0.4,1.0,1.0,1.0,raw,A,0.56125,0.4,0.81,0.56125,0.4,0.81,1.0,1.0,1.0,0.6025,0.495,0.685,0.6025,0.495,0.685,0.6640625,0.5325,0.765
0,0.4,1.0,1.0,1.0,raw,B,0.35625,0.12,0.67,0.35625,0.12,0.67,1.0,1.0,1.0,0.6025,0.495,0.685,0.6025,0.495,0.685,0.6640625,0.5325,0.765
1,0.1,0.0,0.0,0.0,activity_normalized,A,0.99875,0.99,1.0,0.051250000000000004,0.02,0.08,0.051250000000000004,0.02,0.08,,,,,,,,,
1,0.1,0.0,0.0,0.0,activity_normalized,B,0.99875,0.99,1.0,0.0425,0.02,0.07,0.0425,0.02,0.07,,,,,,,,,
1,0.1,0.0,0.0,0.0,counterfactual_fraction,A,0.0,0.0,0.0,0.0,0.0,0.0,0.051250000000000004,0.02,0.08,,,,,,,,,
1,0.1,0.0,0.0,0.0,counterfactual_fraction,B,0.0,0.0,0.0,0.0,0.0,0.0,0.0425,0.02,0.07,,,,,,,,,
1,0.1,0.0,0.0,0.0,raw,A,1.0,1.0,1.0,0.051250000000000004,0.02,0.08,0.051250000000000004,0.02,0.08,,,,,,,,,
1,0.1,0.0,0.0,0.0,raw,B,1.0,1.0,1.0,0.0425,0.02,0.07,0.0425,0.02,0.07,,,,,,,,,
1,0.1,0.0,0.0,1.0,activity_normalized,A,0.99875,0.99,1.0,0.051250000000000004,0.02,0.08,0.051250000000000004,0.02,0.08,,,,,,,,,
1,0.1,0.0,0.0,1.0,activity_normalized,B,0.99875,0.99,1.0,0.0425,0.02,0.07,0.0425,0.02,0.07,,,,,,,,,
1,0.1,0.0,0.0,1.0,counterfactual_fraction,A,0.0,0.0,0.0,0.0,0.0,0.0,0.051250000000000004,0.02,0.08,,,,,,,,,
1,0.1,0.0,0.0,1.0,counterfactual_fraction,B,0.0,0.0,0.0,0.0,0.0,0.0,0.0425,0.02,0.07,,,,,,,,,
1,0.1,0.0,0.0,1.0,raw,A,1.0,1.0,1.0,0.051250000000000004,0.02,0.08,0.051250000000000004,0.02,0.08,,,,,,,,,
1,0.1,0.0,0.0,1.0,raw,B,1.0,1.0,1.0,0.0425,0.02,0.07,0.0425,0.02,0.07,,,,,,,,,
1,0.1,0.0,1.0,0.0,activity_normalized,A,0.99875,0.99,1.0,0.051250000000000004,0.02,0.08,0.051250000000000004,0.02,0.08,,,,,,,,,
1,0.1,0.0,1.0,0.0,activity_normalized,B,0.99875,0.99,1.0,0.0425,0.02,0.07,0.0425,0.02,0.07,,,,,,,,,
1,0.1,0.0,1.0,0.0,counterfactual_fraction,A,0.0,0.0,0.0,0.0,0.0,0.0,0.051250000000000004,0.02,0.08,,,,,,,,,
1,0.1,0.0,1.0,0.0,counterfactual_fraction,B,0.0,0.0,0.0,0.0,0.0,0.0,0.0425,0.02,0.07,,,,,,,,,
1,0.1,0.0,1.0,0.0,raw,A,1.0,1.0,1.0,0.051250000000000004,0.02,0.08,0.051250000000000004,0.02,0.08,,,,,,,,,
1,0.1,0.0,1.0,0.0,raw,B,1.0,1.0,1.0,0.0425,0.02,0.07,0.0425,0.02,0.07,,,,,,,,,
1,0.1,0.0,1.0,1.0,activity_normalized,A,0.99875,0.99,1.0,0.051250000000000004,0.02,0.08,0.051250000000000004,0.02,0.08,,,,,,,,,
1,0.1,0.0,1.0,1.0,activity_normalized,B,0.99875,0.99,1.0,0.0425,0.02,0.07,0.0425,0.02,0.07,,,,,,,,,
1,0.1,0.0,1.0,1.0,counterfactual_fraction,A,0.0,0.0,0.0,0.0,0.0,0.0,0.051250000000000004,0.02,0.08,,,,,,,,,
1,0.1,0.0,1.0,1.0,counterfactual_fraction,B,0.0,0.0,0.0,0.0,0.0,0.0,0.0425,0.02,0.07,,,,,,,,,
1,0.1,0.0,1.0,1.0,raw,A,1.0,1.0,1.0,0.051250000000000004,0.02,0.08,0.051250000000000004,0.02,0.08,,,,,,,,,
1,0.1,0.0,1.0,1.0,raw,B,1.0,1.0,1.0,0.0425,0.02,0.07,0.0425,0.02,0.07,,,,,,,,,
1,0.1,0.1,0.0,0.0,activity_normalized,A,0.98375,0.94,1.0,0.8125,0.74,0.86,0.8275,0.75,0.88,0.496875,0.485,0.51,0.410625,0.375,0.44,0.4956,0.47,0.5051
1,0.1,0.1,0.0,0.0,activity_normalized,B,0.99,0.97,1.0,0.80375,0.76,0.86,0.8125,0.76,0.86,0.496875,0.485,0.51,0.410625,0.375,0.44,0.4956,0.47,0.5051
1,0.1,0.1,0.0,0.0,counterfactual_fraction,A,0.0,0.0,0.0,0.0,0.0,0.0,0.8275,0.75,0.88,0.5,0.5,0.5,0.40625,0.38,0.43,0.5,0.5,0.5
1,0.1,0.1,0.0,0.0,counterfactual_fraction,B,0.0,0.0,0.0,0.0,0.0,0.0,0.8125,0.76,0.86,0.5,0.5,0.5,0.40625,0.38,0.43,0.5,0.5,0.5
1,0.1,0.1,0.0,0.0,raw,A,1.0,1.0,1.0,0.8275,0.75,0.88,0.8275,0.75,0.88,0.5,0.5,0.5,0.41375,0.375,0.44,0.4956125,0.47,0.505
1,0.1,0.1,0.0,0.0,raw,B,1.0,1.0,1.0,0.8125,0.76,0.86,0.8125,0.76,0.86,0.5,0.5,0.5,0.41375,0.375,0.44,0.4956125,0.47,0.505
1,0.1,0.1,0.0,1.0,activity_normalized,A,0.9975,0.99,1.0,0.825,0.75,0.88,0.8275,0.75,0.88,0.5,0.495,0.505,0.41375,0.375,0.445,0.49559375,0.47,0.505
1,0.1,0.1,0.0,1.0,activity_normalized,B,0.9975,0.99,1.0,0.81,0.76,0.86,0.8125,0.76,0.86,0.5,0.495,0.505,0.41375,0.375,0.445,0.49559375,0.47,0.505
1,0.1,0.1,0.0,1.0,counterfactual_fraction,A,0.02,0.0,0.07,0.01875,0.0,0.07,0.8275,0.75,0.88,0.50375,0.495,0.53,0.41000000000000003,0.4,0.43,0.5031187500000001,0.4949,0.53
1,0.1,0.1,0.0,1.0,counterfactual_fraction,B,0.0125,0.0,0.04,0.01125,0.0,0.03,0.8125,0.76,0.86,0.50375,0.495,0.53,0.41000000000000003,0.4,0.43,0.5031187500000001,0.4949,0.53
1,0.1,0.1,0.0,1.0,raw,A,1.0,1.0,1.0,0.8275,0.75,0.88,0.8275,0.75,0.88,0.5,0.5,0.5,0.41375,0.375,0.44,0.4956875,0.47,0.505
1,0.1,0.1,0.0,1.0,raw,B,1.0,1.0,1.0,0.8125,0.76,0.86,0.8125,0.76,0.86,0.5,0.5,0.5,0.41375,0.375,0.44,0.4956875,0.47,0.505
1,0.1,0.1,1.0,0.0,activity_normalized,A,0.98375,0.94,1.0,0.8125,0.74,0.86,0.8275,0.75,0.88,0.496875,0.485,0.51,0.410625,0.375,0.44,0.4956,0.47,0.5051
1,0.1,0.1,1.0,0.0,activity_normalized,B,0.99,0.97,1.0,0.80375,0.76,0.86,0.8125,0.76,0.86,0.496875,0.485,0.51,0.410625,0.375,0.44,0.4956,0.47,0.5051
1,0.1,0.1,1.0,0.0,counterfactual_fraction,A,0.0,0.0,0.0,0.0,0.0,0.0,0.8275,0.75,0.88,0.5,0.5,0.5,0.40625,0.38,0.43,0.5,0.5,0.5
1,0.1,0.1,1.0,0.0,counterfactual_fraction,B,0.0,0.0,0.0,0.0,0.0,0.0,0.8125,0.76,0.86,0.5,0.5,0.5,0.40625,0.38,0.43,0.5,0.5,0.5
1,0.1,0.1,1.0,0.0,raw,A,1.0,1.0,1.0,0.8275,0.75,0.88,0.8275,0.75,0.88,0.5,0.5,0.5,0.41375,0.375,0.44,0.4956125,0.47,0.505
1,0.1,0.1,1.0,0.0,raw,B,1.0,1.0,1.0,0.8125,0.76,0.86,0.8125,0.76,0.86,0.5,0.5,0.5,0.41375,0.375,0.44,0.4956125,0.47,0.505
1,0.1,0.1,1.0,1.0,activity_normalized,A,0.9975,0.99,1.0,0.825,0.75,0.88,0.8275,0.75,0.88,0.5,0.495,0.505,0.41375,0.375,0.445,0.4956,0.47,0.505
1,0.1,0.1,1.0,1.0,activity_normalized,B,0.9975,0.99,1.0,0.81,0.76,0.86,0.8125,0.76,0.86,0.5,0.495,0.505,0.41375,0.375,0.445,0.4956,0.47,0.505
1,0.1,0.1,1.0,1.0,counterfactual_fraction,A,0.02,0.0,0.07,0.01875,0.0,0.07,0.8275,0.75,0.88,0.50375,0.495,0.53,0.41000000000000003,0.4,0.43,0.50315,0.4949,0.53
1,0.1,0.1,1.0,1.0,counterfactual_fraction,B,0.0125,0.0,0.04,0.01125,0.0,0.03,0.8125,0.76,0.86,0.50375,0.495,0.53,0.41000000000000003,0.4,0.43,0.50315,0.4949,0.53
1,0.1,0.1,1.0,1.0,raw,A,1.0,1.0,1.0,0.8275,0.75,0.88,0.8275,0.75,0.88,0.5,0.5,0.5,0.41375,0.375,0.44,0.4956875,0.47,0.505
1,0.1,0.1,1.0,1.0,raw,B,1.0,1.0,1.0,0.8125,0.76,0.86,0.8125,0.76,0.86,0.5,0.5,0.5,0.41375,0.375,0.44,0.4956875,0.47,0.505
1,0.1,0.25,0.0,0.0,activity_normalized,A,0.715,0.35,0.94,0.715,0.35,0.94,1.0,1.0,1.0,0.48812500000000003,0.44,0.535,0.48812500000000003,0.44,0.535,0.4847875,0.4103,0.5576
1,0.1,0.25,0.0,0.0,activity_normalized,B,0.73875,0.47,0.98,0.73875,0.47,0.98,1.0,1.0,1.0,0.48812500000000003,0.44,0.535,0.48812500000000003,0.44,0.535,0.4847875,0.4103,0.5576
1,0.1,0.25,0.0,0.0,counterfactual_fraction,A,0.0,0.0,0.0,0.0,0.0,0.0,1.0,1.0,1.0,0.5,0.5,0.5,0.5,0.5,0.5,0.5,0.5,0.5
1,0.1,0.25,0.0,0.0,counterfactual_fraction,B,0.0,0.0,0.0,0.0,0.0,0.0,1.0,1.0,1.0,0.5,0.5,0.5,0.5,0.5,0.5,0.5,0.5,0.5
1,0.1,0.25,0.0,0.0,raw,A,1.0,1.0,1.0,1.0,1.0,1.0,1.0,1.0,1.0,0.5,0.5,0.5,0.5,0.5,0.5,0.46747500000000003,0.2622,0.5592
1,0.1,0.25,0.0,0.0,raw,B,1.0,1.0,1.0,1.0,1.0,1.0,1.0,1.0,1.0,0.5,0.5,0.5,0.5,0.5,0.5,0.46747500000000003,0.2622,0.5592
1,0.1,0.25,0.0,1.0,activity_normalized,A,0.9824999999999999,0.95,1.0,0.9824999999999999,0.95,1.0,1.0,1.0,1.0,0.499375,0.49,0.51,0.499375,0.49,0.51,0.48306875000000005,0.3791,0.5574
1,0.1,0.25,0.0,1.0,activity_normalized,B,0.98375,0.95,1.0,0.98375,0.95,1.0,1.0,1.0,1.0,0.499375,0.49,0.51,0.499375,0.49,0.51,0.48306875000000005,0.3791,0.5574
1,0.1,0.25,0.0,1.0,counterfactual_fraction,A,0.4225,0.06,0.91,0.4225,0.06,0.91,1.0,1.0,1.0,0.514375,0.445,0.655,0.514375,0.445,0.655,0.5145625,0.4315,0.6898
1,0.1,0.25,0.0,1.0,counterfactual_fraction,B,0.39375,0.13,0.89,0.39375,0.13,0.89,1.0,1.0,1.0,0.514375,0.445,0.655,0.514375,0.445,0.655,0.5145625,0.4315,0.6898
1,0.1,0.25,0.0,1.0,raw,A,1.0,1.0,1.0,1.0,1.0,1.0,1.0,1.0,1.0,0.5,0.5,0.5,0.5,0.5,0.5,0.48278750000000004,0.3445,0.5578
1,0.1,0.25,0.0,1.0,raw,B,1.0,1.0,1.0,1.0,1.0,1.0,1.0,1.0,1.0,0.5,0.5,0.5,0.5,0.5,0.5,0.48278750000000004,0.3445,0.5578
1,0.1,0.25,1.0,0.0,activity_normalized,A,0.7162499999999999,0.36,0.94,0.7162499999999999,0.36,0.94,1.0,1.0,1.0,0.489375,0.45,0.535,0.489375,0.45,0.535,0.4839375,0.41195,0.55755
1,0.1,0.25,1.0,0.0,activity_normalized,B,0.7375,0.46,0.98,0.7375,0.46,0.98,1.0,1.0,1.0,0.489375,0.45,0.535,0.489375,0.45,0.535,0.4839375,0.41195,0.55755
1,0.1,0.25,1.0,0.0,counterfactual_fraction,A,0.0,0.0,0.0,0.0,0.0,0.0,1.0,1.0,1.0,0.5,0.5,0.5,0.5,0.5,0.5,0.5,0.5,0.5
1,0.1,0.25,1.0,0.0,counterfactual_fraction,B,0.0,0.0,0.0,0.0,0.0,0.0,1.0,1.0,1.0,0.5,0.5,0.5,0.5,0.5,0.5,0.5,0.5,0.5
1,0.1,0.25,1.0,0.0,raw,A,1.0,1.0,1.0,1.0,1.0,1.0,1.0,1.0,1.0,0.5,0.5,0.5,0.5,0.5,0.5,0.467575,0.2629,0.5592
1,0.1,0.25,1.0,0.0,raw,B,1.0,1.0,1.0,1.0,1.0,1.0,1.0,1.0,1.0,0.5,0.5,0.5,0.5,0.5,0.5,0.467575,0.2629,0.5592
1,0.1,0.25,1.0,1.0,activity_normalized,A,0.985,0.95,1.0,0.985,0.95,1.0,1.0,1.0,1.0,0.5,0.495,0.51,0.5,0.495,0.51,0.48234999999999995,0.3797,0.5574
1,0.1,0.25,1.0,1.0,activity_normalized,B,0.985,0.95,1.0,0.985,0.95,1.0,1.0,1.0,1.0,0.5,0.495,0.51,0.5,0.495,0.51,0.48234999999999995,0.3797,0.5574
1,0.1,0.25,1.0,1.0,counterfactual_fraction,A,0.42375,0.06,0.91,0.42375,0.06,0.91,1.0,1.0,1.0,0.515,0.445,0.66,0.515,0.445,0.66,0.513725,0.4332,0.6901
1,0.1,0.25,1.0,1.0,counterfactual_fraction,B,0.39375,0.13,0.89,0.39375,0.13,0.89,1.0,1.0,1.0,0.515,0.445,0.66,0.515,0.445,0.66,0.513725,0.4332,0.6901
1,0.1,0.25,1.0,1.0,raw,A,1.0,1.0,1.0,1.0,1.0,1.0,1.0,1.0,1.0,0.5,0.5,0.5,0.5,0.5,0.5,0.4832875,0.346,0.5578
1,0.1,0.25,1.0,1.0,raw,B,1.0,1.0,1.0,1.0,1.0,1.0,1.0,1.0,1.0,0.5,0.5,0.5,0.5,0.5,0.5,0.4832875,0.346,0.5578
1,0.1,0.5,0.0,0.0,activity_normalized,A,0.3025,0.01,0.93,0.3025,0.01,0.93,1.0,1.0,1.0,0.484375,0.41,0.54,0.484375,0.41,0.54,0.5504875,0.3349,0.9089
1,0.1,0.5,0.0,0.0,activity_normalized,B,0.33375,0.0,0.96,0.33375,0.0,0.96,1.0,1.0,1.0,0.484375,0.41,0.54,0.484375,0.41,0.54,0.5504875,0.3349,0.9089
1,0.1,0.5,0.0,0.0,counterfactual_fraction,A,0.0,0.0,0.0,0.0,0.0,0.0,1.0,1.0,1.0,0.5,0.5,0.5,0.5,0.5,0.5,0.5,0.5,0.5
1,0.1,0.5,0.0,0.0,counterfactual_fraction,B,0.0,0.0,0.0,0.0,0.0,0.0,1.0,1.0,1.0,0.5,0.5,0.5,0.5,0.5,0.5,0.5,0.5,0.5
1,0.1,0.5,0.0,0.0,raw,A,1.0,1.0,1.0,1.0,1.0,1.0,1.0,1.0,1.0,0.5,0.5,0.5,0.5,0.5,0.5,0.4655375,0.0625,0.8189
1,0.1,0.5,0.0,0.0,raw,B,1.0,1.0,1.0,1.0,1.0,1.0,1.0,1.0,1.0,0.5,0.5,0.5,0.5,0.5,0.5,0.4655375,0.0625,0.8189
1,0.1,0.5,0.0,1.0,activity_normalized,A,0.96625,0.79,1.0,0.96625,0.79,1.0,1.0,1.0,1.0,0.646875,0.505,0.75,0.646875,0.505,0.75,0.832325,0.5901,0.9864
1,0.1,0.5,0.0,1.0,activity_normalized,B,0.6725,0.47,0.98,0.6725,0.47,0.98,1.0,1.0,1.0,0.646875,0.505,0.75,0.646875,0.505,0.75,0.832325,0.5901,0.9864
1,0.1,0.5,0.0,1.0,counterfactual_fraction,A,0.97875,0.87,1.0,0.97875,0.87,1.0,1.0,1.0,1.0,0.654375,0.505,0.845,0.654375,0.505,0.845,0.833,0.5965,0.9858
1,0.1,0.5,0.0,1.0,counterfactual_fraction,B,0.67,0.3,0.99,0.67,0.3,0.99,1.0,1.0,1.0,0.654375,0.505,0.845,0.654375,0.505,0.845,0.833,0.5965,0.9858
1,0.1,0.5,0.0,1.0,raw,A,1.0,1.0,1.0,1.0,1.0,1.0,1.0,1.0,1.0,0.5,0.5,0.5,0.5,0.5,0.5,0.783925,0.5703,0.988
1,0.1,0.5,0.0,1.0,raw,B,1.0,1.0,1.0,1.0,1.0,1.0,1.0,1.0,1.0,0.5,0.5,0.5,0.5,0.5,0.5,0.783925,0.5703,0.988
1,0.1,0.5,1.0,0.0,activity_normalized,A,0.385,0.15,0.93,0.385,0.15,0.93,1.0,1.0,1.0,0.4925,0.415,0.58,0.4925,0.415,0.58,0.5509999999999999,0.3484,0.9087
1,0.1,0.5,1.0,0.0,activity_normalized,B,0.4,0.0,0.97,0.4,0.0,0.97,1.0,1.0,1.0,0.4925,0.415,0.58,0.4925,0.415,0.58,0.5509999999999999,0.3484,0.9087
1,0.1,0.5,1.0,0.0,counterfactual_fraction,A,0.0,0.0,0.0,0.0,0.0,0.0,1.0,1.0,1.0,0.5,0.5,0.5,0.5,0.5,0.5,0.5,0.5,0.5
1,0.1,0.5,1.0,0.0,counterfactual_fraction,B,0.0,0.0,0.0,0.0,0.0,0.0,1.0,1.0,1.0,0.5,0.5,0.5,0.5,0.5,0.5,0.5,0.5,0.5
1,0.1,0.5,1.0,0.0,raw,A,1.0,1.0,1.0,1.0,1.0,1.0,1.0,1.0,1.0,0.5,0.5,0.5,0.5,0.5,0.5,0.465075,0.0673,0.8174
1,0.1,0.5,1.0,0.0,raw,B,1.0,1.0,1.0,1.0,1.0,1.0,1.0,1.0,1.0,0.5,0.5,0.5,0.5,0.5,0.5,0.465075,0.0673,0.8174
1,0.1,0.5,1.0,1.0,activity_normalized,A,0.99625,0.99,1.0,0.99625,0.99,1.0,1.0,1.0,1.0,0.603125,0.51,0.72,0.603125,0.51,0.72,0.8529125,0.608,0.9878
1,0.1,0.5,1.0,1.0,activity_normalized,B,0.79,0.55,0.98,0.79,0.55,0.98,1.0,1.0,1.0,0.603125,0.51,0.72,0.603125,0.51,0.72,0.8529125,0.608,0.9878
1,0.1,0.5,1.0,1.0,counterfactual_fraction,A,0.99625,0.98,1.0,0.99625,0.98,1.0,1.0,1.0,1.0,0.61125,0.505,0.82,0.61125,0.505,0.82,0.8522625,0.6127,0.986
1,0.1,0.5,1.0,1.0,counterfactual_fraction,B,0.77375,0.36,0.99,0.77375,0.36,0.99,1.0,1.0,1.0,0.61125,0.505,0.82,0.61125,0.505,0.82,0.8522625,0.6127,0.986
1,0.1,0.5,1.0,1.0,raw,A,1.0,1.0,1.0,1.0,1.0,1.0,1.0,1.0,1.0,0.5,0.5,0.5,0.5,0.5,0.5,0.8286375,0.5895,0.9883
1,0.1,0.5,1.0,1.0,raw,B,1.0,1.0,1.0,1.0,1.0,1.0,1.0,1.0,1.0,0.5,0.5,0.5,0.5,0.5,0.5,0.8286375,0.5895,0.9883
1,0.1,1.0,0.0,0.0,activity_normalized,A,0.01125,0.0,0.08,0.01125,0.0,0.08,1.0,1.0,1.0,0.494375,0.46,0.5,0.494375,0.46,0.5,0.500225,0.0453,0.9794
1,0.1,1.0,0.0,0.0,activity_normalized,B,0.0225,0.0,0.16,0.0225,0.0,0.16,1.0,1.0,1.0,0.494375,0.46,0.5,0.494375,0.46,0.5,0.500225,0.0453,0.9794
1,0.1,1.0,0.0,0.0,counterfactual_fraction,A,0.0,0.0,0.0,0.0,0.0,0.0,1.0,1.0,1.0,0.5,0.5,0.5,0.5,0.5,0.5,0.5,0.5,0.5
1,0.1,1.0,0.0,0.0,counterfactual_fraction,B,0.0,0.0,0.0,0.0,0.0,0.0,1.0,1.0,1.0,0.5,0.5,0.5,0.5,0.5,0.5,0.5,0.5,0.5
1,0.1,1.0,0.0,0.0,raw,A,0.0,0.0,0.0,0.0,0.0,0.0,1.0,1.0,1.0,0.5,0.5,0.5,0.5,0.5,0.5,0.42433750000000003,0.0009,0.9159
1,0.1,1.0,0.0,0.0,raw,B,0.0,0.0,0.0,0.0,0.0,0.0,1.0,1.0,1.0,0.5,0.5,0.5,0.5,0.5,0.5,0.42433750000000003,0.0009,0.9159
1,0.1,1.0,0.0,1.0,activity_normalized,A,0.105,0.0,0.69,0.105,0.0,0.69,1.0,1.0,1.0,0.5525,0.5,0.845,0.5525,0.5,0.845,0.920925,0.6785,1.0
1,0.1,1.0,0.0,1.0,activity_normalized,B,0.0,0.0,0.0,0.0,0.0,0.0,1.0,1.0,1.0,0.5525,0.5,0.845,0.5525,0.5,0.845,0.920925,0.6785,1.0
1,0.1,1.0,0.0,1.0,counterfactual_fraction,A,0.145,0.0,0.86,0.145,0.0,0.86,1.0,1.0,1.0,0.5725,0.5,0.93,0.5725,0.5,0.93,0.9393874999999999,0.7411,1.0
1,0.1,1.0,0.0,1.0,counterfactual_fraction,B,0.0,0.0,0.0,0.0,0.0,0.0,1.0,1.0,1.0,0.5725,0.5,0.93,0.5725,0.5,0.93,0.9393874999999999,0.7411,1.0
1,0.1,1.0,0.0,1.0,raw,A,0.04125,0.0,0.27,0.04125,0.0,0.27,1.0,1.0,1.0,0.520625,0.5,0.635,0.520625,0.5,0.635,0.7479375,0.4875,1.0
1,0.1,1.0,0.0,1.0,raw,B,0.0,0.0,0.0,0.0,0.0,0.0,1.0,1.0,1.0,0.520625,0.5,0.635,0.520625,0.5,0.635,0.7479375,0.4875,1.0
1,0.1,1.0,1.0,0.0,activity_normalized,A,0.54875,0.0,0.94,0.54875,0.0,0.94,1.0,1.0,1.0,0.598125,0.385,0.865,0.598125,0.385,0.865,0.585,0.3081,0.9387
1,0.1,1.0,1.0,0.0,activity_normalized,B,0.35250000000000004,0.04,0.99,0.35250000000000004,0.04,0.99,1.0,1.0,1.0,0.598125,0.385,0.865,0.598125,0.385,0.865,0.585,0.3081,0.9387
1,0.1,1.0,1.0,0.0,counterfactual_fraction,A,0.0,0.0,0.0,0.0,0.0,0.0,1.0,1.0,1.0,0.5,0.5,0.5,0.5,0.5,0.5,0.5,0.5,0.5
1,0.1,1.0,1.0,0.0,counterfactual_fraction,B,0.0,0.0,0.0,0.0,0.0,0.0,1.0,1.0,1.0,0.5,0.5,0.5,0.5,0.5,0.5,0.5,0.5,0.5
1,0.1,1.0,1.0,0.0,raw,A,0.62375,0.0,0.92,0.62375,0.0,0.92,1.0,1.0,1.0,0.5543750000000001,0.455,0.785,0.5543750000000001,0.455,0.785,0.4185125,0.0008,0.8925
1,0.1,1.0,1.0,0.0,raw,B,0.515,0.01,1.0,0.515,0.01,1.0,1.0,1.0,1.0,0.5543750000000001,0.455,0.785,0.5543750000000001,0.455,0.785,0.4185125,0.0008,0.8925
1,0.1,1.0,1.0,1.0,activity_normalized,A,0.9425,0.72,1.0,0.9425,0.72,1.0,1.0,1.0,1.0,0.945,0.73,1.0,0.945,0.73,1.0,0.97255,0.8498,1.0
1,0.1,1.0,1.0,1.0,activity_normalized,B,0.052500000000000005,0.0,0.26,0.052500000000000005,0.0,0.26,1.0,1.0,1.0,0.945,0.73,1.0,0.945,0.73,1.0,0.97255,0.8498,1.0
1,0.1,1.0,1.0,1.0,counterfactual_fraction,A,0.945,0.71,1.0,0.945,0.71,1.0,1.0,1.0,1.0,0.953125,0.815,1.0,0.953125,0.815,1.0,0.9769625,0.8822,1.0
1,0.1,1.0,1.0,1.0,counterfactual_fraction,B,0.03875,0.0,0.18,0.03875,0.0,0.18,1.0,1.0,1.0,0.953125,0.815,1.0,0.953125,0.815,1.0,0.9769625,0.8822,1.0
1,0.1,1.0,1.0,1.0,raw,A,0.90375,0.54,1.0,0.90375,0.54,1.0,1.0,1.0,1.0,0.921875,0.685,1.0,0.921875,0.685,1.0,0.95195,0.7588,1.0
1,0.1,1.0,1.0,1.0,raw,B,0.06,0.0,0.23,0.06,0.0,0.23,1.0,1.0,1.0,0.921875,0.685,1.0,0.921875,0.685,1.0,0.95195,0.7588,1.0
1,0.4,0.0,0.0,0.0,activity_normalized,A,0.305,0.01,0.49,0.01,0.0,0.04,0.05375,0.03,0.08,,,,,,,,,
1,0.4,0.0,0.0,0.0,activity_normalized,B,0.31625,0.05,0.5,0.007500000000000001,0.0,0.04,0.05,0.01,0.07,,,,,,,,,
1,0.4,0.0,0.0,0.0,counterfactual_fraction,A,0.0,0.0,0.0,0.0,0.0,0.0,0.05375,0.03,0.08,,,,,,,,,
1,0.4,0.0,0.0,0.0,counterfactual_fraction,B,0.0,0.0,0.0,0.0,0.0,0.0,0.05,0.01,0.07,,,,,,,,,
1,0.4,0.0,0.0,0.0,raw,A,0.98625,0.95,1.0,0.052500000000000005,0.03,0.08,0.05375,0.03,0.08,,,,,,,,,
1,0.4,0.0,0.0,0.0,raw,B,0.98,0.91,1.0,0.0425,0.01,0.07,0.05,0.01,0.07,,,,,,,,,
1,0.4,0.0,0.0,1.0,activity_normalized,A,0.0025,0.0,0.01,0.0,0.0,0.0,0.05375,0.03,0.08,,,,,,,,,
1,0.4,0.0,0.0,1.0,activity_normalized,B,0.0075,0.0,0.03,0.0,0.0,0.0,0.05,0.01,0.07,,,,,,,,,
1,0.4,0.0,0.0,1.0,counterfactual_fraction,A,0.0025,0.0,0.01,0.0,0.0,0.0,0.05375,0.03,0.08,,,,,,,,,
1,0.4,0.0,0.0,1.0,counterfactual_fraction,B,0.00875,0.0,0.04,0.0,0.0,0.0,0.05,0.01,0.07,,,,,,,,,
1,0.4,0.0,0.0,1.0,raw,A,0.6,0.41,0.7,0.015,0.0,0.03,0.05375,0.03,0.08,,,,,,,,,
1,0.4,0.0,0.0,1.0,raw,B,0.64125,0.42,0.75,0.01,0.0,0.03,0.05,0.01,0.07,,,,,,,,,
1,0.4,0.0,1.0,0.0,activity_normalized,A,0.3775,0.04,0.57,0.01375,0.0,0.04,0.05375,0.03,0.08,,,,,,,,,
1,0.4,0.0,1.0,0.0,activity_normalized,B,0.39625,0.08,0.57,0.01375,0.0,0.05,0.05,0.01,0.07,,,,,,,,,
1,0.4,0.0,1.0,0.0,counterfactual_fraction,A,0.0,0.0,0.0,0.0,0.0,0.0,0.05375,0.03,0.08,,,,,,,,,
1,0.4,0.0,1.0,0.0,counterfactual_fraction,B,0.0,0.0,0.0,0.0,0.0,0.0,0.05,0.01,0.07,,,,,,,,,
1,0.4,0.0,1.0,0.0,raw,A,1.0,1.0,1.0,0.05375,0.03,0.08,0.05375,0.03,0.08,,,,,,,,,
1,0.4,0.0,1.0,0.0,raw,B,0.99625,0.97,1.0,0.0475,0.01,0.07,0.05,0.01,0.07,,,,,,,,,
1,0.4,0.0,1.0,1.0,activity_normalized,A,0.01125,0.0,0.02,0.0,0.0,0.0,0.05375,0.03,0.08,,,,,,,,,
1,0.4,0.0,1.0,1.0,activity_normalized,B,0.0175,0.0,0.04,0.0,0.0,0.0,0.05,0.01,0.07,,,,,,,,,
1,0.4,0.0,1.0,1.0,counterfactual_fraction,A,0.0075,0.0,0.01,0.0,0.0,0.0,0.05375,0.03,0.08,,,,,,,,,
1,0.4,0.0,1.0,1.0,counterfactual_fraction,B,0.01125,0.0,0.04,0.0,0.0,0.0,0.05,0.01,0.07,,,,,,,,,
1,0.4,0.0,1.0,1.0,raw,A,0.7887500000000001,0.54,0.92,0.02625,0.0,0.06,0.05375,0.03,0.08,,,,,,,,,
1,0.4,0.0,1.0,1.0,raw,B,0.78625,0.56,0.89,0.0225,0.0,0.05,0.05,0.01,0.07,,,,,,,,,
1,0.4,0.1,0.0,0.0,activity_normalized,A,0.2875,0.01,0.49,0.0325,0.0,0.08,0.135,0.08,0.17,0.5,0.455,0.53,0.07625,0.05,0.095,0.482025,0.4233,0.5425
1,0.4,0.1,0.0,0.0,activity_normalized,B,0.2875,0.02,0.47,0.02375,0.0,0.08,0.14375,0.09,0.19,0.5,0.455,0.53,0.07625,0.05,0.095,0.482025,0.4233,0.5425
1,0.4,0.1,0.0,0.0,counterfactual_fraction,A,0.0,0.0,0.0,0.0,0.0,0.0,0.135,0.08,0.17,0.5,0.5,0.5,0.071875,0.045,0.095,0.5,0.5,0.5
1,0.4,0.1,0.0,0.0,counterfactual_fraction,B,0.0,0.0,0.0,0.0,0.0,0.0,0.14375,0.09,0.19,0.5,0.5,0.5,0.071875,0.045,0.095,0.5,0.5,0.5
1,0.4,0.1,0.0,0.0,raw,A,0.9775,0.93,1.0,0.1275,0.08,0.17,0.135,0.08,0.17,0.50125,0.495,0.515,0.07062500000000001,0.045,0.085,0.4792375,0.4366,0.4931
1,0.4,0.1,0.0,0.0,raw,B,0.975,0.9,1.0,0.13,0.08,0.18,0.14375,0.09,0.19,0.50125,0.495,0.515,0.07062500000000001,0.045,0.085,0.4792375,0.4366,0.4931
1,0.4,0.1,0.0,1.0,activity_normalized,A,0.00625,0.0,0.02,0.00125,0.0,0.01,0.135,0.08,0.17,0.498125,0.49,0.505,0.0725,0.045,0.095,0.508625,0.4625,0.5482
1,0.4,0.1,0.0,1.0,activity_normalized,B,0.01,0.0,0.03,0.0,0.0,0.0,0.14375,0.09,0.19,0.498125,0.49,0.505,0.0725,0.045,0.095,0.508625,0.4625,0.5482
1,0.4,0.1,0.0,1.0,counterfactual_fraction,A,0.00625,0.0,0.01,0.00125,0.0,0.01,0.135,0.08,0.17,0.498125,0.485,0.505,0.0725,0.045,0.095,0.513075,0.442,0.5514
1,0.4,0.1,0.0,1.0,counterfactual_fraction,B,0.01,0.0,0.04,0.0,0.0,0.0,0.14375,0.09,0.19,0.498125,0.485,0.505,0.0725,0.045,0.095,0.513075,0.442,0.5514
1,0.4,0.1,0.0,1.0,raw,A,0.55,0.38,0.66,0.0275,0.0,0.05,0.135,0.08,0.17,0.48125,0.415,0.505,0.0675,0.04,0.105,0.4814625,0.4329,0.5071
1,0.4,0.1,0.0,1.0,raw,B,0.5875,0.38,0.69,0.036250000000000004,0.01,0.07,0.14375,0.09,0.19,0.48125,0.415,0.505,0.0675,0.04,0.105,0.4814625,0.4329,0.5071
1,0.4,0.1,1.0,0.0,activity_normalized,A,0.38125,0.06,0.59,0.051250000000000004,0.0,0.12,0.135,0.08,0.17,0.49812500000000004,0.43,0.54,0.075625,0.045,0.095,0.4803,0.421,0.5321
1,0.4,0.1,1.0,0.0,activity_normalized,B,0.385,0.06,0.57,0.043750000000000004,0.0,0.1,0.14375,0.09,0.19,0.49812500000000004,0.43,0.54,0.075625,0.045,0.095,0.4803,0.421,0.5321
1,0.4,0.1,1.0,0.0,counterfactual_fraction,A,0.0,0.0,0.0,0.0,0.0,0.0,0.135,0.08,0.17,0.5,0.5,0.5,0.071875,0.045,0.095,0.5,0.5,0.5
1,0.4,0.1,1.0,0.0,counterfactual_fraction,B,0.0,0.0,0.0,0.0,0.0,0.0,0.14375,0.09,0.19,0.5,0.5,0.5,0.071875,0.045,0.095,0.5,0.5,0.5
1,0.4,0.1,1.0,0.0,raw,A,1.0,1.0,1.0,0.135,0.08,0.17,0.135,0.08,0.17,0.503125,0.5,0.515,0.07,0.04,0.085,0.47716250000000004,0.4359,0.4984
1,0.4,0.1,1.0,0.0,raw,B,0.99375,0.97,1.0,0.13875,0.09,0.19,0.14375,0.09,0.19,0.503125,0.5,0.515,0.07,0.04,0.085,0.47716250000000004,0.4359,0.4984
1,0.4,0.1,1.0,1.0,activity_normalized,A,0.01875,0.0,0.04,0.0025,0.0,0.01,0.135,0.08,0.17,0.496875,0.485,0.505,0.071875,0.045,0.095,0.5042,0.4699,0.549
1,0.4,0.1,1.0,1.0,activity_normalized,B,0.025,0.01,0.04,0.0025,0.0,0.01,0.14375,0.09,0.19,0.496875,0.485,0.505,0.071875,0.045,0.095,0.5042,0.4699,0.549
1,0.4,0.1,1.0,1.0,counterfactual_fraction,A,0.01625,0.01,0.03,0.00125,0.0,0.01,0.135,0.08,0.17,0.49624999999999997,0.485,0.505,0.07125000000000001,0.045,0.095,0.5104625,0.4489,0.5466
1,0.4,0.1,1.0,1.0,counterfactual_fraction,B,0.02375,0.0,0.04,0.0025,0.0,0.01,0.14375,0.09,0.19,0.49624999999999997,0.485,0.505,0.07125000000000001,0.045,0.095,0.5104625,0.4489,0.5466
1,0.4,0.1,1.0,1.0,raw,A,0.77625,0.5,0.92,0.07500000000000001,0.01,0.14,0.135,0.08,0.17,0.496875,0.47,0.54,0.06625,0.045,0.095,0.4794,0.4355,0.5108
1,0.4,0.1,1.0,1.0,raw,B,0.7825,0.56,0.89,0.08625,0.04,0.14,0.14375,0.09,0.19,0.496875,0.47,0.54,0.06625,0.045,0.095,0.4794,0.4355,0.5108
1,0.4,0.25,0.0,0.0,activity_normalized,A,0.24375,0.0,0.44,0.10375000000000001,0.0,0.23,0.47625,0.42,0.52,0.5025,0.445,0.55,0.2275,0.19,0.265,0.49027499999999996,0.4313,0.571
1,0.4,0.25,0.0,0.0,activity_normalized,B,0.23875000000000002,0.03,0.41,0.08125,0.0,0.17,0.4325,0.34,0.49,0.5025,0.445,0.55,0.2275,0.19,0.265,0.49027499999999996,0.4313,0.571
1,0.4,0.25,0.0,0.0,counterfactual_fraction,A,0.0,0.0,0.0,0.0,0.0,0.0,0.47625,0.42,0.52,0.5,0.5,0.5,0.21625,0.17,0.245,0.5,0.5,0.5
1,0.4,0.25,0.0,0.0,counterfactual_fraction,B,0.0,0.0,0.0,0.0,0.0,0.0,0.4325,0.34,0.49,0.5,0.5,0.5,0.21625,0.17,0.245,0.5,0.5,0.5
1,0.4,0.25,0.0,0.0,raw,A,0.9512499999999999,0.82,1.0,0.4375,0.29,0.52,0.47625,0.42,0.52,0.498125,0.465,0.515,0.238125,0.2,0.265,0.485125,0.4254,0.5087
1,0.4,0.25,0.0,0.0,raw,B,0.955,0.85,1.0,0.39375,0.27,0.46,0.4325,0.34,0.49,0.498125,0.465,0.515,0.238125,0.2,0.265,0.485125,0.4254,0.5087
1,0.4,0.25,0.0,1.0,activity_normalized,A,0.00875,0.0,0.02,0.0025,0.0,0.01,0.47625,0.42,0.52,0.499375,0.49,0.51,0.2175,0.17,0.245,0.52305,0.4612,0.5687
1,0.4,0.25,0.0,1.0,activity_normalized,B,0.01,0.0,0.03,0.0,0.0,0.0,0.4325,0.34,0.49,0.499375,0.49,0.51,0.2175,0.17,0.245,0.52305,0.4612,0.5687
1,0.4,0.25,0.0,1.0,counterfactual_fraction,A,0.01625,0.0,0.05,0.0025,0.0,0.01,0.47625,0.42,0.52,0.50375,0.49,0.525,0.2175,0.17,0.25,0.5245875,0.4409,0.569
1,0.4,0.25,0.0,1.0,counterfactual_fraction,B,0.00875,0.0,0.03,0.0,0.0,0.0,0.4325,0.34,0.49,0.50375,0.49,0.525,0.2175,0.17,0.25,0.5245875,0.4409,0.569
1,0.4,0.25,0.0,1.0,raw,A,0.47000000000000003,0.33,0.62,0.145,0.09,0.24,0.47625,0.42,0.52,0.484375,0.425,0.52,0.228125,0.17,0.315,0.49233750000000004,0.4467,0.5255
1,0.4,0.25,0.0,1.0,raw,B,0.50125,0.29,0.62,0.12125,0.04,0.2,0.4325,0.34,0.49,0.484375,0.425,0.52,0.228125,0.17,0.315,0.49233750000000004,0.4467,0.5255
1,0.4,0.25,1.0,0.0,activity_normalized,A,0.3825,0.03,0.61,0.18375,0.02,0.31,0.47625,0.42,0.52,0.50375,0.45,0.545,0.231875,0.205,0.25,0.488175,0.4198,0.5666
1,0.4,0.25,1.0,0.0,activity_normalized,B,0.375,0.06,0.54,0.1525,0.01,0.28,0.4325,0.34,0.49,0.50375,0.45,0.545,0.231875,0.205,0.25,0.488175,0.4198,0.5666
1,0.4,0.25,1.0,0.0,counterfactual_fraction,A,0.0,0.0,0.0,0.0,0.0,0.0,0.47625,0.42,0.52,0.5,0.5,0.5,0.21625,0.17,0.245,0.5,0.5,0.5
1,0.4,0.25,1.0,0.0,counterfactual_fraction,B,0.0,0.0,0.0,0.0,0.0,0.0,0.4325,0.34,0.49,0.5,0.5,0.5,0.21625,0.17,0.245,0.5,0.5,0.5
1,0.4,0.25,1.0,0.0,raw,A,0.99875,0.99,1.0,0.475,0.41,0.52,0.47625,0.42,0.52,0.50375,0.5,0.52,0.241875,0.215,0.27,0.48345,0.4244,0.5125
1,0.4,0.25,1.0,0.0,raw,B,0.99125,0.96,1.0,0.42375,0.34,0.49,0.4325,0.34,0.49,0.50375,0.5,0.52,0.241875,0.215,0.27,0.48345,0.4244,0.5125
1,0.4,0.25,1.0,1.0,activity_normalized,A,0.051250000000000004,0.03,0.08,0.02,0.0,0.05,0.47625,0.42,0.52,0.5,0.49,0.52,0.22125,0.18,0.25,0.5169875,0.4716,0.5691
1,0.4,0.25,1.0,1.0,activity_normalized,B,0.051250000000000004,0.02,0.09,0.01,0.0,0.03,0.4325,0.34,0.49,0.5,0.49,0.52,0.22125,0.18,0.25,0.5169875,0.4716,0.5691
1,0.4,0.25,1.0,1.0,counterfactual_fraction,A,0.04875,0.02,0.08,0.01625,0.0,0.03,0.47625,0.42,0.52,0.50375,0.49,0.525,0.22062500000000002,0.175,0.255,0.519775,0.4536,0.5622
1,0.4,0.25,1.0,1.0,counterfactual_fraction,B,0.04125,0.01,0.08,0.007500000000000001,0.0,0.02,0.4325,0.34,0.49,0.50375,0.49,0.525,0.22062500000000002,0.175,0.255,0.519775,0.4536,0.5622
1,0.4,0.25,1.0,1.0,raw,A,0.76875,0.49,0.91,0.31875,0.18,0.42,0.47625,0.42,0.52,0.500625,0.48,0.525,0.23375,0.195,0.29,0.49222499999999997,0.4488,0.5296
1,0.4,0.25,1.0,1.0,raw,B,0.7675,0.53,0.87,0.28375,0.15,0.41,0.4325,0.34,0.49,0.500625,0.48,0.525,0.23375,0.195,0.29,0.49222499999999997,0.4488,0.5296
1,0.4,0.5,0.0,0.0,activity_normalized,A,0.1575,0.0,0.34,0.1475,0.0,0.32,0.9675,0.96,0.98,0.514375,0.48,0.565,0.5,0.465,0.555,0.51435,0.4558,0.5971
1,0.4,0.5,0.0,0.0,activity_normalized,B,0.12875,0.0,0.22,0.11750000000000001,0.0,0.2,0.97,0.95,0.99,0.514375,0.48,0.565,0.5,0.465,0.555,0.51435,0.4558,0.5971
1,0.4,0.5,0.0,0.0,counterfactual_fraction,A,0.0,0.0,0.0,0.0,0.0,0.0,0.9675,0.96,0.98,0.5,0.5,0.5,0.485,0.475,0.495,0.5,0.5,0.5
1,0.4,0.5,0.0,0.0,counterfactual_fraction,B,0.0,0.0,0.0,0.0,0.0,0.0,0.97,0.95,0.99,0.5,0.5,0.5,0.485,0.475,0.495,0.5,0.5,0.5
1,0.4,0.5,0.0,0.0,raw,A,0.7425,0.41,0.89,0.71,0.39,0.85,0.9675,0.96,0.98,0.494375,0.43,0.525,0.476875,0.415,0.515,0.4909875,0.4007,0.5331
1,0.4,0.5,0.0,0.0,raw,B,0.75375,0.55,0.9,0.7262500000000001,0.52,0.88,0.97,0.95,0.99,0.494375,0.43,0.525,0.476875,0.415,0.515,0.4909875,0.4007,0.5331
1,0.4,0.5,0.0,1.0,activity_normalized,A,0.01625,0.0,0.03,0.01625,0.0,0.03,0.9675,0.96,0.98,0.50375,0.495,0.515,0.49,0.48,0.495,0.5631375000000001,0.4841,0.6308
1,0.4,0.5,0.0,1.0,activity_normalized,B,0.00875,0.0,0.02,0.00625,0.0,0.02,0.97,0.95,0.99,0.50375,0.495,0.515,0.49,0.48,0.495,0.5631375000000001,0.4841,0.6308
1,0.4,0.5,0.0,1.0,counterfactual_fraction,A,0.0275,0.0,0.08,0.025,0.0,0.08,0.9675,0.96,0.98,0.51,0.495,0.535,0.49375,0.475,0.515,0.5580125,0.4732,0.6376
1,0.4,0.5,0.0,1.0,counterfactual_fraction,B,0.0075,0.0,0.03,0.0075,0.0,0.03,0.97,0.95,0.99,0.51,0.495,0.535,0.49375,0.475,0.515,0.5580125,0.4732,0.6376
1,0.4,0.5,0.0,1.0,raw,A,0.2725,0.11,0.43,0.2475,0.09,0.4,0.9675,0.96,0.98,0.5018750000000001,0.465,0.555,0.48375,0.45,0.525,0.5189375,0.4786,0.5823
1,0.4,0.5,0.0,1.0,raw,B,0.26875,0.1,0.5,0.25,0.1,0.46,0.97,0.95,0.99,0.5018750000000001,0.465,0.555,0.48375,0.45,0.525,0.5189375,0.4786,0.5823
1,0.4,0.5,1.0,0.0,activity_normalized,A,0.39375,0.0,0.64,0.38125,0.0,0.62,0.9675,0.96,0.98,0.514375,0.485,0.555,0.501875,0.475,0.54,0.5093125000000001,0.4172,0.5963
1,0.4,0.5,1.0,0.0,activity_normalized,B,0.365,0.02,0.54,0.34750000000000003,0.02,0.52,0.97,0.95,0.99,0.514375,0.485,0.555,0.501875,0.475,0.54,0.5093125000000001,0.4172,0.5963
1,0.4,0.5,1.0,0.0,counterfactual_fraction,A,0.0,0.0,0.0,0.0,0.0,0.0,0.9675,0.96,0.98,0.5,0.5,0.5,0.485,0.475,0.495,0.5,0.5,0.5
1,0.4,0.5,1.0,0.0,counterfactual_fraction,B,0.0,0.0,0.0,0.0,0.0,0.0,0.97,0.95,0.99,0.5,0.5,0.5,0.485,0.475,0.495,0.5,0.5,0.5
1,0.4,0.5,1.0,0.0,raw,A,0.97,0.81,1.0,0.9375,0.79,0.98,0.9675,0.96,0.98,0.499375,0.475,0.52,0.48312499999999997,0.465,0.5,0.49217500000000003,0.3958,0.5389
1,0.4,0.5,1.0,0.0,raw,B,0.97125,0.86,1.0,0.9412499999999999,0.82,0.99,0.97,0.95,0.99,0.499375,0.475,0.52,0.48312499999999997,0.465,0.5,0.49217500000000003,0.3958,0.5389
1,0.4,0.5,1.0,1.0,activity_normalized,A,0.18125,0.11,0.29,0.175,0.11,0.28,0.9675,0.96,0.98,0.520625,0.49,0.545,0.505,0.485,0.525,0.5575125,0.4951,0.6085
1,0.4,0.5,1.0,1.0,activity_normalized,B,0.14,0.06,0.22,0.135,0.06,0.22,0.97,0.95,0.99,0.520625,0.49,0.545,0.505,0.485,0.525,0.5575125,0.4951,0.6085
1,0.4,0.5,1.0,1.0,counterfactual_fraction,A,0.1675,0.12,0.26,0.16125,0.11,0.25,0.9675,0.96,0.98,0.514375,0.48,0.555,0.49875,0.47,0.535,0.5554625,0.4872,0.62
1,0.4,0.5,1.0,1.0,counterfactual_fraction,B,0.13875,0.08,0.24,0.13375,0.08,0.22,0.97,0.95,0.99,0.514375,0.48,0.555,0.49875,0.47,0.535,0.5554625,0.4872,0.62
1,0.4,0.5,1.0,1.0,raw,A,0.755,0.49,0.91,0.725,0.46,0.88,0.9675,0.96,0.98,0.525,0.485,0.575,0.50875,0.475,0.555,0.5302875,0.4825,0.5857
1,0.4,0.5,1.0,1.0,raw,B,0.705,0.42,0.86,0.6775,0.4,0.82,0.97,0.95,0.99,0.525,0.485,0.575,0.50875,0.475,0.555,0.5302875,0.4825,0.5857
1,0.4,1.0,0.0,0.0,activity_normalized,A,0.02,0.0,0.08,0.02,0.0,0.08,1.0,1.0,1.0,0.50625,0.495,0.525,0.50625,0.495,0.525,0.5555625,0.441,0.7106
1,0.4,1.0,0.0,0.0,activity_normalized,B,0.0075,0.0,0.03,0.0075,0.0,0.03,1.0,1.0,1.0,0.50625,0.495,0.525,0.50625,0.495,0.525,0.5555625,0.441,0.7106
1,0.4,1.0,0.0,0.0,counterfactual_fraction,A,0.0,0.0,0.0,0.0,0.0,0.0,1.0,1.0,1.0,0.5,0.5,0.5,0.5,0.5,0.5,0.5,0.5,0.5
1,0.4,1.0,0.0,0.0,counterfactual_fraction,B,0.0,0.0,0.0,0.0,0.0,0.0,1.0,1.0,1.0,0.5,0.5,0.5,0.5,0.5,0.5,0.5,0.5,0.5
1,0.4,1.0,0.0,0.0,raw,A,0.01875,0.0,0.06,0.01875,0.0,0.06,1.0,1.0,1.0,0.5025,0.49,0.515,0.5025,0.49,0.515,0.4993125,0.34,0.612
1,0.4,1.0,0.0,0.0,raw,B,0.01375,0.0,0.06,0.01375,0.0,0.06,1.0,1.0,1.0,0.5025,0.49,0.515,0.5025,0.49,0.515,0.4993125,0.34,0.612
1,0.4,1.0,0.0,1.0,activity_normalized,A,0.0,0.0,0.0,0.0,0.0,0.0,1.0,1.0,1.0,0.5,0.5,0.5,0.5,0.5,0.5,0.6693375,0.5279,0.8075
1,0.4,1.0,0.0,1.0,activity_normalized,B,0.0,0.0,0.0,0.0,0.0,0.0,1.0,1.0,1.0,0.5,0.5,0.5,0.5,0.5,0.5,0.6693375,0.5279,0.8075
1,0.4,1.0,0.0,1.0,counterfactual_fraction,A,0.005,0.0,0.02,0.005,0.0,0.02,1.0,1.0,1.0,0.500625,0.5,0.505,0.500625,0.5,0.505,0.6611875,0.5222,0.7789
1,0.4,1.0,0.0,1.0,counterfactual_fraction,B,0.0037500000000000003,0.0,0.02,0.0037500000000000003,0.0,0.02,1.0,1.0,1.0,0.500625,0.5,0.505,0.500625,0.5,0.505,0.6611875,0.5222,0.7789
1,0.4,1.0,0.0,1.0,raw,A,0.0025,0.0,0.01,0.0025,0.0,0.01,1.0,1.0,1.0,0.500625,0.495,0.505,0.500625,0.495,0.505,0.5767,0.5102,0.6629
1,0.4,1.0,0.0,1.0,raw,B,0.00125,0.0,0.01,0.00125,0.0,0.01,1.0,1.0,1.0,0.500625,0.495,0.505,0.500625,0.495,0.505,0.5767,0.5102,0.6629
1,0.4,1.0,1.0,0.0,activity_normalized,A,0.41875,0.0,0.73,0.41875,0.0,0.73,1.0,1.0,1.0,0.540625,0.5,0.64,0.540625,0.5,0.64,0.55065,0.4093,0.744
1,0.4,1.0,1.0,0.0,activity_normalized,B,0.3375,0.0,0.6,0.3375,0.0,0.6,1.0,1.0,1.0,0.540625,0.5,0.64,0.540625,0.5,0.64,0.55065,0.4093,0.744
1,0.4,1.0,1.0,0.0,counterfactual_fraction,A,0.0,0.0,0.0,0.0,0.0,0.0,1.0,1.0,1.0,0.5,0.5,0.5,0.5,0.5,0.5,0.5,0.5,0.5
1,0.4,1.0,1.0,0.0,counterfactual_fraction,B,0.0,0.0,0.0,0.0,0.0,0.0,1.0,1.0,1.0,0.5,0.5,0.5,0.5,0.5,0.5,0.5,0.5,0.5
1,0.4,1.0,1.0,0.0,raw,A,0.48875,0.0,0.81,0.48875,0.0,0.81,1.0,1.0,1.0,0.520625,0.45,0.565,0.520625,0.45,0.565,0.50735,0.3218,0.6307
1,0.4,1.0,1.0,0.0,raw,B,0.4475,0.03,0.77,0.4475,0.03,0.77,1.0,1.0,1.0,0.520625,0.45,0.565,0.520625,0.45,0.565,0.50735,0.3218,0.6307
1,0.4,1.0,1.0,1.0,activity_normalized,A,0.6275,0.43,0.83,0.6275,0.43,0.83,1.0,1.0,1.0,0.65625,0.55,0.775,0.65625,0.55,0.775,0.70585,0.5685,0.8277
1,0.4,1.0,1.0,1.0,activity_normalized,B,0.315,0.11,0.52,0.315,0.11,0.52,1.0,1.0,1.0,0.65625,0.55,0.775,0.65625,0.55,0.775,0.70585,0.5685,0.8277
1,0.4,1.0,1.0,1.0,counterfactual_fraction,A,0.61,0.49,0.78,0.61,0.49,0.78,1.0,1.0,1.0,0.640625,0.52,0.79,0.640625,0.52,0.79,0.6993625,0.5498,0.855
1,0.4,1.0,1.0,1.0,counterfactual_fraction,B,0.32875,0.16,0.67,0.32875,0.16,0.67,1.0,1.0,1.0,0.640625,0.52,0.79,0.640625,0.52,0.79,0.6993625,0.5498,0.855
1,0.4,1.0,1.0,1.0,raw,A,0.6125,0.27,0.77,0.6125,0.27,0.77,1.0,1.0,1.0,0.606875,0.535,0.725,0.606875,0.535,0.725,0.6663749999999999,0.5386,0.8142
1,0.4,1.0,1.0,1.0,raw,B,0.39875,0.09,0.7,0.39875,0.09,0.7,1.0,1.0,1.0,0.606875,0.535,0.725,0.606875,0.535,0.725,0.6663749999999999,0.5386,0.8142
2,0.1,0.0,0.0,0.0,activity_normalized,A,0.99875,0.99,1.0,0.051250000000000004,0.02,0.08,0.051250000000000004,0.02,0.08,,,,,,,,,
2,0.1,0.0,0.0,0.0,activity_normalized,B,1.0,1.0,1.0,0.0425,0.02,0.07,0.0425,0.02,0.07,,,,,,,,,
2,0.1,0.0,0.0,0.0,counterfactual_fraction,A,0.0,0.0,0.0,0.0,0.0,0.0,0.051250000000000004,0.02,0.08,,,,,,,,,
2,0.1,0.0,0.0,0.0,counterfactual_fraction,B,0.0,0.0,0.0,0.0,0.0,0.0,0.0425,0.02,0.07,,,,,,,,,
2,0.1,0.0,0.0,0.0,raw,A,1.0,1.0,1.0,0.051250000000000004,0.02,0.08,0.051250000000000004,0.02,0.08,,,,,,,,,
2,0.1,0.0,0.0,0.0,raw,B,1.0,1.0,1.0,0.0425,0.02,0.07,0.0425,0.02,0.07,,,,,,,,,
2,0.1,0.0,0.0,1.0,activity_normalized,A,0.99875,0.99,1.0,0.051250000000000004,0.02,0.08,0.051250000000000004,0.02,0.08,,,,,,,,,
2,0.1,0.0,0.0,1.0,activity_normalized,B,0.99875,0.99,1.0,0.0425,0.02,0.07,0.0425,0.02,0.07,,,,,,,,,
2,0.1,0.0,0.0,1.0,counterfactual_fraction,A,0.0,0.0,0.0,0.0,0.0,0.0,0.051250000000000004,0.02,0.08,,,,,,,,,
2,0.1,0.0,0.0,1.0,counterfactual_fraction,B,0.0,0.0,0.0,0.0,0.0,0.0,0.0425,0.02,0.07,,,,,,,,,
2,0.1,0.0,0.0,1.0,raw,A,1.0,1.0,1.0,0.051250000000000004,0.02,0.08,0.051250000000000004,0.02,0.08,,,,,,,,,
2,0.1,0.0,0.0,1.0,raw,B,1.0,1.0,1.0,0.0425,0.02,0.07,0.0425,0.02,0.07,,,,,,,,,
2,0.1,0.0,1.0,0.0,activity_normalized,A,0.99875,0.99,1.0,0.051250000000000004,0.02,0.08,0.051250000000000004,0.02,0.08,,,,,,,,,
2,0.1,0.0,1.0,0.0,activity_normalized,B,1.0,1.0,1.0,0.0425,0.02,0.07,0.0425,0.02,0.07,,,,,,,,,
2,0.1,0.0,1.0,0.0,counterfactual_fraction,A,0.0,0.0,0.0,0.0,0.0,0.0,0.051250000000000004,0.02,0.08,,,,,,,,,
2,0.1,0.0,1.0,0.0,counterfactual_fraction,B,0.0,0.0,0.0,0.0,0.0,0.0,0.0425,0.02,0.07,,,,,,,,,
2,0.1,0.0,1.0,0.0,raw,A,1.0,1.0,1.0,0.051250000000000004,0.02,0.08,0.051250000000000004,0.02,0.08,,,,,,,,,
2,0.1,0.0,1.0,0.0,raw,B,1.0,1.0,1.0,0.0425,0.02,0.07,0.0425,0.02,0.07,,,,,,,,,
2,0.1,0.0,1.0,1.0,activity_normalized,A,0.99875,0.99,1.0,0.051250000000000004,0.02,0.08,0.051250000000000004,0.02,0.08,,,,,,,,,
2,0.1,0.0,1.0,1.0,activity_normalized,B,0.99875,0.99,1.0,0.0425,0.02,0.07,0.0425,0.02,0.07,,,,,,,,,
2,0.1,0.0,1.0,1.0,counterfactual_fraction,A,0.0,0.0,0.0,0.0,0.0,0.0,0.051250000000000004,0.02,0.08,,,,,,,,,
2,0.1,0.0,1.0,1.0,counterfactual_fraction,B,0.0,0.0,0.0,0.0,0.0,0.0,0.0425,0.02,0.07,,,,,,,,,
2,0.1,0.0,1.0,1.0,raw,A,1.0,1.0,1.0,0.051250000000000004,0.02,0.08,0.051250000000000004,0.02,0.08,,,,,,,,,
2,0.1,0.0,1.0,1.0,raw,B,1.0,1.0,1.0,0.0425,0.02,0.07,0.0425,0.02,0.07,,,,,,,,,
2,0.1,0.1,0.0,0.0,activity_normalized,A,0.98625,0.94,1.0,0.81375,0.75,0.85,0.8275,0.75,0.88,0.49624999999999997,0.485,0.505,0.409375,0.38,0.425,0.49434374999999997,0.475,0.50005
2,0.1,0.1,0.0,0.0,activity_normalized,B,0.99375,0.97,1.0,0.8075,0.76,0.86,0.8125,0.76,0.86,0.49624999999999997,0.485,0.505,0.409375,0.38,0.425,0.49434374999999997,0.475,0.50005
2,0.1,0.1,0.0,0.0,counterfactual_fraction,A,0.0,0.0,0.0,0.0,0.0,0.0,0.8275,0.75,0.88,0.5,0.5,0.5,0.40625,0.38,0.43,0.5,0.5,0.5
2,0.1,0.1,0.0,0.0,counterfactual_fraction,B,0.0,0.0,0.0,0.0,0.0,0.0,0.8125,0.76,0.86,0.5,0.5,0.5,0.40625,0.38,0.43,0.5,0.5,0.5
2,0.1,0.1,0.0,0.0,raw,A,1.0,1.0,1.0,0.8275,0.75,0.88,0.8275,0.75,0.88,0.5,0.5,0.5,0.41375,0.375,0.44,0.49438125,0.475,0.50005
2,0.1,0.1,0.0,0.0,raw,B,1.0,1.0,1.0,0.8125,0.76,0.86,0.8125,0.76,0.86,0.5,0.5,0.5,0.41375,0.375,0.44,0.49438125,0.475,0.50005
2,0.1,0.1,0.0,1.0,activity_normalized,A,0.9975,0.99,1.0,0.825,0.75,0.88,0.8275,0.75,0.88,0.5,0.495,0.505,0.41375,0.375,0.445,0.4944375,0.475,0.50005
2,0.1,0.1,0.0,1.0,activity_normalized,B,0.9975,0.99,1.0,0.81,0.76,0.86,0.8125,0.76,0.86,0.5,0.495,0.505,0.41375,0.375,0.445,0.4944375,0.475,0.50005
2,0.1,0.1,0.0,1.0,counterfactual_fraction,A,0.0175,0.0,0.07,0.0175,0.0,0.07,0.8275,0.75,0.88,0.505625,0.495,0.525,0.4125,0.4,0.43,0.5050625,0.495,0.525
2,0.1,0.1,0.0,1.0,counterfactual_fraction,B,0.00625,0.0,0.03,0.005,0.0,0.02,0.8125,0.76,0.86,0.505625,0.495,0.525,0.4125,0.4,0.43,0.5050625,0.495,0.525
2,0.1,0.1,0.0,1.0,raw,A,1.0,1.0,1.0,0.8275,0.75,0.88,0.8275,0.75,0.88,0.5,0.5,0.5,0.41375,0.375,0.44,0.49446875,0.475,0.50005
2,0.1,0.1,0.0,1.0,raw,B,1.0,1.0,1.0,0.8125,0.76,0.86,0.8125,0.76,0.86,0.5,0.5,0.5,0.41375,0.375,0.44,0.49446875,0.475,0.50005
2,0.1,0.1,1.0,0.0,activity_normalized,A,0.98625,0.94,1.0,0.81375,0.75,0.85,0.8275,0.75,0.88,0.49624999999999997,0.485,0.505,0.409375,0.38,0.425,0.4943375,0.475,0.50005
2,0.1,0.1,1.0,0.0,activity_normalized,B,0.99375,0.97,1.0,0.8075,0.76,0.86,0.8125,0.76,0.86,0.49624999999999997,0.485,0.505,0.409375,0.38,0.425,0.4943375,0.475,0.50005
2,0.1,0.1,1.0,0.0,counterfactual_fraction,A,0.0,0.0,0.0,0.0,0.0,0.0,0.8275,0.75,0.88,0.5,0.5,0.5,0.40625,0.38,0.43,0.5,0.5,0.5
2,0.1,0.1,1.0,0.0,counterfactual_fraction,B,0.0,0.0,0.0,0.0,0.0,0.0,0.8125,0.76,0.86,0.5,0.5,0.5,0.40625,0.38,0.43,0.5,0.5,0.5
2,0.1,0.1,1.0,0.0,raw,A,1.0,1.0,1.0,0.8275,0.75,0.88,0.8275,0.75,0.88,0.5,0.5,0.5,0.41375,0.375,0.44,0.49438125,0.475,0.50005
2,0.1,0.1,1.0,0.0,raw,B,1.0,1.0,1.0,0.8125,0.76,0.86,0.8125,0.76,0.86,0.5,0.5,0.5,0.41375,0.375,0.44,0.49438125,0.475,0.50005
2,0.1,0.1,1.0,1.0,activity_normalized,A,0.9975,0.99,1.0,0.825,0.75,0.88,0.8275,0.75,0.88,0.5,0.495,0.505,0.41375,0.375,0.445,0.4944375,0.475,0.50005
2,0.1,0.1,1.0,1.0,activity_normalized,B,0.9975,0.99,1.0,0.81,0.76,0.86,0.8125,0.76,0.86,0.5,0.495,0.505,0.41375,0.375,0.445,0.4944375,0.475,0.50005
2,0.1,0.1,1.0,1.0,counterfactual_fraction,A,0.0175,0.0,0.07,0.0175,0.0,0.07,0.8275,0.75,0.88,0.505625,0.495,0.525,0.4125,0.4,0.43,0.5050875,0.495,0.525
2,0.1,0.1,1.0,1.0,counterfactual_fraction,B,0.00625,0.0,0.03,0.005,0.0,0.02,0.8125,0.76,0.86,0.505625,0.495,0.525,0.4125,0.4,0.43,0.5050875,0.495,0.525
2,0.1,0.1,1.0,1.0,raw,A,1.0,1.0,1.0,0.8275,0.75,0.88,0.8275,0.75,0.88,0.5,0.5,0.5,0.41375,0.375,0.44,0.49446875,0.475,0.50005
2,0.1,0.1,1.0,1.0,raw,B,1.0,1.0,1.0,0.8125,0.76,0.86,0.8125,0.76,0.86,0.5,0.5,0.5,0.41375,0.375,0.44,0.49446875,0.475,0.50005
2,0.1,0.25,0.0,0.0,activity_normalized,A,0.7999999999999999,0.59,0.96,0.7999999999999999,0.59,0.96,1.0,1.0,1.0,0.515,0.43,0.655,0.515,0.43,0.655,0.50999375,0.3165,0.65335
2,0.1,0.25,0.0,0.0,activity_normalized,B,0.77,0.48,0.92,0.77,0.48,0.92,1.0,1.0,1.0,0.515,0.43,0.655,0.515,0.43,0.655,0.50999375,0.3165,0.65335
2,0.1,0.25,0.0,0.0,counterfactual_fraction,A,0.0,0.0,0.0,0.0,0.0,0.0,1.0,1.0,1.0,0.5,0.5,0.5,0.5,0.5,0.5,0.5,0.5,0.5
2,0.1,0.25,0.0,0.0,counterfactual_fraction,B,0.0,0.0,0.0,0.0,0.0,0.0,1.0,1.0,1.0,0.5,0.5,0.5,0.5,0.5,0.5,0.5,0.5,0.5
2,0.1,0.25,0.0,0.0,raw,A,1.0,1.0,1.0,1.0,1.0,1.0,1.0,1.0,1.0,0.5,0.5,0.5,0.5,0.5,0.5,0.48881874999999997,0.23525,0.65625
2,0.1,0.25,0.0,0.0,raw,B,1.0,1.0,1.0,1.0,1.0,1.0,1.0,1.0,1.0,0.5,0.5,0.5,0.5,0.5,0.5,0.48881874999999997,0.23525,0.65625
2,0.1,0.25,0.0,1.0,activity_normalized,A,0.9875,0.96,1.0,0.9875,0.96,1.0,1.0,1.0,1.0,0.5025,0.49,0.515,0.5025,0.49,0.515,0.50158125,0.3303,0.63265
2,0.1,0.25,0.0,1.0,activity_normalized,B,0.9824999999999999,0.95,1.0,0.9824999999999999,0.95,1.0,1.0,1.0,1.0,0.5025,0.49,0.515,0.5025,0.49,0.515,0.50158125,0.3303,0.63265
2,0.1,0.25,0.0,1.0,counterfactual_fraction,A,0.39375,0.06,0.88,0.39375,0.06,0.88,1.0,1.0,1.0,0.499375,0.355,0.69,0.499375,0.355,0.69,0.49245,0.34465,0.71545
2,0.1,0.25,0.0,1.0,counterfactual_fraction,B,0.395,0.23,0.89,0.395,0.23,0.89,1.0,1.0,1.0,0.499375,0.355,0.69,0.499375,0.355,0.69,0.49245,0.34465,0.71545
2,0.1,0.25,0.0,1.0,raw,A,1.0,1.0,1.0,1.0,1.0,1.0,1.0,1.0,1.0,0.5,0.5,0.5,0.5,0.5,0.5,0.49920624999999996,0.31115,0.64125
2,0.1,0.25,0.0,1.0,raw,B,1.0,1.0,1.0,1.0,1.0,1.0,1.0,1.0,1.0,0.5,0.5,0.5,0.5,0.5,0.5,0.49920624999999996,0.31115,0.64125
2,0.1,0.25,1.0,0.0,activity_normalized,A,0.8025,0.6,0.96,0.8025,0.6,0.96,1.0,1.0,1.0,0.515,0.43,0.655,0.515,0.43,0.655,0.510025,0.3169,0.65235
2,0.1,0.25,1.0,0.0,activity_normalized,B,0.7725,0.49,0.93,0.7725,0.49,0.93,1.0,1.0,1.0,0.515,0.43,0.655,0.515,0.43,0.655,0.510025,0.3169,0.65235
2,0.1,0.25,1.0,0.0,counterfactual_fraction,A,0.0,0.0,0.0,0.0,0.0,0.0,1.0,1.0,1.0,0.5,0.5,0.5,0.5,0.5,0.5,0.5,0.5,0.5
2,0.1,0.25,1.0,0.0,counterfactual_fraction,B,0.0,0.0,0.0,0.0,0.0,0.0,1.0,1.0,1.0,0.5,0.5,0.5,0.5,0.5,0.5,0.5,0.5,0.5
2,0.1,0.25,1.0,0.0,raw,A,1.0,1.0,1.0,1.0,1.0,1.0,1.0,1.0,1.0,0.5,0.5,0.5,0.5,0.5,0.5,0.48904375,0.23615,0.65625
2,0.1,0.25,1.0,0.0,raw,B,1.0,1.0,1.0,1.0,1.0,1.0,1.0,1.0,1.0,0.5,0.5,0.5,0.5,0.5,0.5,0.48904375,0.23615,0.65625
2,0.1,0.25,1.0,1.0,activity_normalized,A,0.9875,0.96,1.0,0.9875,0.96,1.0,1.0,1.0,1.0,0.50125,0.49,0.51,0.50125,0.49,0.51,0.50253125,0.3312,0.6327
2,0.1,0.25,1.0,1.0,activity_normalized,B,0.985,0.97,1.0,0.985,0.97,1.0,1.0,1.0,1.0,0.50125,0.49,0.51,0.50125,0.49,0.51,0.50253125,0.3312,0.6327
2,0.1,0.25,1.0,1.0,counterfactual_fraction,A,0.39375,0.06,0.88,0.39375,0.06,0.88,1.0,1.0,1.0,0.49875,0.355,0.69,0.49875,0.355,0.69,0.49375,0.3482,0.71595
2,0.1,0.25,1.0,1.0,counterfactual_fraction,B,0.39625,0.23,0.89,0.39625,0.23,0.89,1.0,1.0,1.0,0.49875,0.355,0.69,0.49875,0.355,0.69,0.49375,0.3482,0.71595
2,0.1,0.25,1.0,1.0,raw,A,1.0,1.0,1.0,1.0,1.0,1.0,1.0,1.0,1.0,0.5,0.5,0.5,0.5,0.5,0.5,0.49995625,0.31235,0.64125
2,0.1,0.25,1.0,1.0,raw,B,1.0,1.0,1.0,1.0,1.0,1.0,1.0,1.0,1.0,0.5,0.5,0.5,0.5,0.5,0.5,0.49995625,0.31235,0.64125
2,0.1,0.5,0.0,0.0,activity_normalized,A,0.25625,0.02,0.6,0.25625,0.02,0.6,1.0,1.0,1.0,0.5293749999999999,0.43,0.615,0.5293749999999999,0.43,0.615,0.5905,0.3532,0.9578
2,0.1,0.5,0.0,0.0,activity_normalized,B,0.1975,0.0,0.47,0.1975,0.0,0.47,1.0,1.0,1.0,0.5293749999999999,0.43,0.615,0.5293749999999999,0.43,0.615,0.5905,0.3532,0.9578
2,0.1,0.5,0.0,0.0,counterfactual_fraction,A,0.0,0.0,0.0,0.0,0.0,0.0,1.0,1.0,1.0,0.5,0.5,0.5,0.5,0.5,0.5,0.5,0.5,0.5
2,0.1,0.5,0.0,0.0,counterfactual_fraction,B,0.0,0.0,0.0,0.0,0.0,0.0,1.0,1.0,1.0,0.5,0.5,0.5,0.5,0.5,0.5,0.5,0.5,0.5
2,0.1,0.5,0.0,0.0,raw,A,1.0,1.0,1.0,1.0,1.0,1.0,1.0,1.0,1.0,0.5,0.5,0.5,0.5,0.5,0.5,0.4886875,0.0552,0.963
2,0.1,0.5,0.0,0.0,raw,B,1.0,1.0,1.0,1.0,1.0,1.0,1.0,1.0,1.0,0.5,0.5,0.5,0.5,0.5,0.5,0.4886875,0.0552,0.963
2,0.1,0.5,0.0,1.0,activity_normalized,A,0.9675,0.81,1.0,0.9675,0.81,1.0,1.0,1.0,1.0,0.640625,0.505,0.915,0.640625,0.505,0.915,0.79475,0.6543,0.9992
2,0.1,0.5,0.0,1.0,activity_normalized,B,0.68625,0.17,0.98,0.68625,0.17,0.98,1.0,1.0,1.0,0.640625,0.505,0.915,0.640625,0.505,0.915,0.79475,0.6543,0.9992
2,0.1,0.5,0.0,1.0,counterfactual_fraction,A,0.9775,0.87,1.0,0.9775,0.87,1.0,1.0,1.0,1.0,0.6275000000000001,0.5,0.805,0.6275000000000001,0.5,0.805,0.7948875,0.6236,0.9962
2,0.1,0.5,0.0,1.0,counterfactual_fraction,B,0.7225,0.38,0.99,0.7225,0.38,0.99,1.0,1.0,1.0,0.6275000000000001,0.5,0.805,0.6275000000000001,0.5,0.805,0.7948875,0.6236,0.9962
2,0.1,0.5,0.0,1.0,raw,A,1.0,1.0,1.0,1.0,1.0,1.0,1.0,1.0,1.0,0.5,0.5,0.5,0.5,0.5,0.5,0.7439875,0.534,0.9992
2,0.1,0.5,0.0,1.0,raw,B,1.0,1.0,1.0,1.0,1.0,1.0,1.0,1.0,1.0,0.5,0.5,0.5,0.5,0.5,0.5,0.7439875,0.534,0.9992
2,0.1,0.5,1.0,0.0,activity_normalized,A,0.35,0.02,0.76,0.35,0.02,0.76,1.0,1.0,1.0,0.534375,0.42,0.655,0.534375,0.42,0.655,0.5970625,0.3658,0.9589
2,0.1,0.5,1.0,0.0,activity_normalized,B,0.28125,0.0,0.8,0.28125,0.0,0.8,1.0,1.0,1.0,0.534375,0.42,0.655,0.534375,0.42,0.655,0.5970625,0.3658,0.9589
2,0.1,0.5,1.0,0.0,counterfactual_fraction,A,0.0,0.0,0.0,0.0,0.0,0.0,1.0,1.0,1.0,0.5,0.5,0.5,0.5,0.5,0.5,0.5,0.5,0.5
2,0.1,0.5,1.0,0.0,counterfactual_fraction,B,0.0,0.0,0.0,0.0,0.0,0.0,1.0,1.0,1.0,0.5,0.5,0.5,0.5,0.5,0.5,0.5,0.5,0.5
2,0.1,0.5,1.0,0.0,raw,A,1.0,1.0,1.0,1.0,1.0,1.0,1.0,1.0,1.0,0.5,0.5,0.5,0.5,0.5,0.5,0.49260000000000004,0.065,0.9666
2,0.1,0.5,1.0,0.0,raw,B,1.0,1.0,1.0,1.0,1.0,1.0,1.0,1.0,1.0,0.5,0.5,0.5,0.5,0.5,0.5,0.49260000000000004,0.065,0.9666
2,0.1,0.5,1.0,1.0,activity_normalized,A,0.995,0.99,1.0,0.995,0.99,1.0,1.0,1.0,1.0,0.614375,0.505,0.905,0.614375,0.505,0.905,0.8184625,0.6551,0.9991
2,0.1,0.5,1.0,1.0,activity_normalized,B,0.76625,0.19,0.98,0.76625,0.19,0.98,1.0,1.0,1.0,0.614375,0.505,0.905,0.614375,0.505,0.905,0.8184625,0.6551,0.9991
2,0.1,0.5,1.0,1.0,counterfactual_fraction,A,0.99625,0.99,1.0,0.99625,0.99,1.0,1.0,1.0,1.0,0.5962500000000001,0.5,0.765,0.5962500000000001,0.5,0.765,0.8177875,0.6296,0.9955
2,0.1,0.5,1.0,1.0,counterfactual_fraction,B,0.80375,0.47,0.99,0.80375,0.47,0.99,1.0,1.0,1.0,0.5962500000000001,0.5,0.765,0.5962500000000001,0.5,0.765,0.8177875,0.6296,0.9955
2,0.1,0.5,1.0,1.0,raw,A,1.0,1.0,1.0,1.0,1.0,1.0,1.0,1.0,1.0,0.5,0.5,0.5,0.5,0.5,0.5,0.7891375,0.6329,0.9992
2,0.1,0.5,1.0,1.0,raw,B,1.0,1.0,1.0,1.0,1.0,1.0,1.0,1.0,1.0,0.5,0.5,0.5,0.5,0.5,0.5,0.7891375,0.6329,0.9992
2,0.1,1.0,0.0,0.0,activity_normalized,A,0.15125,0.0,0.93,0.15125,0.0,0.93,1.0,1.0,1.0,0.569375,0.5,0.925,0.569375,0.5,0.925,0.6452375,0.0041,0.9755
2,0.1,1.0,0.0,0.0,activity_normalized,B,0.0125,0.0,0.08,0.0125,0.0,0.08,1.0,1.0,1.0,0.569375,0.5,0.925,0.569375,0.5,0.925,0.6452375,0.0041,0.9755
2,0.1,1.0,0.0,0.0,counterfactual_fraction,A,0.0,0.0,0.0,0.0,0.0,0.0,1.0,1.0,1.0,0.5,0.5,0.5,0.5,0.5,0.5,0.5,0.5,0.5
2,0.1,1.0,0.0,0.0,counterfactual_fraction,B,0.0,0.0,0.0,0.0,0.0,0.0,1.0,1.0,1.0,0.5,0.5,0.5,0.5,0.5,0.5,0.5,0.5,0.5
2,0.1,1.0,0.0,0.0,raw,A,0.0075,0.0,0.03,0.0075,0.0,0.03,1.0,1.0,1.0,0.50375,0.5,0.515,0.50375,0.5,0.515,0.4497875,0.0015,0.9778
2,0.1,1.0,0.0,0.0,raw,B,0.0,0.0,0.0,0.0,0.0,0.0,1.0,1.0,1.0,0.50375,0.5,0.515,0.50375,0.5,0.515,0.4497875,0.0015,0.9778
2,0.1,1.0,0.0,1.0,activity_normalized,A,0.195,0.0,0.78,0.195,0.0,0.78,1.0,1.0,1.0,0.5975,0.5,0.89,0.5975,0.5,0.89,0.909675,0.7295,1.0
2,0.1,1.0,0.0,1.0,activity_normalized,B,0.0,0.0,0.0,0.0,0.0,0.0,1.0,1.0,1.0,0.5975,0.5,0.89,0.5975,0.5,0.89,0.909675,0.7295,1.0
2,0.1,1.0,0.0,1.0,counterfactual_fraction,A,0.20750000000000002,0.0,0.91,0.20750000000000002,0.0,0.91,1.0,1.0,1.0,0.60375,0.5,0.955,0.60375,0.5,0.955,0.92135,0.6785,1.0
2,0.1,1.0,0.0,1.0,counterfactual_fraction,B,0.0,0.0,0.0,0.0,0.0,0.0,1.0,1.0,1.0,0.60375,0.5,0.955,0.60375,0.5,0.955,0.92135,0.6785,1.0
2,0.1,1.0,0.0,1.0,raw,A,0.11249999999999999,0.0,0.47,0.11249999999999999,0.0,0.47,1.0,1.0,1.0,0.55625,0.5,0.735,0.55625,0.5,0.735,0.70945,0.3436,1.0
2,0.1,1.0,0.0,1.0,raw,B,0.0,0.0,0.0,0.0,0.0,0.0,1.0,1.0,1.0,0.55625,0.5,0.735,0.55625,0.5,0.735,0.70945,0.3436,1.0
2,0.1,1.0,1.0,0.0,activity_normalized,A,0.57875,0.0,0.99,0.57875,0.0,0.99,1.0,1.0,1.0,0.6637500000000001,0.455,0.965,0.6637500000000001,0.455,0.965,0.6555,0.1086,0.9968
2,0.1,1.0,1.0,0.0,activity_normalized,B,0.25125000000000003,0.05,0.54,0.25125000000000003,0.05,0.54,1.0,1.0,1.0,0.6637500000000001,0.455,0.965,0.6637500000000001,0.455,0.965,0.6555,0.1086,0.9968
2,0.1,1.0,1.0,0.0,counterfactual_fraction,A,0.0,0.0,0.0,0.0,0.0,0.0,1.0,1.0,1.0,0.5,0.5,0.5,0.5,0.5,0.5,0.5,0.5,0.5
2,0.1,1.0,1.0,0.0,counterfactual_fraction,B,0.0,0.0,0.0,0.0,0.0,0.0,1.0,1.0,1.0,0.5,0.5,0.5,0.5,0.5,0.5,0.5,0.5,0.5
2,0.1,1.0,1.0,0.0,raw,A,0.73625,0.0,0.96,0.73625,0.0,0.96,1.0,1.0,1.0,0.58125,0.44,0.96,0.58125,0.44,0.96,0.44029999999999997,0.0013,0.9892
2,0.1,1.0,1.0,0.0,raw,B,0.57375,0.01,1.0,0.57375,0.01,1.0,1.0,1.0,1.0,0.58125,0.44,0.96,0.58125,0.44,0.96,0.44029999999999997,0.0013,0.9892
2,0.1,1.0,1.0,1.0,activity_normalized,A,0.9375,0.75,1.0,0.9375,0.75,1.0,1.0,1.0,1.0,0.9325,0.73,1.0,0.9325,0.73,1.0,0.968125,0.8412,1.0
2,0.1,1.0,1.0,1.0,activity_normalized,B,0.0725,0.0,0.42,0.0725,0.0,0.42,1.0,1.0,1.0,0.9325,0.73,1.0,0.9325,0.73,1.0,0.968125,0.8412,1.0
2,0.1,1.0,1.0,1.0,counterfactual_fraction,A,0.9175,0.73,1.0,0.9175,0.73,1.0,1.0,1.0,1.0,0.9325,0.72,1.0,0.9325,0.72,1.0,0.965275,0.8146,1.0
2,0.1,1.0,1.0,1.0,counterfactual_fraction,B,0.0525,0.0,0.29,0.0525,0.0,0.29,1.0,1.0,1.0,0.9325,0.72,1.0,0.9325,0.72,1.0,0.965275,0.8146,1.0
2,0.1,1.0,1.0,1.0,raw,A,0.89875,0.69,1.0,0.89875,0.69,1.0,1.0,1.0,1.0,0.903125,0.665,1.0,0.903125,0.665,1.0,0.9458624999999999,0.7458,1.0
2,0.1,1.0,1.0,1.0,raw,B,0.0925,0.0,0.36,0.0925,0.0,0.36,1.0,1.0,1.0,0.903125,0.665,1.0,0.903125,0.665,1.0,0.9458624999999999,0.7458,1.0
2,0.4,0.0,0.0,0.0,activity_normalized,A,0.28375,0.02,0.65,0.01125,0.0,0.03,0.05375,0.03,0.08,,,,,,,,,
2,0.4,0.0,0.0,0.0,activity_normalized,B,0.27875,0.03,0.58,0.01125,0.0,0.03,0.05,0.01,0.07,,,,,,,,,
2,0.4,0.0,0.0,0.0,counterfactual_fraction,A,0.0,0.0,0.0,0.0,0.0,0.0,0.05375,0.03,0.08,,,,,,,,,
2,0.4,0.0,0.0,0.0,counterfactual_fraction,B,0.0,0.0,0.0,0.0,0.0,0.0,0.05,0.01,0.07,,,,,,,,,
2,0.4,0.0,0.0,0.0,raw,A,0.99125,0.96,1.0,0.052500000000000005,0.03,0.08,0.05375,0.03,0.08,,,,,,,,,
2,0.4,0.0,0.0,0.0,raw,B,0.985,0.95,1.0,0.045,0.01,0.07,0.05,0.01,0.07,,,,,,,,,
2,0.4,0.0,0.0,1.0,activity_normalized,A,0.00875,0.0,0.03,0.0,0.0,0.0,0.05375,0.03,0.08,,,,,,,,,
2,0.4,0.0,0.0,1.0,activity_normalized,B,0.01,0.0,0.02,0.0,0.0,0.0,0.05,0.01,0.07,,,,,,,,,
2,0.4,0.0,0.0,1.0,counterfactual_fraction,A,0.0075,0.0,0.02,0.0,0.0,0.0,0.05375,0.03,0.08,,,,,,,,,
2,0.4,0.0,0.0,1.0,counterfactual_fraction,B,0.00875,0.0,0.02,0.0,0.0,0.0,0.05,0.01,0.07,,,,,,,,,
2,0.4,0.0,0.0,1.0,raw,A,0.6,0.44,0.7,0.01375,0.0,0.02,0.05375,0.03,0.08,,,,,,,,,
2,0.4,0.0,0.0,1.0,raw,B,0.6487499999999999,0.49,0.72,0.00875,0.0,0.02,0.05,0.01,0.07,,,,,,,,,
2,0.4,0.0,1.0,0.0,activity_normalized,A,0.34750000000000003,0.03,0.72,0.0175,0.0,0.05,0.05375,0.03,0.08,,,,,,,,,
2,0.4,0.0,1.0,0.0,activity_normalized,B,0.34125,0.04,0.61,0.018750000000000003,0.0,0.04,0.05,0.01,0.07,,,,,,,,,
2,0.4,0.0,1.0,0.0,counterfactual_fraction,A,0.0,0.0,0.0,0.0,0.0,0.0,0.05375,0.03,0.08,,,,,,,,,
2,0.4,0.0,1.0,0.0,counterfactual_fraction,B,0.0,0.0,0.0,0.0,0.0,0.0,0.05,0.01,0.07,,,,,,,,,
2,0.4,0.0,1.0,0.0,raw,A,1.0,1.0,1.0,0.05375,0.03,0.08,0.05375,0.03,0.08,,,,,,,,,
2,0.4,0.0,1.0,0.0,raw,B,0.99875,0.99,1.0,0.05,0.01,0.07,0.05,0.01,0.07,,,,,,,,,
2,0.4,0.0,1.0,1.0,activity_normalized,A,0.01875,0.01,0.04,0.00125,0.0,0.01,0.05375,0.03,0.08,,,,,,,,,
2,0.4,0.0,1.0,1.0,activity_normalized,B,0.01625,0.0,0.04,0.0,0.0,0.0,0.05,0.01,0.07,,,,,,,,,
2,0.4,0.0,1.0,1.0,counterfactual_fraction,A,0.02,0.01,0.03,0.0025,0.0,0.01,0.05375,0.03,0.08,,,,,,,,,
2,0.4,0.0,1.0,1.0,counterfactual_fraction,B,0.01625,0.0,0.05,0.0,0.0,0.0,0.05,0.01,0.07,,,,,,,,,
2,0.4,0.0,1.0,1.0,raw,A,0.78,0.61,0.88,0.0275,0.02,0.04,0.05375,0.03,0.08,,,,,,,,,
2,0.4,0.0,1.0,1.0,raw,B,0.79375,0.62,0.86,0.01875,0.0,0.04,0.05,0.01,0.07,,,,,,,,,
2,0.4,0.1,0.0,0.0,activity_normalized,A,0.26875,0.01,0.65,0.035,0.0,0.1,0.135,0.08,0.17,0.51,0.45,0.54,0.075,0.055,0.095,0.5029250000000001,0.4818,0.5321
2,0.4,0.1,0.0,0.0,activity_normalized,B,0.24875,0.03,0.58,0.02875,0.0,0.07,0.14375,0.09,0.19,0.51,0.45,0.54,0.075,0.055,0.095,0.5029250000000001,0.4818,0.5321
2,0.4,0.1,0.0,0.0,counterfactual_fraction,A,0.0,0.0,0.0,0.0,0.0,0.0,0.135,0.08,0.17,0.5,0.5,0.5,0.071875,0.045,0.095,0.5,0.5,0.5
2,0.4,0.1,0.0,0.0,counterfactual_fraction,B,0.0,0.0,0.0,0.0,0.0,0.0,0.14375,0.09,0.19,0.5,0.5,0.5,0.071875,0.045,0.095,0.5,0.5,0.5
2,0.4,0.1,0.0,0.0,raw,A,0.97125,0.92,1.0,0.12625,0.08,0.15,0.135,0.08,0.17,0.49875,0.48,0.525,0.069375,0.04,0.085,0.48417499999999997,0.4343,0.509
2,0.4,0.1,0.0,0.0,raw,B,0.97375,0.93,1.0,0.13125,0.08,0.19,0.14375,0.09,0.19,0.49875,0.48,0.525,0.069375,0.04,0.085,0.48417499999999997,0.4343,0.509
2,0.4,0.1,0.0,1.0,activity_normalized,A,0.01125,0.0,0.03,0.00125,0.0,0.01,0.135,0.08,0.17,0.50125,0.495,0.505,0.071875,0.045,0.095,0.5054125,0.4436,0.5683
2,0.4,0.1,0.0,1.0,activity_normalized,B,0.00875,0.0,0.02,0.00125,0.0,0.01,0.14375,0.09,0.19,0.50125,0.495,0.505,0.071875,0.045,0.095,0.5054125,0.4436,0.5683
2,0.4,0.1,0.0,1.0,counterfactual_fraction,A,0.01,0.0,0.03,0.0,0.0,0.0,0.135,0.08,0.17,0.5,0.49,0.51,0.07125000000000001,0.045,0.095,0.49936250000000004,0.4133,0.5429
2,0.4,0.1,0.0,1.0,counterfactual_fraction,B,0.01,0.0,0.02,0.00125,0.0,0.01,0.14375,0.09,0.19,0.5,0.49,0.51,0.07125000000000001,0.045,0.095,0.49936250000000004,0.4133,0.5429
2,0.4,0.1,0.0,1.0,raw,A,0.55375,0.39,0.62,0.03625,0.01,0.06,0.135,0.08,0.17,0.470625,0.4,0.505,0.066875,0.045,0.095,0.4821,0.4279,0.5173
2,0.4,0.1,0.0,1.0,raw,B,0.6125,0.46,0.68,0.04625,0.01,0.07,0.14375,0.09,0.19,0.470625,0.4,0.505,0.066875,0.045,0.095,0.4821,0.4279,0.5173
2,0.4,0.1,1.0,0.0,activity_normalized,A,0.33875,0.01,0.69,0.051250000000000004,0.0,0.12,0.135,0.08,0.17,0.504375,0.475,0.55,0.0725,0.055,0.095,0.499475,0.4621,0.5366
2,0.4,0.1,1.0,0.0,activity_normalized,B,0.33,0.03,0.62,0.05,0.0,0.1,0.14375,0.09,0.19,0.504375,0.475,0.55,0.0725,0.055,0.095,0.499475,0.4621,0.5366
2,0.4,0.1,1.0,0.0,counterfactual_fraction,A,0.0,0.0,0.0,0.0,0.0,0.0,0.135,0.08,0.17,0.5,0.5,0.5,0.071875,0.045,0.095,0.5,0.5,0.5
2,0.4,0.1,1.0,0.0,counterfactual_fraction,B,0.0,0.0,0.0,0.0,0.0,0.0,0.14375,0.09,0.19,0.5,0.5,0.5,0.071875,0.045,0.095,0.5,0.5,0.5
2,0.4,0.1,1.0,0.0,raw,A,1.0,1.0,1.0,0.135,0.08,0.17,0.135,0.08,0.17,0.501875,0.5,0.51,0.06875,0.04,0.085,0.4834625,0.4358,0.5226
2,0.4,0.1,1.0,0.0,raw,B,0.99625,0.98,1.0,0.14125000000000001,0.09,0.19,0.14375,0.09,0.19,0.501875,0.5,0.51,0.06875,0.04,0.085,0.4834625,0.4358,0.5226
2,0.4,0.1,1.0,1.0,activity_normalized,A,0.0275,0.01,0.05,0.00625,0.0,0.02,0.135,0.08,0.17,0.50125,0.49,0.52,0.07375000000000001,0.055,0.1,0.5029125,0.4418,0.5727
2,0.4,0.1,1.0,1.0,activity_normalized,B,0.025,0.0,0.05,0.0025,0.0,0.01,0.14375,0.09,0.19,0.50125,0.49,0.52,0.07375000000000001,0.055,0.1,0.5029125,0.4418,0.5727
2,0.4,0.1,1.0,1.0,counterfactual_fraction,A,0.025,0.01,0.04,0.00625,0.0,0.02,0.135,0.08,0.17,0.5025,0.495,0.51,0.074375,0.05,0.105,0.4956375,0.4187,0.5436
2,0.4,0.1,1.0,1.0,counterfactual_fraction,B,0.02,0.0,0.05,0.00125,0.0,0.01,0.14375,0.09,0.19,0.5025,0.495,0.51,0.074375,0.05,0.105,0.4956375,0.4187,0.5436
2,0.4,0.1,1.0,1.0,raw,A,0.77625,0.61,0.89,0.08,0.03,0.11,0.135,0.08,0.17,0.49812500000000004,0.44,0.55,0.07250000000000001,0.045,0.085,0.4800125,0.4187,0.5328
2,0.4,0.1,1.0,1.0,raw,B,0.78,0.61,0.86,0.07875,0.05,0.11,0.14375,0.09,0.19,0.49812500000000004,0.44,0.55,0.07250000000000001,0.045,0.085,0.4800125,0.4187,0.5328
2,0.4,0.25,0.0,0.0,activity_normalized,A,0.21000000000000002,0.0,0.55,0.09,0.0,0.26,0.47625,0.42,0.52,0.508125,0.47,0.55,0.225,0.19,0.255,0.5038625,0.467,0.5484
2,0.4,0.25,0.0,0.0,activity_normalized,B,0.19375,0.03,0.54,0.0725,0.01,0.15,0.4325,0.34,0.49,0.508125,0.47,0.55,0.225,0.19,0.255,0.5038625,0.467,0.5484
2,0.4,0.25,0.0,0.0,counterfactual_fraction,A,0.0,0.0,0.0,0.0,0.0,0.0,0.47625,0.42,0.52,0.5,0.5,0.5,0.21625,0.17,0.245,0.5,0.5,0.5
2,0.4,0.25,0.0,0.0,counterfactual_fraction,B,0.0,0.0,0.0,0.0,0.0,0.0,0.4325,0.34,0.49,0.5,0.5,0.5,0.21625,0.17,0.245,0.5,0.5,0.5
2,0.4,0.25,0.0,0.0,raw,A,0.92,0.77,1.0,0.41375,0.26,0.5,0.47625,0.42,0.52,0.49375,0.455,0.535,0.234375,0.195,0.28,0.48819999999999997,0.4232,0.5111
2,0.4,0.25,0.0,0.0,raw,B,0.9325,0.86,0.98,0.3775,0.3,0.47,0.4325,0.34,0.49,0.49375,0.455,0.535,0.234375,0.195,0.28,0.48819999999999997,0.4232,0.5111
2,0.4,0.25,0.0,1.0,activity_normalized,A,0.02,0.01,0.04,0.0025,0.0,0.01,0.47625,0.42,0.52,0.504375,0.495,0.515,0.216875,0.17,0.245,0.5148874999999999,0.4467,0.5747
2,0.4,0.25,0.0,1.0,activity_normalized,B,0.01125,0.0,0.03,0.00125,0.0,0.01,0.4325,0.34,0.49,0.504375,0.495,0.515,0.216875,0.17,0.245,0.5148874999999999,0.4467,0.5747
2,0.4,0.25,0.0,1.0,counterfactual_fraction,A,0.0125,0.0,0.03,0.00125,0.0,0.01,0.47625,0.42,0.52,0.499375,0.485,0.51,0.21625,0.17,0.245,0.51385,0.4207,0.583
2,0.4,0.25,0.0,1.0,counterfactual_fraction,B,0.01375,0.0,0.03,0.00125,0.0,0.01,0.4325,0.34,0.49,0.499375,0.485,0.51,0.21625,0.17,0.245,0.51385,0.4207,0.583
2,0.4,0.25,0.0,1.0,raw,A,0.4675,0.35,0.58,0.14250000000000002,0.08,0.21,0.47625,0.42,0.52,0.481875,0.46,0.505,0.225,0.185,0.295,0.49048749999999997,0.444,0.5251
2,0.4,0.25,0.0,1.0,raw,B,0.50375,0.39,0.6,0.125,0.06,0.23,0.4325,0.34,0.49,0.481875,0.46,0.505,0.225,0.185,0.295,0.49048749999999997,0.444,0.5251
2,0.4,0.25,1.0,0.0,activity_normalized,A,0.32,0.0,0.66,0.16125,0.0,0.34,0.47625,0.42,0.52,0.514375,0.485,0.57,0.23375,0.2,0.275,0.5007,0.4652,0.5515
2,0.4,0.25,1.0,0.0,activity_normalized,B,0.29125,0.03,0.59,0.12625,0.01,0.25,0.4325,0.34,0.49,0.514375,0.485,0.57,0.23375,0.2,0.275,0.5007,0.4652,0.5515
2,0.4,0.25,1.0,0.0,counterfactual_fraction,A,0.0,0.0,0.0,0.0,0.0,0.0,0.47625,0.42,0.52,0.5,0.5,0.5,0.21625,0.17,0.245,0.5,0.5,0.5
2,0.4,0.25,1.0,0.0,counterfactual_fraction,B,0.0,0.0,0.0,0.0,0.0,0.0,0.4325,0.34,0.49,0.5,0.5,0.5,0.21625,0.17,0.245,0.5,0.5,0.5
2,0.4,0.25,1.0,0.0,raw,A,0.99625,0.97,1.0,0.47375,0.4,0.52,0.47625,0.42,0.52,0.50125,0.5,0.505,0.239375,0.215,0.26,0.488175,0.4207,0.5198
2,0.4,0.25,1.0,0.0,raw,B,0.99375,0.97,1.0,0.4275,0.34,0.49,0.4325,0.34,0.49,0.50125,0.5,0.505,0.239375,0.215,0.26,0.488175,0.4207,0.5198
2,0.4,0.25,1.0,1.0,activity_normalized,A,0.058750000000000004,0.03,0.09,0.02375,0.0,0.04,0.47625,0.42,0.52,0.50625,0.47,0.53,0.225625,0.19,0.265,0.5129625,0.4446,0.5803
2,0.4,0.25,1.0,1.0,activity_normalized,B,0.04625,0.01,0.1,0.005,0.0,0.02,0.4325,0.34,0.49,0.50625,0.47,0.53,0.225625,0.19,0.265,0.5129625,0.4446,0.5803
2,0.4,0.25,1.0,1.0,counterfactual_fraction,A,0.0625,0.04,0.08,0.02625,0.0,0.05,0.47625,0.42,0.52,0.50875,0.48,0.53,0.226875,0.185,0.27,0.5087625,0.4261,0.5672
2,0.4,0.25,1.0,1.0,counterfactual_fraction,B,0.045,0.01,0.11,0.005,0.0,0.02,0.4325,0.34,0.49,0.50875,0.48,0.53,0.226875,0.185,0.27,0.5087625,0.4261,0.5672
2,0.4,0.25,1.0,1.0,raw,A,0.76125,0.61,0.89,0.315,0.22,0.43,0.47625,0.42,0.52,0.49312500000000004,0.425,0.55,0.230625,0.2,0.3,0.4897125,0.4344,0.5431
2,0.4,0.25,1.0,1.0,raw,B,0.775,0.62,0.86,0.28625,0.2,0.41,0.4325,0.34,0.49,0.49312500000000004,0.425,0.55,0.230625,0.2,0.3,0.4897125,0.4344,0.5431
2,0.4,0.5,0.0,0.0,activity_normalized,A,0.11250000000000002,0.0,0.34,0.10750000000000001,0.0,0.32,0.9675,0.96,0.98,0.5025,0.47,0.525,0.488125,0.46,0.515,0.504375,0.4714,0.5589
2,0.4,0.5,0.0,0.0,activity_normalized,B,0.1075,0.0,0.33,0.10124999999999999,0.0,0.31,0.97,0.95,0.99,0.5025,0.47,0.525,0.488125,0.46,0.515,0.504375,0.4714,0.5589
2,0.4,0.5,0.0,0.0,counterfactual_fraction,A,0.0,0.0,0.0,0.0,0.0,0.0,0.9675,0.96,0.98,0.5,0.5,0.5,0.485,0.475,0.495,0.5,0.5,0.5
2,0.4,0.5,0.0,0.0,counterfactual_fraction,B,0.0,0.0,0.0,0.0,0.0,0.0,0.97,0.95,0.99,0.5,0.5,0.5,0.485,0.475,0.495,0.5,0.5,0.5
2,0.4,0.5,0.0,0.0,raw,A,0.6725,0.33,0.95,0.64125,0.31,0.91,0.9675,0.96,0.98,0.495625,0.41,0.56,0.478125,0.395,0.55,0.4907125,0.406,0.5308
2,0.4,0.5,0.0,0.0,raw,B,0.68125,0.5,0.9,0.655,0.48,0.86,0.97,0.95,0.99,0.495625,0.41,0.56,0.478125,0.395,0.55,0.4907125,0.406,0.5308
2,0.4,0.5,0.0,1.0,activity_normalized,A,0.01875,0.0,0.06,0.01625,0.0,0.05,0.9675,0.96,0.98,0.504375,0.5,0.515,0.488125,0.475,0.505,0.5448375,0.4786,0.6291
2,0.4,0.5,0.0,1.0,activity_normalized,B,0.01,0.0,0.05,0.01,0.0,0.05,0.97,0.95,0.99,0.504375,0.5,0.515,0.488125,0.475,0.505,0.5448375,0.4786,0.6291
2,0.4,0.5,0.0,1.0,counterfactual_fraction,A,0.02875,0.0,0.1,0.02625,0.0,0.09,0.9675,0.96,0.98,0.505625,0.495,0.525,0.489375,0.475,0.505,0.5445,0.4659,0.6569
2,0.4,0.5,0.0,1.0,counterfactual_fraction,B,0.017499999999999998,0.0,0.09,0.017499999999999998,0.0,0.09,0.97,0.95,0.99,0.505625,0.495,0.525,0.489375,0.475,0.505,0.5445,0.4659,0.6569
2,0.4,0.5,0.0,1.0,raw,A,0.25125,0.15,0.38,0.22625,0.12,0.35,0.9675,0.96,0.98,0.493125,0.475,0.535,0.476875,0.455,0.51,0.51045,0.4734,0.5617
2,0.4,0.5,0.0,1.0,raw,B,0.265,0.12,0.43,0.2425,0.11,0.39,0.97,0.95,0.99,0.493125,0.475,0.535,0.476875,0.455,0.51,0.51045,0.4734,0.5617
2,0.4,0.5,1.0,0.0,activity_normalized,A,0.28125,0.0,0.61,0.27375,0.0,0.59,0.9675,0.96,0.98,0.50625,0.46,0.565,0.491875,0.445,0.55,0.5022375,0.4591,0.5648
2,0.4,0.5,1.0,0.0,activity_normalized,B,0.26875,0.02,0.6,0.26,0.02,0.58,0.97,0.95,0.99,0.50625,0.46,0.565,0.491875,0.445,0.55,0.5022375,0.4591,0.5648
2,0.4,0.5,1.0,0.0,counterfactual_fraction,A,0.0,0.0,0.0,0.0,0.0,0.0,0.9675,0.96,0.98,0.5,0.5,0.5,0.485,0.475,0.495,0.5,0.5,0.5
2,0.4,0.5,1.0,0.0,counterfactual_fraction,B,0.0,0.0,0.0,0.0,0.0,0.0,0.97,0.95,0.99,0.5,0.5,0.5,0.485,0.475,0.495,0.5,0.5,0.5
2,0.4,0.5,1.0,0.0,raw,A,0.94625,0.75,1.0,0.91375,0.73,0.96,0.9675,0.96,0.98,0.49125,0.435,0.515,0.474375,0.425,0.49,0.4916875,0.3974,0.5364
2,0.4,0.5,1.0,0.0,raw,B,0.96375,0.88,1.0,0.9349999999999999,0.84,0.98,0.97,0.95,0.99,0.49125,0.435,0.515,0.474375,0.425,0.49,0.4916875,0.3974,0.5364
2,0.4,0.5,1.0,1.0,activity_normalized,A,0.18,0.1,0.23,0.16999999999999998,0.09,0.22,0.9675,0.96,0.98,0.529375,0.475,0.575,0.5118750000000001,0.455,0.555,0.5449875,0.4753,0.6067
2,0.4,0.5,1.0,1.0,activity_normalized,B,0.12125,0.05,0.21,0.11625,0.05,0.21,0.97,0.95,0.99,0.529375,0.475,0.575,0.5118750000000001,0.455,0.555,0.5449875,0.4753,0.6067
2,0.4,0.5,1.0,1.0,counterfactual_fraction,A,0.20375000000000001,0.15,0.28,0.19375,0.13,0.26,0.9675,0.96,0.98,0.53375,0.48,0.565,0.51625,0.46,0.545,0.541525,0.4643,0.6281
2,0.4,0.5,1.0,1.0,counterfactual_fraction,B,0.13625,0.06,0.21,0.13125,0.06,0.21,0.97,0.95,0.99,0.53375,0.48,0.565,0.51625,0.46,0.545,0.541525,0.4643,0.6281
2,0.4,0.5,1.0,1.0,raw,A,0.735,0.58,0.88,0.705,0.55,0.84,0.9675,0.96,0.98,0.50375,0.46,0.575,0.4875,0.445,0.555,0.5214,0.478,0.568
2,0.4,0.5,1.0,1.0,raw,B,0.7275,0.59,0.84,0.7,0.57,0.82,0.97,0.95,0.99,0.50375,0.46,0.575,0.4875,0.445,0.555,0.5214,0.478,0.568
2,0.4,1.0,0.0,0.0,activity_normalized,A,0.02125,0.0,0.08,0.02125,0.0,0.08,1.0,1.0,1.0,0.5025,0.5,0.51,0.5025,0.5,0.51,0.5079125,0.4056,0.5661
2,0.4,1.0,0.0,0.0,activity_normalized,B,0.01625,0.0,0.06,0.01625,0.0,0.06,1.0,1.0,1.0,0.5025,0.5,0.51,0.5025,0.5,0.51,0.5079125,0.4056,0.5661
2,0.4,1.0,0.0,0.0,counterfactual_fraction,A,0.0,0.0,0.0,0.0,0.0,0.0,1.0,1.0,1.0,0.5,0.5,0.5,0.5,0.5,0.5,0.5,0.5,0.5
2,0.4,1.0,0.0,0.0,counterfactual_fraction,B,0.0,0.0,0.0,0.0,0.0,0.0,1.0,1.0,1.0,0.5,0.5,0.5,0.5,0.5,0.5,0.5,0.5,0.5
2,0.4,1.0,0.0,0.0,raw,A,0.02625,0.0,0.06,0.02625,0.0,0.06,1.0,1.0,1.0,0.504375,0.49,0.525,0.504375,0.49,0.525,0.487325,0.3444,0.5789
2,0.4,1.0,0.0,0.0,raw,B,0.0175,0.0,0.06,0.0175,0.0,0.06,1.0,1.0,1.0,0.504375,0.49,0.525,0.504375,0.49,0.525,0.487325,0.3444,0.5789
2,0.4,1.0,0.0,1.0,activity_normalized,A,0.00375,0.0,0.03,0.00375,0.0,0.03,1.0,1.0,1.0,0.501875,0.5,0.515,0.501875,0.5,0.515,0.64075,0.5038,0.7808
2,0.4,1.0,0.0,1.0,activity_normalized,B,0.0,0.0,0.0,0.0,0.0,0.0,1.0,1.0,1.0,0.501875,0.5,0.515,0.501875,0.5,0.515,0.64075,0.5038,0.7808
2,0.4,1.0,0.0,1.0,counterfactual_fraction,A,0.00875,0.0,0.07,0.00875,0.0,0.07,1.0,1.0,1.0,0.503125,0.5,0.525,0.503125,0.5,0.525,0.6400375,0.5015,0.781
2,0.4,1.0,0.0,1.0,counterfactual_fraction,B,0.0025,0.0,0.02,0.0025,0.0,0.02,1.0,1.0,1.0,0.503125,0.5,0.525,0.503125,0.5,0.525,0.6400375,0.5015,0.781
2,0.4,1.0,0.0,1.0,raw,A,0.00625,0.0,0.03,0.00625,0.0,0.03,1.0,1.0,1.0,0.5025,0.5,0.515,0.5025,0.5,0.515,0.55645,0.5014,0.632
2,0.4,1.0,0.0,1.0,raw,B,0.00125,0.0,0.01,0.00125,0.0,0.01,1.0,1.0,1.0,0.5025,0.5,0.515,0.5025,0.5,0.515,0.55645,0.5014,0.632
2,0.4,1.0,1.0,0.0,activity_normalized,A,0.27375,0.0,0.65,0.27375,0.0,0.65,1.0,1.0,1.0,0.51125,0.465,0.535,0.51125,0.465,0.535,0.517225,0.4449,0.5676
2,0.4,1.0,1.0,0.0,activity_normalized,B,0.25125,0.0,0.58,0.25125,0.0,0.58,1.0,1.0,1.0,0.51125,0.465,0.535,0.51125,0.465,0.535,0.517225,0.4449,0.5676
2,0.4,1.0,1.0,0.0,counterfactual_fraction,A,0.0,0.0,0.0,0.0,0.0,0.0,1.0,1.0,1.0,0.5,0.5,0.5,0.5,0.5,0.5,0.5,0.5,0.5
2,0.4,1.0,1.0,0.0,counterfactual_fraction,B,0.0,0.0,0.0,0.0,0.0,0.0,1.0,1.0,1.0,0.5,0.5,0.5,0.5,0.5,0.5,0.5,0.5,0.5
2,0.4,1.0,1.0,0.0,raw,A,0.395,0.0,0.85,0.395,0.0,0.85,1.0,1.0,1.0,0.52,0.475,0.555,0.52,0.475,0.555,0.493025,0.3254,0.5977
2,0.4,1.0,1.0,0.0,raw,B,0.355,0.01,0.77,0.355,0.01,0.77,1.0,1.0,1.0,0.52,0.475,0.555,0.52,0.475,0.555,0.493025,0.3254,0.5977
2,0.4,1.0,1.0,1.0,activity_normalized,A,0.55125,0.38,0.72,0.55125,0.38,0.72,1.0,1.0,1.0,0.618125,0.495,0.74,0.618125,0.495,0.74,0.6690125,0.5084,0.805
2,0.4,1.0,1.0,1.0,activity_normalized,B,0.315,0.07,0.57,0.315,0.07,0.57,1.0,1.0,1.0,0.618125,0.495,0.74,0.618125,0.495,0.74,0.6690125,0.5084,0.805
2,0.4,1.0,1.0,1.0,counterfactual_fraction,A,0.555,0.4,0.7,0.555,0.4,0.7,1.0,1.0,1.0,0.62125,0.515,0.75,0.62125,0.515,0.75,0.668825,0.527,0.8186
2,0.4,1.0,1.0,1.0,counterfactual_fraction,B,0.3125,0.15,0.57,0.3125,0.15,0.57,1.0,1.0,1.0,0.62125,0.515,0.75,0.62125,0.515,0.75,0.668825,0.527,0.8186
2,0.4,1.0,1.0,1.0,raw,A,0.5762499999999999,0.44,0.7,0.5762499999999999,0.44,0.7,1.0,1.0,1.0,0.583125,0.505,0.695,0.583125,0.505,0.695,0.6377625,0.5272,0.7991
2,0.4,1.0,1.0,1.0,raw,B,0.41,0.25,0.67,0.41,0.25,0.67,1.0,1.0,1.0,0.583125,0.505,0.695,0.583125,0.505,0.695,0.6377625,0.5272,0.7991
3,0.1,0.0,0.0,0.0,activity_normalized,A,0.99875,0.99,1.0,0.051250000000000004,0.02,0.08,0.051250000000000004,0.02,0.08,,,,,,,,,
3,0.1,0.0,0.0,0.0,activity_normalized,B,1.0,1.0,1.0,0.0425,0.02,0.07,0.0425,0.02,0.07,,,,,,,,,
3,0.1,0.0,0.0,0.0,counterfactual_fraction,A,0.0,0.0,0.0,0.0,0.0,0.0,0.051250000000000004,0.02,0.08,,,,,,,,,
3,0.1,0.0,0.0,0.0,counterfactual_fraction,B,0.0,0.0,0.0,0.0,0.0,0.0,0.0425,0.02,0.07,,,,,,,,,
3,0.1,0.0,0.0,0.0,raw,A,1.0,1.0,1.0,0.051250000000000004,0.02,0.08,0.051250000000000004,0.02,0.08,,,,,,,,,
3,0.1,0.0,0.0,0.0,raw,B,1.0,1.0,1.0,0.0425,0.02,0.07,0.0425,0.02,0.07,,,,,,,,,
3,0.1,0.0,0.0,1.0,activity_normalized,A,0.99875,0.99,1.0,0.051250000000000004,0.02,0.08,0.051250000000000004,0.02,0.08,,,,,,,,,
3,0.1,0.0,0.0,1.0,activity_normalized,B,1.0,1.0,1.0,0.0425,0.02,0.07,0.0425,0.02,0.07,,,,,,,,,
3,0.1,0.0,0.0,1.0,counterfactual_fraction,A,0.0,0.0,0.0,0.0,0.0,0.0,0.051250000000000004,0.02,0.08,,,,,,,,,
3,0.1,0.0,0.0,1.0,counterfactual_fraction,B,0.0,0.0,0.0,0.0,0.0,0.0,0.0425,0.02,0.07,,,,,,,,,
3,0.1,0.0,0.0,1.0,raw,A,1.0,1.0,1.0,0.051250000000000004,0.02,0.08,0.051250000000000004,0.02,0.08,,,,,,,,,
3,0.1,0.0,0.0,1.0,raw,B,1.0,1.0,1.0,0.0425,0.02,0.07,0.0425,0.02,0.07,,,,,,,,,
3,0.1,0.0,1.0,0.0,activity_normalized,A,0.99875,0.99,1.0,0.051250000000000004,0.02,0.08,0.051250000000000004,0.02,0.08,,,,,,,,,
3,0.1,0.0,1.0,0.0,activity_normalized,B,1.0,1.0,1.0,0.0425,0.02,0.07,0.0425,0.02,0.07,,,,,,,,,
3,0.1,0.0,1.0,0.0,counterfactual_fraction,A,0.0,0.0,0.0,0.0,0.0,0.0,0.051250000000000004,0.02,0.08,,,,,,,,,
3,0.1,0.0,1.0,0.0,counterfactual_fraction,B,0.0,0.0,0.0,0.0,0.0,0.0,0.0425,0.02,0.07,,,,,,,,,
3,0.1,0.0,1.0,0.0,raw,A,1.0,1.0,1.0,0.051250000000000004,0.02,0.08,0.051250000000000004,0.02,0.08,,,,,,,,,
3,0.1,0.0,1.0,0.0,raw,B,1.0,1.0,1.0,0.0425,0.02,0.07,0.0425,0.02,0.07,,,,,,,,,
3,0.1,0.0,1.0,1.0,activity_normalized,A,0.99875,0.99,1.0,0.051250000000000004,0.02,0.08,0.051250000000000004,0.02,0.08,,,,,,,,,
3,0.1,0.0,1.0,1.0,activity_normalized,B,1.0,1.0,1.0,0.0425,0.02,0.07,0.0425,0.02,0.07,,,,,,,,,
3,0.1,0.0,1.0,1.0,counterfactual_fraction,A,0.0,0.0,0.0,0.0,0.0,0.0,0.051250000000000004,0.02,0.08,,,,,,,,,
3,0.1,0.0,1.0,1.0,counterfactual_fraction,B,0.0,0.0,0.0,0.0,0.0,0.0,0.0425,0.02,0.07,,,,,,,,,
3,0.1,0.0,1.0,1.0,raw,A,1.0,1.0,1.0,0.051250000000000004,0.02,0.08,0.051250000000000004,0.02,0.08,,,,,,,,,
3,0.1,0.0,1.0,1.0,raw,B,1.0,1.0,1.0,0.0425,0.02,0.07,0.0425,0.02,0.07,,,,,,,,,
3,0.1,0.1,0.0,0.0,activity_normalized,A,0.9924999999999999,0.98,1.0,0.82,0.74,0.86,0.8275,0.75,0.88,0.49875,0.49,0.505,0.411875,0.375,0.43,0.4962625,0.475,0.505
3,0.1,0.1,0.0,0.0,activity_normalized,B,0.995,0.99,1.0,0.8087500000000001,0.76,0.86,0.8125,0.76,0.86,0.49875,0.49,0.505,0.411875,0.375,0.43,0.4962625,0.475,0.505
3,0.1,0.1,0.0,0.0,counterfactual_fraction,A,0.0,0.0,0.0,0.0,0.0,0.0,0.8275,0.75,0.88,0.5,0.5,0.5,0.40625,0.38,0.43,0.5,0.5,0.5
3,0.1,0.1,0.0,0.0,counterfactual_fraction,B,0.0,0.0,0.0,0.0,0.0,0.0,0.8125,0.76,0.86,0.5,0.5,0.5,0.40625,0.38,0.43,0.5,0.5,0.5
3,0.1,0.1,0.0,0.0,raw,A,1.0,1.0,1.0,0.8275,0.75,0.88,0.8275,0.75,0.88,0.5,0.5,0.5,0.41375,0.375,0.44,0.496275,0.475,0.505
3,0.1,0.1,0.0,0.0,raw,B,1.0,1.0,1.0,0.8125,0.76,0.86,0.8125,0.76,0.86,0.5,0.5,0.5,0.41375,0.375,0.44,0.496275,0.475,0.505
3,0.1,0.1,0.0,1.0,activity_normalized,A,0.9975,0.99,1.0,0.825,0.75,0.88,0.8275,0.75,0.88,0.49875,0.495,0.5,0.4125,0.375,0.44,0.49626875,0.475,0.505
3,0.1,0.1,0.0,1.0,activity_normalized,B,1.0,1.0,1.0,0.8125,0.76,0.86,0.8125,0.76,0.86,0.49875,0.495,0.5,0.4125,0.375,0.44,0.49626875,0.475,0.505
3,0.1,0.1,0.0,1.0,counterfactual_fraction,A,0.0125,0.0,0.05,0.0125,0.0,0.05,0.8275,0.75,0.88,0.5025,0.495,0.525,0.409375,0.4,0.43,0.5031375,0.495,0.525
3,0.1,0.1,0.0,1.0,counterfactual_fraction,B,0.0075,0.0,0.02,0.00625,0.0,0.01,0.8125,0.76,0.86,0.5025,0.495,0.525,0.409375,0.4,0.43,0.5031375,0.495,0.525
3,0.1,0.1,0.0,1.0,raw,A,1.0,1.0,1.0,0.8275,0.75,0.88,0.8275,0.75,0.88,0.5,0.5,0.5,0.41375,0.375,0.44,0.4962875,0.475,0.505
3,0.1,0.1,0.0,1.0,raw,B,1.0,1.0,1.0,0.8125,0.76,0.86,0.8125,0.76,0.86,0.5,0.5,0.5,0.41375,0.375,0.44,0.4962875,0.475,0.505
3,0.1,0.1,1.0,0.0,activity_normalized,A,0.9924999999999999,0.98,1.0,0.82,0.74,0.86,0.8275,0.75,0.88,0.49875,0.49,0.505,0.411875,0.375,0.43,0.49625625,0.475,0.505
3,0.1,0.1,1.0,0.0,activity_normalized,B,0.995,0.99,1.0,0.8087500000000001,0.76,0.86,0.8125,0.76,0.86,0.49875,0.49,0.505,0.411875,0.375,0.43,0.49625625,0.475,0.505
3,0.1,0.1,1.0,0.0,counterfactual_fraction,A,0.0,0.0,0.0,0.0,0.0,0.0,0.8275,0.75,0.88,0.5,0.5,0.5,0.40625,0.38,0.43,0.5,0.5,0.5
3,0.1,0.1,1.0,0.0,counterfactual_fraction,B,0.0,0.0,0.0,0.0,0.0,0.0,0.8125,0.76,0.86,0.5,0.5,0.5,0.40625,0.38,0.43,0.5,0.5,0.5
3,0.1,0.1,1.0,0.0,raw,A,1.0,1.0,1.0,0.8275,0.75,0.88,0.8275,0.75,0.88,0.5,0.5,0.5,0.41375,0.375,0.44,0.496275,0.475,0.505
3,0.1,0.1,1.0,0.0,raw,B,1.0,1.0,1.0,0.8125,0.76,0.86,0.8125,0.76,0.86,0.5,0.5,0.5,0.41375,0.375,0.44,0.496275,0.475,0.505
3,0.1,0.1,1.0,1.0,activity_normalized,A,0.9975,0.99,1.0,0.825,0.75,0.88,0.8275,0.75,0.88,0.49875,0.495,0.5,0.4125,0.375,0.44,0.49626875,0.475,0.505
3,0.1,0.1,1.0,1.0,activity_normalized,B,1.0,1.0,1.0,0.8125,0.76,0.86,0.8125,0.76,0.86,0.49875,0.495,0.5,0.4125,0.375,0.44,0.49626875,0.475,0.505
3,0.1,0.1,1.0,1.0,counterfactual_fraction,A,0.0125,0.0,0.05,0.0125,0.0,0.05,0.8275,0.75,0.88,0.5025,0.495,0.525,0.409375,0.4,0.43,0.50315625,0.495,0.525
3,0.1,0.1,1.0,1.0,counterfactual_fraction,B,0.0075,0.0,0.02,0.00625,0.0,0.01,0.8125,0.76,0.86,0.5025,0.495,0.525,0.409375,0.4,0.43,0.50315625,0.495,0.525
3,0.1,0.1,1.0,1.0,raw,A,1.0,1.0,1.0,0.8275,0.75,0.88,0.8275,0.75,0.88,0.5,0.5,0.5,0.41375,0.375,0.44,0.4962875,0.475,0.505
3,0.1,0.1,1.0,1.0,raw,B,1.0,1.0,1.0,0.8125,0.76,0.86,0.8125,0.76,0.86,0.5,0.5,0.5,0.41375,0.375,0.44,0.4962875,0.475,0.505
3,0.1,0.25,0.0,0.0,activity_normalized,A,0.83,0.71,0.96,0.83,0.71,0.96,1.0,1.0,1.0,0.53,0.47,0.63,0.53,0.47,0.63,0.52625,0.3855,0.65495
3,0.1,0.25,0.0,0.0,activity_normalized,B,0.77,0.59,0.99,0.77,0.59,0.99,1.0,1.0,1.0,0.53,0.47,0.63,0.53,0.47,0.63,0.52625,0.3855,0.65495
3,0.1,0.25,0.0,0.0,counterfactual_fraction,A,0.0,0.0,0.0,0.0,0.0,0.0,1.0,1.0,1.0,0.5,0.5,0.5,0.5,0.5,0.5,0.5,0.5,0.5
3,0.1,0.25,0.0,0.0,counterfactual_fraction,B,0.0,0.0,0.0,0.0,0.0,0.0,1.0,1.0,1.0,0.5,0.5,0.5,0.5,0.5,0.5,0.5,0.5,0.5
3,0.1,0.25,0.0,0.0,raw,A,1.0,1.0,1.0,1.0,1.0,1.0,1.0,1.0,1.0,0.5,0.5,0.5,0.5,0.5,0.5,0.4956125,0.2621,0.6587
3,0.1,0.25,0.0,0.0,raw,B,1.0,1.0,1.0,1.0,1.0,1.0,1.0,1.0,1.0,0.5,0.5,0.5,0.5,0.5,0.5,0.4956125,0.2621,0.6587
3,0.1,0.25,0.0,1.0,activity_normalized,A,0.98625,0.97,1.0,0.98625,0.97,1.0,1.0,1.0,1.0,0.500625,0.49,0.505,0.500625,0.49,0.505,0.50565625,0.36055,0.64945
3,0.1,0.25,0.0,1.0,activity_normalized,B,0.985,0.96,1.0,0.985,0.96,1.0,1.0,1.0,1.0,0.500625,0.49,0.505,0.500625,0.49,0.505,0.50565625,0.36055,0.64945
3,0.1,0.25,0.0,1.0,counterfactual_fraction,A,0.44,0.07,0.82,0.44,0.07,0.82,1.0,1.0,1.0,0.49624999999999997,0.35,0.65,0.49624999999999997,0.35,0.65,0.4989,0.34125,0.6707
3,0.1,0.25,0.0,1.0,counterfactual_fraction,B,0.4475,0.11,0.89,0.4475,0.11,0.89,1.0,1.0,1.0,0.49624999999999997,0.35,0.65,0.49624999999999997,0.35,0.65,0.4989,0.34125,0.6707
3,0.1,0.25,0.0,1.0,raw,A,1.0,1.0,1.0,1.0,1.0,1.0,1.0,1.0,1.0,0.5,0.5,0.5,0.5,0.5,0.5,0.5021375,0.3347,0.6533
3,0.1,0.25,0.0,1.0,raw,B,1.0,1.0,1.0,1.0,1.0,1.0,1.0,1.0,1.0,0.5,0.5,0.5,0.5,0.5,0.5,0.5021375,0.3347,0.6533
3,0.1,0.25,1.0,0.0,activity_normalized,A,0.8325,0.72,0.96,0.8325,0.72,0.96,1.0,1.0,1.0,0.530625,0.47,0.63,0.530625,0.47,0.63,0.5261,0.38575,0.6539
3,0.1,0.25,1.0,0.0,activity_normalized,B,0.77125,0.59,0.99,0.77125,0.59,0.99,1.0,1.0,1.0,0.530625,0.47,0.63,0.530625,0.47,0.63,0.5261,0.38575,0.6539
3,0.1,0.25,1.0,0.0,counterfactual_fraction,A,0.0,0.0,0.0,0.0,0.0,0.0,1.0,1.0,1.0,0.5,0.5,0.5,0.5,0.5,0.5,0.5,0.5,0.5
3,0.1,0.25,1.0,0.0,counterfactual_fraction,B,0.0,0.0,0.0,0.0,0.0,0.0,1.0,1.0,1.0,0.5,0.5,0.5,0.5,0.5,0.5,0.5,0.5,0.5
3,0.1,0.25,1.0,0.0,raw,A,1.0,1.0,1.0,1.0,1.0,1.0,1.0,1.0,1.0,0.5,0.5,0.5,0.5,0.5,0.5,0.49646250000000003,0.2635,0.6587
3,0.1,0.25,1.0,0.0,raw,B,1.0,1.0,1.0,1.0,1.0,1.0,1.0,1.0,1.0,0.5,0.5,0.5,0.5,0.5,0.5,0.49646250000000003,0.2635,0.6587
3,0.1,0.25,1.0,1.0,activity_normalized,A,0.98875,0.97,1.0,0.98875,0.97,1.0,1.0,1.0,1.0,0.501875,0.49,0.505,0.501875,0.49,0.505,0.50809375,0.3614,0.64975
3,0.1,0.25,1.0,1.0,activity_normalized,B,0.985,0.96,1.0,0.985,0.96,1.0,1.0,1.0,1.0,0.501875,0.49,0.505,0.501875,0.49,0.505,0.50809375,0.3614,0.64975
3,0.1,0.25,1.0,1.0,counterfactual_fraction,A,0.43875,0.07,0.82,0.43875,0.07,0.82,1.0,1.0,1.0,0.495625,0.35,0.65,0.495625,0.35,0.65,0.5000875,0.3447,0.67065
3,0.1,0.25,1.0,1.0,counterfactual_fraction,B,0.4475,0.11,0.89,0.4475,0.11,0.89,1.0,1.0,1.0,0.495625,0.35,0.65,0.495625,0.35,0.65,0.5000875,0.3447,0.67065
3,0.1,0.25,1.0,1.0,raw,A,1.0,1.0,1.0,1.0,1.0,1.0,1.0,1.0,1.0,0.5,0.5,0.5,0.5,0.5,0.5,0.5046625,0.3358,0.6534
3,0.1,0.25,1.0,1.0,raw,B,1.0,1.0,1.0,1.0,1.0,1.0,1.0,1.0,1.0,0.5,0.5,0.5,0.5,0.5,0.5,0.5046625,0.3358,0.6534
3,0.1,0.5,0.0,0.0,activity_normalized,A,0.24625,0.0,0.8,0.24625,0.0,0.8,1.0,1.0,1.0,0.49125,0.325,0.79,0.49125,0.325,0.79,0.50505,0.2833,0.9325
3,0.1,0.5,0.0,0.0,activity_normalized,B,0.26375,0.01,0.88,0.26375,0.01,0.88,1.0,1.0,1.0,0.49125,0.325,0.79,0.49125,0.325,0.79,0.50505,0.2833,0.9325
3,0.1,0.5,0.0,0.0,counterfactual_fraction,A,0.0,0.0,0.0,0.0,0.0,0.0,1.0,1.0,1.0,0.5,0.5,0.5,0.5,0.5,0.5,0.5,0.5,0.5
3,0.1,0.5,0.0,0.0,counterfactual_fraction,B,0.0,0.0,0.0,0.0,0.0,0.0,1.0,1.0,1.0,0.5,0.5,0.5,0.5,0.5,0.5,0.5,0.5,0.5
3,0.1,0.5,0.0,0.0,raw,A,1.0,1.0,1.0,1.0,1.0,1.0,1.0,1.0,1.0,0.5,0.5,0.5,0.5,0.5,0.5,0.4440625,0.058,0.9588
3,0.1,0.5,0.0,0.0,raw,B,1.0,1.0,1.0,1.0,1.0,1.0,1.0,1.0,1.0,0.5,0.5,0.5,0.5,0.5,0.5,0.4440625,0.058,0.9588
3,0.1,0.5,0.0,1.0,activity_normalized,A,0.97875,0.92,1.0,0.97875,0.92,1.0,1.0,1.0,1.0,0.67125,0.51,0.87,0.67125,0.51,0.87,0.8225125,0.5487,0.9812
3,0.1,0.5,0.0,1.0,activity_normalized,B,0.63625,0.26,0.98,0.63625,0.26,0.98,1.0,1.0,1.0,0.67125,0.51,0.87,0.67125,0.51,0.87,0.8225125,0.5487,0.9812
3,0.1,0.5,0.0,1.0,counterfactual_fraction,A,0.9875,0.98,1.0,0.9875,0.98,1.0,1.0,1.0,1.0,0.654375,0.51,0.81,0.654375,0.51,0.81,0.82601875,0.5571,0.97
3,0.1,0.5,0.0,1.0,counterfactual_fraction,B,0.67875,0.37,0.98,0.67875,0.37,0.98,1.0,1.0,1.0,0.654375,0.51,0.81,0.654375,0.51,0.81,0.82601875,0.5571,0.97
3,0.1,0.5,0.0,1.0,raw,A,1.0,1.0,1.0,1.0,1.0,1.0,1.0,1.0,1.0,0.5,0.5,0.5,0.5,0.5,0.5,0.768525,0.5279,0.9816
3,0.1,0.5,0.0,1.0,raw,B,1.0,1.0,1.0,1.0,1.0,1.0,1.0,1.0,1.0,0.5,0.5,0.5,0.5,0.5,0.5,0.768525,0.5279,0.9816
3,0.1,0.5,1.0,0.0,activity_normalized,A,0.32875,0.03,0.82,0.32875,0.03,0.82,1.0,1.0,1.0,0.505625,0.32,0.795,0.505625,0.32,0.795,0.5106375,0.2893,0.9392
3,0.1,0.5,1.0,0.0,activity_normalized,B,0.3175,0.01,0.9,0.3175,0.01,0.9,1.0,1.0,1.0,0.505625,0.32,0.795,0.505625,0.32,0.795,0.5106375,0.2893,0.9392
3,0.1,0.5,1.0,0.0,counterfactual_fraction,A,0.0,0.0,0.0,0.0,0.0,0.0,1.0,1.0,1.0,0.5,0.5,0.5,0.5,0.5,0.5,0.5,0.5,0.5
3,0.1,0.5,1.0,0.0,counterfactual_fraction,B,0.0,0.0,0.0,0.0,0.0,0.0,1.0,1.0,1.0,0.5,0.5,0.5,0.5,0.5,0.5,0.5,0.5,0.5
3,0.1,0.5,1.0,0.0,raw,A,1.0,1.0,1.0,1.0,1.0,1.0,1.0,1.0,1.0,0.5,0.5,0.5,0.5,0.5,0.5,0.4407375,0.06,0.9648
3,0.1,0.5,1.0,0.0,raw,B,1.0,1.0,1.0,1.0,1.0,1.0,1.0,1.0,1.0,0.5,0.5,0.5,0.5,0.5,0.5,0.4407375,0.06,0.9648
3,0.1,0.5,1.0,1.0,activity_normalized,A,0.9975,0.99,1.0,0.9975,0.99,1.0,1.0,1.0,1.0,0.62625,0.505,0.865,0.62625,0.505,0.865,0.825775,0.5867,0.972
3,0.1,0.5,1.0,1.0,activity_normalized,B,0.745,0.27,0.99,0.745,0.27,0.99,1.0,1.0,1.0,0.62625,0.505,0.865,0.62625,0.505,0.865,0.825775,0.5867,0.972
3,0.1,0.5,1.0,1.0,counterfactual_fraction,A,0.99375,0.99,1.0,0.99375,0.99,1.0,1.0,1.0,1.0,0.6175,0.505,0.8,0.6175,0.505,0.8,0.8280375,0.5913,0.9599
3,0.1,0.5,1.0,1.0,counterfactual_fraction,B,0.75875,0.39,0.99,0.75875,0.39,0.99,1.0,1.0,1.0,0.6175,0.505,0.8,0.6175,0.505,0.8,0.8280375,0.5913,0.9599
3,0.1,0.5,1.0,1.0,raw,A,1.0,1.0,1.0,1.0,1.0,1.0,1.0,1.0,1.0,0.5,0.5,0.5,0.5,0.5,0.5,0.800875,0.5656,0.974
3,0.1,0.5,1.0,1.0,raw,B,1.0,1.0,1.0,1.0,1.0,1.0,1.0,1.0,1.0,0.5,0.5,0.5,0.5,0.5,0.5,0.800875,0.5656,0.974
3,0.1,1.0,0.0,0.0,activity_normalized,A,0.0675,0.0,0.29,0.0675,0.0,0.29,1.0,1.0,1.0,0.533125,0.495,0.645,0.533125,0.495,0.645,0.6249875,0.0444,0.9968
3,0.1,1.0,0.0,0.0,activity_normalized,B,0.00125,0.0,0.01,0.00125,0.0,0.01,1.0,1.0,1.0,0.533125,0.495,0.645,0.533125,0.495,0.645,0.6249875,0.0444,0.9968
3,0.1,1.0,0.0,0.0,counterfactual_fraction,A,0.0,0.0,0.0,0.0,0.0,0.0,1.0,1.0,1.0,0.5,0.5,0.5,0.5,0.5,0.5,0.5,0.5,0.5
3,0.1,1.0,0.0,0.0,counterfactual_fraction,B,0.0,0.0,0.0,0.0,0.0,0.0,1.0,1.0,1.0,0.5,0.5,0.5,0.5,0.5,0.5,0.5,0.5,0.5
3,0.1,1.0,0.0,0.0,raw,A,0.00625,0.0,0.05,0.00625,0.0,0.05,1.0,1.0,1.0,0.503125,0.5,0.525,0.503125,0.5,0.525,0.4323125,0.0024,0.9765
3,0.1,1.0,0.0,0.0,raw,B,0.0,0.0,0.0,0.0,0.0,0.0,1.0,1.0,1.0,0.503125,0.5,0.525,0.503125,0.5,0.525,0.4323125,0.0024,0.9765
3,0.1,1.0,0.0,1.0,activity_normalized,A,0.19124999999999998,0.0,0.95,0.19124999999999998,0.0,0.95,1.0,1.0,1.0,0.595625,0.5,0.975,0.595625,0.5,0.975,0.936025,0.6684,1.0
3,0.1,1.0,0.0,1.0,activity_normalized,B,0.0,0.0,0.0,0.0,0.0,0.0,1.0,1.0,1.0,0.595625,0.5,0.975,0.595625,0.5,0.975,0.936025,0.6684,1.0
3,0.1,1.0,0.0,1.0,counterfactual_fraction,A,0.21,0.0,0.99,0.21,0.0,0.99,1.0,1.0,1.0,0.605,0.5,0.995,0.605,0.5,0.995,0.93695,0.6901,1.0
3,0.1,1.0,0.0,1.0,counterfactual_fraction,B,0.0,0.0,0.0,0.0,0.0,0.0,1.0,1.0,1.0,0.605,0.5,0.995,0.605,0.5,0.995,0.93695,0.6901,1.0
3,0.1,1.0,0.0,1.0,raw,A,0.12625,0.0,0.65,0.12625,0.0,0.65,1.0,1.0,1.0,0.563125,0.5,0.825,0.563125,0.5,0.825,0.740225,0.2872,1.0
3,0.1,1.0,0.0,1.0,raw,B,0.0,0.0,0.0,0.0,0.0,0.0,1.0,1.0,1.0,0.563125,0.5,0.825,0.563125,0.5,0.825,0.740225,0.2872,1.0
3,0.1,1.0,1.0,0.0,activity_normalized,A,0.5625,0.0,0.98,0.5625,0.0,0.98,1.0,1.0,1.0,0.670625,0.465,0.965,0.670625,0.465,0.965,0.5955,0.0354,0.9976
3,0.1,1.0,1.0,0.0,activity_normalized,B,0.22125,0.01,0.79,0.22125,0.01,0.79,1.0,1.0,1.0,0.670625,0.465,0.965,0.670625,0.465,0.965,0.5955,0.0354,0.9976
3,0.1,1.0,1.0,0.0,counterfactual_fraction,A,0.0,0.0,0.0,0.0,0.0,0.0,1.0,1.0,1.0,0.5,0.5,0.5,0.5,0.5,0.5,0.5,0.5,0.5
3,0.1,1.0,1.0,0.0,counterfactual_fraction,B,0.0,0.0,0.0,0.0,0.0,0.0,1.0,1.0,1.0,0.5,0.5,0.5,0.5,0.5,0.5,0.5,0.5,0.5
3,0.1,1.0,1.0,0.0,raw,A,0.39375,0.0,0.95,0.39375,0.0,0.95,1.0,1.0,1.0,0.56125,0.355,0.93,0.56125,0.355,0.93,0.394525,0.0035,0.9854
3,0.1,1.0,1.0,0.0,raw,B,0.27125,0.01,0.88,0.27125,0.01,0.88,1.0,1.0,1.0,0.56125,0.355,0.93,0.56125,0.355,0.93,0.394525,0.0035,0.9854
3,0.1,1.0,1.0,1.0,activity_normalized,A,0.94625,0.78,1.0,0.94625,0.78,1.0,1.0,1.0,1.0,0.92625,0.735,1.0,0.92625,0.735,1.0,0.9580500000000001,0.8323,1.0
3,0.1,1.0,1.0,1.0,activity_normalized,B,0.09375,0.0,0.43,0.09375,0.0,0.43,1.0,1.0,1.0,0.92625,0.735,1.0,0.92625,0.735,1.0,0.9580500000000001,0.8323,1.0
3,0.1,1.0,1.0,1.0,counterfactual_fraction,A,0.93875,0.8,1.0,0.93875,0.8,1.0,1.0,1.0,1.0,0.9393750000000001,0.8,1.0,0.9393750000000001,0.8,1.0,0.9651375,0.8589,1.0
3,0.1,1.0,1.0,1.0,counterfactual_fraction,B,0.06,0.0,0.24,0.06,0.0,0.24,1.0,1.0,1.0,0.9393750000000001,0.8,1.0,0.9393750000000001,0.8,1.0,0.9651375,0.8589,1.0
3,0.1,1.0,1.0,1.0,raw,A,0.9125,0.72,1.0,0.9125,0.72,1.0,1.0,1.0,1.0,0.90125,0.69,1.0,0.90125,0.69,1.0,0.9336,0.7359,1.0
3,0.1,1.0,1.0,1.0,raw,B,0.11,0.0,0.36,0.11,0.0,0.36,1.0,1.0,1.0,0.90125,0.69,1.0,0.90125,0.69,1.0,0.9336,0.7359,1.0
3,0.4,0.0,0.0,0.0,activity_normalized,A,0.30625,0.06,0.81,0.0125,0.0,0.05,0.05375,0.03,0.08,,,,,,,,,
3,0.4,0.0,0.0,0.0,activity_normalized,B,0.33125,0.06,0.86,0.01375,0.0,0.06,0.05,0.01,0.07,,,,,,,,,
3,0.4,0.0,0.0,0.0,counterfactual_fraction,A,0.0,0.0,0.0,0.0,0.0,0.0,0.05375,0.03,0.08,,,,,,,,,
3,0.4,0.0,0.0,0.0,counterfactual_fraction,B,0.0,0.0,0.0,0.0,0.0,0.0,0.05,0.01,0.07,,,,,,,,,
3,0.4,0.0,0.0,0.0,raw,A,0.98875,0.95,1.0,0.051250000000000004,0.03,0.08,0.05375,0.03,0.08,,,,,,,,,
3,0.4,0.0,0.0,0.0,raw,B,0.985,0.93,1.0,0.045,0.01,0.07,0.05,0.01,0.07,,,,,,,,,
3,0.4,0.0,0.0,1.0,activity_normalized,A,0.01125,0.0,0.03,0.0,0.0,0.0,0.05375,0.03,0.08,,,,,,,,,
3,0.4,0.0,0.0,1.0,activity_normalized,B,0.00875,0.0,0.03,0.0,0.0,0.0,0.05,0.01,0.07,,,,,,,,,
3,0.4,0.0,0.0,1.0,counterfactual_fraction,A,0.005,0.0,0.02,0.0,0.0,0.0,0.05375,0.03,0.08,,,,,,,,,
3,0.4,0.0,0.0,1.0,counterfactual_fraction,B,0.00625,0.0,0.03,0.0,0.0,0.0,0.05,0.01,0.07,,,,,,,,,
3,0.4,0.0,0.0,1.0,raw,A,0.6125,0.4,0.8,0.01125,0.0,0.02,0.05375,0.03,0.08,,,,,,,,,
3,0.4,0.0,0.0,1.0,raw,B,0.645,0.4,0.74,0.0125,0.0,0.02,0.05,0.01,0.07,,,,,,,,,
3,0.4,0.0,1.0,0.0,activity_normalized,A,0.37375,0.08,0.84,0.01625,0.0,0.05,0.05375,0.03,0.08,,,,,,,,,
3,0.4,0.0,1.0,0.0,activity_normalized,B,0.40249999999999997,0.13,0.87,0.0175,0.0,0.06,0.05,0.01,0.07,,,,,,,,,
3,0.4,0.0,1.0,0.0,counterfactual_fraction,A,0.0,0.0,0.0,0.0,0.0,0.0,0.05375,0.03,0.08,,,,,,,,,
3,0.4,0.0,1.0,0.0,counterfactual_fraction,B,0.0,0.0,0.0,0.0,0.0,0.0,0.05,0.01,0.07,,,,,,,,,
3,0.4,0.0,1.0,0.0,raw,A,1.0,1.0,1.0,0.05375,0.03,0.08,0.05375,0.03,0.08,,,,,,,,,
3,0.4,0.0,1.0,0.0,raw,B,1.0,1.0,1.0,0.05,0.01,0.07,0.05,0.01,0.07,,,,,,,,,
3,0.4,0.0,1.0,1.0,activity_normalized,A,0.02,0.0,0.04,0.0,0.0,0.0,0.05375,0.03,0.08,,,,,,,,,
3,0.4,0.0,1.0,1.0,activity_normalized,B,0.01875,0.01,0.04,0.0,0.0,0.0,0.05,0.01,0.07,,,,,,,,,
3,0.4,0.0,1.0,1.0,counterfactual_fraction,A,0.008749999999999999,0.0,0.03,0.0,0.0,0.0,0.05375,0.03,0.08,,,,,,,,,
3,0.4,0.0,1.0,1.0,counterfactual_fraction,B,0.01125,0.0,0.03,0.0,0.0,0.0,0.05,0.01,0.07,,,,,,,,,
3,0.4,0.0,1.0,1.0,raw,A,0.785,0.53,0.95,0.0275,0.01,0.04,0.05375,0.03,0.08,,,,,,,,,
3,0.4,0.0,1.0,1.0,raw,B,0.7825,0.47,0.89,0.0225,0.0,0.04,0.05,0.01,0.07,,,,,,,,,
3,0.4,0.1,0.0,0.0,activity_normalized,A,0.28500000000000003,0.05,0.81,0.0325,0.0,0.14,0.135,0.08,0.17,0.48625,0.465,0.52,0.071875,0.05,0.095,0.4934875,0.4601,0.547
3,0.4,0.1,0.0,0.0,activity_normalized,B,0.3125,0.05,0.86,0.0325,0.0,0.13,0.14375,0.09,0.19,0.48625,0.465,0.52,0.071875,0.05,0.095,0.4934875,0.4601,0.547
3,0.4,0.1,0.0,0.0,counterfactual_fraction,A,0.0,0.0,0.0,0.0,0.0,0.0,0.135,0.08,0.17,0.5,0.5,0.5,0.071875,0.045,0.095,0.5,0.5,0.5
3,0.4,0.1,0.0,0.0,counterfactual_fraction,B,0.0,0.0,0.0,0.0,0.0,0.0,0.14375,0.09,0.19,0.5,0.5,0.5,0.071875,0.045,0.095,0.5,0.5,0.5
3,0.4,0.1,0.0,0.0,raw,A,0.98,0.92,1.0,0.12875,0.08,0.16,0.135,0.08,0.17,0.500625,0.485,0.535,0.07062500000000001,0.045,0.085,0.480775,0.4471,0.5011
3,0.4,0.1,0.0,0.0,raw,B,0.97875,0.92,1.0,0.13125,0.08,0.18,0.14375,0.09,0.19,0.500625,0.485,0.535,0.07062500000000001,0.045,0.085,0.480775,0.4471,0.5011
3,0.4,0.1,0.0,1.0,activity_normalized,A,0.0075,0.0,0.02,0.0025,0.0,0.02,0.135,0.08,0.17,0.498125,0.485,0.51,0.073125,0.045,0.095,0.5002875,0.459,0.5318
3,0.4,0.1,0.0,1.0,activity_normalized,B,0.01125,0.0,0.04,0.0,0.0,0.0,0.14375,0.09,0.19,0.498125,0.485,0.51,0.073125,0.045,0.095,0.5002875,0.459,0.5318
3,0.4,0.1,0.0,1.0,counterfactual_fraction,A,0.00625,0.0,0.03,0.0,0.0,0.0,0.135,0.08,0.17,0.49875,0.485,0.515,0.07125000000000001,0.045,0.095,0.505325,0.4344,0.5693
3,0.4,0.1,0.0,1.0,counterfactual_fraction,B,0.008749999999999999,0.0,0.03,0.00125,0.0,0.01,0.14375,0.09,0.19,0.49875,0.485,0.515,0.07125000000000001,0.045,0.095,0.505325,0.4344,0.5693
3,0.4,0.1,0.0,1.0,raw,A,0.5775,0.38,0.77,0.0375,0.0,0.07,0.135,0.08,0.17,0.4875,0.41,0.54,0.0675,0.035,0.105,0.4816875,0.4316,0.5266
3,0.4,0.1,0.0,1.0,raw,B,0.6025,0.35,0.72,0.04625,0.01,0.09,0.14375,0.09,0.19,0.4875,0.41,0.54,0.0675,0.035,0.105,0.4816875,0.4316,0.5266
3,0.4,0.1,1.0,0.0,activity_normalized,A,0.37375,0.09,0.84,0.04875,0.0,0.14,0.135,0.08,0.17,0.490625,0.465,0.55,0.0725,0.06,0.095,0.4919125,0.4559,0.5517
3,0.4,0.1,1.0,0.0,activity_normalized,B,0.3925,0.15,0.86,0.0475,0.0,0.13,0.14375,0.09,0.19,0.490625,0.465,0.55,0.0725,0.06,0.095,0.4919125,0.4559,0.5517
3,0.4,0.1,1.0,0.0,counterfactual_fraction,A,0.0,0.0,0.0,0.0,0.0,0.0,0.135,0.08,0.17,0.5,0.5,0.5,0.071875,0.045,0.095,0.5,0.5,0.5
3,0.4,0.1,1.0,0.0,counterfactual_fraction,B,0.0,0.0,0.0,0.0,0.0,0.0,0.14375,0.09,0.19,0.5,0.5,0.5,0.071875,0.045,0.095,0.5,0.5,0.5
3,0.4,0.1,1.0,0.0,raw,A,1.0,1.0,1.0,0.135,0.08,0.17,0.135,0.08,0.17,0.500625,0.5,0.505,0.068125,0.04,0.085,0.47914999999999996,0.4478,0.5062
3,0.4,0.1,1.0,0.0,raw,B,0.99875,0.99,1.0,0.14250000000000002,0.09,0.19,0.14375,0.09,0.19,0.500625,0.5,0.505,0.068125,0.04,0.085,0.47914999999999996,0.4478,0.5062
3,0.4,0.1,1.0,1.0,activity_normalized,A,0.026250000000000002,0.01,0.04,0.00375,0.0,0.02,0.135,0.08,0.17,0.496875,0.48,0.505,0.073125,0.05,0.095,0.4979875,0.4625,0.5404
3,0.4,0.1,1.0,1.0,activity_normalized,B,0.0325,0.01,0.06,0.00125,0.0,0.01,0.14375,0.09,0.19,0.496875,0.48,0.505,0.073125,0.05,0.095,0.4979875,0.4625,0.5404
3,0.4,0.1,1.0,1.0,counterfactual_fraction,A,0.01875,0.0,0.04,0.00375,0.0,0.02,0.135,0.08,0.17,0.499375,0.485,0.515,0.071875,0.05,0.095,0.5022,0.4341,0.5558
3,0.4,0.1,1.0,1.0,counterfactual_fraction,B,0.02,0.0,0.04,0.00375,0.0,0.01,0.14375,0.09,0.19,0.499375,0.485,0.515,0.071875,0.05,0.095,0.5022,0.4341,0.5558
3,0.4,0.1,1.0,1.0,raw,A,0.77875,0.51,0.95,0.08125,0.01,0.11,0.135,0.08,0.17,0.499375,0.45,0.54,0.06875,0.045,0.085,0.47886249999999997,0.4236,0.5296
3,0.4,0.1,1.0,1.0,raw,B,0.78,0.48,0.89,0.0875,0.04,0.15,0.14375,0.09,0.19,0.499375,0.45,0.54,0.06875,0.045,0.085,0.47886249999999997,0.4236,0.5296
3,0.4,0.25,0.0,0.0,activity_normalized,A,0.2475,0.01,0.82,0.11,0.01,0.44,0.47625,0.42,0.52,0.484375,0.465,0.51,0.21625,0.18,0.245,0.4945,0.4507,0.5646
3,0.4,0.25,0.0,0.0,activity_normalized,B,0.27875,0.07,0.84,0.11,0.01,0.42,0.4325,0.34,0.49,0.484375,0.465,0.51,0.21625,0.18,0.245,0.4945,0.4507,0.5646
3,0.4,0.25,0.0,0.0,counterfactual_fraction,A,0.0,0.0,0.0,0.0,0.0,0.0,0.47625,0.42,0.52,0.5,0.5,0.5,0.21625,0.17,0.245,0.5,0.5,0.5
3,0.4,0.25,0.0,0.0,counterfactual_fraction,B,0.0,0.0,0.0,0.0,0.0,0.0,0.4325,0.34,0.49,0.5,0.5,0.5,0.21625,0.17,0.245,0.5,0.5,0.5
3,0.4,0.25,0.0,0.0,raw,A,0.945,0.77,1.0,0.4375,0.25,0.52,0.47625,0.42,0.52,0.50125,0.46,0.53,0.2425,0.195,0.28,0.4859625,0.4356,0.5081
3,0.4,0.25,0.0,0.0,raw,B,0.9425,0.85,1.0,0.385,0.31,0.46,0.4325,0.34,0.49,0.50125,0.46,0.53,0.2425,0.195,0.28,0.4859625,0.4356,0.5081
3,0.4,0.25,0.0,1.0,activity_normalized,A,0.015,0.0,0.03,0.00375,0.0,0.01,0.47625,0.42,0.52,0.500625,0.49,0.51,0.2175,0.17,0.25,0.5173,0.4623,0.5545
3,0.4,0.25,0.0,1.0,activity_normalized,B,0.01375,0.0,0.04,0.00125,0.0,0.01,0.4325,0.34,0.49,0.500625,0.49,0.51,0.2175,0.17,0.25,0.5173,0.4623,0.5545
3,0.4,0.25,0.0,1.0,counterfactual_fraction,A,0.01625,0.0,0.05,0.005,0.0,0.02,0.47625,0.42,0.52,0.50375,0.495,0.525,0.218125,0.17,0.255,0.5230125,0.4426,0.5764
3,0.4,0.25,0.0,1.0,counterfactual_fraction,B,0.008749999999999999,0.0,0.03,0.00125,0.0,0.01,0.4325,0.34,0.49,0.50375,0.495,0.525,0.218125,0.17,0.255,0.5230125,0.4426,0.5764
3,0.4,0.25,0.0,1.0,raw,A,0.49375,0.33,0.67,0.15125,0.07,0.23,0.47625,0.42,0.52,0.49375,0.445,0.525,0.226875,0.175,0.295,0.492775,0.4498,0.5343
3,0.4,0.25,0.0,1.0,raw,B,0.50625,0.31,0.65,0.13,0.06,0.24,0.4325,0.34,0.49,0.49375,0.445,0.525,0.226875,0.175,0.295,0.492775,0.4498,0.5343
3,0.4,0.25,1.0,0.0,activity_normalized,A,0.35875,0.06,0.86,0.175,0.03,0.47,0.47625,0.42,0.52,0.4875,0.455,0.54,0.221875,0.2,0.245,0.492825,0.4517,0.5698
3,0.4,0.25,1.0,0.0,activity_normalized,B,0.38375000000000004,0.12,0.87,0.16375,0.05,0.43,0.4325,0.34,0.49,0.4875,0.455,0.54,0.221875,0.2,0.245,0.492825,0.4517,0.5698
3,0.4,0.25,1.0,0.0,counterfactual_fraction,A,0.0,0.0,0.0,0.0,0.0,0.0,0.47625,0.42,0.52,0.5,0.5,0.5,0.21625,0.17,0.245,0.5,0.5,0.5
3,0.4,0.25,1.0,0.0,counterfactual_fraction,B,0.0,0.0,0.0,0.0,0.0,0.0,0.4325,0.34,0.49,0.5,0.5,0.5,0.21625,0.17,0.245,0.5,0.5,0.5
3,0.4,0.25,1.0,0.0,raw,A,0.9975,0.99,1.0,0.47375,0.41,0.52,0.47625,0.42,0.52,0.50125,0.495,0.515,0.239375,0.215,0.26,0.48535,0.4358,0.5105
3,0.4,0.25,1.0,0.0,raw,B,0.995,0.96,1.0,0.4275,0.34,0.49,0.4325,0.34,0.49,0.50125,0.495,0.515,0.239375,0.215,0.26,0.48535,0.4358,0.5105
3,0.4,0.25,1.0,1.0,activity_normalized,A,0.06125,0.03,0.08,0.02625,0.01,0.05,0.47625,0.42,0.52,0.501875,0.48,0.52,0.22562500000000002,0.185,0.255,0.5121875,0.4634,0.555
3,0.4,0.25,1.0,1.0,activity_normalized,B,0.0575,0.02,0.1,0.007500000000000001,0.0,0.02,0.4325,0.34,0.49,0.501875,0.48,0.52,0.22562500000000002,0.185,0.255,0.5121875,0.4634,0.555
3,0.4,0.25,1.0,1.0,counterfactual_fraction,A,0.04,0.02,0.06,0.015,0.0,0.03,0.47625,0.42,0.52,0.5,0.465,0.515,0.22,0.18,0.255,0.5175125,0.4413,0.568
3,0.4,0.25,1.0,1.0,counterfactual_fraction,B,0.04,0.02,0.09,0.0075,0.0,0.02,0.4325,0.34,0.49,0.5,0.465,0.515,0.22,0.18,0.255,0.5175125,0.4413,0.568
3,0.4,0.25,1.0,1.0,raw,A,0.7625,0.49,0.93,0.32375,0.15,0.47,0.47625,0.42,0.52,0.49875,0.465,0.53,0.23249999999999998,0.185,0.295,0.4924,0.4392,0.5385
3,0.4,0.25,1.0,1.0,raw,B,0.765,0.44,0.88,0.29125,0.12,0.4,0.4325,0.34,0.49,0.49875,0.465,0.53,0.23249999999999998,0.185,0.295,0.4924,0.4392,0.5385
3,0.4,0.5,0.0,0.0,activity_normalized,A,0.16999999999999998,0.0,0.84,0.1625,0.0,0.81,0.9675,0.96,0.98,0.4975,0.465,0.53,0.483125,0.455,0.515,0.4999375,0.4574,0.5596
3,0.4,0.5,0.0,0.0,activity_normalized,B,0.175,0.0,0.78,0.16625,0.0,0.76,0.97,0.95,0.99,0.4975,0.465,0.53,0.483125,0.455,0.515,0.4999375,0.4574,0.5596
3,0.4,0.5,0.0,0.0,counterfactual_fraction,A,0.0,0.0,0.0,0.0,0.0,0.0,0.9675,0.96,0.98,0.5,0.5,0.5,0.485,0.475,0.495,0.5,0.5,0.5
3,0.4,0.5,0.0,0.0,counterfactual_fraction,B,0.0,0.0,0.0,0.0,0.0,0.0,0.97,0.95,0.99,0.5,0.5,0.5,0.485,0.475,0.495,0.5,0.5,0.5
3,0.4,0.5,0.0,0.0,raw,A,0.7637499999999999,0.37,0.96,0.73125,0.35,0.92,0.9675,0.96,0.98,0.505625,0.46,0.535,0.48812500000000003,0.445,0.525,0.4899375,0.4093,0.5311
3,0.4,0.5,0.0,0.0,raw,B,0.7525000000000001,0.45,0.96,0.725,0.42,0.94,0.97,0.95,0.99,0.505625,0.46,0.535,0.48812500000000003,0.445,0.525,0.4899375,0.4093,0.5311
3,0.4,0.5,0.0,1.0,activity_normalized,A,0.0225,0.0,0.05,0.02,0.0,0.05,0.9675,0.96,0.98,0.50625,0.495,0.52,0.490625,0.48,0.5,0.5551875000000001,0.485,0.6368
3,0.4,0.5,0.0,1.0,activity_normalized,B,0.01,0.0,0.04,0.00875,0.0,0.04,0.97,0.95,0.99,0.50625,0.495,0.52,0.490625,0.48,0.5,0.5551875000000001,0.485,0.6368
3,0.4,0.5,0.0,1.0,counterfactual_fraction,A,0.02375,0.0,0.08,0.02375,0.0,0.08,0.9675,0.96,0.98,0.508125,0.5,0.535,0.49375,0.48,0.52,0.558625,0.4586,0.6243
3,0.4,0.5,0.0,1.0,counterfactual_fraction,B,0.0075,0.0,0.03,0.00625,0.0,0.03,0.97,0.95,0.99,0.508125,0.5,0.535,0.49375,0.48,0.52,0.558625,0.4586,0.6243
3,0.4,0.5,0.0,1.0,raw,A,0.2625,0.14,0.4,0.23625000000000002,0.11,0.38,0.9675,0.96,0.98,0.49875,0.47,0.535,0.48,0.45,0.515,0.5183125,0.4677,0.5773
3,0.4,0.5,0.0,1.0,raw,B,0.265,0.14,0.46,0.24625,0.12,0.43,0.97,0.95,0.99,0.49875,0.47,0.535,0.48,0.45,0.515,0.5183125,0.4677,0.5773
3,0.4,0.5,1.0,0.0,activity_normalized,A,0.35625,0.03,0.88,0.34249999999999997,0.03,0.85,0.9675,0.96,0.98,0.494375,0.44,0.55,0.479375,0.435,0.53,0.4987125,0.438,0.5731
3,0.4,0.5,1.0,0.0,activity_normalized,B,0.3675,0.08,0.86,0.35375,0.07,0.84,0.97,0.95,0.99,0.494375,0.44,0.55,0.479375,0.435,0.53,0.4987125,0.438,0.5731
3,0.4,0.5,1.0,0.0,counterfactual_fraction,A,0.0,0.0,0.0,0.0,0.0,0.0,0.9675,0.96,0.98,0.5,0.5,0.5,0.485,0.475,0.495,0.5,0.5,0.5
3,0.4,0.5,1.0,0.0,counterfactual_fraction,B,0.0,0.0,0.0,0.0,0.0,0.0,0.97,0.95,0.99,0.5,0.5,0.5,0.485,0.475,0.495,0.5,0.5,0.5
3,0.4,0.5,1.0,0.0,raw,A,0.96375,0.78,1.0,0.93125,0.76,0.97,0.9675,0.96,0.98,0.493125,0.455,0.515,0.476875,0.445,0.495,0.4885125,0.4007,0.5326
3,0.4,0.5,1.0,0.0,raw,B,0.9775,0.87,1.0,0.9475,0.83,0.98,0.97,0.95,0.99,0.493125,0.455,0.515,0.476875,0.445,0.495,0.4885125,0.4007,0.5326
3,0.4,0.5,1.0,1.0,activity_normalized,A,0.20875,0.07,0.26,0.2,0.07,0.24,0.9675,0.96,0.98,0.5225,0.48,0.565,0.5075000000000001,0.47,0.54,0.55185,0.4801,0.6042
3,0.4,0.5,1.0,1.0,activity_normalized,B,0.16375,0.06,0.24,0.155,0.06,0.23,0.97,0.95,0.99,0.5225,0.48,0.565,0.5075000000000001,0.47,0.54,0.55185,0.4801,0.6042
3,0.4,0.5,1.0,1.0,counterfactual_fraction,A,0.17,0.11,0.28,0.1625,0.1,0.27,0.9675,0.96,0.98,0.52125,0.48,0.605,0.504375,0.465,0.585,0.5550375,0.4613,0.6095
3,0.4,0.5,1.0,1.0,counterfactual_fraction,B,0.1275,0.05,0.23,0.12375,0.05,0.22,0.97,0.95,0.99,0.52125,0.48,0.605,0.504375,0.465,0.585,0.5550375,0.4613,0.6095
3,0.4,0.5,1.0,1.0,raw,A,0.7375,0.47,0.92,0.7075,0.44,0.88,0.9675,0.96,0.98,0.511875,0.47,0.57,0.49625,0.46,0.55,0.5284125000000001,0.4714,0.5836
3,0.4,0.5,1.0,1.0,raw,B,0.71375,0.4,0.84,0.685,0.38,0.8,0.97,0.95,0.99,0.511875,0.47,0.57,0.49625,0.46,0.55,0.5284125000000001,0.4714,0.5836
3,0.4,1.0,0.0,0.0,activity_normalized,A,0.11125,0.0,0.89,0.11125,0.0,0.89,1.0,1.0,1.0,0.4975,0.485,0.5,0.4975,0.485,0.5,0.5139,0.4615,0.6774
3,0.4,1.0,0.0,0.0,activity_normalized,B,0.11625,0.0,0.92,0.11625,0.0,0.92,1.0,1.0,1.0,0.4975,0.485,0.5,0.4975,0.485,0.5,0.5139,0.4615,0.6774
3,0.4,1.0,0.0,0.0,counterfactual_fraction,A,0.0,0.0,0.0,0.0,0.0,0.0,1.0,1.0,1.0,0.5,0.5,0.5,0.5,0.5,0.5,0.5,0.5,0.5
3,0.4,1.0,0.0,0.0,counterfactual_fraction,B,0.0,0.0,0.0,0.0,0.0,0.0,1.0,1.0,1.0,0.5,0.5,0.5,0.5,0.5,0.5,0.5,0.5,0.5
3,0.4,1.0,0.0,0.0,raw,A,0.025,0.0,0.1,0.025,0.0,0.1,1.0,1.0,1.0,0.501875,0.49,0.52,0.501875,0.49,0.52,0.493725,0.3518,0.6061
3,0.4,1.0,0.0,0.0,raw,B,0.021249999999999998,0.0,0.08,0.021249999999999998,0.0,0.08,1.0,1.0,1.0,0.501875,0.49,0.52,0.501875,0.49,0.52,0.493725,0.3518,0.6061
3,0.4,1.0,0.0,1.0,activity_normalized,A,0.0,0.0,0.0,0.0,0.0,0.0,1.0,1.0,1.0,0.5,0.5,0.5,0.5,0.5,0.5,0.666475,0.5405,0.8169
3,0.4,1.0,0.0,1.0,activity_normalized,B,0.0,0.0,0.0,0.0,0.0,0.0,1.0,1.0,1.0,0.5,0.5,0.5,0.5,0.5,0.5,0.666475,0.5405,0.8169
3,0.4,1.0,0.0,1.0,counterfactual_fraction,A,0.005,0.0,0.04,0.005,0.0,0.04,1.0,1.0,1.0,0.501875,0.5,0.515,0.501875,0.5,0.515,0.670875,0.5176,0.7987
3,0.4,1.0,0.0,1.0,counterfactual_fraction,B,0.00125,0.0,0.01,0.00125,0.0,0.01,1.0,1.0,1.0,0.501875,0.5,0.515,0.501875,0.5,0.515,0.670875,0.5176,0.7987
3,0.4,1.0,0.0,1.0,raw,A,0.0025,0.0,0.01,0.0025,0.0,0.01,1.0,1.0,1.0,0.50125,0.5,0.505,0.50125,0.5,0.505,0.5757375,0.5082,0.6763
3,0.4,1.0,0.0,1.0,raw,B,0.0,0.0,0.0,0.0,0.0,0.0,1.0,1.0,1.0,0.50125,0.5,0.505,0.50125,0.5,0.505,0.5757375,0.5082,0.6763
3,0.4,1.0,1.0,0.0,activity_normalized,A,0.31,0.0,0.99,0.31,0.0,0.99,1.0,1.0,1.0,0.4975,0.46,0.58,0.4975,0.46,0.58,0.505625,0.3633,0.6976
3,0.4,1.0,1.0,0.0,activity_normalized,B,0.315,0.07,1.0,0.315,0.07,1.0,1.0,1.0,1.0,0.4975,0.46,0.58,0.4975,0.46,0.58,0.505625,0.3633,0.6976
3,0.4,1.0,1.0,0.0,counterfactual_fraction,A,0.0,0.0,0.0,0.0,0.0,0.0,1.0,1.0,1.0,0.5,0.5,0.5,0.5,0.5,0.5,0.5,0.5,0.5
3,0.4,1.0,1.0,0.0,counterfactual_fraction,B,0.0,0.0,0.0,0.0,0.0,0.0,1.0,1.0,1.0,0.5,0.5,0.5,0.5,0.5,0.5,0.5,0.5,0.5
3,0.4,1.0,1.0,0.0,raw,A,0.525,0.01,0.98,0.525,0.01,0.98,1.0,1.0,1.0,0.505625,0.47,0.58,0.505625,0.47,0.58,0.4929875,0.3193,0.6094
3,0.4,1.0,1.0,0.0,raw,B,0.51375,0.01,0.97,0.51375,0.01,0.97,1.0,1.0,1.0,0.505625,0.47,0.58,0.505625,0.47,0.58,0.4929875,0.3193,0.6094
3,0.4,1.0,1.0,1.0,activity_normalized,A,0.65,0.4,0.74,0.65,0.4,0.74,1.0,1.0,1.0,0.63375,0.555,0.745,0.63375,0.555,0.745,0.694175,0.5801,0.8362
3,0.4,1.0,1.0,1.0,activity_normalized,B,0.3825,0.12,0.61,0.3825,0.12,0.61,1.0,1.0,1.0,0.63375,0.555,0.745,0.63375,0.555,0.745,0.694175,0.5801,0.8362
3,0.4,1.0,1.0,1.0,counterfactual_fraction,A,0.56625,0.44,0.67,0.56625,0.44,0.67,1.0,1.0,1.0,0.64375,0.55,0.76,0.64375,0.55,0.76,0.69755,0.5618,0.87
3,0.4,1.0,1.0,1.0,counterfactual_fraction,B,0.27875,0.1,0.47,0.27875,0.1,0.47,1.0,1.0,1.0,0.64375,0.55,0.76,0.64375,0.55,0.76,0.69755,0.5618,0.87
3,0.4,1.0,1.0,1.0,raw,A,0.59,0.27,0.85,0.59,0.27,0.85,1.0,1.0,1.0,0.603125,0.51,0.735,0.603125,0.51,0.735,0.6598125,0.5473,0.8245
3,0.4,1.0,1.0,1.0,raw,B,0.38375,0.08,0.7,0.38375,0.08,0.7,1.0,1.0,1.0,0.603125,0.51,0.735,0.603125,0.51,0.735,0.6598125,0.5473,0.8245
4,0.1,0.0,0.0,0.0,activity_normalized,A,0.99875,0.99,1.0,0.051250000000000004,0.02,0.08,0.051250000000000004,0.02,0.08,,,,,,,,,
4,0.1,0.0,0.0,0.0,activity_normalized,B,1.0,1.0,1.0,0.0425,0.02,0.07,0.0425,0.02,0.07,,,,,,,,,
4,0.1,0.0,0.0,0.0,counterfactual_fraction,A,0.0,0.0,0.0,0.0,0.0,0.0,0.051250000000000004,0.02,0.08,,,,,,,,,
4,0.1,0.0,0.0,0.0,counterfactual_fraction,B,0.0,0.0,0.0,0.0,0.0,0.0,0.0425,0.02,0.07,,,,,,,,,
4,0.1,0.0,0.0,0.0,raw,A,1.0,1.0,1.0,0.051250000000000004,0.02,0.08,0.051250000000000004,0.02,0.08,,,,,,,,,
4,0.1,0.0,0.0,0.0,raw,B,1.0,1.0,1.0,0.0425,0.02,0.07,0.0425,0.02,0.07,,,,,,,,,
4,0.1,0.0,0.0,1.0,activity_normalized,A,0.99875,0.99,1.0,0.051250000000000004,0.02,0.08,0.051250000000000004,0.02,0.08,,,,,,,,,
4,0.1,0.0,0.0,1.0,activity_normalized,B,1.0,1.0,1.0,0.0425,0.02,0.07,0.0425,0.02,0.07,,,,,,,,,
4,0.1,0.0,0.0,1.0,counterfactual_fraction,A,0.0,0.0,0.0,0.0,0.0,0.0,0.051250000000000004,0.02,0.08,,,,,,,,,
4,0.1,0.0,0.0,1.0,counterfactual_fraction,B,0.0,0.0,0.0,0.0,0.0,0.0,0.0425,0.02,0.07,,,,,,,,,
4,0.1,0.0,0.0,1.0,raw,A,1.0,1.0,1.0,0.051250000000000004,0.02,0.08,0.051250000000000004,0.02,0.08,,,,,,,,,
4,0.1,0.0,0.0,1.0,raw,B,1.0,1.0,1.0,0.0425,0.02,0.07,0.0425,0.02,0.07,,,,,,,,,
4,0.1,0.0,1.0,0.0,activity_normalized,A,0.99875,0.99,1.0,0.051250000000000004,0.02,0.08,0.051250000000000004,0.02,0.08,,,,,,,,,
4,0.1,0.0,1.0,0.0,activity_normalized,B,1.0,1.0,1.0,0.0425,0.02,0.07,0.0425,0.02,0.07,,,,,,,,,
4,0.1,0.0,1.0,0.0,counterfactual_fraction,A,0.0,0.0,0.0,0.0,0.0,0.0,0.051250000000000004,0.02,0.08,,,,,,,,,
4,0.1,0.0,1.0,0.0,counterfactual_fraction,B,0.0,0.0,0.0,0.0,0.0,0.0,0.0425,0.02,0.07,,,,,,,,,
4,0.1,0.0,1.0,0.0,raw,A,1.0,1.0,1.0,0.051250000000000004,0.02,0.08,0.051250000000000004,0.02,0.08,,,,,,,,,
4,0.1,0.0,1.0,0.0,raw,B,1.0,1.0,1.0,0.0425,0.02,0.07,0.0425,0.02,0.07,,,,,,,,,
4,0.1,0.0,1.0,1.0,activity_normalized,A,0.99875,0.99,1.0,0.051250000000000004,0.02,0.08,0.051250000000000004,0.02,0.08,,,,,,,,,
4,0.1,0.0,1.0,1.0,activity_normalized,B,1.0,1.0,1.0,0.0425,0.02,0.07,0.0425,0.02,0.07,,,,,,,,,
4,0.1,0.0,1.0,1.0,counterfactual_fraction,A,0.0,0.0,0.0,0.0,0.0,0.0,0.051250000000000004,0.02,0.08,,,,,,,,,
4,0.1,0.0,1.0,1.0,counterfactual_fraction,B,0.0,0.0,0.0,0.0,0.0,0.0,0.0425,0.02,0.07,,,,,,,,,
4,0.1,0.0,1.0,1.0,raw,A,1.0,1.0,1.0,0.051250000000000004,0.02,0.08,0.051250000000000004,0.02,0.08,,,,,,,,,
4,0.1,0.0,1.0,1.0,raw,B,1.0,1.0,1.0,0.0425,0.02,0.07,0.0425,0.02,0.07,,,,,,,,,
4,0.1,0.1,0.0,0.0,activity_normalized,A,0.99,0.95,1.0,0.8175,0.74,0.86,0.8275,0.75,0.88,0.4975,0.485,0.5,0.410625,0.375,0.43,0.496875,0.4801,0.505
4,0.1,0.1,0.0,0.0,activity_normalized,B,0.995,0.98,1.0,0.80875,0.76,0.86,0.8125,0.76,0.86,0.4975,0.485,0.5,0.410625,0.375,0.43,0.496875,0.4801,0.505
4,0.1,0.1,0.0,0.0,counterfactual_fraction,A,0.0,0.0,0.0,0.0,0.0,0.0,0.8275,0.75,0.88,0.5,0.5,0.5,0.40625,0.38,0.43,0.5,0.5,0.5
4,0.1,0.1,0.0,0.0,counterfactual_fraction,B,0.0,0.0,0.0,0.0,0.0,0.0,0.8125,0.76,0.86,0.5,0.5,0.5,0.40625,0.38,0.43,0.5,0.5,0.5
4,0.1,0.1,0.0,0.0,raw,A,1.0,1.0,1.0,0.8275,0.75,0.88,0.8275,0.75,0.88,0.5,0.5,0.5,0.41375,0.375,0.44,0.49690625,0.48025,0.505
4,0.1,0.1,0.0,0.0,raw,B,1.0,1.0,1.0,0.8125,0.76,0.86,0.8125,0.76,0.86,0.5,0.5,0.5,0.41375,0.375,0.44,0.49690625,0.48025,0.505
4,0.1,0.1,0.0,1.0,activity_normalized,A,0.99875,0.99,1.0,0.82625,0.75,0.88,0.8275,0.75,0.88,0.5,0.495,0.505,0.41375,0.375,0.44,0.49690625,0.48025,0.505
4,0.1,0.1,0.0,1.0,activity_normalized,B,0.99875,0.99,1.0,0.81125,0.76,0.86,0.8125,0.76,0.86,0.5,0.495,0.505,0.41375,0.375,0.44,0.49690625,0.48025,0.505
4,0.1,0.1,0.0,1.0,counterfactual_fraction,A,0.01375,0.0,0.07,0.01375,0.0,0.07,0.8275,0.75,0.88,0.503125,0.495,0.52,0.41,0.395,0.43,0.5025375,0.495,0.52025
4,0.1,0.1,0.0,1.0,counterfactual_fraction,B,0.0075,0.0,0.03,0.00625,0.0,0.02,0.8125,0.76,0.86,0.503125,0.495,0.52,0.41,0.395,0.43,0.5025375,0.495,0.52025
4,0.1,0.1,0.0,1.0,raw,A,1.0,1.0,1.0,0.8275,0.75,0.88,0.8275,0.75,0.88,0.5,0.5,0.5,0.41375,0.375,0.44,0.49693125,0.48045,0.505
4,0.1,0.1,0.0,1.0,raw,B,1.0,1.0,1.0,0.8125,0.76,0.86,0.8125,0.76,0.86,0.5,0.5,0.5,0.41375,0.375,0.44,0.49693125,0.48045,0.505
4,0.1,0.1,1.0,0.0,activity_normalized,A,0.99,0.95,1.0,0.8175,0.74,0.86,0.8275,0.75,0.88,0.4975,0.485,0.5,0.410625,0.375,0.43,0.4968375,0.4798,0.505
4,0.1,0.1,1.0,0.0,activity_normalized,B,0.995,0.98,1.0,0.80875,0.76,0.86,0.8125,0.76,0.86,0.4975,0.485,0.5,0.410625,0.375,0.43,0.4968375,0.4798,0.505
4,0.1,0.1,1.0,0.0,counterfactual_fraction,A,0.0,0.0,0.0,0.0,0.0,0.0,0.8275,0.75,0.88,0.5,0.5,0.5,0.40625,0.38,0.43,0.5,0.5,0.5
4,0.1,0.1,1.0,0.0,counterfactual_fraction,B,0.0,0.0,0.0,0.0,0.0,0.0,0.8125,0.76,0.86,0.5,0.5,0.5,0.40625,0.38,0.43,0.5,0.5,0.5
4,0.1,0.1,1.0,0.0,raw,A,1.0,1.0,1.0,0.8275,0.75,0.88,0.8275,0.75,0.88,0.5,0.5,0.5,0.41375,0.375,0.44,0.49690625,0.48025,0.505
4,0.1,0.1,1.0,0.0,raw,B,1.0,1.0,1.0,0.8125,0.76,0.86,0.8125,0.76,0.86,0.5,0.5,0.5,0.41375,0.375,0.44,0.49690625,0.48025,0.505
4,0.1,0.1,1.0,1.0,activity_normalized,A,0.99875,0.99,1.0,0.82625,0.75,0.88,0.8275,0.75,0.88,0.5,0.495,0.505,0.41375,0.375,0.44,0.49688125,0.48005,0.505
4,0.1,0.1,1.0,1.0,activity_normalized,B,0.99875,0.99,1.0,0.81125,0.76,0.86,0.8125,0.76,0.86,0.5,0.495,0.505,0.41375,0.375,0.44,0.49688125,0.48005,0.505
4,0.1,0.1,1.0,1.0,counterfactual_fraction,A,0.01375,0.0,0.07,0.01375,0.0,0.07,0.8275,0.75,0.88,0.503125,0.495,0.52,0.41,0.395,0.43,0.50253125,0.495,0.5202
4,0.1,0.1,1.0,1.0,counterfactual_fraction,B,0.0075,0.0,0.03,0.00625,0.0,0.02,0.8125,0.76,0.86,0.503125,0.495,0.52,0.41,0.395,0.43,0.50253125,0.495,0.5202
4,0.1,0.1,1.0,1.0,raw,A,1.0,1.0,1.0,0.8275,0.75,0.88,0.8275,0.75,0.88,0.5,0.5,0.5,0.41375,0.375,0.44,0.49693125,0.48045,0.505
4,0.1,0.1,1.0,1.0,raw,B,1.0,1.0,1.0,0.8125,0.76,0.86,0.8125,0.76,0.86,0.5,0.5,0.5,0.41375,0.375,0.44,0.49693125,0.48045,0.505
4,0.1,0.25,0.0,0.0,activity_normalized,A,0.8099999999999999,0.42,0.98,0.8099999999999999,0.42,0.98,1.0,1.0,1.0,0.52,0.43,0.655,0.52,0.43,0.655,0.49824375,0.34075,0.65235
4,0.1,0.25,0.0,0.0,activity_normalized,B,0.77,0.46,0.96,0.77,0.46,0.96,1.0,1.0,1.0,0.52,0.43,0.655,0.52,0.43,0.655,0.49824375,0.34075,0.65235
4,0.1,0.25,0.0,0.0,counterfactual_fraction,A,0.0,0.0,0.0,0.0,0.0,0.0,1.0,1.0,1.0,0.5,0.5,0.5,0.5,0.5,0.5,0.5,0.5,0.5
4,0.1,0.25,0.0,0.0,counterfactual_fraction,B,0.0,0.0,0.0,0.0,0.0,0.0,1.0,1.0,1.0,0.5,0.5,0.5,0.5,0.5,0.5,0.5,0.5,0.5
4,0.1,0.25,0.0,0.0,raw,A,1.0,1.0,1.0,1.0,1.0,1.0,1.0,1.0,1.0,0.5,0.5,0.5,0.5,0.5,0.5,0.48835,0.262,0.65535
4,0.1,0.25,0.0,0.0,raw,B,1.0,1.0,1.0,1.0,1.0,1.0,1.0,1.0,1.0,0.5,0.5,0.5,0.5,0.5,0.5,0.48835,0.262,0.65535
4,0.1,0.25,0.0,1.0,activity_normalized,A,0.995,0.97,1.0,0.995,0.97,1.0,1.0,1.0,1.0,0.501875,0.49,0.515,0.501875,0.49,0.515,0.49805,0.3489,0.6385
4,0.1,0.25,0.0,1.0,activity_normalized,B,0.99125,0.97,1.0,0.99125,0.97,1.0,1.0,1.0,1.0,0.501875,0.49,0.515,0.501875,0.49,0.515,0.49805,0.3489,0.6385
4,0.1,0.25,0.0,1.0,counterfactual_fraction,A,0.44,0.07,0.82,0.44,0.07,0.82,1.0,1.0,1.0,0.500625,0.37,0.68,0.500625,0.37,0.68,0.4982625,0.34765,0.7063
4,0.1,0.25,0.0,1.0,counterfactual_fraction,B,0.43875000000000003,0.17,0.74,0.43875000000000003,0.17,0.74,1.0,1.0,1.0,0.500625,0.37,0.68,0.500625,0.37,0.68,0.4982625,0.34765,0.7063
4,0.1,0.25,0.0,1.0,raw,A,1.0,1.0,1.0,1.0,1.0,1.0,1.0,1.0,1.0,0.5,0.5,0.5,0.5,0.5,0.5,0.4974,0.3225,0.64755
4,0.1,0.25,0.0,1.0,raw,B,1.0,1.0,1.0,1.0,1.0,1.0,1.0,1.0,1.0,0.5,0.5,0.5,0.5,0.5,0.5,0.4974,0.3225,0.64755
4,0.1,0.25,1.0,0.0,activity_normalized,A,0.81125,0.42,0.98,0.81125,0.42,0.98,1.0,1.0,1.0,0.520625,0.43,0.655,0.520625,0.43,0.655,0.4977375,0.3419,0.65165
4,0.1,0.25,1.0,0.0,activity_normalized,B,0.77,0.46,0.96,0.77,0.46,0.96,1.0,1.0,1.0,0.520625,0.43,0.655,0.520625,0.43,0.655,0.4977375,0.3419,0.65165
4,0.1,0.25,1.0,0.0,counterfactual_fraction,A,0.0,0.0,0.0,0.0,0.0,0.0,1.0,1.0,1.0,0.5,0.5,0.5,0.5,0.5,0.5,0.5,0.5,0.5
4,0.1,0.25,1.0,0.0,counterfactual_fraction,B,0.0,0.0,0.0,0.0,0.0,0.0,1.0,1.0,1.0,0.5,0.5,0.5,0.5,0.5,0.5,0.5,0.5,0.5
4,0.1,0.25,1.0,0.0,raw,A,1.0,1.0,1.0,1.0,1.0,1.0,1.0,1.0,1.0,0.5,0.5,0.5,0.5,0.5,0.5,0.488325,0.2617,0.65515
4,0.1,0.25,1.0,0.0,raw,B,1.0,1.0,1.0,1.0,1.0,1.0,1.0,1.0,1.0,0.5,0.5,0.5,0.5,0.5,0.5,0.488325,0.2617,0.65515
4,0.1,0.25,1.0,1.0,activity_normalized,A,0.995,0.97,1.0,0.995,0.97,1.0,1.0,1.0,1.0,0.501875,0.49,0.515,0.501875,0.49,0.515,0.49744375,0.3502,0.6387
4,0.1,0.25,1.0,1.0,activity_normalized,B,0.99125,0.97,1.0,0.99125,0.97,1.0,1.0,1.0,1.0,0.501875,0.49,0.515,0.501875,0.49,0.515,0.49744375,0.3502,0.6387
4,0.1,0.25,1.0,1.0,counterfactual_fraction,A,0.44,0.07,0.82,0.44,0.07,0.82,1.0,1.0,1.0,0.5,0.37,0.68,0.5,0.37,0.68,0.49804375,0.35115,0.7095
4,0.1,0.25,1.0,1.0,counterfactual_fraction,B,0.44,0.17,0.75,0.44,0.17,0.75,1.0,1.0,1.0,0.5,0.37,0.68,0.5,0.37,0.68,0.49804375,0.35115,0.7095
4,0.1,0.25,1.0,1.0,raw,A,1.0,1.0,1.0,1.0,1.0,1.0,1.0,1.0,1.0,0.5,0.5,0.5,0.5,0.5,0.5,0.49722500000000003,0.3233,0.64775
4,0.1,0.25,1.0,1.0,raw,B,1.0,1.0,1.0,1.0,1.0,1.0,1.0,1.0,1.0,0.5,0.5,0.5,0.5,0.5,0.5,0.49722500000000003,0.3233,0.64775
4,0.1,0.5,0.0,0.0,activity_normalized,A,0.31375,0.0,0.82,0.31375,0.0,0.82,1.0,1.0,1.0,0.52875,0.13,0.785,0.52875,0.13,0.785,0.5669,0.0478,0.8898
4,0.1,0.5,0.0,0.0,activity_normalized,B,0.25625,0.0,0.86,0.25625,0.0,0.86,1.0,1.0,1.0,0.52875,0.13,0.785,0.52875,0.13,0.785,0.5669,0.0478,0.8898
4,0.1,0.5,0.0,0.0,counterfactual_fraction,A,0.0,0.0,0.0,0.0,0.0,0.0,1.0,1.0,1.0,0.5,0.5,0.5,0.5,0.5,0.5,0.5,0.5,0.5
4,0.1,0.5,0.0,0.0,counterfactual_fraction,B,0.0,0.0,0.0,0.0,0.0,0.0,1.0,1.0,1.0,0.5,0.5,0.5,0.5,0.5,0.5,0.5,0.5,0.5
4,0.1,0.5,0.0,0.0,raw,A,1.0,1.0,1.0,1.0,1.0,1.0,1.0,1.0,1.0,0.5,0.5,0.5,0.5,0.5,0.5,0.4892125,0.0719,0.9575
4,0.1,0.5,0.0,0.0,raw,B,1.0,1.0,1.0,1.0,1.0,1.0,1.0,1.0,1.0,0.5,0.5,0.5,0.5,0.5,0.5,0.4892125,0.0719,0.9575
4,0.1,0.5,0.0,1.0,activity_normalized,A,0.9775,0.84,1.0,0.9775,0.84,1.0,1.0,1.0,1.0,0.640625,0.54,0.92,0.640625,0.54,0.92,0.8231125,0.6561,0.9983
4,0.1,0.5,0.0,1.0,activity_normalized,B,0.69625,0.16,0.92,0.69625,0.16,0.92,1.0,1.0,1.0,0.640625,0.54,0.92,0.640625,0.54,0.92,0.8231125,0.6561,0.9983
4,0.1,0.5,0.0,1.0,counterfactual_fraction,A,0.9825,0.87,1.0,0.9825,0.87,1.0,1.0,1.0,1.0,0.609375,0.53,0.77,0.609375,0.53,0.77,0.82725,0.6965,0.9944
4,0.1,0.5,0.0,1.0,counterfactual_fraction,B,0.76375,0.46,0.94,0.76375,0.46,0.94,1.0,1.0,1.0,0.609375,0.53,0.77,0.609375,0.53,0.77,0.82725,0.6965,0.9944
4,0.1,0.5,0.0,1.0,raw,A,1.0,1.0,1.0,1.0,1.0,1.0,1.0,1.0,1.0,0.50125,0.5,0.505,0.50125,0.5,0.505,0.78045,0.6006,0.998
4,0.1,0.5,0.0,1.0,raw,B,0.9975,0.99,1.0,0.9975,0.99,1.0,1.0,1.0,1.0,0.50125,0.5,0.505,0.50125,0.5,0.505,0.78045,0.6006,0.998
4,0.1,0.5,1.0,0.0,activity_normalized,A,0.37374999999999997,0.0,0.88,0.37374999999999997,0.0,0.88,1.0,1.0,1.0,0.545625,0.245,0.795,0.545625,0.245,0.795,0.569775,0.0519,0.8974
4,0.1,0.5,1.0,0.0,activity_normalized,B,0.2825,0.0,0.97,0.2825,0.0,0.97,1.0,1.0,1.0,0.545625,0.245,0.795,0.545625,0.245,0.795,0.569775,0.0519,0.8974
4,0.1,0.5,1.0,0.0,counterfactual_fraction,A,0.0,0.0,0.0,0.0,0.0,0.0,1.0,1.0,1.0,0.5,0.5,0.5,0.5,0.5,0.5,0.5,0.5,0.5
4,0.1,0.5,1.0,0.0,counterfactual_fraction,B,0.0,0.0,0.0,0.0,0.0,0.0,1.0,1.0,1.0,0.5,0.5,0.5,0.5,0.5,0.5,0.5,0.5,0.5
4,0.1,0.5,1.0,0.0,raw,A,1.0,1.0,1.0,1.0,1.0,1.0,1.0,1.0,1.0,0.5,0.5,0.5,0.5,0.5,0.5,0.48985,0.0811,0.9607
4,0.1,0.5,1.0,0.0,raw,B,1.0,1.0,1.0,1.0,1.0,1.0,1.0,1.0,1.0,0.5,0.5,0.5,0.5,0.5,0.5,0.48985,0.0811,0.9607
4,0.1,0.5,1.0,1.0,activity_normalized,A,0.9975,0.98,1.0,0.9975,0.98,1.0,1.0,1.0,1.0,0.615625,0.525,0.915,0.615625,0.525,0.915,0.845275,0.6743,0.9982
4,0.1,0.5,1.0,1.0,activity_normalized,B,0.76625,0.17,0.95,0.76625,0.17,0.95,1.0,1.0,1.0,0.615625,0.525,0.915,0.615625,0.525,0.915,0.845275,0.6743,0.9982
4,0.1,0.5,1.0,1.0,counterfactual_fraction,A,1.0,1.0,1.0,1.0,1.0,1.0,1.0,1.0,1.0,0.58625,0.51,0.745,0.58625,0.51,0.745,0.844875,0.6843,0.994
4,0.1,0.5,1.0,1.0,counterfactual_fraction,B,0.8275,0.51,0.98,0.8275,0.51,0.98,1.0,1.0,1.0,0.58625,0.51,0.745,0.58625,0.51,0.745,0.844875,0.6843,0.994
4,0.1,0.5,1.0,1.0,raw,A,1.0,1.0,1.0,1.0,1.0,1.0,1.0,1.0,1.0,0.5,0.5,0.5,0.5,0.5,0.5,0.8190999999999999,0.6556,0.998
4,0.1,0.5,1.0,1.0,raw,B,1.0,1.0,1.0,1.0,1.0,1.0,1.0,1.0,1.0,0.5,0.5,0.5,0.5,0.5,0.5,0.8190999999999999,0.6556,0.998
4,0.1,1.0,0.0,0.0,activity_normalized,A,0.075,0.0,0.38,0.075,0.0,0.38,1.0,1.0,1.0,0.533125,0.5,0.675,0.533125,0.5,0.675,0.5822,0.0,0.9992
4,0.1,1.0,0.0,0.0,activity_normalized,B,0.00875,0.0,0.04,0.00875,0.0,0.04,1.0,1.0,1.0,0.533125,0.5,0.675,0.533125,0.5,0.675,0.5822,0.0,0.9992
4,0.1,1.0,0.0,0.0,counterfactual_fraction,A,0.0,0.0,0.0,0.0,0.0,0.0,1.0,1.0,1.0,0.5,0.5,0.5,0.5,0.5,0.5,0.5,0.5,0.5
4,0.1,1.0,0.0,0.0,counterfactual_fraction,B,0.0,0.0,0.0,0.0,0.0,0.0,1.0,1.0,1.0,0.5,0.5,0.5,0.5,0.5,0.5,0.5,0.5,0.5
4,0.1,1.0,0.0,0.0,raw,A,0.00375,0.0,0.03,0.00375,0.0,0.03,1.0,1.0,1.0,0.501875,0.5,0.515,0.501875,0.5,0.515,0.434625,0.0046,0.965
4,0.1,1.0,0.0,0.0,raw,B,0.0,0.0,0.0,0.0,0.0,0.0,1.0,1.0,1.0,0.501875,0.5,0.515,0.501875,0.5,0.515,0.434625,0.0046,0.965
4,0.1,1.0,0.0,1.0,activity_normalized,A,0.15875,0.0,0.64,0.15875,0.0,0.64,1.0,1.0,1.0,0.579375,0.5,0.82,0.579375,0.5,0.82,0.9218500000000001,0.805,1.0
4,0.1,1.0,0.0,1.0,activity_normalized,B,0.0,0.0,0.0,0.0,0.0,0.0,1.0,1.0,1.0,0.579375,0.5,0.82,0.579375,0.5,0.82,0.9218500000000001,0.805,1.0
4,0.1,1.0,0.0,1.0,counterfactual_fraction,A,0.1875,0.0,0.85,0.1875,0.0,0.85,1.0,1.0,1.0,0.59375,0.5,0.925,0.59375,0.5,0.925,0.937525,0.7861,1.0
4,0.1,1.0,0.0,1.0,counterfactual_fraction,B,0.0,0.0,0.0,0.0,0.0,0.0,1.0,1.0,1.0,0.59375,0.5,0.925,0.59375,0.5,0.925,0.937525,0.7861,1.0
4,0.1,1.0,0.0,1.0,raw,A,0.0975,0.0,0.44,0.0975,0.0,0.44,1.0,1.0,1.0,0.54875,0.5,0.72,0.54875,0.5,0.72,0.7635875,0.4804,1.0
4,0.1,1.0,0.0,1.0,raw,B,0.0,0.0,0.0,0.0,0.0,0.0,1.0,1.0,1.0,0.54875,0.5,0.72,0.54875,0.5,0.72,0.7635875,0.4804,1.0
4,0.1,1.0,1.0,0.0,activity_normalized,A,0.4875,0.0,0.98,0.4875,0.0,0.98,1.0,1.0,1.0,0.668125,0.475,0.95,0.668125,0.475,0.95,0.596575,0.0005,0.9869
4,0.1,1.0,1.0,0.0,activity_normalized,B,0.15125,0.03,0.39,0.15125,0.03,0.39,1.0,1.0,1.0,0.668125,0.475,0.95,0.668125,0.475,0.95,0.596575,0.0005,0.9869
4,0.1,1.0,1.0,0.0,counterfactual_fraction,A,0.0,0.0,0.0,0.0,0.0,0.0,1.0,1.0,1.0,0.5,0.5,0.5,0.5,0.5,0.5,0.5,0.5,0.5
4,0.1,1.0,1.0,0.0,counterfactual_fraction,B,0.0,0.0,0.0,0.0,0.0,0.0,1.0,1.0,1.0,0.5,0.5,0.5,0.5,0.5,0.5,0.5,0.5,0.5
4,0.1,1.0,1.0,0.0,raw,A,0.47125,0.0,0.92,0.47125,0.0,0.92,1.0,1.0,1.0,0.579375,0.42,0.93,0.579375,0.42,0.93,0.4219875,0.0024,0.9862
4,0.1,1.0,1.0,0.0,raw,B,0.3125,0.01,0.96,0.3125,0.01,0.96,1.0,1.0,1.0,0.579375,0.42,0.93,0.579375,0.42,0.93,0.4219875,0.0024,0.9862
4,0.1,1.0,1.0,1.0,activity_normalized,A,0.9475,0.8,1.0,0.9475,0.8,1.0,1.0,1.0,1.0,0.95875,0.84,1.0,0.95875,0.84,1.0,0.986175,0.9195,1.0
4,0.1,1.0,1.0,1.0,activity_normalized,B,0.03,0.0,0.17,0.03,0.0,0.17,1.0,1.0,1.0,0.95875,0.84,1.0,0.95875,0.84,1.0,0.986175,0.9195,1.0
4,0.1,1.0,1.0,1.0,counterfactual_fraction,A,0.94625,0.78,1.0,0.94625,0.78,1.0,1.0,1.0,1.0,0.960625,0.85,1.0,0.960625,0.85,1.0,0.984575,0.9149,1.0
4,0.1,1.0,1.0,1.0,counterfactual_fraction,B,0.025,0.0,0.14,0.025,0.0,0.14,1.0,1.0,1.0,0.960625,0.85,1.0,0.960625,0.85,1.0,0.984575,0.9149,1.0
4,0.1,1.0,1.0,1.0,raw,A,0.91875,0.7,1.0,0.91875,0.7,1.0,1.0,1.0,1.0,0.92625,0.745,1.0,0.92625,0.745,1.0,0.966025,0.8279,1.0
4,0.1,1.0,1.0,1.0,raw,B,0.06625,0.0,0.21,0.06625,0.0,0.21,1.0,1.0,1.0,0.92625,0.745,1.0,0.92625,0.745,1.0,0.966025,0.8279,1.0
4,0.4,0.0,0.0,0.0,activity_normalized,A,0.33875,0.03,0.79,0.01375,0.0,0.04,0.05375,0.03,0.08,,,,,,,,,
4,0.4,0.0,0.0,0.0,activity_normalized,B,0.3425,0.03,0.8,0.015,0.0,0.06,0.05,0.01,0.07,,,,,,,,,
4,0.4,0.0,0.0,0.0,counterfactual_fraction,A,0.0,0.0,0.0,0.0,0.0,0.0,0.05375,0.03,0.08,,,,,,,,,
4,0.4,0.0,0.0,0.0,counterfactual_fraction,B,0.0,0.0,0.0,0.0,0.0,0.0,0.05,0.01,0.07,,,,,,,,,
4,0.4,0.0,0.0,0.0,raw,A,0.9924999999999999,0.98,1.0,0.051250000000000004,0.03,0.08,0.05375,0.03,0.08,,,,,,,,,
4,0.4,0.0,0.0,0.0,raw,B,0.985,0.95,1.0,0.045000000000000005,0.01,0.07,0.05,0.01,0.07,,,,,,,,,
4,0.4,0.0,0.0,1.0,activity_normalized,A,0.00875,0.0,0.04,0.0,0.0,0.0,0.05375,0.03,0.08,,,,,,,,,
4,0.4,0.0,0.0,1.0,activity_normalized,B,0.01375,0.0,0.03,0.0,0.0,0.0,0.05,0.01,0.07,,,,,,,,,
4,0.4,0.0,0.0,1.0,counterfactual_fraction,A,0.007500000000000001,0.0,0.02,0.0,0.0,0.0,0.05375,0.03,0.08,,,,,,,,,
4,0.4,0.0,0.0,1.0,counterfactual_fraction,B,0.015,0.0,0.03,0.0,0.0,0.0,0.05,0.01,0.07,,,,,,,,,
4,0.4,0.0,0.0,1.0,raw,A,0.59625,0.42,0.73,0.01375,0.0,0.03,0.05375,0.03,0.08,,,,,,,,,
4,0.4,0.0,0.0,1.0,raw,B,0.62125,0.44,0.71,0.00875,0.0,0.02,0.05,0.01,0.07,,,,,,,,,
4,0.4,0.0,1.0,0.0,activity_normalized,A,0.39625,0.04,0.81,0.01625,0.0,0.04,0.05375,0.03,0.08,,,,,,,,,
4,0.4,0.0,1.0,0.0,activity_normalized,B,0.41125,0.06,0.8,0.021249999999999998,0.0,0.06,0.05,0.01,0.07,,,,,,,,,
4,0.4,0.0,1.0,0.0,counterfactual_fraction,A,0.0,0.0,0.0,0.0,0.0,0.0,0.05375,0.03,0.08,,,,,,,,,
4,0.4,0.0,1.0,0.0,counterfactual_fraction,B,0.0,0.0,0.0,0.0,0.0,0.0,0.05,0.01,0.07,,,,,,,,,
4,0.4,0.0,1.0,0.0,raw,A,1.0,1.0,1.0,0.05375,0.03,0.08,0.05375,0.03,0.08,,,,,,,,,
4,0.4,0.0,1.0,0.0,raw,B,1.0,1.0,1.0,0.05,0.01,0.07,0.05,0.01,0.07,,,,,,,,,
4,0.4,0.0,1.0,1.0,activity_normalized,A,0.02,0.0,0.08,0.0,0.0,0.0,0.05375,0.03,0.08,,,,,,,,,
4,0.4,0.0,1.0,1.0,activity_normalized,B,0.02875,0.01,0.06,0.0,0.0,0.0,0.05,0.01,0.07,,,,,,,,,
4,0.4,0.0,1.0,1.0,counterfactual_fraction,A,0.015,0.0,0.03,0.00125,0.0,0.01,0.05375,0.03,0.08,,,,,,,,,
4,0.4,0.0,1.0,1.0,counterfactual_fraction,B,0.021249999999999998,0.0,0.04,0.0,0.0,0.0,0.05,0.01,0.07,,,,,,,,,
4,0.4,0.0,1.0,1.0,raw,A,0.77875,0.58,0.93,0.02375,0.01,0.05,0.05375,0.03,0.08,,,,,,,,,
4,0.4,0.0,1.0,1.0,raw,B,0.7775,0.54,0.87,0.02125,0.0,0.04,0.05,0.01,0.07,,,,,,,,,
4,0.4,0.1,0.0,0.0,activity_normalized,A,0.305,0.01,0.77,0.0375,0.0,0.12,0.135,0.08,0.17,0.503125,0.485,0.535,0.078125,0.05,0.12,0.487825,0.4239,0.5834
4,0.4,0.1,0.0,0.0,activity_normalized,B,0.29875,0.03,0.74,0.025,0.0,0.1,0.14375,0.09,0.19,0.503125,0.485,0.535,0.078125,0.05,0.12,0.487825,0.4239,0.5834
4,0.4,0.1,0.0,0.0,counterfactual_fraction,A,0.0,0.0,0.0,0.0,0.0,0.0,0.135,0.08,0.17,0.5,0.5,0.5,0.071875,0.045,0.095,0.5,0.5,0.5
4,0.4,0.1,0.0,0.0,counterfactual_fraction,B,0.0,0.0,0.0,0.0,0.0,0.0,0.14375,0.09,0.19,0.5,0.5,0.5,0.071875,0.045,0.095,0.5,0.5,0.5
4,0.4,0.1,0.0,0.0,raw,A,0.98,0.95,1.0,0.125,0.08,0.16,0.135,0.08,0.17,0.500625,0.48,0.53,0.068125,0.045,0.085,0.47931250000000003,0.4335,0.5073
4,0.4,0.1,0.0,0.0,raw,B,0.97875,0.92,1.0,0.1325,0.08,0.18,0.14375,0.09,0.19,0.500625,0.48,0.53,0.068125,0.045,0.085,0.47931250000000003,0.4335,0.5073
4,0.4,0.1,0.0,1.0,activity_normalized,A,0.01,0.0,0.03,0.00125,0.0,0.01,0.135,0.08,0.17,0.49624999999999997,0.485,0.505,0.07125000000000001,0.045,0.095,0.5058875,0.4543,0.5627
4,0.4,0.1,0.0,1.0,activity_normalized,B,0.0175,0.0,0.05,0.0025,0.0,0.01,0.14375,0.09,0.19,0.49624999999999997,0.485,0.505,0.07125000000000001,0.045,0.095,0.5058875,0.4543,0.5627
4,0.4,0.1,0.0,1.0,counterfactual_fraction,A,0.01,0.0,0.02,0.00125,0.0,0.01,0.135,0.08,0.17,0.495625,0.49,0.5,0.071875,0.045,0.095,0.5096125,0.4766,0.5467
4,0.4,0.1,0.0,1.0,counterfactual_fraction,B,0.018750000000000003,0.0,0.04,0.00125,0.0,0.01,0.14375,0.09,0.19,0.495625,0.49,0.5,0.071875,0.045,0.095,0.5096125,0.4766,0.5467
4,0.4,0.1,0.0,1.0,raw,A,0.55875,0.38,0.69,0.035,0.0,0.06,0.135,0.08,0.17,0.49,0.44,0.525,0.069375,0.04,0.11,0.483525,0.4272,0.5182
4,0.4,0.1,0.0,1.0,raw,B,0.57875,0.43,0.67,0.04,0.01,0.07,0.14375,0.09,0.19,0.49,0.44,0.525,0.069375,0.04,0.11,0.483525,0.4272,0.5182
4,0.4,0.1,1.0,0.0,activity_normalized,A,0.375,0.04,0.8,0.04875,0.0,0.13,0.135,0.08,0.17,0.49125,0.46,0.535,0.075,0.06,0.095,0.48791249999999997,0.4317,0.5811
4,0.4,0.1,1.0,0.0,activity_normalized,B,0.3925,0.07,0.77,0.042499999999999996,0.0,0.1,0.14375,0.09,0.19,0.49125,0.46,0.535,0.075,0.06,0.095,0.48791249999999997,0.4317,0.5811
4,0.4,0.1,1.0,0.0,counterfactual_fraction,A,0.0,0.0,0.0,0.0,0.0,0.0,0.135,0.08,0.17,0.5,0.5,0.5,0.071875,0.045,0.095,0.5,0.5,0.5
4,0.4,0.1,1.0,0.0,counterfactual_fraction,B,0.0,0.0,0.0,0.0,0.0,0.0,0.14375,0.09,0.19,0.5,0.5,0.5,0.071875,0.045,0.095,0.5,0.5,0.5
4,0.4,0.1,1.0,0.0,raw,A,1.0,1.0,1.0,0.135,0.08,0.17,0.135,0.08,0.17,0.500625,0.5,0.505,0.068125,0.04,0.085,0.47855000000000003,0.435,0.5107
4,0.4,0.1,1.0,0.0,raw,B,0.99875,0.99,1.0,0.14250000000000002,0.09,0.19,0.14375,0.09,0.19,0.500625,0.5,0.505,0.068125,0.04,0.085,0.47855000000000003,0.435,0.5107
4,0.4,0.1,1.0,1.0,activity_normalized,A,0.02875,0.01,0.09,0.00375,0.0,0.02,0.135,0.08,0.17,0.495,0.475,0.525,0.07250000000000001,0.05,0.095,0.502325,0.4554,0.5598
4,0.4,0.1,1.0,1.0,activity_normalized,B,0.03875,0.01,0.07,0.0025,0.0,0.01,0.14375,0.09,0.19,0.495,0.475,0.525,0.07250000000000001,0.05,0.095,0.502325,0.4554,0.5598
4,0.4,0.1,1.0,1.0,counterfactual_fraction,A,0.025,0.01,0.05,0.00375,0.0,0.02,0.135,0.08,0.17,0.495,0.48,0.505,0.07125000000000001,0.05,0.095,0.5057125,0.4689,0.5427
4,0.4,0.1,1.0,1.0,counterfactual_fraction,B,0.035,0.01,0.07,0.005,0.0,0.01,0.14375,0.09,0.19,0.495,0.48,0.505,0.07125000000000001,0.05,0.095,0.5057125,0.4689,0.5427
4,0.4,0.1,1.0,1.0,raw,A,0.76125,0.57,0.91,0.07,0.02,0.12,0.135,0.08,0.17,0.495625,0.45,0.53,0.065625,0.045,0.08,0.4842,0.4271,0.517
4,0.4,0.1,1.0,1.0,raw,B,0.77,0.53,0.86,0.0825,0.04,0.13,0.14375,0.09,0.19,0.495625,0.45,0.53,0.065625,0.045,0.08,0.4842,0.4271,0.517
4,0.4,0.25,0.0,0.0,activity_normalized,A,0.24625,0.0,0.76,0.10625,0.0,0.36,0.47625,0.42,0.52,0.49875,0.47,0.545,0.22,0.19,0.25,0.4845125,0.3939,0.5942
4,0.4,0.25,0.0,0.0,activity_normalized,B,0.24875,0.01,0.73,0.09875,0.0,0.36,0.4325,0.34,0.49,0.49875,0.47,0.545,0.22,0.19,0.25,0.4845125,0.3939,0.5942
4,0.4,0.25,0.0,0.0,counterfactual_fraction,A,0.0,0.0,0.0,0.0,0.0,0.0,0.47625,0.42,0.52,0.5,0.5,0.5,0.21625,0.17,0.245,0.5,0.5,0.5
4,0.4,0.25,0.0,0.0,counterfactual_fraction,B,0.0,0.0,0.0,0.0,0.0,0.0,0.4325,0.34,0.49,0.5,0.5,0.5,0.21625,0.17,0.245,0.5,0.5,0.5
4,0.4,0.25,0.0,0.0,raw,A,0.945,0.82,1.0,0.43,0.29,0.52,0.47625,0.42,0.52,0.501875,0.47,0.535,0.241875,0.2,0.28,0.4810625,0.418,0.511
4,0.4,0.25,0.0,0.0,raw,B,0.94125,0.88,1.0,0.37875000000000003,0.29,0.46,0.4325,0.34,0.49,0.501875,0.47,0.535,0.241875,0.2,0.28,0.4810625,0.418,0.511
4,0.4,0.25,0.0,1.0,activity_normalized,A,0.0125,0.0,0.03,0.0025,0.0,0.01,0.47625,0.42,0.52,0.498125,0.485,0.51,0.215625,0.17,0.25,0.5196500000000001,0.465,0.5789
4,0.4,0.25,0.0,1.0,activity_normalized,B,0.01625,0.0,0.04,0.00375,0.0,0.01,0.4325,0.34,0.49,0.498125,0.485,0.51,0.215625,0.17,0.25,0.5196500000000001,0.465,0.5789
4,0.4,0.25,0.0,1.0,counterfactual_fraction,A,0.01625,0.01,0.04,0.0025,0.0,0.01,0.47625,0.42,0.52,0.496875,0.485,0.505,0.215625,0.17,0.25,0.5216875,0.4859,0.5687
4,0.4,0.25,0.0,1.0,counterfactual_fraction,B,0.0225,0.0,0.05,0.00375,0.0,0.01,0.4325,0.34,0.49,0.496875,0.485,0.505,0.215625,0.17,0.25,0.5216875,0.4859,0.5687
4,0.4,0.25,0.0,1.0,raw,A,0.46,0.34,0.59,0.14,0.07,0.22,0.47625,0.42,0.52,0.47875,0.46,0.51,0.22375,0.18,0.28,0.4937375,0.4366,0.5248
4,0.4,0.25,0.0,1.0,raw,B,0.5025,0.35,0.63,0.125,0.05,0.26,0.4325,0.34,0.49,0.47875,0.46,0.51,0.22375,0.18,0.28,0.4937375,0.4366,0.5248
4,0.4,0.25,1.0,0.0,activity_normalized,A,0.33875,0.01,0.77,0.1575,0.01,0.37,0.47625,0.42,0.52,0.49375,0.445,0.54,0.22,0.185,0.24,0.482875,0.4003,0.6003
4,0.4,0.25,1.0,0.0,activity_normalized,B,0.35125,0.05,0.74,0.15,0.02,0.37,0.4325,0.34,0.49,0.49375,0.445,0.54,0.22,0.185,0.24,0.482875,0.4003,0.6003
4,0.4,0.25,1.0,0.0,counterfactual_fraction,A,0.0,0.0,0.0,0.0,0.0,0.0,0.47625,0.42,0.52,0.5,0.5,0.5,0.21625,0.17,0.245,0.5,0.5,0.5
4,0.4,0.25,1.0,0.0,counterfactual_fraction,B,0.0,0.0,0.0,0.0,0.0,0.0,0.4325,0.34,0.49,0.5,0.5,0.5,0.21625,0.17,0.245,0.5,0.5,0.5
4,0.4,0.25,1.0,0.0,raw,A,0.99875,0.99,1.0,0.475,0.41,0.52,0.47625,0.42,0.52,0.5,0.5,0.5,0.238125,0.21,0.26,0.479425,0.4129,0.5148
4,0.4,0.25,1.0,0.0,raw,B,0.99875,0.99,1.0,0.43125,0.34,0.49,0.4325,0.34,0.49,0.5,0.5,0.5,0.238125,0.21,0.26,0.479425,0.4129,0.5148
4,0.4,0.25,1.0,1.0,activity_normalized,A,0.05,0.02,0.09,0.01875,0.0,0.03,0.47625,0.42,0.52,0.495,0.475,0.515,0.219375,0.185,0.255,0.5136125,0.4684,0.5774
4,0.4,0.25,1.0,1.0,activity_normalized,B,0.06,0.01,0.1,0.0125,0.0,0.03,0.4325,0.34,0.49,0.495,0.475,0.515,0.219375,0.185,0.255,0.5136125,0.4684,0.5774
4,0.4,0.25,1.0,1.0,counterfactual_fraction,A,0.055,0.03,0.09,0.02,0.0,0.04,0.47625,0.42,0.52,0.50125,0.485,0.52,0.221875,0.185,0.255,0.5162375,0.4868,0.5562
4,0.4,0.25,1.0,1.0,counterfactual_fraction,B,0.052500000000000005,0.01,0.1,0.00875,0.0,0.02,0.4325,0.34,0.49,0.50125,0.485,0.52,0.221875,0.185,0.255,0.5162375,0.4868,0.5562
4,0.4,0.25,1.0,1.0,raw,A,0.75,0.56,0.9,0.30375,0.19,0.44,0.47625,0.42,0.52,0.49625,0.445,0.55,0.229375,0.175,0.305,0.4937,0.4329,0.5308
4,0.4,0.25,1.0,1.0,raw,B,0.7575000000000001,0.54,0.87,0.27749999999999997,0.15,0.4,0.4325,0.34,0.49,0.49625,0.445,0.55,0.229375,0.175,0.305,0.4937,0.4329,0.5308
4,0.4,0.5,0.0,0.0,activity_normalized,A,0.15,0.0,0.7,0.14,0.0,0.66,0.9675,0.96,0.98,0.503125,0.485,0.55,0.48624999999999996,0.47,0.525,0.4847125,0.363,0.5862
4,0.4,0.5,0.0,0.0,activity_normalized,B,0.14375000000000002,0.0,0.6,0.1375,0.0,0.59,0.97,0.95,0.99,0.503125,0.485,0.55,0.48624999999999996,0.47,0.525,0.4847125,0.363,0.5862
4,0.4,0.5,0.0,0.0,counterfactual_fraction,A,0.0,0.0,0.0,0.0,0.0,0.0,0.9675,0.96,0.98,0.5,0.5,0.5,0.485,0.475,0.495,0.5,0.5,0.5
4,0.4,0.5,0.0,0.0,counterfactual_fraction,B,0.0,0.0,0.0,0.0,0.0,0.0,0.97,0.95,0.99,0.5,0.5,0.5,0.485,0.475,0.495,0.5,0.5,0.5
4,0.4,0.5,0.0,0.0,raw,A,0.69625,0.39,0.86,0.66375,0.37,0.82,0.9675,0.96,0.98,0.496875,0.44,0.56,0.48,0.43,0.54,0.4867375,0.3942,0.5322
4,0.4,0.5,0.0,0.0,raw,B,0.7025,0.51,0.88,0.67375,0.47,0.84,0.97,0.95,0.99,0.496875,0.44,0.56,0.48,0.43,0.54,0.4867375,0.3942,0.5322
4,0.4,0.5,0.0,1.0,activity_normalized,A,0.01375,0.0,0.03,0.0125,0.0,0.03,0.9675,0.96,0.98,0.503125,0.495,0.51,0.4875,0.48,0.5,0.55275,0.4867,0.6321
4,0.4,0.5,0.0,1.0,activity_normalized,B,0.0075,0.0,0.03,0.0075,0.0,0.03,0.97,0.95,0.99,0.503125,0.495,0.51,0.4875,0.48,0.5,0.55275,0.4867,0.6321
4,0.4,0.5,0.0,1.0,counterfactual_fraction,A,0.018750000000000003,0.0,0.05,0.018750000000000003,0.0,0.05,0.9675,0.96,0.98,0.501875,0.495,0.51,0.486875,0.475,0.495,0.557025,0.5076,0.6302
4,0.4,0.5,0.0,1.0,counterfactual_fraction,B,0.015,0.0,0.04,0.015,0.0,0.04,0.97,0.95,0.99,0.501875,0.495,0.51,0.486875,0.475,0.495,0.557025,0.5076,0.6302
4,0.4,0.5,0.0,1.0,raw,A,0.2475,0.12,0.43,0.22125,0.1,0.4,0.9675,0.96,0.98,0.4975,0.47,0.54,0.478125,0.45,0.515,0.514625,0.4558,0.561
4,0.4,0.5,0.0,1.0,raw,B,0.2525,0.08,0.49,0.235,0.08,0.46,0.97,0.95,0.99,0.4975,0.47,0.54,0.478125,0.45,0.515,0.514625,0.4558,0.561
4,0.4,0.5,1.0,0.0,activity_normalized,A,0.315,0.01,0.79,0.30375,0.01,0.75,0.9675,0.96,0.98,0.499375,0.425,0.55,0.484375,0.415,0.525,0.4786375,0.3705,0.5952
4,0.4,0.5,1.0,0.0,activity_normalized,B,0.31625000000000003,0.02,0.74,0.305,0.02,0.72,0.97,0.95,0.99,0.499375,0.425,0.55,0.484375,0.415,0.525,0.4786375,0.3705,0.5952
4,0.4,0.5,1.0,0.0,counterfactual_fraction,A,0.0,0.0,0.0,0.0,0.0,0.0,0.9675,0.96,0.98,0.5,0.5,0.5,0.485,0.475,0.495,0.5,0.5,0.5
4,0.4,0.5,1.0,0.0,counterfactual_fraction,B,0.0,0.0,0.0,0.0,0.0,0.0,0.97,0.95,0.99,0.5,0.5,0.5,0.485,0.475,0.495,0.5,0.5,0.5
4,0.4,0.5,1.0,0.0,raw,A,0.965,0.8,1.0,0.9325,0.78,0.97,0.9675,0.96,0.98,0.49625,0.455,0.525,0.48,0.445,0.505,0.4841875,0.3779,0.5373
4,0.4,0.5,1.0,0.0,raw,B,0.9725,0.89,1.0,0.9425,0.85,0.99,0.97,0.95,0.99,0.49625,0.455,0.525,0.48,0.445,0.505,0.4841875,0.3779,0.5373
4,0.4,0.5,1.0,1.0,activity_normalized,A,0.18,0.05,0.27,0.17375000000000002,0.05,0.27,0.9675,0.96,0.98,0.52125,0.475,0.565,0.505,0.455,0.55,0.5458625,0.487,0.6087
4,0.4,0.5,1.0,1.0,activity_normalized,B,0.1375,0.04,0.23,0.13375,0.03,0.22,0.97,0.95,0.99,0.52125,0.475,0.565,0.505,0.455,0.55,0.5458625,0.487,0.6087
4,0.4,0.5,1.0,1.0,counterfactual_fraction,A,0.18625,0.1,0.28,0.17875000000000002,0.1,0.26,0.9675,0.96,0.98,0.524375,0.495,0.56,0.50875,0.485,0.535,0.5486625,0.4982,0.6021
4,0.4,0.5,1.0,1.0,counterfactual_fraction,B,0.1375,0.08,0.2,0.13125,0.08,0.2,0.97,0.95,0.99,0.524375,0.495,0.56,0.50875,0.485,0.535,0.5486625,0.4982,0.6021
4,0.4,0.5,1.0,1.0,raw,A,0.73,0.52,0.9,0.69875,0.49,0.86,0.9675,0.96,0.98,0.524375,0.49,0.59,0.5075000000000001,0.465,0.57,0.52415,0.4591,0.5724
4,0.4,0.5,1.0,1.0,raw,B,0.68125,0.45,0.86,0.65375,0.43,0.82,0.97,0.95,0.99,0.524375,0.49,0.59,0.5075000000000001,0.465,0.57,0.52415,0.4591,0.5724
4,0.4,1.0,0.0,0.0,activity_normalized,A,0.06875,0.0,0.52,0.06875,0.0,0.52,1.0,1.0,1.0,0.5,0.495,0.505,0.5,0.495,0.505,0.47814999999999996,0.2795,0.6747
4,0.4,1.0,0.0,0.0,activity_normalized,B,0.06875,0.0,0.53,0.06875,0.0,0.53,1.0,1.0,1.0,0.5,0.495,0.505,0.5,0.495,0.505,0.47814999999999996,0.2795,0.6747
4,0.4,1.0,0.0,0.0,counterfactual_fraction,A,0.0,0.0,0.0,0.0,0.0,0.0,1.0,1.0,1.0,0.5,0.5,0.5,0.5,0.5,0.5,0.5,0.5,0.5
4,0.4,1.0,0.0,0.0,counterfactual_fraction,B,0.0,0.0,0.0,0.0,0.0,0.0,1.0,1.0,1.0,0.5,0.5,0.5,0.5,0.5,0.5,0.5,0.5,0.5
4,0.4,1.0,0.0,0.0,raw,A,0.01125,0.0,0.03,0.01125,0.0,0.03,1.0,1.0,1.0,0.500625,0.49,0.51,0.500625,0.49,0.51,0.48478750000000004,0.3427,0.5868
4,0.4,1.0,0.0,0.0,raw,B,0.01,0.0,0.04,0.01,0.0,0.04,1.0,1.0,1.0,0.500625,0.49,0.51,0.500625,0.49,0.51,0.48478750000000004,0.3427,0.5868
4,0.4,1.0,0.0,1.0,activity_normalized,A,0.0,0.0,0.0,0.0,0.0,0.0,1.0,1.0,1.0,0.5,0.5,0.5,0.5,0.5,0.5,0.64525,0.5326,0.777
4,0.4,1.0,0.0,1.0,activity_normalized,B,0.0,0.0,0.0,0.0,0.0,0.0,1.0,1.0,1.0,0.5,0.5,0.5,0.5,0.5,0.5,0.64525,0.5326,0.777
4,0.4,1.0,0.0,1.0,counterfactual_fraction,A,0.005,0.0,0.04,0.005,0.0,0.04,1.0,1.0,1.0,0.5025,0.5,0.52,0.5025,0.5,0.52,0.6554375,0.5261,0.7587
4,0.4,1.0,0.0,1.0,counterfactual_fraction,B,0.0,0.0,0.0,0.0,0.0,0.0,1.0,1.0,1.0,0.5025,0.5,0.52,0.5025,0.5,0.52,0.6554375,0.5261,0.7587
4,0.4,1.0,0.0,1.0,raw,A,0.0025,0.0,0.01,0.0025,0.0,0.01,1.0,1.0,1.0,0.500625,0.5,0.505,0.500625,0.5,0.505,0.562975,0.4734,0.6501
4,0.4,1.0,0.0,1.0,raw,B,0.00125,0.0,0.01,0.00125,0.0,0.01,1.0,1.0,1.0,0.500625,0.5,0.505,0.500625,0.5,0.505,0.562975,0.4734,0.6501
4,0.4,1.0,1.0,0.0,activity_normalized,A,0.26625,0.0,0.96,0.26625,0.0,0.96,1.0,1.0,1.0,0.505,0.45,0.585,0.505,0.45,0.585,0.457,0.2884,0.6651
4,0.4,1.0,1.0,0.0,activity_normalized,B,0.25625,0.0,0.88,0.25625,0.0,0.88,1.0,1.0,1.0,0.505,0.45,0.585,0.505,0.45,0.585,0.457,0.2884,0.6651
4,0.4,1.0,1.0,0.0,counterfactual_fraction,A,0.0,0.0,0.0,0.0,0.0,0.0,1.0,1.0,1.0,0.5,0.5,0.5,0.5,0.5,0.5,0.5,0.5,0.5
4,0.4,1.0,1.0,0.0,counterfactual_fraction,B,0.0,0.0,0.0,0.0,0.0,0.0,1.0,1.0,1.0,0.5,0.5,0.5,0.5,0.5,0.5,0.5,0.5,0.5
4,0.4,1.0,1.0,0.0,raw,A,0.3875,0.0,0.73,0.3875,0.0,0.73,1.0,1.0,1.0,0.5,0.405,0.575,0.5,0.405,0.575,0.4798375,0.2873,0.6017
4,0.4,1.0,1.0,0.0,raw,B,0.3875,0.02,0.81,0.3875,0.02,0.81,1.0,1.0,1.0,0.5,0.405,0.575,0.5,0.405,0.575,0.4798375,0.2873,0.6017
4,0.4,1.0,1.0,1.0,activity_normalized,A,0.57125,0.26,0.72,0.57125,0.26,0.72,1.0,1.0,1.0,0.61375,0.54,0.74,0.61375,0.54,0.74,0.6624625,0.5558,0.7966
4,0.4,1.0,1.0,1.0,activity_normalized,B,0.34375,0.18,0.52,0.34375,0.18,0.52,1.0,1.0,1.0,0.61375,0.54,0.74,0.61375,0.54,0.74,0.6624625,0.5558,0.7966
4,0.4,1.0,1.0,1.0,counterfactual_fraction,A,0.565,0.27,0.77,0.565,0.27,0.77,1.0,1.0,1.0,0.626875,0.515,0.77,0.626875,0.515,0.77,0.670925,0.5456,0.8347
4,0.4,1.0,1.0,1.0,counterfactual_fraction,B,0.31125,0.19,0.52,0.31125,0.19,0.52,1.0,1.0,1.0,0.626875,0.515,0.77,0.626875,0.515,0.77,0.670925,0.5456,0.8347
4,0.4,1.0,1.0,1.0,raw,A,0.58375,0.33,0.8,0.58375,0.33,0.8,1.0,1.0,1.0,0.585625,0.5,0.7,0.585625,0.5,0.7,0.6283,0.5292,0.7811
4,0.4,1.0,1.0,1.0,raw,B,0.4125,0.15,0.79,0.4125,0.15,0.79,1.0,1.0,1.0,0.585625,0.5,0.7,0.585625,0.5,0.7,0.6283,0.5292,0.7811
5,0.1,0.0,0.0,0.0,activity_normalized,A,1.0,1.0,1.0,0.051250000000000004,0.02,0.08,0.051250000000000004,0.02,0.08,,,,,,,,,
5,0.1,0.0,0.0,0.0,activity_normalized,B,1.0,1.0,1.0,0.0425,0.02,0.07,0.0425,0.02,0.07,,,,,,,,,
5,0.1,0.0,0.0,0.0,counterfactual_fraction,A,0.0,0.0,0.0,0.0,0.0,0.0,0.051250000000000004,0.02,0.08,,,,,,,,,
5,0.1,0.0,0.0,0.0,counterfactual_fraction,B,0.0,0.0,0.0,0.0,0.0,0.0,0.0425,0.02,0.07,,,,,,,,,
5,0.1,0.0,0.0,0.0,raw,A,1.0,1.0,1.0,0.051250000000000004,0.02,0.08,0.051250000000000004,0.02,0.08,,,,,,,,,
5,0.1,0.0,0.0,0.0,raw,B,1.0,1.0,1.0,0.0425,0.02,0.07,0.0425,0.02,0.07,,,,,,,,,
5,0.1,0.0,0.0,1.0,activity_normalized,A,1.0,1.0,1.0,0.051250000000000004,0.02,0.08,0.051250000000000004,0.02,0.08,,,,,,,,,
5,0.1,0.0,0.0,1.0,activity_normalized,B,0.99875,0.99,1.0,0.0425,0.02,0.07,0.0425,0.02,0.07,,,,,,,,,
5,0.1,0.0,0.0,1.0,counterfactual_fraction,A,0.0,0.0,0.0,0.0,0.0,0.0,0.051250000000000004,0.02,0.08,,,,,,,,,
5,0.1,0.0,0.0,1.0,counterfactual_fraction,B,0.0,0.0,0.0,0.0,0.0,0.0,0.0425,0.02,0.07,,,,,,,,,
5,0.1,0.0,0.0,1.0,raw,A,1.0,1.0,1.0,0.051250000000000004,0.02,0.08,0.051250000000000004,0.02,0.08,,,,,,,,,
5,0.1,0.0,0.0,1.0,raw,B,1.0,1.0,1.0,0.0425,0.02,0.07,0.0425,0.02,0.07,,,,,,,,,
5,0.1,0.0,1.0,0.0,activity_normalized,A,1.0,1.0,1.0,0.051250000000000004,0.02,0.08,0.051250000000000004,0.02,0.08,,,,,,,,,
5,0.1,0.0,1.0,0.0,activity_normalized,B,1.0,1.0,1.0,0.0425,0.02,0.07,0.0425,0.02,0.07,,,,,,,,,
5,0.1,0.0,1.0,0.0,counterfactual_fraction,A,0.0,0.0,0.0,0.0,0.0,0.0,0.051250000000000004,0.02,0.08,,,,,,,,,
5,0.1,0.0,1.0,0.0,counterfactual_fraction,B,0.0,0.0,0.0,0.0,0.0,0.0,0.0425,0.02,0.07,,,,,,,,,
5,0.1,0.0,1.0,0.0,raw,A,1.0,1.0,1.0,0.051250000000000004,0.02,0.08,0.051250000000000004,0.02,0.08,,,,,,,,,
5,0.1,0.0,1.0,0.0,raw,B,1.0,1.0,1.0,0.0425,0.02,0.07,0.0425,0.02,0.07,,,,,,,,,
5,0.1,0.0,1.0,1.0,activity_normalized,A,1.0,1.0,1.0,0.051250000000000004,0.02,0.08,0.051250000000000004,0.02,0.08,,,,,,,,,
5,0.1,0.0,1.0,1.0,activity_normalized,B,0.99875,0.99,1.0,0.0425,0.02,0.07,0.0425,0.02,0.07,,,,,,,,,
5,0.1,0.0,1.0,1.0,counterfactual_fraction,A,0.0,0.0,0.0,0.0,0.0,0.0,0.051250000000000004,0.02,0.08,,,,,,,,,
5,0.1,0.0,1.0,1.0,counterfactual_fraction,B,0.0,0.0,0.0,0.0,0.0,0.0,0.0425,0.02,0.07,,,,,,,,,
5,0.1,0.0,1.0,1.0,raw,A,1.0,1.0,1.0,0.051250000000000004,0.02,0.08,0.051250000000000004,0.02,0.08,,,,,,,,,
5,0.1,0.0,1.0,1.0,raw,B,1.0,1.0,1.0,0.0425,0.02,0.07,0.0425,0.02,0.07,,,,,,,,,
5,0.1,0.1,0.0,0.0,activity_normalized,A,0.99,0.96,1.0,0.8175,0.74,0.86,0.8275,0.75,0.88,0.496875,0.48,0.505,0.410625,0.37,0.435,0.49748125,0.48,0.5051
5,0.1,0.1,0.0,0.0,activity_normalized,B,0.99625,0.98,1.0,0.80875,0.76,0.86,0.8125,0.76,0.86,0.496875,0.48,0.505,0.410625,0.37,0.435,0.49748125,0.48,0.5051
5,0.1,0.1,0.0,0.0,counterfactual_fraction,A,0.0,0.0,0.0,0.0,0.0,0.0,0.8275,0.75,0.88,0.5,0.5,0.5,0.40625,0.38,0.43,0.5,0.5,0.5
5,0.1,0.1,0.0,0.0,counterfactual_fraction,B,0.0,0.0,0.0,0.0,0.0,0.0,0.8125,0.76,0.86,0.5,0.5,0.5,0.40625,0.38,0.43,0.5,0.5,0.5
5,0.1,0.1,0.0,0.0,raw,A,1.0,1.0,1.0,0.8275,0.75,0.88,0.8275,0.75,0.88,0.5,0.5,0.5,0.41375,0.375,0.44,0.49745625,0.48,0.505
5,0.1,0.1,0.0,0.0,raw,B,1.0,1.0,1.0,0.8125,0.76,0.86,0.8125,0.76,0.86,0.5,0.5,0.5,0.41375,0.375,0.44,0.49745625,0.48,0.505
5,0.1,0.1,0.0,1.0,activity_normalized,A,0.99875,0.99,1.0,0.8262499999999999,0.75,0.88,0.8275,0.75,0.88,0.500625,0.5,0.505,0.414375,0.375,0.445,0.49750625,0.48,0.505
5,0.1,0.1,0.0,1.0,activity_normalized,B,0.9975,0.99,1.0,0.81,0.76,0.86,0.8125,0.76,0.86,0.500625,0.5,0.505,0.414375,0.375,0.445,0.49750625,0.48,0.505
5,0.1,0.1,0.0,1.0,counterfactual_fraction,A,0.0125,0.0,0.04,0.0125,0.0,0.04,0.8275,0.75,0.88,0.503125,0.495,0.52,0.409375,0.4,0.43,0.50251875,0.4949,0.52
5,0.1,0.1,0.0,1.0,counterfactual_fraction,B,0.00625,0.0,0.02,0.00625,0.0,0.02,0.8125,0.76,0.86,0.503125,0.495,0.52,0.409375,0.4,0.43,0.50251875,0.4949,0.52
5,0.1,0.1,0.0,1.0,raw,A,1.0,1.0,1.0,0.8275,0.75,0.88,0.8275,0.75,0.88,0.5,0.5,0.5,0.41375,0.375,0.44,0.49751875,0.48,0.505
5,0.1,0.1,0.0,1.0,raw,B,1.0,1.0,1.0,0.8125,0.76,0.86,0.8125,0.76,0.86,0.5,0.5,0.5,0.41375,0.375,0.44,0.49751875,0.48,0.505
5,0.1,0.1,1.0,0.0,activity_normalized,A,0.99,0.96,1.0,0.8175,0.74,0.86,0.8275,0.75,0.88,0.496875,0.48,0.505,0.410625,0.37,0.435,0.49748749999999997,0.48,0.5051
5,0.1,0.1,1.0,0.0,activity_normalized,B,0.99625,0.98,1.0,0.80875,0.76,0.86,0.8125,0.76,0.86,0.496875,0.48,0.505,0.410625,0.37,0.435,0.49748749999999997,0.48,0.5051
5,0.1,0.1,1.0,0.0,counterfactual_fraction,A,0.0,0.0,0.0,0.0,0.0,0.0,0.8275,0.75,0.88,0.5,0.5,0.5,0.40625,0.38,0.43,0.5,0.5,0.5
5,0.1,0.1,1.0,0.0,counterfactual_fraction,B,0.0,0.0,0.0,0.0,0.0,0.0,0.8125,0.76,0.86,0.5,0.5,0.5,0.40625,0.38,0.43,0.5,0.5,0.5
5,0.1,0.1,1.0,0.0,raw,A,1.0,1.0,1.0,0.8275,0.75,0.88,0.8275,0.75,0.88,0.5,0.5,0.5,0.41375,0.375,0.44,0.49745625,0.48,0.505
5,0.1,0.1,1.0,0.0,raw,B,1.0,1.0,1.0,0.8125,0.76,0.86,0.8125,0.76,0.86,0.5,0.5,0.5,0.41375,0.375,0.44,0.49745625,0.48,0.505
5,0.1,0.1,1.0,1.0,activity_normalized,A,0.99875,0.99,1.0,0.8262499999999999,0.75,0.88,0.8275,0.75,0.88,0.500625,0.5,0.505,0.414375,0.375,0.445,0.49751875,0.48,0.505
5,0.1,0.1,1.0,1.0,activity_normalized,B,0.9975,0.99,1.0,0.81,0.76,0.86,0.8125,0.76,0.86,0.500625,0.5,0.505,0.414375,0.375,0.445,0.49751875,0.48,0.505
5,0.1,0.1,1.0,1.0,counterfactual_fraction,A,0.0125,0.0,0.04,0.0125,0.0,0.04,0.8275,0.75,0.88,0.503125,0.495,0.52,0.409375,0.4,0.43,0.502525,0.4949,0.52
5,0.1,0.1,1.0,1.0,counterfactual_fraction,B,0.00625,0.0,0.02,0.00625,0.0,0.02,0.8125,0.76,0.86,0.503125,0.495,0.52,0.409375,0.4,0.43,0.502525,0.4949,0.52
5,0.1,0.1,1.0,1.0,raw,A,1.0,1.0,1.0,0.8275,0.75,0.88,0.8275,0.75,0.88,0.5,0.5,0.5,0.41375,0.375,0.44,0.49751875,0.48,0.505
5,0.1,0.1,1.0,1.0,raw,B,1.0,1.0,1.0,0.8125,0.76,0.86,0.8125,0.76,0.86,0.5,0.5,0.5,0.41375,0.375,0.44,0.49751875,0.48,0.505
5,0.1,0.25,0.0,0.0,activity_normalized,A,0.81,0.39,0.98,0.81,0.39,0.98,1.0,1.0,1.0,0.53,0.47,0.61,0.53,0.47,0.61,0.51644375,0.3842,0.63215
5,0.1,0.25,0.0,0.0,activity_normalized,B,0.75,0.45,0.9,0.75,0.45,0.9,1.0,1.0,1.0,0.53,0.47,0.61,0.53,0.47,0.61,0.51644375,0.3842,0.63215
5,0.1,0.25,0.0,0.0,counterfactual_fraction,A,0.0,0.0,0.0,0.0,0.0,0.0,1.0,1.0,1.0,0.5,0.5,0.5,0.5,0.5,0.5,0.5,0.5,0.5
5,0.1,0.25,0.0,0.0,counterfactual_fraction,B,0.0,0.0,0.0,0.0,0.0,0.0,1.0,1.0,1.0,0.5,0.5,0.5,0.5,0.5,0.5,0.5,0.5,0.5
5,0.1,0.25,0.0,0.0,raw,A,1.0,1.0,1.0,1.0,1.0,1.0,1.0,1.0,1.0,0.5,0.5,0.5,0.5,0.5,0.5,0.4970625,0.2529,0.6389
5,0.1,0.25,0.0,0.0,raw,B,1.0,1.0,1.0,1.0,1.0,1.0,1.0,1.0,1.0,0.5,0.5,0.5,0.5,0.5,0.5,0.4970625,0.2529,0.6389
5,0.1,0.25,0.0,1.0,activity_normalized,A,0.99125,0.96,1.0,0.99125,0.96,1.0,1.0,1.0,1.0,0.50375,0.485,0.535,0.50375,0.485,0.535,0.50830625,0.358,0.59885
5,0.1,0.25,0.0,1.0,activity_normalized,B,0.98375,0.92,1.0,0.98375,0.92,1.0,1.0,1.0,1.0,0.50375,0.485,0.535,0.50375,0.485,0.535,0.50830625,0.358,0.59885
5,0.1,0.25,0.0,1.0,counterfactual_fraction,A,0.435,0.07,0.81,0.435,0.07,0.81,1.0,1.0,1.0,0.491875,0.38,0.66,0.491875,0.38,0.66,0.486775,0.36135,0.673
5,0.1,0.25,0.0,1.0,counterfactual_fraction,B,0.45125,0.21,0.76,0.45125,0.21,0.76,1.0,1.0,1.0,0.491875,0.38,0.66,0.491875,0.38,0.66,0.486775,0.36135,0.673
5,0.1,0.25,0.0,1.0,raw,A,1.0,1.0,1.0,1.0,1.0,1.0,1.0,1.0,1.0,0.5,0.5,0.5,0.5,0.5,0.5,0.5072875,0.3296,0.6153
5,0.1,0.25,0.0,1.0,raw,B,1.0,1.0,1.0,1.0,1.0,1.0,1.0,1.0,1.0,0.5,0.5,0.5,0.5,0.5,0.5,0.5072875,0.3296,0.6153
5,0.1,0.25,1.0,0.0,activity_normalized,A,0.81125,0.39,0.98,0.81125,0.39,0.98,1.0,1.0,1.0,0.530625,0.47,0.61,0.530625,0.47,0.61,0.51625625,0.3856,0.6307
5,0.1,0.25,1.0,0.0,activity_normalized,B,0.75,0.45,0.9,0.75,0.45,0.9,1.0,1.0,1.0,0.530625,0.47,0.61,0.530625,0.47,0.61,0.51625625,0.3856,0.6307
5,0.1,0.25,1.0,0.0,counterfactual_fraction,A,0.0,0.0,0.0,0.0,0.0,0.0,1.0,1.0,1.0,0.5,0.5,0.5,0.5,0.5,0.5,0.5,0.5,0.5
5,0.1,0.25,1.0,0.0,counterfactual_fraction,B,0.0,0.0,0.0,0.0,0.0,0.0,1.0,1.0,1.0,0.5,0.5,0.5,0.5,0.5,0.5,0.5,0.5,0.5
5,0.1,0.25,1.0,0.0,raw,A,1.0,1.0,1.0,1.0,1.0,1.0,1.0,1.0,1.0,0.5,0.5,0.5,0.5,0.5,0.5,0.49735,0.2536,0.6389
5,0.1,0.25,1.0,0.0,raw,B,1.0,1.0,1.0,1.0,1.0,1.0,1.0,1.0,1.0,0.5,0.5,0.5,0.5,0.5,0.5,0.49735,0.2536,0.6389
5,0.1,0.25,1.0,1.0,activity_normalized,A,0.99375,0.97,1.0,0.99375,0.97,1.0,1.0,1.0,1.0,0.50375,0.49,0.525,0.50375,0.49,0.525,0.5100375,0.3594,0.59915
5,0.1,0.25,1.0,1.0,activity_normalized,B,0.98625,0.94,1.0,0.98625,0.94,1.0,1.0,1.0,1.0,0.50375,0.49,0.525,0.50375,0.49,0.525,0.5100375,0.3594,0.59915
5,0.1,0.25,1.0,1.0,counterfactual_fraction,A,0.43375,0.07,0.81,0.43375,0.07,0.81,1.0,1.0,1.0,0.490625,0.38,0.66,0.490625,0.38,0.66,0.48615625,0.36165,0.67525
5,0.1,0.25,1.0,1.0,counterfactual_fraction,B,0.4525,0.21,0.77,0.4525,0.21,0.77,1.0,1.0,1.0,0.490625,0.38,0.66,0.490625,0.38,0.66,0.48615625,0.36165,0.67525
5,0.1,0.25,1.0,1.0,raw,A,1.0,1.0,1.0,1.0,1.0,1.0,1.0,1.0,1.0,0.5,0.5,0.5,0.5,0.5,0.5,0.5091,0.3303,0.6153
5,0.1,0.25,1.0,1.0,raw,B,1.0,1.0,1.0,1.0,1.0,1.0,1.0,1.0,1.0,0.5,0.5,0.5,0.5,0.5,0.5,0.5091,0.3303,0.6153
5,0.1,0.5,0.0,0.0,activity_normalized,A,0.4975,0.0,0.85,0.4975,0.0,0.85,1.0,1.0,1.0,0.5125,0.33,0.6,0.5125,0.33,0.6,0.5157499999999999,0.2353,0.6203
5,0.1,0.5,0.0,0.0,activity_normalized,B,0.47250000000000003,0.0,0.75,0.47250000000000003,0.0,0.75,1.0,1.0,1.0,0.5125,0.33,0.6,0.5125,0.33,0.6,0.5157499999999999,0.2353,0.6203
5,0.1,0.5,0.0,0.0,counterfactual_fraction,A,0.0,0.0,0.0,0.0,0.0,0.0,1.0,1.0,1.0,0.5,0.5,0.5,0.5,0.5,0.5,0.5,0.5,0.5
5,0.1,0.5,0.0,0.0,counterfactual_fraction,B,0.0,0.0,0.0,0.0,0.0,0.0,1.0,1.0,1.0,0.5,0.5,0.5,0.5,0.5,0.5,0.5,0.5,0.5
5,0.1,0.5,0.0,0.0,raw,A,1.0,1.0,1.0,1.0,1.0,1.0,1.0,1.0,1.0,0.5,0.5,0.5,0.5,0.5,0.5,0.4660125,0.0428,0.802
5,0.1,0.5,0.0,0.0,raw,B,1.0,1.0,1.0,1.0,1.0,1.0,1.0,1.0,1.0,0.5,0.5,0.5,0.5,0.5,0.5,0.4660125,0.0428,0.802
5,0.1,0.5,0.0,1.0,activity_normalized,A,0.96,0.74,1.0,0.96,0.74,1.0,1.0,1.0,1.0,0.663125,0.5,0.875,0.663125,0.5,0.875,0.8335375,0.6421,0.9864
5,0.1,0.5,0.0,1.0,activity_normalized,B,0.63375,0.21,1.0,0.63375,0.21,1.0,1.0,1.0,1.0,0.663125,0.5,0.875,0.663125,0.5,0.875,0.8335375,0.6421,0.9864
5,0.1,0.5,0.0,1.0,counterfactual_fraction,A,0.96375,0.76,1.0,0.96375,0.76,1.0,1.0,1.0,1.0,0.654375,0.5,0.83,0.654375,0.5,0.83,0.8371,0.6616,0.9847
5,0.1,0.5,0.0,1.0,counterfactual_fraction,B,0.655,0.32,1.0,0.655,0.32,1.0,1.0,1.0,1.0,0.654375,0.5,0.83,0.654375,0.5,0.83,0.8371,0.6616,0.9847
5,0.1,0.5,0.0,1.0,raw,A,1.0,1.0,1.0,1.0,1.0,1.0,1.0,1.0,1.0,0.5,0.5,0.5,0.5,0.5,0.5,0.784175,0.5519,0.9863
5,0.1,0.5,0.0,1.0,raw,B,1.0,1.0,1.0,1.0,1.0,1.0,1.0,1.0,1.0,0.5,0.5,0.5,0.5,0.5,0.5,0.784175,0.5519,0.9863
5,0.1,0.5,1.0,0.0,activity_normalized,A,0.595,0.0,0.92,0.595,0.0,0.92,1.0,1.0,1.0,0.5175000000000001,0.34,0.665,0.5175000000000001,0.34,0.665,0.52185,0.2443,0.7117
5,0.1,0.5,1.0,0.0,activity_normalized,B,0.56,0.0,0.81,0.56,0.0,0.81,1.0,1.0,1.0,0.5175000000000001,0.34,0.665,0.5175000000000001,0.34,0.665,0.52185,0.2443,0.7117
5,0.1,0.5,1.0,0.0,counterfactual_fraction,A,0.0,0.0,0.0,0.0,0.0,0.0,1.0,1.0,1.0,0.5,0.5,0.5,0.5,0.5,0.5,0.5,0.5,0.5
5,0.1,0.5,1.0,0.0,counterfactual_fraction,B,0.0,0.0,0.0,0.0,0.0,0.0,1.0,1.0,1.0,0.5,0.5,0.5,0.5,0.5,0.5,0.5,0.5,0.5
5,0.1,0.5,1.0,0.0,raw,A,1.0,1.0,1.0,1.0,1.0,1.0,1.0,1.0,1.0,0.5,0.5,0.5,0.5,0.5,0.5,0.4629875,0.0453,0.7954
5,0.1,0.5,1.0,0.0,raw,B,1.0,1.0,1.0,1.0,1.0,1.0,1.0,1.0,1.0,0.5,0.5,0.5,0.5,0.5,0.5,0.4629875,0.0453,0.7954
5,0.1,0.5,1.0,1.0,activity_normalized,A,0.995,0.98,1.0,0.995,0.98,1.0,1.0,1.0,1.0,0.628125,0.5,0.79,0.628125,0.5,0.79,0.854525,0.6791,0.9875
5,0.1,0.5,1.0,1.0,activity_normalized,B,0.73875,0.4,1.0,0.73875,0.4,1.0,1.0,1.0,1.0,0.628125,0.5,0.79,0.628125,0.5,0.79,0.854525,0.6791,0.9875
5,0.1,0.5,1.0,1.0,counterfactual_fraction,A,0.99375,0.98,1.0,0.99375,0.98,1.0,1.0,1.0,1.0,0.625,0.5,0.815,0.625,0.5,0.815,0.8549249999999999,0.6733,0.9833
5,0.1,0.5,1.0,1.0,counterfactual_fraction,B,0.74375,0.35,1.0,0.74375,0.35,1.0,1.0,1.0,1.0,0.625,0.5,0.815,0.625,0.5,0.815,0.8549249999999999,0.6733,0.9833
5,0.1,0.5,1.0,1.0,raw,A,1.0,1.0,1.0,1.0,1.0,1.0,1.0,1.0,1.0,0.5,0.5,0.5,0.5,0.5,0.5,0.832125,0.6595,0.9856
5,0.1,0.5,1.0,1.0,raw,B,1.0,1.0,1.0,1.0,1.0,1.0,1.0,1.0,1.0,0.5,0.5,0.5,0.5,0.5,0.5,0.832125,0.6595,0.9856
5,0.1,1.0,0.0,0.0,activity_normalized,A,0.00125,0.0,0.01,0.00125,0.0,0.01,1.0,1.0,1.0,0.500625,0.5,0.505,0.500625,0.5,0.505,0.610725,0.0388,0.9194
5,0.1,1.0,0.0,0.0,activity_normalized,B,0.0,0.0,0.0,0.0,0.0,0.0,1.0,1.0,1.0,0.500625,0.5,0.505,0.500625,0.5,0.505,0.610725,0.0388,0.9194
5,0.1,1.0,0.0,0.0,counterfactual_fraction,A,0.0,0.0,0.0,0.0,0.0,0.0,1.0,1.0,1.0,0.5,0.5,0.5,0.5,0.5,0.5,0.5,0.5,0.5
5,0.1,1.0,0.0,0.0,counterfactual_fraction,B,0.0,0.0,0.0,0.0,0.0,0.0,1.0,1.0,1.0,0.5,0.5,0.5,0.5,0.5,0.5,0.5,0.5,0.5
5,0.1,1.0,0.0,0.0,raw,A,0.0025,0.0,0.02,0.0025,0.0,0.02,1.0,1.0,1.0,0.50125,0.5,0.51,0.50125,0.5,0.51,0.466125,0.0007,0.9162
5,0.1,1.0,0.0,0.0,raw,B,0.0,0.0,0.0,0.0,0.0,0.0,1.0,1.0,1.0,0.50125,0.5,0.51,0.50125,0.5,0.51,0.466125,0.0007,0.9162
5,0.1,1.0,0.0,1.0,activity_normalized,A,0.06875,0.0,0.54,0.06875,0.0,0.54,1.0,1.0,1.0,0.534375,0.5,0.77,0.534375,0.5,0.77,0.94975,0.7889,1.0
5,0.1,1.0,0.0,1.0,activity_normalized,B,0.0,0.0,0.0,0.0,0.0,0.0,1.0,1.0,1.0,0.534375,0.5,0.77,0.534375,0.5,0.77,0.94975,0.7889,1.0
5,0.1,1.0,0.0,1.0,counterfactual_fraction,A,0.1225,0.0,0.89,0.1225,0.0,0.89,1.0,1.0,1.0,0.56125,0.5,0.945,0.56125,0.5,0.945,0.9594374999999999,0.8729,1.0
5,0.1,1.0,0.0,1.0,counterfactual_fraction,B,0.0,0.0,0.0,0.0,0.0,0.0,1.0,1.0,1.0,0.56125,0.5,0.945,0.56125,0.5,0.945,0.9594374999999999,0.8729,1.0
5,0.1,1.0,0.0,1.0,raw,A,0.04,0.0,0.31,0.04,0.0,0.31,1.0,1.0,1.0,0.52,0.5,0.655,0.52,0.5,0.655,0.7893249999999999,0.4542,1.0
5,0.1,1.0,0.0,1.0,raw,B,0.0,0.0,0.0,0.0,0.0,0.0,1.0,1.0,1.0,0.52,0.5,0.655,0.52,0.5,0.655,0.7893249999999999,0.4542,1.0
5,0.1,1.0,1.0,0.0,activity_normalized,A,0.51625,0.0,0.85,0.51625,0.0,0.85,1.0,1.0,1.0,0.63875,0.49,0.805,0.63875,0.49,0.805,0.6248625,0.3191,0.8893
5,0.1,1.0,1.0,0.0,activity_normalized,B,0.23875000000000002,0.02,0.81,0.23875000000000002,0.02,0.81,1.0,1.0,1.0,0.63875,0.49,0.805,0.63875,0.49,0.805,0.6248625,0.3191,0.8893
5,0.1,1.0,1.0,0.0,counterfactual_fraction,A,0.0,0.0,0.0,0.0,0.0,0.0,1.0,1.0,1.0,0.5,0.5,0.5,0.5,0.5,0.5,0.5,0.5,0.5
5,0.1,1.0,1.0,0.0,counterfactual_fraction,B,0.0,0.0,0.0,0.0,0.0,0.0,1.0,1.0,1.0,0.5,0.5,0.5,0.5,0.5,0.5,0.5,0.5,0.5
5,0.1,1.0,1.0,0.0,raw,A,0.64875,0.0,0.94,0.64875,0.0,0.94,1.0,1.0,1.0,0.56375,0.44,0.85,0.56375,0.44,0.85,0.4655125,0.0,0.9513
5,0.1,1.0,1.0,0.0,raw,B,0.52125,0.01,1.0,0.52125,0.01,1.0,1.0,1.0,1.0,0.56375,0.44,0.85,0.56375,0.44,0.85,0.4655125,0.0,0.9513
5,0.1,1.0,1.0,1.0,activity_normalized,A,0.9675,0.85,1.0,0.9675,0.85,1.0,1.0,1.0,1.0,0.96875,0.875,1.0,0.96875,0.875,1.0,0.990475,0.9535,1.0
5,0.1,1.0,1.0,1.0,activity_normalized,B,0.03,0.0,0.16,0.03,0.0,0.16,1.0,1.0,1.0,0.96875,0.875,1.0,0.96875,0.875,1.0,0.990475,0.9535,1.0
5,0.1,1.0,1.0,1.0,counterfactual_fraction,A,0.96375,0.85,1.0,0.96375,0.85,1.0,1.0,1.0,1.0,0.969375,0.88,1.0,0.969375,0.88,1.0,0.9908125,0.961,1.0
5,0.1,1.0,1.0,1.0,counterfactual_fraction,B,0.025,0.0,0.11,0.025,0.0,0.11,1.0,1.0,1.0,0.969375,0.88,1.0,0.969375,0.88,1.0,0.9908125,0.961,1.0
5,0.1,1.0,1.0,1.0,raw,A,0.94875,0.82,1.0,0.94875,0.82,1.0,1.0,1.0,1.0,0.949375,0.8,1.0,0.949375,0.8,1.0,0.9769,0.8915,1.0
5,0.1,1.0,1.0,1.0,raw,B,0.05,0.0,0.24,0.05,0.0,0.24,1.0,1.0,1.0,0.949375,0.8,1.0,0.949375,0.8,1.0,0.9769,0.8915,1.0
5,0.4,0.0,0.0,0.0,activity_normalized,A,0.37,0.16,0.55,0.01,0.0,0.03,0.05375,0.03,0.08,,,,,,,,,
5,0.4,0.0,0.0,0.0,activity_normalized,B,0.425,0.21,0.62,0.0175,0.0,0.05,0.05,0.01,0.07,,,,,,,,,
5,0.4,0.0,0.0,0.0,counterfactual_fraction,A,0.0,0.0,0.0,0.0,0.0,0.0,0.05375,0.03,0.08,,,,,,,,,
5,0.4,0.0,0.0,0.0,counterfactual_fraction,B,0.0,0.0,0.0,0.0,0.0,0.0,0.05,0.01,0.07,,,,,,,,,
5,0.4,0.0,0.0,0.0,raw,A,0.9975,0.98,1.0,0.052500000000000005,0.03,0.08,0.05375,0.03,0.08,,,,,,,,,
5,0.4,0.0,0.0,0.0,raw,B,0.98625,0.94,1.0,0.045,0.01,0.07,0.05,0.01,0.07,,,,,,,,,
5,0.4,0.0,0.0,1.0,activity_normalized,A,0.005,0.0,0.02,0.0,0.0,0.0,0.05375,0.03,0.08,,,,,,,,,
5,0.4,0.0,0.0,1.0,activity_normalized,B,0.01375,0.0,0.03,0.0,0.0,0.0,0.05,0.01,0.07,,,,,,,,,
5,0.4,0.0,0.0,1.0,counterfactual_fraction,A,0.00625,0.0,0.02,0.0,0.0,0.0,0.05375,0.03,0.08,,,,,,,,,
5,0.4,0.0,0.0,1.0,counterfactual_fraction,B,0.01,0.0,0.04,0.0,0.0,0.0,0.05,0.01,0.07,,,,,,,,,
5,0.4,0.0,0.0,1.0,raw,A,0.6012500000000001,0.38,0.78,0.01125,0.0,0.03,0.05375,0.03,0.08,,,,,,,,,
5,0.4,0.0,0.0,1.0,raw,B,0.62625,0.41,0.76,0.00375,0.0,0.01,0.05,0.01,0.07,,,,,,,,,
5,0.4,0.0,1.0,0.0,activity_normalized,A,0.49124999999999996,0.32,0.66,0.01625,0.0,0.04,0.05375,0.03,0.08,,,,,,,,,
5,0.4,0.0,1.0,0.0,activity_normalized,B,0.515,0.3,0.72,0.0225,0.0,0.05,0.05,0.01,0.07,,,,,,,,,
5,0.4,0.0,1.0,0.0,counterfactual_fraction,A,0.0,0.0,0.0,0.0,0.0,0.0,0.05375,0.03,0.08,,,,,,,,,
5,0.4,0.0,1.0,0.0,counterfactual_fraction,B,0.0,0.0,0.0,0.0,0.0,0.0,0.05,0.01,0.07,,,,,,,,,
5,0.4,0.0,1.0,0.0,raw,A,1.0,1.0,1.0,0.05375,0.03,0.08,0.05375,0.03,0.08,,,,,,,,,
5,0.4,0.0,1.0,0.0,raw,B,0.99875,0.99,1.0,0.04875,0.01,0.07,0.05,0.01,0.07,,,,,,,,,
5,0.4,0.0,1.0,1.0,activity_normalized,A,0.0125,0.0,0.06,0.0,0.0,0.0,0.05375,0.03,0.08,,,,,,,,,
5,0.4,0.0,1.0,1.0,activity_normalized,B,0.021249999999999998,0.0,0.04,0.0,0.0,0.0,0.05,0.01,0.07,,,,,,,,,
5,0.4,0.0,1.0,1.0,counterfactual_fraction,A,0.0125,0.0,0.04,0.0,0.0,0.0,0.05375,0.03,0.08,,,,,,,,,
5,0.4,0.0,1.0,1.0,counterfactual_fraction,B,0.021249999999999998,0.0,0.04,0.0,0.0,0.0,0.05,0.01,0.07,,,,,,,,,
5,0.4,0.0,1.0,1.0,raw,A,0.76375,0.53,0.89,0.025,0.01,0.04,0.05375,0.03,0.08,,,,,,,,,
5,0.4,0.0,1.0,1.0,raw,B,0.77125,0.55,0.9,0.0175,0.0,0.03,0.05,0.01,0.07,,,,,,,,,
5,0.4,0.1,0.0,0.0,activity_normalized,A,0.33625,0.17,0.53,0.0275,0.0,0.06,0.135,0.08,0.17,0.47625,0.435,0.515,0.0625,0.05,0.08,0.48097500000000004,0.4235,0.5733
5,0.4,0.1,0.0,0.0,activity_normalized,B,0.38375,0.14,0.59,0.04625,0.0,0.1,0.14375,0.09,0.19,0.47625,0.435,0.515,0.0625,0.05,0.08,0.48097500000000004,0.4235,0.5733
5,0.4,0.1,0.0,0.0,counterfactual_fraction,A,0.0,0.0,0.0,0.0,0.0,0.0,0.135,0.08,0.17,0.5,0.5,0.5,0.071875,0.045,0.095,0.5,0.5,0.5
5,0.4,0.1,0.0,0.0,counterfactual_fraction,B,0.0,0.0,0.0,0.0,0.0,0.0,0.14375,0.09,0.19,0.5,0.5,0.5,0.071875,0.045,0.095,0.5,0.5,0.5
5,0.4,0.1,0.0,0.0,raw,A,0.99125,0.97,1.0,0.13,0.08,0.17,0.135,0.08,0.17,0.505,0.49,0.525,0.07125000000000001,0.045,0.085,0.48083750000000003,0.4433,0.4941
5,0.4,0.1,0.0,0.0,raw,B,0.98125,0.93,1.0,0.13125,0.08,0.18,0.14375,0.09,0.19,0.505,0.49,0.525,0.07125000000000001,0.045,0.085,0.48083750000000003,0.4433,0.4941
5,0.4,0.1,0.0,1.0,activity_normalized,A,0.0075,0.0,0.03,0.00125,0.0,0.01,0.135,0.08,0.17,0.495625,0.49,0.5,0.0725,0.045,0.095,0.5036625,0.4583,0.5547
5,0.4,0.1,0.0,1.0,activity_normalized,B,0.01625,0.0,0.04,0.0,0.0,0.0,0.14375,0.09,0.19,0.495625,0.49,0.5,0.0725,0.045,0.095,0.5036625,0.4583,0.5547
5,0.4,0.1,0.0,1.0,counterfactual_fraction,A,0.00875,0.0,0.02,0.0025,0.0,0.02,0.135,0.08,0.17,0.495625,0.485,0.51,0.073125,0.045,0.095,0.51325,0.4656,0.5509
5,0.4,0.1,0.0,1.0,counterfactual_fraction,B,0.0175,0.0,0.04,0.0,0.0,0.0,0.14375,0.09,0.19,0.495625,0.485,0.51,0.073125,0.045,0.095,0.51325,0.4656,0.5509
5,0.4,0.1,0.0,1.0,raw,A,0.56375,0.37,0.72,0.026250000000000002,0.0,0.05,0.135,0.08,0.17,0.48812500000000003,0.46,0.555,0.066875,0.04,0.105,0.4837125,0.4418,0.5149
5,0.4,0.1,0.0,1.0,raw,B,0.5875,0.4,0.75,0.036250000000000004,0.01,0.06,0.14375,0.09,0.19,0.48812500000000003,0.46,0.555,0.066875,0.04,0.105,0.4837125,0.4418,0.5149
5,0.4,0.1,1.0,0.0,activity_normalized,A,0.48125,0.29,0.68,0.06125,0.02,0.09,0.135,0.08,0.17,0.485,0.43,0.53,0.065625,0.05,0.08,0.4812,0.4099,0.5697
5,0.4,0.1,1.0,0.0,activity_normalized,B,0.51125,0.29,0.68,0.07375000000000001,0.04,0.13,0.14375,0.09,0.19,0.485,0.43,0.53,0.065625,0.05,0.08,0.4812,0.4099,0.5697
5,0.4,0.1,1.0,0.0,counterfactual_fraction,A,0.0,0.0,0.0,0.0,0.0,0.0,0.135,0.08,0.17,0.5,0.5,0.5,0.071875,0.045,0.095,0.5,0.5,0.5
5,0.4,0.1,1.0,0.0,counterfactual_fraction,B,0.0,0.0,0.0,0.0,0.0,0.0,0.14375,0.09,0.19,0.5,0.5,0.5,0.071875,0.045,0.095,0.5,0.5,0.5
5,0.4,0.1,1.0,0.0,raw,A,1.0,1.0,1.0,0.135,0.08,0.17,0.135,0.08,0.17,0.500625,0.5,0.505,0.068125,0.04,0.085,0.4796,0.4466,0.493
5,0.4,0.1,1.0,0.0,raw,B,0.99875,0.99,1.0,0.14250000000000002,0.09,0.19,0.14375,0.09,0.19,0.500625,0.5,0.505,0.068125,0.04,0.085,0.4796,0.4466,0.493
5,0.4,0.1,1.0,1.0,activity_normalized,A,0.0175,0.0,0.07,0.0025,0.0,0.02,0.135,0.08,0.17,0.49375,0.485,0.51,0.0725,0.045,0.095,0.49770000000000003,0.4586,0.5544
5,0.4,0.1,1.0,1.0,activity_normalized,B,0.030000000000000002,0.01,0.05,0.00125,0.0,0.01,0.14375,0.09,0.19,0.49375,0.485,0.51,0.0725,0.045,0.095,0.49770000000000003,0.4586,0.5544
5,0.4,0.1,1.0,1.0,counterfactual_fraction,A,0.02,0.0,0.04,0.0025,0.0,0.02,0.135,0.08,0.17,0.4925,0.47,0.51,0.071875,0.045,0.095,0.506,0.4638,0.5383
5,0.4,0.1,1.0,1.0,counterfactual_fraction,B,0.035,0.01,0.06,0.0025,0.0,0.01,0.14375,0.09,0.19,0.4925,0.47,0.51,0.071875,0.045,0.095,0.506,0.4638,0.5383
5,0.4,0.1,1.0,1.0,raw,A,0.75125,0.49,0.89,0.07125,0.01,0.11,0.135,0.08,0.17,0.491875,0.465,0.52,0.07062500000000001,0.045,0.085,0.48185,0.4358,0.5085
5,0.4,0.1,1.0,1.0,raw,B,0.7675000000000001,0.55,0.88,0.07375,0.04,0.12,0.14375,0.09,0.19,0.491875,0.465,0.52,0.07062500000000001,0.045,0.085,0.48185,0.4358,0.5085
5,0.4,0.25,0.0,0.0,activity_normalized,A,0.3025,0.13,0.5,0.11375,0.02,0.2,0.47625,0.42,0.52,0.485625,0.42,0.52,0.209375,0.17,0.245,0.48491249999999997,0.4091,0.5982
5,0.4,0.25,0.0,0.0,activity_normalized,B,0.33125,0.09,0.53,0.1275,0.03,0.22,0.4325,0.34,0.49,0.485625,0.42,0.52,0.209375,0.17,0.245,0.48491249999999997,0.4091,0.5982
5,0.4,0.25,0.0,0.0,counterfactual_fraction,A,0.0,0.0,0.0,0.0,0.0,0.0,0.47625,0.42,0.52,0.5,0.5,0.5,0.21625,0.17,0.245,0.5,0.5,0.5
5,0.4,0.25,0.0,0.0,counterfactual_fraction,B,0.0,0.0,0.0,0.0,0.0,0.0,0.4325,0.34,0.49,0.5,0.5,0.5,0.21625,0.17,0.245,0.5,0.5,0.5
5,0.4,0.25,0.0,0.0,raw,A,0.955,0.86,1.0,0.44125,0.33,0.52,0.47625,0.42,0.52,0.498125,0.48,0.52,0.23875,0.21,0.27,0.4844125,0.4357,0.5059
5,0.4,0.25,0.0,0.0,raw,B,0.95875,0.9,1.0,0.39625,0.31,0.46,0.4325,0.34,0.49,0.498125,0.48,0.52,0.23875,0.21,0.27,0.4844125,0.4357,0.5059
5,0.4,0.25,0.0,1.0,activity_normalized,A,0.01375,0.0,0.05,0.0025,0.0,0.01,0.47625,0.42,0.52,0.5,0.49,0.51,0.216875,0.17,0.245,0.5206125,0.4669,0.5685
5,0.4,0.25,0.0,1.0,activity_normalized,B,0.01375,0.0,0.03,0.00125,0.0,0.01,0.4325,0.34,0.49,0.5,0.49,0.51,0.216875,0.17,0.245,0.5206125,0.4669,0.5685
5,0.4,0.25,0.0,1.0,counterfactual_fraction,A,0.01625,0.0,0.04,0.0025,0.0,0.01,0.47625,0.42,0.52,0.49875,0.49,0.51,0.216875,0.17,0.245,0.5276125,0.4776,0.5644
5,0.4,0.25,0.0,1.0,counterfactual_fraction,B,0.01875,0.0,0.05,0.00125,0.0,0.01,0.4325,0.34,0.49,0.49875,0.49,0.51,0.216875,0.17,0.245,0.5276125,0.4776,0.5644
5,0.4,0.25,0.0,1.0,raw,A,0.465,0.32,0.62,0.135,0.08,0.23,0.47625,0.42,0.52,0.485625,0.455,0.525,0.22625,0.175,0.285,0.4941375,0.4649,0.5214
5,0.4,0.25,0.0,1.0,raw,B,0.49375,0.31,0.66,0.11499999999999999,0.07,0.15,0.4325,0.34,0.49,0.485625,0.455,0.525,0.22625,0.175,0.285,0.4941375,0.4649,0.5214
5,0.4,0.25,1.0,0.0,activity_normalized,A,0.47125,0.28,0.69,0.22,0.12,0.31,0.47625,0.42,0.52,0.495625,0.435,0.55,0.218125,0.185,0.25,0.4847625,0.3906,0.5916
5,0.4,0.25,1.0,0.0,activity_normalized,B,0.48,0.23,0.65,0.21625,0.11,0.35,0.4325,0.34,0.49,0.495625,0.435,0.55,0.218125,0.185,0.25,0.4847625,0.3906,0.5916
5,0.4,0.25,1.0,0.0,counterfactual_fraction,A,0.0,0.0,0.0,0.0,0.0,0.0,0.47625,0.42,0.52,0.5,0.5,0.5,0.21625,0.17,0.245,0.5,0.5,0.5
5,0.4,0.25,1.0,0.0,counterfactual_fraction,B,0.0,0.0,0.0,0.0,0.0,0.0,0.4325,0.34,0.49,0.5,0.5,0.5,0.21625,0.17,0.245,0.5,0.5,0.5
5,0.4,0.25,1.0,0.0,raw,A,1.0,1.0,1.0,0.47625,0.42,0.52,0.47625,0.42,0.52,0.503125,0.5,0.515,0.24125,0.215,0.26,0.48375,0.4328,0.5069
5,0.4,0.25,1.0,0.0,raw,B,0.99375,0.97,1.0,0.42625,0.34,0.49,0.4325,0.34,0.49,0.503125,0.5,0.515,0.24125,0.215,0.26,0.48375,0.4328,0.5069
5,0.4,0.25,1.0,1.0,activity_normalized,A,0.05375,0.01,0.13,0.02,0.0,0.07,0.47625,0.42,0.52,0.496875,0.47,0.525,0.221875,0.185,0.25,0.510975,0.4624,0.5689
5,0.4,0.25,1.0,1.0,activity_normalized,B,0.060000000000000005,0.02,0.11,0.008749999999999999,0.0,0.03,0.4325,0.34,0.49,0.496875,0.47,0.525,0.221875,0.185,0.25,0.510975,0.4624,0.5689
5,0.4,0.25,1.0,1.0,counterfactual_fraction,A,0.04625,0.03,0.07,0.02,0.0,0.05,0.47625,0.42,0.52,0.49375,0.46,0.515,0.22062500000000002,0.18,0.255,0.5184875,0.4768,0.556
5,0.4,0.25,1.0,1.0,counterfactual_fraction,B,0.05875,0.01,0.11,0.01125,0.0,0.03,0.4325,0.34,0.49,0.49375,0.46,0.515,0.22062500000000002,0.18,0.255,0.5184875,0.4768,0.556
5,0.4,0.25,1.0,1.0,raw,A,0.75,0.49,0.89,0.3075,0.17,0.42,0.47625,0.42,0.52,0.5025,0.47,0.535,0.236875,0.2,0.285,0.491525,0.4512,0.5169
5,0.4,0.25,1.0,1.0,raw,B,0.745,0.53,0.87,0.26625,0.16,0.34,0.4325,0.34,0.49,0.5025,0.47,0.535,0.236875,0.2,0.285,0.491525,0.4512,0.5169
5,0.4,0.5,0.0,0.0,activity_normalized,A,0.205,0.04,0.39,0.1975,0.03,0.36,0.9675,0.96,0.98,0.499375,0.405,0.535,0.48750000000000004,0.4,0.525,0.503225,0.3971,0.6142
5,0.4,0.5,0.0,0.0,activity_normalized,B,0.20625000000000002,0.01,0.45,0.1925,0.01,0.42,0.97,0.95,0.99,0.499375,0.405,0.535,0.48750000000000004,0.4,0.525,0.503225,0.3971,0.6142
5,0.4,0.5,0.0,0.0,counterfactual_fraction,A,0.0,0.0,0.0,0.0,0.0,0.0,0.9675,0.96,0.98,0.5,0.5,0.5,0.485,0.475,0.495,0.5,0.5,0.5
5,0.4,0.5,0.0,0.0,counterfactual_fraction,B,0.0,0.0,0.0,0.0,0.0,0.0,0.97,0.95,0.99,0.5,0.5,0.5,0.485,0.475,0.495,0.5,0.5,0.5
5,0.4,0.5,0.0,0.0,raw,A,0.765,0.48,0.86,0.7325,0.46,0.82,0.9675,0.96,0.98,0.49062500000000003,0.44,0.525,0.47375,0.43,0.505,0.4888,0.4186,0.5254
5,0.4,0.5,0.0,0.0,raw,B,0.78375,0.6,0.9,0.755,0.56,0.85,0.97,0.95,0.99,0.49062500000000003,0.44,0.525,0.47375,0.43,0.505,0.4888,0.4186,0.5254
5,0.4,0.5,0.0,1.0,activity_normalized,A,0.01375,0.0,0.08,0.0125,0.0,0.07,0.9675,0.96,0.98,0.503125,0.495,0.525,0.4875,0.475,0.51,0.5604625,0.5109,0.6341
5,0.4,0.5,0.0,1.0,activity_normalized,B,0.0075,0.0,0.03,0.0075,0.0,0.03,0.97,0.95,0.99,0.503125,0.495,0.525,0.4875,0.475,0.51,0.5604625,0.5109,0.6341
5,0.4,0.5,0.0,1.0,counterfactual_fraction,A,0.02625,0.0,0.09,0.02375,0.0,0.08,0.9675,0.96,0.98,0.50375,0.495,0.52,0.488125,0.475,0.505,0.55945,0.5023,0.6365
5,0.4,0.5,0.0,1.0,counterfactual_fraction,B,0.018750000000000003,0.0,0.05,0.0175,0.0,0.05,0.97,0.95,0.99,0.50375,0.495,0.52,0.488125,0.475,0.505,0.55945,0.5023,0.6365
5,0.4,0.5,0.0,1.0,raw,A,0.2475,0.14,0.44,0.2225,0.11,0.42,0.9675,0.96,0.98,0.49625,0.455,0.54,0.48,0.45,0.525,0.5157625,0.4753,0.5546
5,0.4,0.5,0.0,1.0,raw,B,0.255,0.14,0.42,0.23249999999999998,0.12,0.39,0.97,0.95,0.99,0.49625,0.455,0.54,0.48,0.45,0.525,0.5157625,0.4753,0.5546
5,0.4,0.5,1.0,0.0,activity_normalized,A,0.47875,0.26,0.73,0.46875,0.25,0.7,0.9675,0.96,0.98,0.508125,0.455,0.55,0.49625,0.44,0.54,0.5037375,0.3727,0.6106
5,0.4,0.5,1.0,0.0,activity_normalized,B,0.4625,0.22,0.8,0.44625000000000004,0.21,0.77,0.97,0.95,0.99,0.508125,0.455,0.55,0.49625,0.44,0.54,0.5037375,0.3727,0.6106
5,0.4,0.5,1.0,0.0,counterfactual_fraction,A,0.0,0.0,0.0,0.0,0.0,0.0,0.9675,0.96,0.98,0.5,0.5,0.5,0.485,0.475,0.495,0.5,0.5,0.5
5,0.4,0.5,1.0,0.0,counterfactual_fraction,B,0.0,0.0,0.0,0.0,0.0,0.0,0.97,0.95,0.99,0.5,0.5,0.5,0.485,0.475,0.495,0.5,0.5,0.5
5,0.4,0.5,1.0,0.0,raw,A,0.985,0.89,1.0,0.9525,0.87,0.98,0.9675,0.96,0.98,0.500625,0.485,0.52,0.484375,0.475,0.5,0.49025,0.4109,0.5308
5,0.4,0.5,1.0,0.0,raw,B,0.98375,0.92,1.0,0.95375,0.88,0.99,0.97,0.95,0.99,0.500625,0.485,0.52,0.484375,0.475,0.5,0.49025,0.4109,0.5308
5,0.4,0.5,1.0,1.0,activity_normalized,A,0.18875,0.12,0.3,0.1825,0.11,0.29,0.9675,0.96,0.98,0.5181250000000001,0.485,0.545,0.504375,0.475,0.54,0.550975,0.4966,0.6043
5,0.4,0.5,1.0,1.0,activity_normalized,B,0.1525,0.08,0.23,0.14375,0.07,0.23,0.97,0.95,0.99,0.5181250000000001,0.485,0.545,0.504375,0.475,0.54,0.550975,0.4966,0.6043
5,0.4,0.5,1.0,1.0,counterfactual_fraction,A,0.21000000000000002,0.11,0.34,0.20500000000000002,0.11,0.33,0.9675,0.96,0.98,0.53375,0.495,0.58,0.52,0.485,0.565,0.5498625,0.502,0.5944
5,0.4,0.5,1.0,1.0,counterfactual_fraction,B,0.1425,0.07,0.21,0.135,0.07,0.21,0.97,0.95,0.99,0.53375,0.495,0.58,0.52,0.485,0.565,0.5498625,0.502,0.5944
5,0.4,0.5,1.0,1.0,raw,A,0.73375,0.48,0.87,0.7025,0.44,0.84,0.9675,0.96,0.98,0.520625,0.47,0.55,0.504375,0.455,0.53,0.528475,0.4941,0.5664
5,0.4,0.5,1.0,1.0,raw,B,0.6925,0.44,0.85,0.6637500000000001,0.42,0.8,0.97,0.95,0.99,0.520625,0.47,0.55,0.504375,0.455,0.53,0.528475,0.4941,0.5664
5,0.4,1.0,0.0,0.0,activity_normalized,A,0.055,0.0,0.13,0.055,0.0,0.13,1.0,1.0,1.0,0.505625,0.465,0.54,0.505625,0.465,0.54,0.5373749999999999,0.3833,0.6209
5,0.4,1.0,0.0,0.0,activity_normalized,B,0.043750000000000004,0.0,0.19,0.043750000000000004,0.0,0.19,1.0,1.0,1.0,0.505625,0.465,0.54,0.505625,0.465,0.54,0.5373749999999999,0.3833,0.6209
5,0.4,1.0,0.0,0.0,counterfactual_fraction,A,0.0,0.0,0.0,0.0,0.0,0.0,1.0,1.0,1.0,0.5,0.5,0.5,0.5,0.5,0.5,0.5,0.5,0.5
5,0.4,1.0,0.0,0.0,counterfactual_fraction,B,0.0,0.0,0.0,0.0,0.0,0.0,1.0,1.0,1.0,0.5,0.5,0.5,0.5,0.5,0.5,0.5,0.5,0.5
5,0.4,1.0,0.0,0.0,raw,A,0.01875,0.0,0.06,0.01875,0.0,0.06,1.0,1.0,1.0,0.499375,0.49,0.515,0.499375,0.49,0.515,0.49388750000000003,0.383,0.5868
5,0.4,1.0,0.0,0.0,raw,B,0.02,0.0,0.07,0.02,0.0,0.07,1.0,1.0,1.0,0.499375,0.49,0.515,0.499375,0.49,0.515,0.49388750000000003,0.383,0.5868
5,0.4,1.0,0.0,1.0,activity_normalized,A,0.0025,0.0,0.02,0.0025,0.0,0.02,1.0,1.0,1.0,0.500625,0.5,0.505,0.500625,0.5,0.505,0.6689625,0.5526,0.7912
5,0.4,1.0,0.0,1.0,activity_normalized,B,0.00125,0.0,0.01,0.00125,0.0,0.01,1.0,1.0,1.0,0.500625,0.5,0.505,0.500625,0.5,0.505,0.6689625,0.5526,0.7912
5,0.4,1.0,0.0,1.0,counterfactual_fraction,A,0.0125,0.0,0.1,0.0125,0.0,0.1,1.0,1.0,1.0,0.504375,0.5,0.535,0.504375,0.5,0.535,0.6674875,0.522,0.7852
5,0.4,1.0,0.0,1.0,counterfactual_fraction,B,0.00375,0.0,0.03,0.00375,0.0,0.03,1.0,1.0,1.0,0.504375,0.5,0.535,0.504375,0.5,0.535,0.6674875,0.522,0.7852
5,0.4,1.0,0.0,1.0,raw,A,0.0,0.0,0.0,0.0,0.0,0.0,1.0,1.0,1.0,0.499375,0.495,0.5,0.499375,0.495,0.5,0.5729,0.5022,0.6299
5,0.4,1.0,0.0,1.0,raw,B,0.00125,0.0,0.01,0.00125,0.0,0.01,1.0,1.0,1.0,0.499375,0.495,0.5,0.499375,0.495,0.5,0.5729,0.5022,0.6299
5,0.4,1.0,1.0,0.0,activity_normalized,A,0.51875,0.16,0.97,0.51875,0.16,0.97,1.0,1.0,1.0,0.534375,0.485,0.58,0.534375,0.485,0.58,0.537925,0.3397,0.6248
5,0.4,1.0,1.0,0.0,activity_normalized,B,0.45,0.12,1.0,0.45,0.12,1.0,1.0,1.0,1.0,0.534375,0.485,0.58,0.534375,0.485,0.58,0.537925,0.3397,0.6248
5,0.4,1.0,1.0,0.0,counterfactual_fraction,A,0.0,0.0,0.0,0.0,0.0,0.0,1.0,1.0,1.0,0.5,0.5,0.5,0.5,0.5,0.5,0.5,0.5,0.5
5,0.4,1.0,1.0,0.0,counterfactual_fraction,B,0.0,0.0,0.0,0.0,0.0,0.0,1.0,1.0,1.0,0.5,0.5,0.5,0.5,0.5,0.5,0.5,0.5,0.5
5,0.4,1.0,1.0,0.0,raw,A,0.485,0.01,0.71,0.485,0.01,0.71,1.0,1.0,1.0,0.506875,0.46,0.565,0.506875,0.46,0.565,0.4999625,0.3634,0.5999
5,0.4,1.0,1.0,0.0,raw,B,0.47125,0.06,0.69,0.47125,0.06,0.69,1.0,1.0,1.0,0.506875,0.46,0.565,0.506875,0.46,0.565,0.4999625,0.3634,0.5999
5,0.4,1.0,1.0,1.0,activity_normalized,A,0.5825,0.33,0.75,0.5825,0.33,0.75,1.0,1.0,1.0,0.63125,0.495,0.7,0.63125,0.495,0.7,0.6973125,0.5721,0.8002
5,0.4,1.0,1.0,1.0,activity_normalized,B,0.32,0.14,0.46,0.32,0.14,0.46,1.0,1.0,1.0,0.63125,0.495,0.7,0.63125,0.495,0.7,0.6973125,0.5721,0.8002
5,0.4,1.0,1.0,1.0,counterfactual_fraction,A,0.62625,0.38,0.81,0.62625,0.38,0.81,1.0,1.0,1.0,0.64125,0.52,0.735,0.64125,0.52,0.735,0.6964625,0.5479,0.8235
5,0.4,1.0,1.0,1.0,counterfactual_fraction,B,0.34375,0.14,0.45,0.34375,0.14,0.45,1.0,1.0,1.0,0.64125,0.52,0.735,0.64125,0.52,0.735,0.6964625,0.5479,0.8235
5,0.4,1.0,1.0,1.0,raw,A,0.575,0.29,0.74,0.575,0.29,0.74,1.0,1.0,1.0,0.60375,0.525,0.68,0.60375,0.525,0.68,0.661475,0.5441,0.7826
5,0.4,1.0,1.0,1.0,raw,B,0.3675,0.12,0.53,0.3675,0.12,0.53,1.0,1.0,1.0,0.60375,0.525,0.68,0.60375,0.525,0.68,0.661475,0.5441,0.7826
6,0.1,0.0,0.0,0.0,activity_normalized,A,0.99875,0.99,1.0,0.051250000000000004,0.02,0.08,0.051250000000000004,0.02,0.08,,,,,,,,,
6,0.1,0.0,0.0,0.0,activity_normalized,B,1.0,1.0,1.0,0.0425,0.02,0.07,0.0425,0.02,0.07,,,,,,,,,
6,0.1,0.0,0.0,0.0,counterfactual_fraction,A,0.0,0.0,0.0,0.0,0.0,0.0,0.051250000000000004,0.02,0.08,,,,,,,,,
6,0.1,0.0,0.0,0.0,counterfactual_fraction,B,0.0,0.0,0.0,0.0,0.0,0.0,0.0425,0.02,0.07,,,,,,,,,
6,0.1,0.0,0.0,0.0,raw,A,1.0,1.0,1.0,0.051250000000000004,0.02,0.08,0.051250000000000004,0.02,0.08,,,,,,,,,
6,0.1,0.0,0.0,0.0,raw,B,1.0,1.0,1.0,0.0425,0.02,0.07,0.0425,0.02,0.07,,,,,,,,,
6,0.1,0.0,0.0,1.0,activity_normalized,A,0.99875,0.99,1.0,0.051250000000000004,0.02,0.08,0.051250000000000004,0.02,0.08,,,,,,,,,
6,0.1,0.0,0.0,1.0,activity_normalized,B,0.99875,0.99,1.0,0.0425,0.02,0.07,0.0425,0.02,0.07,,,,,,,,,
6,0.1,0.0,0.0,1.0,counterfactual_fraction,A,0.0,0.0,0.0,0.0,0.0,0.0,0.051250000000000004,0.02,0.08,,,,,,,,,
6,0.1,0.0,0.0,1.0,counterfactual_fraction,B,0.0,0.0,0.0,0.0,0.0,0.0,0.0425,0.02,0.07,,,,,,,,,
6,0.1,0.0,0.0,1.0,raw,A,1.0,1.0,1.0,0.051250000000000004,0.02,0.08,0.051250000000000004,0.02,0.08,,,,,,,,,
6,0.1,0.0,0.0,1.0,raw,B,1.0,1.0,1.0,0.0425,0.02,0.07,0.0425,0.02,0.07,,,,,,,,,
6,0.1,0.0,1.0,0.0,activity_normalized,A,0.99875,0.99,1.0,0.051250000000000004,0.02,0.08,0.051250000000000004,0.02,0.08,,,,,,,,,
6,0.1,0.0,1.0,0.0,activity_normalized,B,1.0,1.0,1.0,0.0425,0.02,0.07,0.0425,0.02,0.07,,,,,,,,,
6,0.1,0.0,1.0,0.0,counterfactual_fraction,A,0.0,0.0,0.0,0.0,0.0,0.0,0.051250000000000004,0.02,0.08,,,,,,,,,
6,0.1,0.0,1.0,0.0,counterfactual_fraction,B,0.0,0.0,0.0,0.0,0.0,0.0,0.0425,0.02,0.07,,,,,,,,,
6,0.1,0.0,1.0,0.0,raw,A,1.0,1.0,1.0,0.051250000000000004,0.02,0.08,0.051250000000000004,0.02,0.08,,,,,,,,,
6,0.1,0.0,1.0,0.0,raw,B,1.0,1.0,1.0,0.0425,0.02,0.07,0.0425,0.02,0.07,,,,,,,,,
6,0.1,0.0,1.0,1.0,activity_normalized,A,0.99875,0.99,1.0,0.051250000000000004,0.02,0.08,0.051250000000000004,0.02,0.08,,,,,,,,,
6,0.1,0.0,1.0,1.0,activity_normalized,B,0.99875,0.99,1.0,0.0425,0.02,0.07,0.0425,0.02,0.07,,,,,,,,,
6,0.1,0.0,1.0,1.0,counterfactual_fraction,A,0.0,0.0,0.0,0.0,0.0,0.0,0.051250000000000004,0.02,0.08,,,,,,,,,
6,0.1,0.0,1.0,1.0,counterfactual_fraction,B,0.0,0.0,0.0,0.0,0.0,0.0,0.0425,0.02,0.07,,,,,,,,,
6,0.1,0.0,1.0,1.0,raw,A,1.0,1.0,1.0,0.051250000000000004,0.02,0.08,0.051250000000000004,0.02,0.08,,,,,,,,,
6,0.1,0.0,1.0,1.0,raw,B,1.0,1.0,1.0,0.0425,0.02,0.07,0.0425,0.02,0.07,,,,,,,,,
6,0.1,0.1,0.0,0.0,activity_normalized,A,0.97875,0.91,1.0,0.8075,0.74,0.85,0.8275,0.75,0.88,0.4925,0.455,0.505,0.40625,0.375,0.43,0.49248125,0.445,0.51
6,0.1,0.1,0.0,0.0,activity_normalized,B,0.99375,0.98,1.0,0.8075,0.76,0.86,0.8125,0.76,0.86,0.4925,0.455,0.505,0.40625,0.375,0.43,0.49248125,0.445,0.51
6,0.1,0.1,0.0,0.0,counterfactual_fraction,A,0.0,0.0,0.0,0.0,0.0,0.0,0.8275,0.75,0.88,0.5,0.5,0.5,0.40625,0.38,0.43,0.5,0.5,0.5
6,0.1,0.1,0.0,0.0,counterfactual_fraction,B,0.0,0.0,0.0,0.0,0.0,0.0,0.8125,0.76,0.86,0.5,0.5,0.5,0.40625,0.38,0.43,0.5,0.5,0.5
6,0.1,0.1,0.0,0.0,raw,A,1.0,1.0,1.0,0.8275,0.75,0.88,0.8275,0.75,0.88,0.5,0.5,0.5,0.41375,0.375,0.44,0.4924625,0.445,0.51
6,0.1,0.1,0.0,0.0,raw,B,1.0,1.0,1.0,0.8125,0.76,0.86,0.8125,0.76,0.86,0.5,0.5,0.5,0.41375,0.375,0.44,0.4924625,0.445,0.51
6,0.1,0.1,0.0,1.0,activity_normalized,A,0.9975,0.99,1.0,0.825,0.75,0.88,0.8275,0.75,0.88,0.500625,0.495,0.505,0.414375,0.375,0.445,0.49250625,0.445,0.51
6,0.1,0.1,0.0,1.0,activity_normalized,B,0.99625,0.99,1.0,0.80875,0.76,0.86,0.8125,0.76,0.86,0.500625,0.495,0.505,0.414375,0.375,0.445,0.49250625,0.445,0.51
6,0.1,0.1,0.0,1.0,counterfactual_fraction,A,0.02375,0.0,0.11,0.0225,0.0,0.11,0.8275,0.75,0.88,0.508125,0.495,0.555,0.414375,0.4,0.435,0.50689375,0.49,0.555
6,0.1,0.1,0.0,1.0,counterfactual_fraction,B,0.0075,0.0,0.02,0.00625,0.0,0.01,0.8125,0.76,0.86,0.508125,0.495,0.555,0.414375,0.4,0.435,0.50689375,0.49,0.555
6,0.1,0.1,0.0,1.0,raw,A,1.0,1.0,1.0,0.8275,0.75,0.88,0.8275,0.75,0.88,0.5,0.5,0.5,0.41375,0.375,0.44,0.4925375,0.445,0.51
6,0.1,0.1,0.0,1.0,raw,B,1.0,1.0,1.0,0.8125,0.76,0.86,0.8125,0.76,0.86,0.5,0.5,0.5,0.41375,0.375,0.44,0.4925375,0.445,0.51
6,0.1,0.1,1.0,0.0,activity_normalized,A,0.97875,0.91,1.0,0.8075,0.74,0.85,0.8275,0.75,0.88,0.4925,0.455,0.505,0.40625,0.375,0.43,0.4924625,0.445,0.51
6,0.1,0.1,1.0,0.0,activity_normalized,B,0.99375,0.98,1.0,0.8075,0.76,0.86,0.8125,0.76,0.86,0.4925,0.455,0.505,0.40625,0.375,0.43,0.4924625,0.445,0.51
6,0.1,0.1,1.0,0.0,counterfactual_fraction,A,0.0,0.0,0.0,0.0,0.0,0.0,0.8275,0.75,0.88,0.5,0.5,0.5,0.40625,0.38,0.43,0.5,0.5,0.5
6,0.1,0.1,1.0,0.0,counterfactual_fraction,B,0.0,0.0,0.0,0.0,0.0,0.0,0.8125,0.76,0.86,0.5,0.5,0.5,0.40625,0.38,0.43,0.5,0.5,0.5
6,0.1,0.1,1.0,0.0,raw,A,1.0,1.0,1.0,0.8275,0.75,0.88,0.8275,0.75,0.88,0.5,0.5,0.5,0.41375,0.375,0.44,0.492475,0.445,0.51
6,0.1,0.1,1.0,0.0,raw,B,1.0,1.0,1.0,0.8125,0.76,0.86,0.8125,0.76,0.86,0.5,0.5,0.5,0.41375,0.375,0.44,0.492475,0.445,0.51
6,0.1,0.1,1.0,1.0,activity_normalized,A,0.9975,0.99,1.0,0.825,0.75,0.88,0.8275,0.75,0.88,0.500625,0.495,0.505,0.414375,0.375,0.445,0.49248125,0.445,0.51
6,0.1,0.1,1.0,1.0,activity_normalized,B,0.99625,0.99,1.0,0.80875,0.76,0.86,0.8125,0.76,0.86,0.500625,0.495,0.505,0.414375,0.375,0.445,0.49248125,0.445,0.51
6,0.1,0.1,1.0,1.0,counterfactual_fraction,A,0.02375,0.0,0.11,0.0225,0.0,0.11,0.8275,0.75,0.88,0.508125,0.495,0.555,0.414375,0.4,0.435,0.5069,0.49,0.555
6,0.1,0.1,1.0,1.0,counterfactual_fraction,B,0.0075,0.0,0.02,0.00625,0.0,0.01,0.8125,0.76,0.86,0.508125,0.495,0.555,0.414375,0.4,0.435,0.5069,0.49,0.555
6,0.1,0.1,1.0,1.0,raw,A,1.0,1.0,1.0,0.8275,0.75,0.88,0.8275,0.75,0.88,0.5,0.5,0.5,0.41375,0.375,0.44,0.4925375,0.445,0.51
6,0.1,0.1,1.0,1.0,raw,B,1.0,1.0,1.0,0.8125,0.76,0.86,0.8125,0.76,0.86,0.5,0.5,0.5,0.41375,0.375,0.44,0.4925375,0.445,0.51
6,0.1,0.25,0.0,0.0,activity_normalized,A,0.8362499999999999,0.43,0.99,0.8362499999999999,0.43,0.99,1.0,1.0,1.0,0.503125,0.4,0.585,0.503125,0.4,0.585,0.495325,0.3441,0.643
6,0.1,0.25,0.0,0.0,activity_normalized,B,0.83,0.63,0.96,0.83,0.63,0.96,1.0,1.0,1.0,0.503125,0.4,0.585,0.503125,0.4,0.585,0.495325,0.3441,0.643
6,0.1,0.25,0.0,0.0,counterfactual_fraction,A,0.0,0.0,0.0,0.0,0.0,0.0,1.0,1.0,1.0,0.5,0.5,0.5,0.5,0.5,0.5,0.5,0.5,0.5
6,0.1,0.25,0.0,0.0,counterfactual_fraction,B,0.0,0.0,0.0,0.0,0.0,0.0,1.0,1.0,1.0,0.5,0.5,0.5,0.5,0.5,0.5,0.5,0.5,0.5
6,0.1,0.25,0.0,0.0,raw,A,1.0,1.0,1.0,1.0,1.0,1.0,1.0,1.0,1.0,0.5,0.5,0.5,0.5,0.5,0.5,0.47645,0.2025,0.6541
6,0.1,0.25,0.0,0.0,raw,B,1.0,1.0,1.0,1.0,1.0,1.0,1.0,1.0,1.0,0.5,0.5,0.5,0.5,0.5,0.5,0.47645,0.2025,0.6541
6,0.1,0.25,0.0,1.0,activity_normalized,A,0.98625,0.96,1.0,0.98625,0.96,1.0,1.0,1.0,1.0,0.503125,0.495,0.52,0.503125,0.495,0.52,0.49428125,0.3249,0.63285
6,0.1,0.25,0.0,1.0,activity_normalized,B,0.98,0.96,1.0,0.98,0.96,1.0,1.0,1.0,1.0,0.503125,0.495,0.52,0.503125,0.495,0.52,0.49428125,0.3249,0.63285
6,0.1,0.25,0.0,1.0,counterfactual_fraction,A,0.43375,0.08,0.88,0.43375,0.08,0.88,1.0,1.0,1.0,0.515,0.375,0.715,0.515,0.375,0.715,0.51428125,0.3448,0.751
6,0.1,0.25,0.0,1.0,counterfactual_fraction,B,0.40375,0.12,0.65,0.40375,0.12,0.65,1.0,1.0,1.0,0.515,0.375,0.715,0.515,0.375,0.715,0.51428125,0.3448,0.751
6,0.1,0.25,0.0,1.0,raw,A,1.0,1.0,1.0,1.0,1.0,1.0,1.0,1.0,1.0,0.5,0.5,0.5,0.5,0.5,0.5,0.49185,0.2942,0.6385
6,0.1,0.25,0.0,1.0,raw,B,1.0,1.0,1.0,1.0,1.0,1.0,1.0,1.0,1.0,0.5,0.5,0.5,0.5,0.5,0.5,0.49185,0.2942,0.6385
6,0.1,0.25,1.0,0.0,activity_normalized,A,0.83875,0.43,0.99,0.83875,0.43,0.99,1.0,1.0,1.0,0.50375,0.4,0.585,0.50375,0.4,0.585,0.4931,0.34435,0.642
6,0.1,0.25,1.0,0.0,activity_normalized,B,0.83125,0.63,0.96,0.83125,0.63,0.96,1.0,1.0,1.0,0.50375,0.4,0.585,0.50375,0.4,0.585,0.4931,0.34435,0.642
6,0.1,0.25,1.0,0.0,counterfactual_fraction,A,0.0,0.0,0.0,0.0,0.0,0.0,1.0,1.0,1.0,0.5,0.5,0.5,0.5,0.5,0.5,0.5,0.5,0.5
6,0.1,0.25,1.0,0.0,counterfactual_fraction,B,0.0,0.0,0.0,0.0,0.0,0.0,1.0,1.0,1.0,0.5,0.5,0.5,0.5,0.5,0.5,0.5,0.5,0.5
6,0.1,0.25,1.0,0.0,raw,A,1.0,1.0,1.0,1.0,1.0,1.0,1.0,1.0,1.0,0.5,0.5,0.5,0.5,0.5,0.5,0.47692500000000004,0.2026,0.6542
6,0.1,0.25,1.0,0.0,raw,B,1.0,1.0,1.0,1.0,1.0,1.0,1.0,1.0,1.0,0.5,0.5,0.5,0.5,0.5,0.5,0.47692500000000004,0.2026,0.6542
6,0.1,0.25,1.0,1.0,activity_normalized,A,0.98875,0.97,1.0,0.98875,0.97,1.0,1.0,1.0,1.0,0.504375,0.495,0.52,0.504375,0.495,0.52,0.49575,0.32615,0.63325
6,0.1,0.25,1.0,1.0,activity_normalized,B,0.98,0.96,1.0,0.98,0.96,1.0,1.0,1.0,1.0,0.504375,0.495,0.52,0.504375,0.495,0.52,0.49575,0.32615,0.63325
6,0.1,0.25,1.0,1.0,counterfactual_fraction,A,0.43375,0.08,0.89,0.43375,0.08,0.89,1.0,1.0,1.0,0.51375,0.375,0.72,0.51375,0.375,0.72,0.5151125,0.3446,0.75215
6,0.1,0.25,1.0,1.0,counterfactual_fraction,B,0.40625,0.12,0.67,0.40625,0.12,0.67,1.0,1.0,1.0,0.51375,0.375,0.72,0.51375,0.375,0.72,0.5151125,0.3446,0.75215
6,0.1,0.25,1.0,1.0,raw,A,1.0,1.0,1.0,1.0,1.0,1.0,1.0,1.0,1.0,0.5,0.5,0.5,0.5,0.5,0.5,0.493825,0.2948,0.6385
6,0.1,0.25,1.0,1.0,raw,B,1.0,1.0,1.0,1.0,1.0,1.0,1.0,1.0,1.0,0.5,0.5,0.5,0.5,0.5,0.5,0.493825,0.2948,0.6385
6,0.1,0.5,0.0,0.0,activity_normalized,A,0.36624999999999996,0.05,0.72,0.36624999999999996,0.05,0.72,1.0,1.0,1.0,0.54125,0.325,0.625,0.54125,0.325,0.625,0.6037125,0.1471,0.9876
6,0.1,0.5,0.0,0.0,activity_normalized,B,0.28375,0.0,0.49,0.28375,0.0,0.49,1.0,1.0,1.0,0.54125,0.325,0.625,0.54125,0.325,0.625,0.6037125,0.1471,0.9876
6,0.1,0.5,0.0,0.0,counterfactual_fraction,A,0.0,0.0,0.0,0.0,0.0,0.0,1.0,1.0,1.0,0.5,0.5,0.5,0.5,0.5,0.5,0.5,0.5,0.5
6,0.1,0.5,0.0,0.0,counterfactual_fraction,B,0.0,0.0,0.0,0.0,0.0,0.0,1.0,1.0,1.0,0.5,0.5,0.5,0.5,0.5,0.5,0.5,0.5,0.5
6,0.1,0.5,0.0,0.0,raw,A,1.0,1.0,1.0,1.0,1.0,1.0,1.0,1.0,1.0,0.5,0.5,0.5,0.5,0.5,0.5,0.4933125,0.0842,0.879
6,0.1,0.5,0.0,0.0,raw,B,1.0,1.0,1.0,1.0,1.0,1.0,1.0,1.0,1.0,0.5,0.5,0.5,0.5,0.5,0.5,0.4933125,0.0842,0.879
6,0.1,0.5,0.0,1.0,activity_normalized,A,0.97125,0.79,1.0,0.97125,0.79,1.0,1.0,1.0,1.0,0.676875,0.525,0.805,0.676875,0.525,0.805,0.867175,0.7035,0.9799
6,0.1,0.5,0.0,1.0,activity_normalized,B,0.6174999999999999,0.39,0.94,0.6174999999999999,0.39,0.94,1.0,1.0,1.0,0.676875,0.525,0.805,0.676875,0.525,0.805,0.867175,0.7035,0.9799
6,0.1,0.5,0.0,1.0,counterfactual_fraction,A,0.9825,0.88,1.0,0.9825,0.88,1.0,1.0,1.0,1.0,0.668125,0.51,0.8,0.668125,0.51,0.8,0.868925,0.7072,0.9813
6,0.1,0.5,0.0,1.0,counterfactual_fraction,B,0.64625,0.38,0.98,0.64625,0.38,0.98,1.0,1.0,1.0,0.668125,0.51,0.8,0.668125,0.51,0.8,0.868925,0.7072,0.9813
6,0.1,0.5,0.0,1.0,raw,A,1.0,1.0,1.0,1.0,1.0,1.0,1.0,1.0,1.0,0.500625,0.5,0.505,0.500625,0.5,0.505,0.8204625,0.6683,0.9767
6,0.1,0.5,0.0,1.0,raw,B,0.99875,0.99,1.0,0.99875,0.99,1.0,1.0,1.0,1.0,0.500625,0.5,0.505,0.500625,0.5,0.505,0.8204625,0.6683,0.9767
6,0.1,0.5,1.0,0.0,activity_normalized,A,0.46125,0.1,0.81,0.46125,0.1,0.81,1.0,1.0,1.0,0.53,0.265,0.65,0.53,0.265,0.65,0.599625,0.1753,0.9821
6,0.1,0.5,1.0,0.0,activity_normalized,B,0.40125,0.0,0.81,0.40125,0.0,0.81,1.0,1.0,1.0,0.53,0.265,0.65,0.53,0.265,0.65,0.599625,0.1753,0.9821
6,0.1,0.5,1.0,0.0,counterfactual_fraction,A,0.0,0.0,0.0,0.0,0.0,0.0,1.0,1.0,1.0,0.5,0.5,0.5,0.5,0.5,0.5,0.5,0.5,0.5
6,0.1,0.5,1.0,0.0,counterfactual_fraction,B,0.0,0.0,0.0,0.0,0.0,0.0,1.0,1.0,1.0,0.5,0.5,0.5,0.5,0.5,0.5,0.5,0.5,0.5
6,0.1,0.5,1.0,0.0,raw,A,1.0,1.0,1.0,1.0,1.0,1.0,1.0,1.0,1.0,0.5,0.5,0.5,0.5,0.5,0.5,0.49317500000000003,0.0904,0.881
6,0.1,0.5,1.0,0.0,raw,B,1.0,1.0,1.0,1.0,1.0,1.0,1.0,1.0,1.0,0.5,0.5,0.5,0.5,0.5,0.5,0.49317500000000003,0.0904,0.881
6,0.1,0.5,1.0,1.0,activity_normalized,A,0.9975,0.99,1.0,0.9975,0.99,1.0,1.0,1.0,1.0,0.623125,0.51,0.755,0.623125,0.51,0.755,0.8788,0.6998,0.9752
6,0.1,0.5,1.0,1.0,activity_normalized,B,0.75125,0.49,0.98,0.75125,0.49,0.98,1.0,1.0,1.0,0.623125,0.51,0.755,0.623125,0.51,0.755,0.8788,0.6998,0.9752
6,0.1,0.5,1.0,1.0,counterfactual_fraction,A,0.99875,0.99,1.0,0.99875,0.99,1.0,1.0,1.0,1.0,0.6174999999999999,0.5,0.755,0.6174999999999999,0.5,0.755,0.876675,0.7061,0.9769
6,0.1,0.5,1.0,1.0,counterfactual_fraction,B,0.76375,0.49,1.0,0.76375,0.49,1.0,1.0,1.0,1.0,0.6174999999999999,0.5,0.755,0.6174999999999999,0.5,0.755,0.876675,0.7061,0.9769
6,0.1,0.5,1.0,1.0,raw,A,1.0,1.0,1.0,1.0,1.0,1.0,1.0,1.0,1.0,0.5,0.5,0.5,0.5,0.5,0.5,0.856225,0.6824,0.9732
6,0.1,0.5,1.0,1.0,raw,B,1.0,1.0,1.0,1.0,1.0,1.0,1.0,1.0,1.0,0.5,0.5,0.5,0.5,0.5,0.5,0.856225,0.6824,0.9732
6,0.1,1.0,0.0,0.0,activity_normalized,A,0.05625,0.0,0.29,0.05625,0.0,0.29,1.0,1.0,1.0,0.526875,0.5,0.645,0.526875,0.5,0.645,0.7094,0.0,0.9996
6,0.1,1.0,0.0,0.0,activity_normalized,B,0.0025,0.0,0.02,0.0025,0.0,0.02,1.0,1.0,1.0,0.526875,0.5,0.645,0.526875,0.5,0.645,0.7094,0.0,0.9996
6,0.1,1.0,0.0,0.0,counterfactual_fraction,A,0.0,0.0,0.0,0.0,0.0,0.0,1.0,1.0,1.0,0.5,0.5,0.5,0.5,0.5,0.5,0.5,0.5,0.5
6,0.1,1.0,0.0,0.0,counterfactual_fraction,B,0.0,0.0,0.0,0.0,0.0,0.0,1.0,1.0,1.0,0.5,0.5,0.5,0.5,0.5,0.5,0.5,0.5,0.5
6,0.1,1.0,0.0,0.0,raw,A,0.005,0.0,0.04,0.005,0.0,0.04,1.0,1.0,1.0,0.5025,0.5,0.52,0.5025,0.5,0.52,0.4754875,0.0027,0.9939
6,0.1,1.0,0.0,0.0,raw,B,0.0,0.0,0.0,0.0,0.0,0.0,1.0,1.0,1.0,0.5025,0.5,0.52,0.5025,0.5,0.52,0.4754875,0.0027,0.9939
6,0.1,1.0,0.0,1.0,activity_normalized,A,0.14125,0.0,0.99,0.14125,0.0,0.99,1.0,1.0,1.0,0.5706249999999999,0.5,0.995,0.5706249999999999,0.5,0.995,0.9446875,0.8259,1.0
6,0.1,1.0,0.0,1.0,activity_normalized,B,0.0,0.0,0.0,0.0,0.0,0.0,1.0,1.0,1.0,0.5706249999999999,0.5,0.995,0.5706249999999999,0.5,0.995,0.9446875,0.8259,1.0
6,0.1,1.0,0.0,1.0,counterfactual_fraction,A,0.1575,0.0,1.0,0.1575,0.0,1.0,1.0,1.0,1.0,0.57875,0.5,1.0,0.57875,0.5,1.0,0.946575,0.8161,1.0
6,0.1,1.0,0.0,1.0,counterfactual_fraction,B,0.0,0.0,0.0,0.0,0.0,0.0,1.0,1.0,1.0,0.57875,0.5,1.0,0.57875,0.5,1.0,0.946575,0.8161,1.0
6,0.1,1.0,0.0,1.0,raw,A,0.0775,0.0,0.59,0.0775,0.0,0.59,1.0,1.0,1.0,0.5387500000000001,0.5,0.795,0.5387500000000001,0.5,0.795,0.7596,0.4566,1.0
6,0.1,1.0,0.0,1.0,raw,B,0.0,0.0,0.0,0.0,0.0,0.0,1.0,1.0,1.0,0.5387500000000001,0.5,0.795,0.5387500000000001,0.5,0.795,0.7596,0.4566,1.0
6,0.1,1.0,1.0,0.0,activity_normalized,A,0.66875,0.0,1.0,0.66875,0.0,1.0,1.0,1.0,1.0,0.729375,0.5,0.99,0.729375,0.5,0.99,0.715975,0.0287,0.9997
6,0.1,1.0,1.0,0.0,activity_normalized,B,0.21,0.0,0.76,0.21,0.0,0.76,1.0,1.0,1.0,0.729375,0.5,0.99,0.729375,0.5,0.99,0.715975,0.0287,0.9997
6,0.1,1.0,1.0,0.0,counterfactual_fraction,A,0.0,0.0,0.0,0.0,0.0,0.0,1.0,1.0,1.0,0.5,0.5,0.5,0.5,0.5,0.5,0.5,0.5,0.5
6,0.1,1.0,1.0,0.0,counterfactual_fraction,B,0.0,0.0,0.0,0.0,0.0,0.0,1.0,1.0,1.0,0.5,0.5,0.5,0.5,0.5,0.5,0.5,0.5,0.5
6,0.1,1.0,1.0,0.0,raw,A,0.39125,0.0,0.97,0.39125,0.0,0.97,1.0,1.0,1.0,0.596875,0.445,0.96,0.596875,0.445,0.96,0.4865375,0.0036,0.9977
6,0.1,1.0,1.0,0.0,raw,B,0.1975,0.0,0.67,0.1975,0.0,0.67,1.0,1.0,1.0,0.596875,0.445,0.96,0.596875,0.445,0.96,0.4865375,0.0036,0.9977
6,0.1,1.0,1.0,1.0,activity_normalized,A,0.9675,0.87,1.0,0.9675,0.87,1.0,1.0,1.0,1.0,0.966875,0.865,1.0,0.966875,0.865,1.0,0.987675,0.9487,1.0
6,0.1,1.0,1.0,1.0,activity_normalized,B,0.03375,0.0,0.14,0.03375,0.0,0.14,1.0,1.0,1.0,0.966875,0.865,1.0,0.966875,0.865,1.0,0.987675,0.9487,1.0
6,0.1,1.0,1.0,1.0,counterfactual_fraction,A,0.95625,0.84,1.0,0.95625,0.84,1.0,1.0,1.0,1.0,0.9612499999999999,0.855,1.0,0.9612499999999999,0.855,1.0,0.983525,0.9319,1.0
6,0.1,1.0,1.0,1.0,counterfactual_fraction,B,0.03375,0.0,0.14,0.03375,0.0,0.14,1.0,1.0,1.0,0.9612499999999999,0.855,1.0,0.9612499999999999,0.855,1.0,0.983525,0.9319,1.0
6,0.1,1.0,1.0,1.0,raw,A,0.93875,0.79,1.0,0.93875,0.79,1.0,1.0,1.0,1.0,0.9475,0.825,1.0,0.9475,0.825,1.0,0.97265,0.8962,1.0
6,0.1,1.0,1.0,1.0,raw,B,0.043750000000000004,0.0,0.19,0.043750000000000004,0.0,0.19,1.0,1.0,1.0,0.9475,0.825,1.0,0.9475,0.825,1.0,0.97265,0.8962,1.0
6,0.4,0.0,0.0,0.0,activity_normalized,A,0.32875,0.14,0.58,0.0075,0.0,0.02,0.05375,0.03,0.08,,,,,,,,,
6,0.4,0.0,0.0,0.0,activity_normalized,B,0.32375,0.17,0.52,0.0075,0.0,0.03,0.05,0.01,0.07,,,,,,,,,
6,0.4,0.0,0.0,0.0,counterfactual_fraction,A,0.0,0.0,0.0,0.0,0.0,0.0,0.05375,0.03,0.08,,,,,,,,,
6,0.4,0.0,0.0,0.0,counterfactual_fraction,B,0.0,0.0,0.0,0.0,0.0,0.0,0.05,0.01,0.07,,,,,,,,,
6,0.4,0.0,0.0,0.0,raw,A,0.98625,0.95,1.0,0.051250000000000004,0.02,0.08,0.05375,0.03,0.08,,,,,,,,,
6,0.4,0.0,0.0,0.0,raw,B,0.97875,0.91,1.0,0.043750000000000004,0.01,0.07,0.05,0.01,0.07,,,,,,,,,
6,0.4,0.0,0.0,1.0,activity_normalized,A,0.0075,0.0,0.02,0.0,0.0,0.0,0.05375,0.03,0.08,,,,,,,,,
6,0.4,0.0,0.0,1.0,activity_normalized,B,0.01,0.0,0.02,0.0,0.0,0.0,0.05,0.01,0.07,,,,,,,,,
6,0.4,0.0,0.0,1.0,counterfactual_fraction,A,0.00625,0.0,0.01,0.0,0.0,0.0,0.05375,0.03,0.08,,,,,,,,,
6,0.4,0.0,0.0,1.0,counterfactual_fraction,B,0.005,0.0,0.01,0.0,0.0,0.0,0.05,0.01,0.07,,,,,,,,,
6,0.4,0.0,0.0,1.0,raw,A,0.58125,0.37,0.68,0.015,0.0,0.03,0.05375,0.03,0.08,,,,,,,,,
6,0.4,0.0,0.0,1.0,raw,B,0.615,0.32,0.69,0.00875,0.0,0.02,0.05,0.01,0.07,,,,,,,,,
6,0.4,0.0,1.0,0.0,activity_normalized,A,0.41625,0.18,0.68,0.01625,0.0,0.04,0.05375,0.03,0.08,,,,,,,,,
6,0.4,0.0,1.0,0.0,activity_normalized,B,0.43000000000000005,0.26,0.64,0.02,0.0,0.04,0.05,0.01,0.07,,,,,,,,,
6,0.4,0.0,1.0,0.0,counterfactual_fraction,A,0.0,0.0,0.0,0.0,0.0,0.0,0.05375,0.03,0.08,,,,,,,,,
6,0.4,0.0,1.0,0.0,counterfactual_fraction,B,0.0,0.0,0.0,0.0,0.0,0.0,0.05,0.01,0.07,,,,,,,,,
6,0.4,0.0,1.0,0.0,raw,A,1.0,1.0,1.0,0.05375,0.03,0.08,0.05375,0.03,0.08,,,,,,,,,
6,0.4,0.0,1.0,0.0,raw,B,0.9975,0.99,1.0,0.04875,0.01,0.07,0.05,0.01,0.07,,,,,,,,,
6,0.4,0.0,1.0,1.0,activity_normalized,A,0.0125,0.0,0.03,0.0,0.0,0.0,0.05375,0.03,0.08,,,,,,,,,
6,0.4,0.0,1.0,1.0,activity_normalized,B,0.01625,0.0,0.04,0.0,0.0,0.0,0.05,0.01,0.07,,,,,,,,,
6,0.4,0.0,1.0,1.0,counterfactual_fraction,A,0.0125,0.0,0.03,0.0,0.0,0.0,0.05375,0.03,0.08,,,,,,,,,
6,0.4,0.0,1.0,1.0,counterfactual_fraction,B,0.01625,0.0,0.04,0.0,0.0,0.0,0.05,0.01,0.07,,,,,,,,,
6,0.4,0.0,1.0,1.0,raw,A,0.76,0.42,0.9,0.0225,0.0,0.05,0.05375,0.03,0.08,,,,,,,,,
6,0.4,0.0,1.0,1.0,raw,B,0.74875,0.42,0.86,0.01875,0.0,0.04,0.05,0.01,0.07,,,,,,,,,
6,0.4,0.1,0.0,0.0,activity_normalized,A,0.29625,0.14,0.53,0.0325,0.0,0.08,0.135,0.08,0.17,0.5,0.475,0.53,0.075625,0.055,0.085,0.4875125,0.443,0.537
6,0.4,0.1,0.0,0.0,activity_normalized,B,0.29625,0.13,0.49,0.025,0.0,0.05,0.14375,0.09,0.19,0.5,0.475,0.53,0.075625,0.055,0.085,0.4875125,0.443,0.537
6,0.4,0.1,0.0,0.0,counterfactual_fraction,A,0.0,0.0,0.0,0.0,0.0,0.0,0.135,0.08,0.17,0.5,0.5,0.5,0.071875,0.045,0.095,0.5,0.5,0.5
6,0.4,0.1,0.0,0.0,counterfactual_fraction,B,0.0,0.0,0.0,0.0,0.0,0.0,0.14375,0.09,0.19,0.5,0.5,0.5,0.071875,0.045,0.095,0.5,0.5,0.5
6,0.4,0.1,0.0,0.0,raw,A,0.96375,0.89,1.0,0.12125,0.08,0.15,0.135,0.08,0.17,0.5,0.485,0.525,0.069375,0.05,0.08,0.482075,0.4216,0.5202
6,0.4,0.1,0.0,0.0,raw,B,0.96375,0.91,1.0,0.12625,0.08,0.17,0.14375,0.09,0.19,0.5,0.485,0.525,0.069375,0.05,0.08,0.482075,0.4216,0.5202
6,0.4,0.1,0.0,1.0,activity_normalized,A,0.00875,0.0,0.02,0.00125,0.0,0.01,0.135,0.08,0.17,0.499375,0.49,0.51,0.0725,0.045,0.095,0.501075,0.4311,0.5774
6,0.4,0.1,0.0,1.0,activity_normalized,B,0.01,0.0,0.02,0.0,0.0,0.0,0.14375,0.09,0.19,0.499375,0.49,0.51,0.0725,0.045,0.095,0.501075,0.4311,0.5774
6,0.4,0.1,0.0,1.0,counterfactual_fraction,A,0.01,0.0,0.03,0.00125,0.0,0.01,0.135,0.08,0.17,0.500625,0.49,0.51,0.071875,0.045,0.095,0.5092,0.4294,0.567
6,0.4,0.1,0.0,1.0,counterfactual_fraction,B,0.00875,0.0,0.02,0.00125,0.0,0.01,0.14375,0.09,0.19,0.500625,0.49,0.51,0.071875,0.045,0.095,0.5092,0.4294,0.567
6,0.4,0.1,0.0,1.0,raw,A,0.53125,0.34,0.62,0.03375,0.0,0.05,0.135,0.08,0.17,0.478125,0.44,0.515,0.06875,0.04,0.095,0.481625,0.4307,0.5249
6,0.4,0.1,0.0,1.0,raw,B,0.575,0.31,0.66,0.04,0.01,0.07,0.14375,0.09,0.19,0.478125,0.44,0.515,0.06875,0.04,0.095,0.481625,0.4307,0.5249
6,0.4,0.1,1.0,0.0,activity_normalized,A,0.42125,0.21,0.63,0.0525,0.01,0.12,0.135,0.08,0.17,0.5,0.465,0.545,0.06812499999999999,0.045,0.09,0.487475,0.4467,0.5411
6,0.4,0.1,1.0,0.0,activity_normalized,B,0.42125,0.24,0.6,0.06,0.03,0.1,0.14375,0.09,0.19,0.5,0.465,0.545,0.06812499999999999,0.045,0.09,0.487475,0.4467,0.5411
6,0.4,0.1,1.0,0.0,counterfactual_fraction,A,0.0,0.0,0.0,0.0,0.0,0.0,0.135,0.08,0.17,0.5,0.5,0.5,0.071875,0.045,0.095,0.5,0.5,0.5
6,0.4,0.1,1.0,0.0,counterfactual_fraction,B,0.0,0.0,0.0,0.0,0.0,0.0,0.14375,0.09,0.19,0.5,0.5,0.5,0.071875,0.045,0.095,0.5,0.5,0.5
6,0.4,0.1,1.0,0.0,raw,A,0.9975,0.98,1.0,0.13375,0.08,0.17,0.135,0.08,0.17,0.500625,0.5,0.505,0.068125,0.04,0.085,0.4811125,0.4192,0.5262
6,0.4,0.1,1.0,0.0,raw,B,0.99625,0.98,1.0,0.14125000000000001,0.09,0.19,0.14375,0.09,0.19,0.500625,0.5,0.505,0.068125,0.04,0.085,0.4811125,0.4192,0.5262
6,0.4,0.1,1.0,1.0,activity_normalized,A,0.0225,0.0,0.04,0.0025,0.0,0.01,0.135,0.08,0.17,0.5,0.49,0.51,0.071875,0.045,0.095,0.496575,0.435,0.5832
6,0.4,0.1,1.0,1.0,activity_normalized,B,0.0225,0.01,0.04,0.0025,0.0,0.01,0.14375,0.09,0.19,0.5,0.49,0.51,0.071875,0.045,0.095,0.496575,0.435,0.5832
6,0.4,0.1,1.0,1.0,counterfactual_fraction,A,0.02375,0.01,0.04,0.0025,0.0,0.01,0.135,0.08,0.17,0.49875,0.48,0.515,0.071875,0.045,0.095,0.5044875,0.4372,0.5657
6,0.4,0.1,1.0,1.0,counterfactual_fraction,B,0.02625,0.0,0.05,0.0025,0.0,0.01,0.14375,0.09,0.19,0.49875,0.48,0.515,0.071875,0.045,0.095,0.5044875,0.4372,0.5657
6,0.4,0.1,1.0,1.0,raw,A,0.755,0.41,0.89,0.07625,0.0,0.12,0.135,0.08,0.17,0.5075000000000001,0.48,0.535,0.071875,0.04,0.09,0.478775,0.4219,0.5323
6,0.4,0.1,1.0,1.0,raw,B,0.74,0.4,0.85,0.07625,0.04,0.12,0.14375,0.09,0.19,0.5075000000000001,0.48,0.535,0.071875,0.04,0.09,0.478775,0.4219,0.5323
6,0.4,0.25,0.0,0.0,activity_normalized,A,0.2525,0.12,0.43,0.10625,0.02,0.21,0.47625,0.42,0.52,0.505,0.475,0.55,0.225625,0.195,0.27,0.48921250000000005,0.4181,0.5464
6,0.4,0.25,0.0,0.0,activity_normalized,B,0.2425,0.12,0.42,0.08750000000000001,0.03,0.2,0.4325,0.34,0.49,0.505,0.475,0.55,0.225625,0.195,0.27,0.48921250000000005,0.4181,0.5464
6,0.4,0.25,0.0,0.0,counterfactual_fraction,A,0.0,0.0,0.0,0.0,0.0,0.0,0.47625,0.42,0.52,0.5,0.5,0.5,0.21625,0.17,0.245,0.5,0.5,0.5
6,0.4,0.25,0.0,0.0,counterfactual_fraction,B,0.0,0.0,0.0,0.0,0.0,0.0,0.4325,0.34,0.49,0.5,0.5,0.5,0.21625,0.17,0.245,0.5,0.5,0.5
6,0.4,0.25,0.0,0.0,raw,A,0.915,0.73,0.99,0.4125,0.24,0.5,0.47625,0.42,0.52,0.49875,0.445,0.53,0.240625,0.195,0.28,0.48645,0.4133,0.5277
6,0.4,0.25,0.0,0.0,raw,B,0.9175,0.84,1.0,0.36375,0.29,0.47,0.4325,0.34,0.49,0.49875,0.445,0.53,0.240625,0.195,0.28,0.48645,0.4133,0.5277
6,0.4,0.25,0.0,1.0,activity_normalized,A,0.015,0.0,0.03,0.0025,0.0,0.01,0.47625,0.42,0.52,0.503125,0.49,0.515,0.2175,0.17,0.25,0.5177,0.4412,0.5889
6,0.4,0.25,0.0,1.0,activity_normalized,B,0.00875,0.0,0.03,0.0,0.0,0.0,0.4325,0.34,0.49,0.503125,0.49,0.515,0.2175,0.17,0.25,0.5177,0.4412,0.5889
6,0.4,0.25,0.0,1.0,counterfactual_fraction,A,0.0125,0.0,0.03,0.0037500000000000003,0.0,0.02,0.47625,0.42,0.52,0.499375,0.49,0.51,0.2175,0.17,0.25,0.522825,0.4291,0.5832
6,0.4,0.25,0.0,1.0,counterfactual_fraction,B,0.01375,0.0,0.02,0.00125,0.0,0.01,0.4325,0.34,0.49,0.499375,0.49,0.51,0.2175,0.17,0.25,0.522825,0.4291,0.5832
6,0.4,0.25,0.0,1.0,raw,A,0.45375,0.32,0.57,0.14,0.07,0.23,0.47625,0.42,0.52,0.48562500000000003,0.44,0.54,0.229375,0.17,0.3,0.4930375,0.4384,0.5338
6,0.4,0.25,0.0,1.0,raw,B,0.48250000000000004,0.24,0.59,0.11375,0.02,0.2,0.4325,0.34,0.49,0.48562500000000003,0.44,0.54,0.229375,0.17,0.3,0.4930375,0.4384,0.5338
6,0.4,0.25,1.0,0.0,activity_normalized,A,0.4125,0.23,0.62,0.19625,0.08,0.3,0.47625,0.42,0.52,0.503125,0.47,0.555,0.2225,0.195,0.245,0.4906375,0.4223,0.5513
6,0.4,0.25,1.0,0.0,activity_normalized,B,0.40625,0.27,0.54,0.18375,0.1,0.28,0.4325,0.34,0.49,0.503125,0.47,0.555,0.2225,0.195,0.245,0.4906375,0.4223,0.5513
6,0.4,0.25,1.0,0.0,counterfactual_fraction,A,0.0,0.0,0.0,0.0,0.0,0.0,0.47625,0.42,0.52,0.5,0.5,0.5,0.21625,0.17,0.245,0.5,0.5,0.5
6,0.4,0.25,1.0,0.0,counterfactual_fraction,B,0.0,0.0,0.0,0.0,0.0,0.0,0.4325,0.34,0.49,0.5,0.5,0.5,0.21625,0.17,0.245,0.5,0.5,0.5
6,0.4,0.25,1.0,0.0,raw,A,0.995,0.97,1.0,0.4725,0.4,0.52,0.47625,0.42,0.52,0.500625,0.495,0.505,0.239375,0.215,0.26,0.485325,0.4045,0.5373
6,0.4,0.25,1.0,0.0,raw,B,0.99375,0.96,1.0,0.42625,0.34,0.49,0.4325,0.34,0.49,0.500625,0.495,0.505,0.239375,0.215,0.26,0.485325,0.4045,0.5373
6,0.4,0.25,1.0,1.0,activity_normalized,A,0.0575,0.02,0.09,0.02625,0.0,0.06,0.47625,0.42,0.52,0.50625,0.485,0.525,0.225625,0.19,0.27,0.5121625,0.4447,0.5936
6,0.4,0.25,1.0,1.0,activity_normalized,B,0.045,0.03,0.07,0.0075,0.0,0.03,0.4325,0.34,0.49,0.50625,0.485,0.525,0.225625,0.19,0.27,0.5121625,0.4447,0.5936
6,0.4,0.25,1.0,1.0,counterfactual_fraction,A,0.04375,0.02,0.09,0.0175,0.0,0.04,0.47625,0.42,0.52,0.495,0.47,0.525,0.22062500000000002,0.18,0.265,0.5164,0.4411,0.5814
6,0.4,0.25,1.0,1.0,counterfactual_fraction,B,0.05375,0.03,0.1,0.00875,0.0,0.03,0.4325,0.34,0.49,0.495,0.47,0.525,0.22062500000000002,0.18,0.265,0.5164,0.4411,0.5814
6,0.4,0.25,1.0,1.0,raw,A,0.7425,0.39,0.88,0.3025,0.12,0.43,0.47625,0.42,0.52,0.50875,0.49,0.545,0.236875,0.2,0.3,0.49115000000000003,0.4389,0.5472
6,0.4,0.25,1.0,1.0,raw,B,0.725,0.39,0.82,0.26125,0.11,0.36,0.4325,0.34,0.49,0.50875,0.49,0.545,0.236875,0.2,0.3,0.49115000000000003,0.4389,0.5472
6,0.4,0.5,0.0,0.0,activity_normalized,A,0.165,0.04,0.33,0.15375,0.03,0.31,0.9675,0.96,0.98,0.508125,0.485,0.54,0.491875,0.47,0.525,0.5009125,0.3851,0.578
6,0.4,0.5,0.0,0.0,activity_normalized,B,0.14875,0.01,0.3,0.14,0.01,0.29,0.97,0.95,0.99,0.508125,0.485,0.54,0.491875,0.47,0.525,0.5009125,0.3851,0.578
6,0.4,0.5,0.0,0.0,counterfactual_fraction,A,0.0,0.0,0.0,0.0,0.0,0.0,0.9675,0.96,0.98,0.5,0.5,0.5,0.485,0.475,0.495,0.5,0.5,0.5
6,0.4,0.5,0.0,0.0,counterfactual_fraction,B,0.0,0.0,0.0,0.0,0.0,0.0,0.97,0.95,0.99,0.5,0.5,0.5,0.485,0.475,0.495,0.5,0.5,0.5
6,0.4,0.5,0.0,0.0,raw,A,0.6475,0.32,0.88,0.615,0.3,0.86,0.9675,0.96,0.98,0.4875,0.41,0.56,0.469375,0.395,0.55,0.49095,0.3843,0.5506
6,0.4,0.5,0.0,0.0,raw,B,0.6725,0.5,0.92,0.64625,0.47,0.87,0.97,0.95,0.99,0.4875,0.41,0.56,0.469375,0.395,0.55,0.49095,0.3843,0.5506
6,0.4,0.5,0.0,1.0,activity_normalized,A,0.02,0.0,0.06,0.01625,0.0,0.06,0.9675,0.96,0.98,0.5075000000000001,0.5,0.52,0.490625,0.485,0.5,0.5565875,0.4809,0.633
6,0.4,0.5,0.0,1.0,activity_normalized,B,0.005,0.0,0.02,0.005,0.0,0.02,0.97,0.95,0.99,0.5075000000000001,0.5,0.52,0.490625,0.485,0.5,0.5565875,0.4809,0.633
6,0.4,0.5,0.0,1.0,counterfactual_fraction,A,0.03375,0.01,0.09,0.03,0.01,0.09,0.9675,0.96,0.98,0.51,0.5,0.53,0.493125,0.48,0.51,0.5579875000000001,0.4722,0.6397
6,0.4,0.5,0.0,1.0,counterfactual_fraction,B,0.01375,0.0,0.03,0.01375,0.0,0.03,0.97,0.95,0.99,0.51,0.5,0.53,0.493125,0.48,0.51,0.5579875000000001,0.4722,0.6397
6,0.4,0.5,0.0,1.0,raw,A,0.2475,0.15,0.35,0.22125,0.12,0.32,0.9675,0.96,0.98,0.4975,0.46,0.545,0.47812499999999997,0.44,0.515,0.519825,0.4459,0.568
6,0.4,0.5,0.0,1.0,raw,B,0.2525,0.1,0.43,0.235,0.09,0.4,0.97,0.95,0.99,0.4975,0.46,0.545,0.47812499999999997,0.44,0.515,0.519825,0.4459,0.568
6,0.4,0.5,1.0,0.0,activity_normalized,A,0.41125,0.26,0.68,0.39375000000000004,0.24,0.65,0.9675,0.96,0.98,0.499375,0.435,0.55,0.48500000000000004,0.425,0.54,0.4997625,0.388,0.5743
6,0.4,0.5,1.0,0.0,activity_normalized,B,0.4125,0.25,0.78,0.39375,0.24,0.75,0.97,0.95,0.99,0.499375,0.435,0.55,0.48500000000000004,0.425,0.54,0.4997625,0.388,0.5743
6,0.4,0.5,1.0,0.0,counterfactual_fraction,A,0.0,0.0,0.0,0.0,0.0,0.0,0.9675,0.96,0.98,0.5,0.5,0.5,0.485,0.475,0.495,0.5,0.5,0.5
6,0.4,0.5,1.0,0.0,counterfactual_fraction,B,0.0,0.0,0.0,0.0,0.0,0.0,0.97,0.95,0.99,0.5,0.5,0.5,0.485,0.475,0.495,0.5,0.5,0.5
6,0.4,0.5,1.0,0.0,raw,A,0.94875,0.74,1.0,0.91625,0.72,0.98,0.9675,0.96,0.98,0.498125,0.43,0.525,0.48125,0.42,0.505,0.4898125,0.37,0.5611
6,0.4,0.5,1.0,0.0,raw,B,0.9525,0.88,1.0,0.92375,0.84,0.96,0.97,0.95,0.99,0.498125,0.43,0.525,0.48125,0.42,0.505,0.4898125,0.37,0.5611
6,0.4,0.5,1.0,1.0,activity_normalized,A,0.19125,0.12,0.3,0.1825,0.11,0.29,0.9675,0.96,0.98,0.52875,0.49,0.575,0.51125,0.48,0.545,0.552625,0.48,0.6316
6,0.4,0.5,1.0,1.0,activity_normalized,B,0.13375,0.06,0.19,0.13,0.06,0.18,0.97,0.95,0.99,0.52875,0.49,0.575,0.51125,0.48,0.545,0.552625,0.48,0.6316
6,0.4,0.5,1.0,1.0,counterfactual_fraction,A,0.19375,0.09,0.26,0.185,0.08,0.26,0.9675,0.96,0.98,0.535625,0.495,0.575,0.5181250000000001,0.485,0.545,0.5519375,0.4756,0.61
6,0.4,0.5,1.0,1.0,counterfactual_fraction,B,0.1225,0.04,0.21,0.11875000000000001,0.04,0.21,0.97,0.95,0.99,0.535625,0.495,0.575,0.5181250000000001,0.485,0.545,0.5519375,0.4756,0.61
6,0.4,0.5,1.0,1.0,raw,A,0.72875,0.39,0.86,0.6975,0.36,0.82,0.9675,0.96,0.98,0.52875,0.5,0.575,0.511875,0.48,0.555,0.5289375000000001,0.4723,0.5869
6,0.4,0.5,1.0,1.0,raw,B,0.67125,0.32,0.8,0.64375,0.3,0.78,0.97,0.95,0.99,0.52875,0.5,0.575,0.511875,0.48,0.555,0.5289375000000001,0.4723,0.5869
6,0.4,1.0,0.0,0.0,activity_normalized,A,0.026250000000000002,0.0,0.08,0.026250000000000002,0.0,0.08,1.0,1.0,1.0,0.501875,0.485,0.53,0.501875,0.485,0.53,0.5293125,0.3141,0.6799
6,0.4,1.0,0.0,0.0,activity_normalized,B,0.0225,0.0,0.09,0.0225,0.0,0.09,1.0,1.0,1.0,0.501875,0.485,0.53,0.501875,0.485,0.53,0.5293125,0.3141,0.6799
6,0.4,1.0,0.0,0.0,counterfactual_fraction,A,0.0,0.0,0.0,0.0,0.0,0.0,1.0,1.0,1.0,0.5,0.5,0.5,0.5,0.5,0.5,0.5,0.5,0.5
6,0.4,1.0,0.0,0.0,counterfactual_fraction,B,0.0,0.0,0.0,0.0,0.0,0.0,1.0,1.0,1.0,0.5,0.5,0.5,0.5,0.5,0.5,0.5,0.5,0.5
6,0.4,1.0,0.0,0.0,raw,A,0.018750000000000003,0.0,0.08,0.018750000000000003,0.0,0.08,1.0,1.0,1.0,0.50125,0.48,0.515,0.50125,0.48,0.515,0.4945875,0.3127,0.6108
6,0.4,1.0,0.0,0.0,raw,B,0.01625,0.0,0.07,0.01625,0.0,0.07,1.0,1.0,1.0,0.50125,0.48,0.515,0.50125,0.48,0.515,0.4945875,0.3127,0.6108
6,0.4,1.0,0.0,1.0,activity_normalized,A,0.0,0.0,0.0,0.0,0.0,0.0,1.0,1.0,1.0,0.499375,0.495,0.5,0.499375,0.495,0.5,0.6652750000000001,0.5199,0.7815
6,0.4,1.0,0.0,1.0,activity_normalized,B,0.00125,0.0,0.01,0.00125,0.0,0.01,1.0,1.0,1.0,0.499375,0.495,0.5,0.499375,0.495,0.5,0.6652750000000001,0.5199,0.7815
6,0.4,1.0,0.0,1.0,counterfactual_fraction,A,0.0,0.0,0.0,0.0,0.0,0.0,1.0,1.0,1.0,0.5,0.5,0.5,0.5,0.5,0.5,0.6683875,0.5126,0.7704
6,0.4,1.0,0.0,1.0,counterfactual_fraction,B,0.0,0.0,0.0,0.0,0.0,0.0,1.0,1.0,1.0,0.5,0.5,0.5,0.5,0.5,0.5,0.6683875,0.5126,0.7704
6,0.4,1.0,0.0,1.0,raw,A,0.0025,0.0,0.01,0.0025,0.0,0.01,1.0,1.0,1.0,0.5,0.495,0.505,0.5,0.495,0.505,0.5782875000000001,0.4623,0.6581
6,0.4,1.0,0.0,1.0,raw,B,0.0025,0.0,0.02,0.0025,0.0,0.02,1.0,1.0,1.0,0.5,0.495,0.505,0.5,0.495,0.505,0.5782875000000001,0.4623,0.6581
6,0.4,1.0,1.0,0.0,activity_normalized,A,0.4025,0.16,0.93,0.4025,0.16,0.93,1.0,1.0,1.0,0.520625,0.395,0.6,0.520625,0.395,0.6,0.518675,0.3093,0.6789
6,0.4,1.0,1.0,0.0,activity_normalized,B,0.36125,0.12,0.98,0.36125,0.12,0.98,1.0,1.0,1.0,0.520625,0.395,0.6,0.520625,0.395,0.6,0.518675,0.3093,0.6789
6,0.4,1.0,1.0,0.0,counterfactual_fraction,A,0.0,0.0,0.0,0.0,0.0,0.0,1.0,1.0,1.0,0.5,0.5,0.5,0.5,0.5,0.5,0.5,0.5,0.5
6,0.4,1.0,1.0,0.0,counterfactual_fraction,B,0.0,0.0,0.0,0.0,0.0,0.0,1.0,1.0,1.0,0.5,0.5,0.5,0.5,0.5,0.5,0.5,0.5,0.5
6,0.4,1.0,1.0,0.0,raw,A,0.33375,0.0,0.77,0.33375,0.0,0.77,1.0,1.0,1.0,0.515625,0.485,0.565,0.515625,0.485,0.565,0.49396249999999997,0.2662,0.6221
6,0.4,1.0,1.0,0.0,raw,B,0.3025,0.02,0.77,0.3025,0.02,0.77,1.0,1.0,1.0,0.515625,0.485,0.565,0.515625,0.485,0.565,0.49396249999999997,0.2662,0.6221
6,0.4,1.0,1.0,1.0,activity_normalized,A,0.62125,0.54,0.74,0.62125,0.54,0.74,1.0,1.0,1.0,0.6543749999999999,0.57,0.72,0.6543749999999999,0.57,0.72,0.70155,0.5774,0.8022
6,0.4,1.0,1.0,1.0,activity_normalized,B,0.3125,0.16,0.46,0.3125,0.16,0.46,1.0,1.0,1.0,0.6543749999999999,0.57,0.72,0.6543749999999999,0.57,0.72,0.70155,0.5774,0.8022
6,0.4,1.0,1.0,1.0,counterfactual_fraction,A,0.58625,0.34,0.7,0.58625,0.34,0.7,1.0,1.0,1.0,0.64,0.57,0.71,0.64,0.57,0.71,0.7010625,0.5664,0.8195
6,0.4,1.0,1.0,1.0,counterfactual_fraction,B,0.30625,0.13,0.51,0.30625,0.13,0.51,1.0,1.0,1.0,0.64,0.57,0.71,0.64,0.57,0.71,0.7010625,0.5664,0.8195
6,0.4,1.0,1.0,1.0,raw,A,0.57,0.26,0.78,0.57,0.26,0.78,1.0,1.0,1.0,0.598125,0.535,0.655,0.598125,0.535,0.655,0.6622,0.5549,0.7828
6,0.4,1.0,1.0,1.0,raw,B,0.37375,0.06,0.62,0.37375,0.06,0.62,1.0,1.0,1.0,0.598125,0.535,0.655,0.598125,0.535,0.655,0.6622,0.5549,0.7828
7,0.1,0.0,0.0,0.0,activity_normalized,A,1.0,1.0,1.0,0.051250000000000004,0.02,0.08,0.051250000000000004,0.02,0.08,,,,,,,,,
7,0.1,0.0,0.0,0.0,activity_normalized,B,1.0,1.0,1.0,0.0425,0.02,0.07,0.0425,0.02,0.07,,,,,,,,,
7,0.1,0.0,0.0,0.0,counterfactual_fraction,A,0.0,0.0,0.0,0.0,0.0,0.0,0.051250000000000004,0.02,0.08,,,,,,,,,
7,0.1,0.0,0.0,0.0,counterfactual_fraction,B,0.0,0.0,0.0,0.0,0.0,0.0,0.0425,0.02,0.07,,,,,,,,,
7,0.1,0.0,0.0,0.0,raw,A,1.0,1.0,1.0,0.051250000000000004,0.02,0.08,0.051250000000000004,0.02,0.08,,,,,,,,,
7,0.1,0.0,0.0,0.0,raw,B,1.0,1.0,1.0,0.0425,0.02,0.07,0.0425,0.02,0.07,,,,,,,,,
7,0.1,0.0,0.0,1.0,activity_normalized,A,1.0,1.0,1.0,0.051250000000000004,0.02,0.08,0.051250000000000004,0.02,0.08,,,,,,,,,
7,0.1,0.0,0.0,1.0,activity_normalized,B,0.99875,0.99,1.0,0.0425,0.02,0.07,0.0425,0.02,0.07,,,,,,,,,
7,0.1,0.0,0.0,1.0,counterfactual_fraction,A,0.0,0.0,0.0,0.0,0.0,0.0,0.051250000000000004,0.02,0.08,,,,,,,,,
7,0.1,0.0,0.0,1.0,counterfactual_fraction,B,0.0,0.0,0.0,0.0,0.0,0.0,0.0425,0.02,0.07,,,,,,,,,
7,0.1,0.0,0.0,1.0,raw,A,1.0,1.0,1.0,0.051250000000000004,0.02,0.08,0.051250000000000004,0.02,0.08,,,,,,,,,
7,0.1,0.0,0.0,1.0,raw,B,1.0,1.0,1.0,0.0425,0.02,0.07,0.0425,0.02,0.07,,,,,,,,,
7,0.1,0.0,1.0,0.0,activity_normalized,A,1.0,1.0,1.0,0.051250000000000004,0.02,0.08,0.051250000000000004,0.02,0.08,,,,,,,,,
7,0.1,0.0,1.0,0.0,activity_normalized,B,1.0,1.0,1.0,0.0425,0.02,0.07,0.0425,0.02,0.07,,,,,,,,,
7,0.1,0.0,1.0,0.0,counterfactual_fraction,A,0.0,0.0,0.0,0.0,0.0,0.0,0.051250000000000004,0.02,0.08,,,,,,,,,
7,0.1,0.0,1.0,0.0,counterfactual_fraction,B,0.0,0.0,0.0,0.0,0.0,0.0,0.0425,0.02,0.07,,,,,,,,,
7,0.1,0.0,1.0,0.0,raw,A,1.0,1.0,1.0,0.051250000000000004,0.02,0.08,0.051250000000000004,0.02,0.08,,,,,,,,,
7,0.1,0.0,1.0,0.0,raw,B,1.0,1.0,1.0,0.0425,0.02,0.07,0.0425,0.02,0.07,,,,,,,,,
7,0.1,0.0,1.0,1.0,activity_normalized,A,1.0,1.0,1.0,0.051250000000000004,0.02,0.08,0.051250000000000004,0.02,0.08,,,,,,,,,
7,0.1,0.0,1.0,1.0,activity_normalized,B,0.99875,0.99,1.0,0.0425,0.02,0.07,0.0425,0.02,0.07,,,,,,,,,
7,0.1,0.0,1.0,1.0,counterfactual_fraction,A,0.0,0.0,0.0,0.0,0.0,0.0,0.051250000000000004,0.02,0.08,,,,,,,,,
7,0.1,0.0,1.0,1.0,counterfactual_fraction,B,0.0,0.0,0.0,0.0,0.0,0.0,0.0425,0.02,0.07,,,,,,,,,
7,0.1,0.0,1.0,1.0,raw,A,1.0,1.0,1.0,0.051250000000000004,0.02,0.08,0.051250000000000004,0.02,0.08,,,,,,,,,
7,0.1,0.0,1.0,1.0,raw,B,1.0,1.0,1.0,0.0425,0.02,0.07,0.0425,0.02,0.07,,,,,,,,,
7,0.1,0.1,0.0,0.0,activity_normalized,A,0.98875,0.94,1.0,0.8162499999999999,0.75,0.86,0.8275,0.75,0.88,0.4975,0.485,0.505,0.41125,0.375,0.43,0.49504375,0.45545,0.5051
7,0.1,0.1,0.0,0.0,activity_normalized,B,0.99375,0.97,1.0,0.80625,0.75,0.86,0.8125,0.76,0.86,0.4975,0.485,0.505,0.41125,0.375,0.43,0.49504375,0.45545,0.5051
7,0.1,0.1,0.0,0.0,counterfactual_fraction,A,0.0,0.0,0.0,0.0,0.0,0.0,0.8275,0.75,0.88,0.5,0.5,0.5,0.40625,0.38,0.43,0.5,0.5,0.5
7,0.1,0.1,0.0,0.0,counterfactual_fraction,B,0.0,0.0,0.0,0.0,0.0,0.0,0.8125,0.76,0.86,0.5,0.5,0.5,0.40625,0.38,0.43,0.5,0.5,0.5
7,0.1,0.1,0.0,0.0,raw,A,1.0,1.0,1.0,0.8275,0.75,0.88,0.8275,0.75,0.88,0.5,0.5,0.5,0.41375,0.375,0.44,0.49505,0.4554,0.505
7,0.1,0.1,0.0,0.0,raw,B,1.0,1.0,1.0,0.8125,0.76,0.86,0.8125,0.76,0.86,0.5,0.5,0.5,0.41375,0.375,0.44,0.49505,0.4554,0.505
7,0.1,0.1,0.0,1.0,activity_normalized,A,1.0,1.0,1.0,0.8275,0.75,0.88,0.8275,0.75,0.88,0.50125,0.5,0.505,0.415,0.375,0.445,0.49505,0.4551,0.505
7,0.1,0.1,0.0,1.0,activity_normalized,B,0.9975,0.99,1.0,0.81,0.76,0.86,0.8125,0.76,0.86,0.50125,0.5,0.505,0.415,0.375,0.445,0.49505,0.4551,0.505
7,0.1,0.1,0.0,1.0,counterfactual_fraction,A,0.0225,0.0,0.1,0.0225,0.0,0.1,0.8275,0.75,0.88,0.50625,0.495,0.545,0.4125,0.4,0.43,0.50494375,0.495,0.54465
7,0.1,0.1,0.0,1.0,counterfactual_fraction,B,0.01,0.0,0.04,0.01,0.0,0.04,0.8125,0.76,0.86,0.50625,0.495,0.545,0.4125,0.4,0.43,0.50494375,0.495,0.54465
7,0.1,0.1,0.0,1.0,raw,A,1.0,1.0,1.0,0.8275,0.75,0.88,0.8275,0.75,0.88,0.5,0.5,0.5,0.41375,0.375,0.44,0.49505,0.4551,0.505
7,0.1,0.1,0.0,1.0,raw,B,1.0,1.0,1.0,0.8125,0.76,0.86,0.8125,0.76,0.86,0.5,0.5,0.5,0.41375,0.375,0.44,0.49505,0.4551,0.505
7,0.1,0.1,1.0,0.0,activity_normalized,A,0.98875,0.94,1.0,0.8162499999999999,0.75,0.86,0.8275,0.75,0.88,0.4975,0.485,0.505,0.41125,0.375,0.43,0.49505,0.45545,0.5051
7,0.1,0.1,1.0,0.0,activity_normalized,B,0.99375,0.97,1.0,0.80625,0.75,0.86,0.8125,0.76,0.86,0.4975,0.485,0.505,0.41125,0.375,0.43,0.49505,0.45545,0.5051
7,0.1,0.1,1.0,0.0,counterfactual_fraction,A,0.0,0.0,0.0,0.0,0.0,0.0,0.8275,0.75,0.88,0.5,0.5,0.5,0.40625,0.38,0.43,0.5,0.5,0.5
7,0.1,0.1,1.0,0.0,counterfactual_fraction,B,0.0,0.0,0.0,0.0,0.0,0.0,0.8125,0.76,0.86,0.5,0.5,0.5,0.40625,0.38,0.43,0.5,0.5,0.5
7,0.1,0.1,1.0,0.0,raw,A,1.0,1.0,1.0,0.8275,0.75,0.88,0.8275,0.75,0.88,0.5,0.5,0.5,0.41375,0.375,0.44,0.49505,0.4554,0.505
7,0.1,0.1,1.0,0.0,raw,B,1.0,1.0,1.0,0.8125,0.76,0.86,0.8125,0.76,0.86,0.5,0.5,0.5,0.41375,0.375,0.44,0.49505,0.4554,0.505
7,0.1,0.1,1.0,1.0,activity_normalized,A,1.0,1.0,1.0,0.8275,0.75,0.88,0.8275,0.75,0.88,0.50125,0.5,0.505,0.415,0.375,0.445,0.49505,0.4551,0.505
7,0.1,0.1,1.0,1.0,activity_normalized,B,0.9975,0.99,1.0,0.81,0.76,0.86,0.8125,0.76,0.86,0.50125,0.5,0.505,0.415,0.375,0.445,0.49505,0.4551,0.505
7,0.1,0.1,1.0,1.0,counterfactual_fraction,A,0.0225,0.0,0.1,0.0225,0.0,0.1,0.8275,0.75,0.88,0.50625,0.495,0.545,0.4125,0.4,0.43,0.5049625,0.495,0.54475
7,0.1,0.1,1.0,1.0,counterfactual_fraction,B,0.01,0.0,0.04,0.01,0.0,0.04,0.8125,0.76,0.86,0.50625,0.495,0.545,0.4125,0.4,0.43,0.5049625,0.495,0.54475
7,0.1,0.1,1.0,1.0,raw,A,1.0,1.0,1.0,0.8275,0.75,0.88,0.8275,0.75,0.88,0.5,0.5,0.5,0.41375,0.375,0.44,0.49505,0.4551,0.505
7,0.1,0.1,1.0,1.0,raw,B,1.0,1.0,1.0,0.8125,0.76,0.86,0.8125,0.76,0.86,0.5,0.5,0.5,0.41375,0.375,0.44,0.49505,0.4551,0.505
7,0.1,0.25,0.0,0.0,activity_normalized,A,0.73375,0.44,1.0,0.73375,0.44,1.0,1.0,1.0,1.0,0.523125,0.425,0.64,0.523125,0.425,0.64,0.52729375,0.3601,0.6869
7,0.1,0.25,0.0,0.0,activity_normalized,B,0.6875,0.22,0.96,0.6875,0.22,0.96,1.0,1.0,1.0,0.523125,0.425,0.64,0.523125,0.425,0.64,0.52729375,0.3601,0.6869
7,0.1,0.25,0.0,0.0,counterfactual_fraction,A,0.0,0.0,0.0,0.0,0.0,0.0,1.0,1.0,1.0,0.5,0.5,0.5,0.5,0.5,0.5,0.5,0.5,0.5
7,0.1,0.25,0.0,0.0,counterfactual_fraction,B,0.0,0.0,0.0,0.0,0.0,0.0,1.0,1.0,1.0,0.5,0.5,0.5,0.5,0.5,0.5,0.5,0.5,0.5
7,0.1,0.25,0.0,0.0,raw,A,1.0,1.0,1.0,1.0,1.0,1.0,1.0,1.0,1.0,0.5,0.5,0.5,0.5,0.5,0.5,0.48339375,0.20895,0.65045
7,0.1,0.25,0.0,0.0,raw,B,1.0,1.0,1.0,1.0,1.0,1.0,1.0,1.0,1.0,0.5,0.5,0.5,0.5,0.5,0.5,0.48339375,0.20895,0.65045
7,0.1,0.25,0.0,1.0,activity_normalized,A,0.99125,0.96,1.0,0.99125,0.96,1.0,1.0,1.0,1.0,0.50375,0.495,0.52,0.50375,0.495,0.52,0.48765625,0.3499,0.625
7,0.1,0.25,0.0,1.0,activity_normalized,B,0.98375,0.95,1.0,0.98375,0.95,1.0,1.0,1.0,1.0,0.50375,0.495,0.52,0.50375,0.495,0.52,0.48765625,0.3499,0.625
7,0.1,0.25,0.0,1.0,counterfactual_fraction,A,0.4775,0.0,0.91,0.4775,0.0,0.91,1.0,1.0,1.0,0.51375,0.37,0.705,0.51375,0.37,0.705,0.5060375,0.35145,0.7449
7,0.1,0.25,0.0,1.0,counterfactual_fraction,B,0.45,0.1,0.94,0.45,0.1,0.94,1.0,1.0,1.0,0.51375,0.37,0.705,0.51375,0.37,0.705,0.5060375,0.35145,0.7449
7,0.1,0.25,0.0,1.0,raw,A,1.0,1.0,1.0,1.0,1.0,1.0,1.0,1.0,1.0,0.5,0.5,0.5,0.5,0.5,0.5,0.48498125000000003,0.32215,0.63455
7,0.1,0.25,0.0,1.0,raw,B,1.0,1.0,1.0,1.0,1.0,1.0,1.0,1.0,1.0,0.5,0.5,0.5,0.5,0.5,0.5,0.48498125000000003,0.32215,0.63455
7,0.1,0.25,1.0,0.0,activity_normalized,A,0.735,0.44,1.0,0.735,0.44,1.0,1.0,1.0,1.0,0.523125,0.42,0.64,0.523125,0.42,0.64,0.5262687500000001,0.36025,0.68795
7,0.1,0.25,1.0,0.0,activity_normalized,B,0.68875,0.22,0.96,0.68875,0.22,0.96,1.0,1.0,1.0,0.523125,0.42,0.64,0.523125,0.42,0.64,0.5262687500000001,0.36025,0.68795
7,0.1,0.25,1.0,0.0,counterfactual_fraction,A,0.0,0.0,0.0,0.0,0.0,0.0,1.0,1.0,1.0,0.5,0.5,0.5,0.5,0.5,0.5,0.5,0.5,0.5
7,0.1,0.25,1.0,0.0,counterfactual_fraction,B,0.0,0.0,0.0,0.0,0.0,0.0,1.0,1.0,1.0,0.5,0.5,0.5,0.5,0.5,0.5,0.5,0.5,0.5
7,0.1,0.25,1.0,0.0,raw,A,1.0,1.0,1.0,1.0,1.0,1.0,1.0,1.0,1.0,0.5,0.5,0.5,0.5,0.5,0.5,0.48376875,0.20905,0.65055
7,0.1,0.25,1.0,0.0,raw,B,1.0,1.0,1.0,1.0,1.0,1.0,1.0,1.0,1.0,0.5,0.5,0.5,0.5,0.5,0.5,0.48376875,0.20905,0.65055
7,0.1,0.25,1.0,1.0,activity_normalized,A,0.9924999999999999,0.97,1.0,0.9924999999999999,0.97,1.0,1.0,1.0,1.0,0.504375,0.5,0.52,0.504375,0.5,0.52,0.4891125,0.3518,0.62515
7,0.1,0.25,1.0,1.0,activity_normalized,B,0.98375,0.95,1.0,0.98375,0.95,1.0,1.0,1.0,1.0,0.504375,0.5,0.52,0.504375,0.5,0.52,0.4891125,0.3518,0.62515
7,0.1,0.25,1.0,1.0,counterfactual_fraction,A,0.4775,0.0,0.91,0.4775,0.0,0.91,1.0,1.0,1.0,0.51375,0.37,0.705,0.51375,0.37,0.705,0.5057437499999999,0.3553,0.7459
7,0.1,0.25,1.0,1.0,counterfactual_fraction,B,0.45,0.1,0.94,0.45,0.1,0.94,1.0,1.0,1.0,0.51375,0.37,0.705,0.51375,0.37,0.705,0.5057437499999999,0.3553,0.7459
7,0.1,0.25,1.0,1.0,raw,A,1.0,1.0,1.0,1.0,1.0,1.0,1.0,1.0,1.0,0.5,0.5,0.5,0.5,0.5,0.5,0.48628125,0.32335,0.63465
7,0.1,0.25,1.0,1.0,raw,B,1.0,1.0,1.0,1.0,1.0,1.0,1.0,1.0,1.0,0.5,0.5,0.5,0.5,0.5,0.5,0.48628125,0.32335,0.63465
7,0.1,0.5,0.0,0.0,activity_normalized,A,0.33875,0.0,0.98,0.33875,0.0,0.98,1.0,1.0,1.0,0.56875,0.48,0.75,0.56875,0.48,0.75,0.6909375,0.4863,0.9948
7,0.1,0.5,0.0,0.0,activity_normalized,B,0.20124999999999998,0.0,0.89,0.20124999999999998,0.0,0.89,1.0,1.0,1.0,0.56875,0.48,0.75,0.56875,0.48,0.75,0.6909375,0.4863,0.9948
7,0.1,0.5,0.0,0.0,counterfactual_fraction,A,0.0,0.0,0.0,0.0,0.0,0.0,1.0,1.0,1.0,0.5,0.5,0.5,0.5,0.5,0.5,0.5,0.5,0.5
7,0.1,0.5,0.0,0.0,counterfactual_fraction,B,0.0,0.0,0.0,0.0,0.0,0.0,1.0,1.0,1.0,0.5,0.5,0.5,0.5,0.5,0.5,0.5,0.5,0.5
7,0.1,0.5,0.0,0.0,raw,A,1.0,1.0,1.0,1.0,1.0,1.0,1.0,1.0,1.0,0.5,0.5,0.5,0.5,0.5,0.5,0.51115,0.1225,0.9518
7,0.1,0.5,0.0,0.0,raw,B,1.0,1.0,1.0,1.0,1.0,1.0,1.0,1.0,1.0,0.5,0.5,0.5,0.5,0.5,0.5,0.51115,0.1225,0.9518
7,0.1,0.5,0.0,1.0,activity_normalized,A,0.98125,0.89,1.0,0.98125,0.89,1.0,1.0,1.0,1.0,0.725625,0.54,0.895,0.725625,0.54,0.895,0.8834625,0.6973,0.9978
7,0.1,0.5,0.0,1.0,activity_normalized,B,0.53,0.21,0.92,0.53,0.21,0.92,1.0,1.0,1.0,0.725625,0.54,0.895,0.725625,0.54,0.895,0.8834625,0.6973,0.9978
7,0.1,0.5,0.0,1.0,counterfactual_fraction,A,0.98375,0.91,1.0,0.98375,0.91,1.0,1.0,1.0,1.0,0.69875,0.52,0.865,0.69875,0.52,0.865,0.8720875,0.6967,0.99
7,0.1,0.5,0.0,1.0,counterfactual_fraction,B,0.5862499999999999,0.25,0.96,0.5862499999999999,0.25,0.96,1.0,1.0,1.0,0.69875,0.52,0.865,0.69875,0.52,0.865,0.8720875,0.6967,0.99
7,0.1,0.5,0.0,1.0,raw,A,1.0,1.0,1.0,1.0,1.0,1.0,1.0,1.0,1.0,0.5,0.5,0.5,0.5,0.5,0.5,0.8340125,0.677,0.9976
7,0.1,0.5,0.0,1.0,raw,B,1.0,1.0,1.0,1.0,1.0,1.0,1.0,1.0,1.0,0.5,0.5,0.5,0.5,0.5,0.5,0.8340125,0.677,0.9976
7,0.1,0.5,1.0,0.0,activity_normalized,A,0.38,0.02,0.98,0.38,0.02,0.98,1.0,1.0,1.0,0.573125,0.475,0.795,0.573125,0.475,0.795,0.6965875,0.4592,0.9929
7,0.1,0.5,1.0,0.0,activity_normalized,B,0.23374999999999999,0.0,0.9,0.23374999999999999,0.0,0.9,1.0,1.0,1.0,0.573125,0.475,0.795,0.573125,0.475,0.795,0.6965875,0.4592,0.9929
7,0.1,0.5,1.0,0.0,counterfactual_fraction,A,0.0,0.0,0.0,0.0,0.0,0.0,1.0,1.0,1.0,0.5,0.5,0.5,0.5,0.5,0.5,0.5,0.5,0.5
7,0.1,0.5,1.0,0.0,counterfactual_fraction,B,0.0,0.0,0.0,0.0,0.0,0.0,1.0,1.0,1.0,0.5,0.5,0.5,0.5,0.5,0.5,0.5,0.5,0.5
7,0.1,0.5,1.0,0.0,raw,A,1.0,1.0,1.0,1.0,1.0,1.0,1.0,1.0,1.0,0.5,0.5,0.5,0.5,0.5,0.5,0.5163125,0.1388,0.9554
7,0.1,0.5,1.0,0.0,raw,B,1.0,1.0,1.0,1.0,1.0,1.0,1.0,1.0,1.0,0.5,0.5,0.5,0.5,0.5,0.5,0.5163125,0.1388,0.9554
7,0.1,0.5,1.0,1.0,activity_normalized,A,0.9975,0.99,1.0,0.9975,0.99,1.0,1.0,1.0,1.0,0.668125,0.535,0.88,0.668125,0.535,0.88,0.8789,0.6833,0.9967
7,0.1,0.5,1.0,1.0,activity_normalized,B,0.66125,0.24,0.93,0.66125,0.24,0.93,1.0,1.0,1.0,0.668125,0.535,0.88,0.668125,0.535,0.88,0.8789,0.6833,0.9967
7,0.1,0.5,1.0,1.0,counterfactual_fraction,A,0.99625,0.98,1.0,0.99625,0.98,1.0,1.0,1.0,1.0,0.659375,0.52,0.865,0.659375,0.52,0.865,0.8707875,0.6831,0.9889
7,0.1,0.5,1.0,1.0,counterfactual_fraction,B,0.6775,0.25,0.96,0.6775,0.25,0.96,1.0,1.0,1.0,0.659375,0.52,0.865,0.659375,0.52,0.865,0.8707875,0.6831,0.9889
7,0.1,0.5,1.0,1.0,raw,A,1.0,1.0,1.0,1.0,1.0,1.0,1.0,1.0,1.0,0.5,0.5,0.5,0.5,0.5,0.5,0.8584125,0.6674,0.9965
7,0.1,0.5,1.0,1.0,raw,B,1.0,1.0,1.0,1.0,1.0,1.0,1.0,1.0,1.0,0.5,0.5,0.5,0.5,0.5,0.5,0.8584125,0.6674,0.9965
7,0.1,1.0,0.0,0.0,activity_normalized,A,0.155,0.0,0.55,0.155,0.0,0.55,1.0,1.0,1.0,0.574375,0.5,0.775,0.574375,0.5,0.775,0.6960625,0.0691,1.0
7,0.1,1.0,0.0,0.0,activity_normalized,B,0.00625,0.0,0.05,0.00625,0.0,0.05,1.0,1.0,1.0,0.574375,0.5,0.775,0.574375,0.5,0.775,0.6960625,0.0691,1.0
7,0.1,1.0,0.0,0.0,counterfactual_fraction,A,0.0,0.0,0.0,0.0,0.0,0.0,1.0,1.0,1.0,0.5,0.5,0.5,0.5,0.5,0.5,0.5,0.5,0.5
7,0.1,1.0,0.0,0.0,counterfactual_fraction,B,0.0,0.0,0.0,0.0,0.0,0.0,1.0,1.0,1.0,0.5,0.5,0.5,0.5,0.5,0.5,0.5,0.5,0.5
7,0.1,1.0,0.0,0.0,raw,A,0.01,0.0,0.07,0.01,0.0,0.07,1.0,1.0,1.0,0.505,0.5,0.535,0.505,0.5,0.535,0.4776,0.0069,0.9852
7,0.1,1.0,0.0,0.0,raw,B,0.0,0.0,0.0,0.0,0.0,0.0,1.0,1.0,1.0,0.505,0.5,0.535,0.505,0.5,0.535,0.4776,0.0069,0.9852
7,0.1,1.0,0.0,1.0,activity_normalized,A,0.16999999999999998,0.0,1.0,0.16999999999999998,0.0,1.0,1.0,1.0,1.0,0.585,0.5,1.0,0.585,0.5,1.0,0.9605,0.7274,1.0
7,0.1,1.0,0.0,1.0,activity_normalized,B,0.0,0.0,0.0,0.0,0.0,0.0,1.0,1.0,1.0,0.585,0.5,1.0,0.585,0.5,1.0,0.9605,0.7274,1.0
7,0.1,1.0,0.0,1.0,counterfactual_fraction,A,0.17875,0.0,1.0,0.17875,0.0,1.0,1.0,1.0,1.0,0.589375,0.5,1.0,0.589375,0.5,1.0,0.9576125,0.7134,1.0
7,0.1,1.0,0.0,1.0,counterfactual_fraction,B,0.0,0.0,0.0,0.0,0.0,0.0,1.0,1.0,1.0,0.589375,0.5,1.0,0.589375,0.5,1.0,0.9576125,0.7134,1.0
7,0.1,1.0,0.0,1.0,raw,A,0.125,0.0,0.77,0.125,0.0,0.77,1.0,1.0,1.0,0.5625,0.5,0.885,0.5625,0.5,0.885,0.80025,0.4209,1.0
7,0.1,1.0,0.0,1.0,raw,B,0.0,0.0,0.0,0.0,0.0,0.0,1.0,1.0,1.0,0.5625,0.5,0.885,0.5625,0.5,0.885,0.80025,0.4209,1.0
7,0.1,1.0,1.0,0.0,activity_normalized,A,0.585,0.0,1.0,0.585,0.0,1.0,1.0,1.0,1.0,0.726875,0.48,1.0,0.726875,0.48,1.0,0.6984,0.0778,1.0
7,0.1,1.0,1.0,0.0,activity_normalized,B,0.13125,0.0,0.36,0.13125,0.0,0.36,1.0,1.0,1.0,0.726875,0.48,1.0,0.726875,0.48,1.0,0.6984,0.0778,1.0
7,0.1,1.0,1.0,0.0,counterfactual_fraction,A,0.0,0.0,0.0,0.0,0.0,0.0,1.0,1.0,1.0,0.5,0.5,0.5,0.5,0.5,0.5,0.5,0.5,0.5
7,0.1,1.0,1.0,0.0,counterfactual_fraction,B,0.0,0.0,0.0,0.0,0.0,0.0,1.0,1.0,1.0,0.5,0.5,0.5,0.5,0.5,0.5,0.5,0.5,0.5
7,0.1,1.0,1.0,0.0,raw,A,0.5337500000000001,0.0,0.98,0.5337500000000001,0.0,0.98,1.0,1.0,1.0,0.586875,0.38,0.94,0.586875,0.38,0.94,0.4679875,0.0281,0.9934
7,0.1,1.0,1.0,0.0,raw,B,0.36,0.01,1.0,0.36,0.01,1.0,1.0,1.0,1.0,0.586875,0.38,0.94,0.586875,0.38,0.94,0.4679875,0.0281,0.9934
7,0.1,1.0,1.0,1.0,activity_normalized,A,0.98125,0.9,1.0,0.98125,0.9,1.0,1.0,1.0,1.0,0.9768749999999999,0.845,1.0,0.9768749999999999,0.845,1.0,0.9895625,0.9195,1.0
7,0.1,1.0,1.0,1.0,activity_normalized,B,0.0275,0.0,0.21,0.0275,0.0,0.21,1.0,1.0,1.0,0.9768749999999999,0.845,1.0,0.9768749999999999,0.845,1.0,0.9895625,0.9195,1.0
7,0.1,1.0,1.0,1.0,counterfactual_fraction,A,0.97375,0.87,1.0,0.97375,0.87,1.0,1.0,1.0,1.0,0.973125,0.83,1.0,0.973125,0.83,1.0,0.9875125,0.9051,1.0
7,0.1,1.0,1.0,1.0,counterfactual_fraction,B,0.0275,0.0,0.21,0.0275,0.0,0.21,1.0,1.0,1.0,0.973125,0.83,1.0,0.973125,0.83,1.0,0.9875125,0.9051,1.0
7,0.1,1.0,1.0,1.0,raw,A,0.9575,0.78,1.0,0.9575,0.78,1.0,1.0,1.0,1.0,0.955,0.765,1.0,0.955,0.765,1.0,0.9762375,0.828,1.0
7,0.1,1.0,1.0,1.0,raw,B,0.0475,0.0,0.25,0.0475,0.0,0.25,1.0,1.0,1.0,0.955,0.765,1.0,0.955,0.765,1.0,0.9762375,0.828,1.0
7,0.4,0.0,0.0,0.0,activity_normalized,A,0.3,0.04,0.75,0.017499999999999998,0.0,0.06,0.05375,0.03,0.08,,,,,,,,,
7,0.4,0.0,0.0,0.0,activity_normalized,B,0.29375,0.07,0.73,0.01,0.0,0.05,0.05,0.01,0.07,,,,,,,,,
7,0.4,0.0,0.0,0.0,counterfactual_fraction,A,0.0,0.0,0.0,0.0,0.0,0.0,0.05375,0.03,0.08,,,,,,,,,
7,0.4,0.0,0.0,0.0,counterfactual_fraction,B,0.0,0.0,0.0,0.0,0.0,0.0,0.05,0.01,0.07,,,,,,,,,
7,0.4,0.0,0.0,0.0,raw,A,0.99375,0.97,1.0,0.052500000000000005,0.03,0.08,0.05375,0.03,0.08,,,,,,,,,
7,0.4,0.0,0.0,0.0,raw,B,0.98375,0.92,1.0,0.045,0.01,0.07,0.05,0.01,0.07,,,,,,,,,
7,0.4,0.0,0.0,1.0,activity_normalized,A,0.00625,0.0,0.02,0.0,0.0,0.0,0.05375,0.03,0.08,,,,,,,,,
7,0.4,0.0,0.0,1.0,activity_normalized,B,0.015,0.0,0.05,0.0,0.0,0.0,0.05,0.01,0.07,,,,,,,,,
7,0.4,0.0,0.0,1.0,counterfactual_fraction,A,0.005,0.0,0.01,0.0,0.0,0.0,0.05375,0.03,0.08,,,,,,,,,
7,0.4,0.0,0.0,1.0,counterfactual_fraction,B,0.01375,0.0,0.05,0.0,0.0,0.0,0.05,0.01,0.07,,,,,,,,,
7,0.4,0.0,0.0,1.0,raw,A,0.5825,0.4,0.76,0.00875,0.0,0.02,0.05375,0.03,0.08,,,,,,,,,
7,0.4,0.0,0.0,1.0,raw,B,0.6225,0.43,0.75,0.00625,0.0,0.02,0.05,0.01,0.07,,,,,,,,,
7,0.4,0.0,1.0,0.0,activity_normalized,A,0.38125,0.06,0.8,0.02,0.0,0.06,0.05375,0.03,0.08,,,,,,,,,
7,0.4,0.0,1.0,0.0,activity_normalized,B,0.375,0.08,0.79,0.015,0.0,0.05,0.05,0.01,0.07,,,,,,,,,
7,0.4,0.0,1.0,0.0,counterfactual_fraction,A,0.0,0.0,0.0,0.0,0.0,0.0,0.05375,0.03,0.08,,,,,,,,,
7,0.4,0.0,1.0,0.0,counterfactual_fraction,B,0.0,0.0,0.0,0.0,0.0,0.0,0.05,0.01,0.07,,,,,,,,,
7,0.4,0.0,1.0,0.0,raw,A,1.0,1.0,1.0,0.05375,0.03,0.08,0.05375,0.03,0.08,,,,,,,,,
7,0.4,0.0,1.0,0.0,raw,B,0.99875,0.99,1.0,0.04875,0.01,0.07,0.05,0.01,0.07,,,,,,,,,
7,0.4,0.0,1.0,1.0,activity_normalized,A,0.015000000000000001,0.0,0.04,0.0,0.0,0.0,0.05375,0.03,0.08,,,,,,,,,
7,0.4,0.0,1.0,1.0,activity_normalized,B,0.02375,0.01,0.05,0.0,0.0,0.0,0.05,0.01,0.07,,,,,,,,,
7,0.4,0.0,1.0,1.0,counterfactual_fraction,A,0.01,0.0,0.02,0.0,0.0,0.0,0.05375,0.03,0.08,,,,,,,,,
7,0.4,0.0,1.0,1.0,counterfactual_fraction,B,0.02125,0.0,0.05,0.0,0.0,0.0,0.05,0.01,0.07,,,,,,,,,
7,0.4,0.0,1.0,1.0,raw,A,0.76125,0.55,0.92,0.02625,0.0,0.06,0.05375,0.03,0.08,,,,,,,,,
7,0.4,0.0,1.0,1.0,raw,B,0.7775,0.54,0.89,0.0225,0.0,0.04,0.05,0.01,0.07,,,,,,,,,
7,0.4,0.1,0.0,0.0,activity_normalized,A,0.275,0.01,0.75,0.03625,0.0,0.13,0.135,0.08,0.17,0.504375,0.47,0.555,0.07875,0.045,0.11,0.5113,0.4619,0.5664
7,0.4,0.1,0.0,0.0,activity_normalized,B,0.26625,0.06,0.72,0.0225,0.0,0.09,0.14375,0.09,0.19,0.504375,0.47,0.555,0.07875,0.045,0.11,0.5113,0.4619,0.5664
7,0.4,0.1,0.0,0.0,counterfactual_fraction,A,0.0,0.0,0.0,0.0,0.0,0.0,0.135,0.08,0.17,0.5,0.5,0.5,0.071875,0.045,0.095,0.5,0.5,0.5
7,0.4,0.1,0.0,0.0,counterfactual_fraction,B,0.0,0.0,0.0,0.0,0.0,0.0,0.14375,0.09,0.19,0.5,0.5,0.5,0.071875,0.045,0.095,0.5,0.5,0.5
7,0.4,0.1,0.0,0.0,raw,A,0.9824999999999999,0.93,1.0,0.12875,0.08,0.17,0.135,0.08,0.17,0.50125,0.495,0.51,0.069375,0.04,0.085,0.48595,0.4375,0.5067
7,0.4,0.1,0.0,0.0,raw,B,0.98,0.91,1.0,0.13375,0.08,0.19,0.14375,0.09,0.19,0.50125,0.495,0.51,0.069375,0.04,0.085,0.48595,0.4375,0.5067
7,0.4,0.1,0.0,1.0,activity_normalized,A,0.00875,0.0,0.04,0.00125,0.0,0.01,0.135,0.08,0.17,0.498125,0.485,0.515,0.071875,0.045,0.095,0.5009750000000001,0.452,0.5642
7,0.4,0.1,0.0,1.0,activity_normalized,B,0.0125,0.0,0.05,0.00125,0.0,0.01,0.14375,0.09,0.19,0.498125,0.485,0.515,0.071875,0.045,0.095,0.5009750000000001,0.452,0.5642
7,0.4,0.1,0.0,1.0,counterfactual_fraction,A,0.005,0.0,0.01,0.00125,0.0,0.01,0.135,0.08,0.17,0.495,0.48,0.505,0.071875,0.045,0.095,0.49493750000000003,0.444,0.5361
7,0.4,0.1,0.0,1.0,counterfactual_fraction,B,0.015,0.0,0.05,0.00125,0.0,0.01,0.14375,0.09,0.19,0.495,0.48,0.505,0.071875,0.045,0.095,0.49493750000000003,0.444,0.5361
7,0.4,0.1,0.0,1.0,raw,A,0.545,0.4,0.72,0.03125,0.0,0.06,0.135,0.08,0.17,0.478125,0.42,0.5,0.0675,0.04,0.095,0.4818375,0.4391,0.5115
7,0.4,0.1,0.0,1.0,raw,B,0.58875,0.41,0.73,0.04,0.0,0.07,0.14375,0.09,0.19,0.478125,0.42,0.5,0.0675,0.04,0.095,0.4818375,0.4391,0.5115
7,0.4,0.1,1.0,0.0,activity_normalized,A,0.3675,0.02,0.79,0.0475,0.0,0.13,0.135,0.08,0.17,0.5018750000000001,0.45,0.56,0.07625,0.045,0.1,0.512275,0.4445,0.5792
7,0.4,0.1,1.0,0.0,activity_normalized,B,0.36375,0.12,0.75,0.03875,0.0,0.09,0.14375,0.09,0.19,0.5018750000000001,0.45,0.56,0.07625,0.045,0.1,0.512275,0.4445,0.5792
7,0.4,0.1,1.0,0.0,counterfactual_fraction,A,0.0,0.0,0.0,0.0,0.0,0.0,0.135,0.08,0.17,0.5,0.5,0.5,0.071875,0.045,0.095,0.5,0.5,0.5
7,0.4,0.1,1.0,0.0,counterfactual_fraction,B,0.0,0.0,0.0,0.0,0.0,0.0,0.14375,0.09,0.19,0.5,0.5,0.5,0.071875,0.045,0.095,0.5,0.5,0.5
7,0.4,0.1,1.0,0.0,raw,A,1.0,1.0,1.0,0.135,0.08,0.17,0.135,0.08,0.17,0.50125,0.5,0.505,0.068125,0.04,0.085,0.4879125,0.4369,0.5191
7,0.4,0.1,1.0,0.0,raw,B,0.9975,0.99,1.0,0.14250000000000002,0.09,0.19,0.14375,0.09,0.19,0.50125,0.5,0.505,0.068125,0.04,0.085,0.4879125,0.4369,0.5191
7,0.4,0.1,1.0,1.0,activity_normalized,A,0.02375,0.0,0.04,0.00375,0.0,0.01,0.135,0.08,0.17,0.498125,0.48,0.515,0.07187500000000001,0.05,0.095,0.5008,0.4517,0.5727
7,0.4,0.1,1.0,1.0,activity_normalized,B,0.0275,0.01,0.05,0.00375,0.0,0.01,0.14375,0.09,0.19,0.498125,0.48,0.515,0.07187500000000001,0.05,0.095,0.5008,0.4517,0.5727
7,0.4,0.1,1.0,1.0,counterfactual_fraction,A,0.02,0.01,0.03,0.0025,0.0,0.01,0.135,0.08,0.17,0.495,0.48,0.51,0.07125000000000001,0.045,0.095,0.493475,0.4467,0.5317
7,0.4,0.1,1.0,1.0,counterfactual_fraction,B,0.030000000000000002,0.01,0.05,0.00375,0.0,0.01,0.14375,0.09,0.19,0.495,0.48,0.51,0.07125000000000001,0.045,0.095,0.493475,0.4467,0.5317
7,0.4,0.1,1.0,1.0,raw,A,0.76,0.55,0.91,0.07125,0.01,0.12,0.135,0.08,0.17,0.499375,0.455,0.535,0.066875,0.045,0.08,0.4811125,0.4291,0.5316
7,0.4,0.1,1.0,1.0,raw,B,0.76125,0.54,0.88,0.08125,0.03,0.12,0.14375,0.09,0.19,0.499375,0.455,0.535,0.066875,0.045,0.08,0.4811125,0.4291,0.5316
7,0.4,0.25,0.0,0.0,activity_normalized,A,0.22999999999999998,0.0,0.71,0.0925,0.0,0.37,0.47625,0.42,0.52,0.510625,0.475,0.545,0.224375,0.185,0.25,0.5168875,0.4505,0.586
7,0.4,0.25,0.0,0.0,activity_normalized,B,0.20875,0.03,0.68,0.07625,0.0,0.33,0.4325,0.34,0.49,0.510625,0.475,0.545,0.224375,0.185,0.25,0.5168875,0.4505,0.586
7,0.4,0.25,0.0,0.0,counterfactual_fraction,A,0.0,0.0,0.0,0.0,0.0,0.0,0.47625,0.42,0.52,0.5,0.5,0.5,0.21625,0.17,0.245,0.5,0.5,0.5
7,0.4,0.25,0.0,0.0,counterfactual_fraction,B,0.0,0.0,0.0,0.0,0.0,0.0,0.4325,0.34,0.49,0.5,0.5,0.5,0.21625,0.17,0.245,0.5,0.5,0.5
7,0.4,0.25,0.0,0.0,raw,A,0.93875,0.84,1.0,0.42375,0.29,0.5,0.47625,0.42,0.52,0.49875,0.465,0.52,0.23625000000000002,0.19,0.275,0.4910625,0.4284,0.5129
7,0.4,0.25,0.0,0.0,raw,B,0.9412499999999999,0.85,1.0,0.38375000000000004,0.28,0.46,0.4325,0.34,0.49,0.49875,0.465,0.52,0.23625000000000002,0.19,0.275,0.4910625,0.4284,0.5129
7,0.4,0.25,0.0,1.0,activity_normalized,A,0.01,0.0,0.03,0.00125,0.0,0.01,0.47625,0.42,0.52,0.499375,0.485,0.515,0.216875,0.17,0.245,0.514175,0.4607,0.5865
7,0.4,0.25,0.0,1.0,activity_normalized,B,0.01125,0.0,0.04,0.0,0.0,0.0,0.4325,0.34,0.49,0.499375,0.485,0.515,0.216875,0.17,0.245,0.514175,0.4607,0.5865
7,0.4,0.25,0.0,1.0,counterfactual_fraction,A,0.01375,0.0,0.04,0.00375,0.0,0.02,0.47625,0.42,0.52,0.49875,0.48,0.52,0.2175,0.17,0.255,0.5072625,0.4441,0.5641
7,0.4,0.25,0.0,1.0,counterfactual_fraction,B,0.01625,0.0,0.05,0.00125,0.0,0.01,0.4325,0.34,0.49,0.49875,0.48,0.52,0.2175,0.17,0.255,0.5072625,0.4441,0.5641
7,0.4,0.25,0.0,1.0,raw,A,0.475,0.31,0.68,0.15,0.07,0.23,0.47625,0.42,0.52,0.486875,0.455,0.53,0.226875,0.175,0.295,0.4919875,0.4469,0.5229
7,0.4,0.25,0.0,1.0,raw,B,0.50125,0.37,0.66,0.12875,0.05,0.24,0.4325,0.34,0.49,0.486875,0.455,0.53,0.226875,0.175,0.295,0.4919875,0.4469,0.5229
7,0.4,0.25,1.0,0.0,activity_normalized,A,0.35125,0.01,0.82,0.15625,0.0,0.41,0.47625,0.42,0.52,0.51125,0.465,0.585,0.221875,0.165,0.25,0.5189875,0.4311,0.6065
7,0.4,0.25,1.0,0.0,activity_normalized,B,0.32875,0.08,0.73,0.14500000000000002,0.02,0.36,0.4325,0.34,0.49,0.51125,0.465,0.585,0.221875,0.165,0.25,0.5189875,0.4311,0.6065
7,0.4,0.25,1.0,0.0,counterfactual_fraction,A,0.0,0.0,0.0,0.0,0.0,0.0,0.47625,0.42,0.52,0.5,0.5,0.5,0.21625,0.17,0.245,0.5,0.5,0.5
7,0.4,0.25,1.0,0.0,counterfactual_fraction,B,0.0,0.0,0.0,0.0,0.0,0.0,0.4325,0.34,0.49,0.5,0.5,0.5,0.21625,0.17,0.245,0.5,0.5,0.5
7,0.4,0.25,1.0,0.0,raw,A,0.99875,0.99,1.0,0.475,0.41,0.52,0.47625,0.42,0.52,0.5025,0.5,0.515,0.240625,0.215,0.265,0.4923125,0.4257,0.5235
7,0.4,0.25,1.0,0.0,raw,B,0.99375,0.97,1.0,0.42625,0.34,0.49,0.4325,0.34,0.49,0.5025,0.5,0.515,0.240625,0.215,0.265,0.4923125,0.4257,0.5235
7,0.4,0.25,1.0,1.0,activity_normalized,A,0.06375,0.03,0.11,0.0225,0.0,0.05,0.47625,0.42,0.52,0.5075000000000001,0.49,0.52,0.22375,0.19,0.26,0.5123125,0.4564,0.5975
7,0.4,0.25,1.0,1.0,activity_normalized,B,0.04875,0.01,0.08,0.0075,0.0,0.03,0.4325,0.34,0.49,0.5075000000000001,0.49,0.52,0.22375,0.19,0.26,0.5123125,0.4564,0.5975
7,0.4,0.25,1.0,1.0,counterfactual_fraction,A,0.058750000000000004,0.02,0.09,0.02625,0.0,0.05,0.47625,0.42,0.52,0.501875,0.48,0.525,0.225,0.19,0.26,0.5036125,0.4476,0.553
7,0.4,0.25,1.0,1.0,counterfactual_fraction,B,0.055,0.03,0.13,0.00875,0.0,0.02,0.4325,0.34,0.49,0.501875,0.48,0.525,0.225,0.19,0.26,0.5036125,0.4476,0.553
7,0.4,0.25,1.0,1.0,raw,A,0.755,0.54,0.9,0.31375,0.19,0.45,0.47625,0.42,0.52,0.50625,0.47,0.545,0.23875,0.205,0.305,0.4928,0.4435,0.5535
7,0.4,0.25,1.0,1.0,raw,B,0.7425,0.53,0.87,0.26875,0.15,0.4,0.4325,0.34,0.49,0.50625,0.47,0.545,0.23875,0.205,0.305,0.4928,0.4435,0.5535
7,0.4,0.5,0.0,0.0,activity_normalized,A,0.15875,0.0,0.64,0.15,0.0,0.62,0.9675,0.96,0.98,0.51,0.48,0.535,0.493125,0.46,0.525,0.5241,0.4325,0.6008
7,0.4,0.5,0.0,0.0,activity_normalized,B,0.13874999999999998,0.0,0.57,0.13375,0.0,0.55,0.97,0.95,0.99,0.51,0.48,0.535,0.493125,0.46,0.525,0.5241,0.4325,0.6008
7,0.4,0.5,0.0,0.0,counterfactual_fraction,A,0.0,0.0,0.0,0.0,0.0,0.0,0.9675,0.96,0.98,0.5,0.5,0.5,0.485,0.475,0.495,0.5,0.5,0.5
7,0.4,0.5,0.0,0.0,counterfactual_fraction,B,0.0,0.0,0.0,0.0,0.0,0.0,0.97,0.95,0.99,0.5,0.5,0.5,0.485,0.475,0.495,0.5,0.5,0.5
7,0.4,0.5,0.0,0.0,raw,A,0.67875,0.39,0.89,0.6475,0.36,0.85,0.9675,0.96,0.98,0.49,0.44,0.545,0.473125,0.43,0.525,0.491675,0.3977,0.5351
7,0.4,0.5,0.0,0.0,raw,B,0.69875,0.48,0.87,0.67125,0.47,0.83,0.97,0.95,0.99,0.49,0.44,0.545,0.473125,0.43,0.525,0.491675,0.3977,0.5351
7,0.4,0.5,0.0,1.0,activity_normalized,A,0.01875,0.0,0.04,0.01375,0.0,0.04,0.9675,0.96,0.98,0.505625,0.5,0.52,0.488125,0.475,0.51,0.5502875,0.5044,0.6375
7,0.4,0.5,0.0,1.0,activity_normalized,B,0.0075,0.0,0.03,0.0075,0.0,0.03,0.97,0.95,0.99,0.505625,0.5,0.52,0.488125,0.475,0.51,0.5502875,0.5044,0.6375
7,0.4,0.5,0.0,1.0,counterfactual_fraction,A,0.025,0.0,0.06,0.021249999999999998,0.0,0.06,0.9675,0.96,0.98,0.50375,0.495,0.525,0.4875,0.475,0.51,0.5411125,0.4742,0.6247
7,0.4,0.5,0.0,1.0,counterfactual_fraction,B,0.0175,0.0,0.04,0.01625,0.0,0.04,0.97,0.95,0.99,0.50375,0.495,0.525,0.4875,0.475,0.51,0.5411125,0.4742,0.6247
7,0.4,0.5,0.0,1.0,raw,A,0.25125,0.1,0.43,0.22749999999999998,0.08,0.41,0.9675,0.96,0.98,0.496875,0.46,0.52,0.48062499999999997,0.455,0.505,0.513825,0.4531,0.5595
7,0.4,0.5,0.0,1.0,raw,B,0.2575,0.07,0.44,0.23625,0.07,0.41,0.97,0.95,0.99,0.496875,0.46,0.52,0.48062499999999997,0.455,0.505,0.513825,0.4531,0.5595
7,0.4,0.5,1.0,0.0,activity_normalized,A,0.3275,0.0,0.8,0.3175,0.0,0.78,0.9675,0.96,0.98,0.515625,0.455,0.61,0.500625,0.45,0.58,0.528125,0.41,0.6275
7,0.4,0.5,1.0,0.0,activity_normalized,B,0.29625,0.02,0.72,0.28625,0.02,0.7,0.97,0.95,0.99,0.515625,0.455,0.61,0.500625,0.45,0.58,0.528125,0.41,0.6275
7,0.4,0.5,1.0,0.0,counterfactual_fraction,A,0.0,0.0,0.0,0.0,0.0,0.0,0.9675,0.96,0.98,0.5,0.5,0.5,0.485,0.475,0.495,0.5,0.5,0.5
7,0.4,0.5,1.0,0.0,counterfactual_fraction,B,0.0,0.0,0.0,0.0,0.0,0.0,0.97,0.95,0.99,0.5,0.5,0.5,0.485,0.475,0.495,0.5,0.5,0.5
7,0.4,0.5,1.0,0.0,raw,A,0.96875,0.85,1.0,0.93625,0.83,0.98,0.9675,0.96,0.98,0.501875,0.465,0.535,0.485,0.455,0.515,0.4967125,0.3947,0.538
7,0.4,0.5,1.0,0.0,raw,B,0.965,0.9,1.0,0.93625,0.88,0.99,0.97,0.95,0.99,0.501875,0.465,0.535,0.485,0.455,0.515,0.4967125,0.3947,0.538
7,0.4,0.5,1.0,1.0,activity_normalized,A,0.1775,0.08,0.24,0.1675,0.08,0.23,0.9675,0.96,0.98,0.52375,0.49,0.56,0.5075000000000001,0.48,0.545,0.5480375,0.488,0.6505
7,0.4,0.5,1.0,1.0,activity_normalized,B,0.13,0.08,0.22,0.1225,0.06,0.22,0.97,0.95,0.99,0.52375,0.49,0.56,0.5075000000000001,0.48,0.545,0.5480375,0.488,0.6505
7,0.4,0.5,1.0,1.0,counterfactual_fraction,A,0.1825,0.08,0.31,0.1725,0.07,0.29,0.9675,0.96,0.98,0.521875,0.475,0.57,0.505,0.465,0.555,0.539375,0.472,0.6054
7,0.4,0.5,1.0,1.0,counterfactual_fraction,B,0.13875,0.07,0.25,0.1325,0.07,0.25,0.97,0.95,0.99,0.521875,0.475,0.57,0.505,0.465,0.555,0.539375,0.472,0.6054
7,0.4,0.5,1.0,1.0,raw,A,0.7262500000000001,0.5,0.92,0.695,0.47,0.88,0.9675,0.96,0.98,0.515,0.485,0.575,0.49875,0.47,0.555,0.526475,0.4789,0.5966
7,0.4,0.5,1.0,1.0,raw,B,0.69625,0.48,0.84,0.6675,0.46,0.8,0.97,0.95,0.99,0.515,0.485,0.575,0.49875,0.47,0.555,0.526475,0.4789,0.5966
7,0.4,1.0,0.0,0.0,activity_normalized,A,0.09,0.0,0.65,0.09,0.0,0.65,1.0,1.0,1.0,0.5125,0.5,0.565,0.5125,0.5,0.565,0.5375875,0.3951,0.7384
7,0.4,1.0,0.0,0.0,activity_normalized,B,0.065,0.0,0.52,0.065,0.0,0.52,1.0,1.0,1.0,0.5125,0.5,0.565,0.5125,0.5,0.565,0.5375875,0.3951,0.7384
7,0.4,1.0,0.0,0.0,counterfactual_fraction,A,0.0,0.0,0.0,0.0,0.0,0.0,1.0,1.0,1.0,0.5,0.5,0.5,0.5,0.5,0.5,0.5,0.5,0.5
7,0.4,1.0,0.0,0.0,counterfactual_fraction,B,0.0,0.0,0.0,0.0,0.0,0.0,1.0,1.0,1.0,0.5,0.5,0.5,0.5,0.5,0.5,0.5,0.5,0.5
7,0.4,1.0,0.0,0.0,raw,A,0.0175,0.0,0.05,0.0175,0.0,0.05,1.0,1.0,1.0,0.503125,0.49,0.51,0.503125,0.49,0.51,0.491525,0.3322,0.5886
7,0.4,1.0,0.0,0.0,raw,B,0.01125,0.0,0.04,0.01125,0.0,0.04,1.0,1.0,1.0,0.503125,0.49,0.51,0.503125,0.49,0.51,0.491525,0.3322,0.5886
7,0.4,1.0,0.0,1.0,activity_normalized,A,0.0,0.0,0.0,0.0,0.0,0.0,1.0,1.0,1.0,0.5,0.5,0.5,0.5,0.5,0.5,0.6581,0.5391,0.7789
7,0.4,1.0,0.0,1.0,activity_normalized,B,0.0,0.0,0.0,0.0,0.0,0.0,1.0,1.0,1.0,0.5,0.5,0.5,0.5,0.5,0.5,0.6581,0.5391,0.7789
7,0.4,1.0,0.0,1.0,counterfactual_fraction,A,0.0,0.0,0.0,0.0,0.0,0.0,1.0,1.0,1.0,0.5,0.5,0.5,0.5,0.5,0.5,0.6501125,0.5244,0.7453
7,0.4,1.0,0.0,1.0,counterfactual_fraction,B,0.0,0.0,0.0,0.0,0.0,0.0,1.0,1.0,1.0,0.5,0.5,0.5,0.5,0.5,0.5,0.6501125,0.5244,0.7453
7,0.4,1.0,0.0,1.0,raw,A,0.00625,0.0,0.04,0.00625,0.0,0.04,1.0,1.0,1.0,0.503125,0.5,0.52,0.503125,0.5,0.52,0.5694375,0.4813,0.6464
7,0.4,1.0,0.0,1.0,raw,B,0.0,0.0,0.0,0.0,0.0,0.0,1.0,1.0,1.0,0.503125,0.5,0.52,0.503125,0.5,0.52,0.5694375,0.4813,0.6464
7,0.4,1.0,1.0,0.0,activity_normalized,A,0.3275,0.0,0.94,0.3275,0.0,0.94,1.0,1.0,1.0,0.528125,0.445,0.68,0.528125,0.445,0.68,0.5350875,0.3355,0.7271
7,0.4,1.0,1.0,0.0,activity_normalized,B,0.27125,0.0,0.89,0.27125,0.0,0.89,1.0,1.0,1.0,0.528125,0.445,0.68,0.528125,0.445,0.68,0.5350875,0.3355,0.7271
7,0.4,1.0,1.0,0.0,counterfactual_fraction,A,0.0,0.0,0.0,0.0,0.0,0.0,1.0,1.0,1.0,0.5,0.5,0.5,0.5,0.5,0.5,0.5,0.5,0.5
7,0.4,1.0,1.0,0.0,counterfactual_fraction,B,0.0,0.0,0.0,0.0,0.0,0.0,1.0,1.0,1.0,0.5,0.5,0.5,0.5,0.5,0.5,0.5,0.5,0.5
7,0.4,1.0,1.0,0.0,raw,A,0.385,0.01,0.74,0.385,0.01,0.74,1.0,1.0,1.0,0.524375,0.48,0.585,0.524375,0.48,0.585,0.4907625,0.2877,0.5964
7,0.4,1.0,1.0,0.0,raw,B,0.33625,0.02,0.75,0.33625,0.02,0.75,1.0,1.0,1.0,0.524375,0.48,0.585,0.524375,0.48,0.585,0.4907625,0.2877,0.5964
7,0.4,1.0,1.0,1.0,activity_normalized,A,0.57375,0.28,0.77,0.57375,0.28,0.77,1.0,1.0,1.0,0.6175,0.52,0.705,0.6175,0.52,0.705,0.6831375,0.5718,0.8129
7,0.4,1.0,1.0,1.0,activity_normalized,B,0.33875,0.2,0.58,0.33875,0.2,0.58,1.0,1.0,1.0,0.6175,0.52,0.705,0.6175,0.52,0.705,0.6831375,0.5718,0.8129
7,0.4,1.0,1.0,1.0,counterfactual_fraction,A,0.57375,0.37,0.77,0.57375,0.37,0.77,1.0,1.0,1.0,0.62,0.55,0.705,0.62,0.55,0.705,0.6781,0.5618,0.7923
7,0.4,1.0,1.0,1.0,counterfactual_fraction,B,0.33375,0.19,0.64,0.33375,0.19,0.64,1.0,1.0,1.0,0.62,0.55,0.705,0.62,0.55,0.705,0.6781,0.5618,0.7923
7,0.4,1.0,1.0,1.0,raw,A,0.5599999999999999,0.3,0.78,0.5599999999999999,0.3,0.78,1.0,1.0,1.0,0.581875,0.51,0.65,0.581875,0.51,0.65,0.64305,0.5366,0.7444
7,0.4,1.0,1.0,1.0,raw,B,0.39625,0.1,0.73,0.39625,0.1,0.73,1.0,1.0,1.0,0.581875,0.51,0.65,0.581875,0.51,0.65,0.64305,0.5366,0.7444
8,0.1,0.0,0.0,0.0,activity_normalized,A,1.0,1.0,1.0,0.051250000000000004,0.02,0.08,0.051250000000000004,0.02,0.08,,,,,,,,,
8,0.1,0.0,0.0,0.0,activity_normalized,B,1.0,1.0,1.0,0.0425,0.02,0.07,0.0425,0.02,0.07,,,,,,,,,
8,0.1,0.0,0.0,0.0,counterfactual_fraction,A,0.0,0.0,0.0,0.0,0.0,0.0,0.051250000000000004,0.02,0.08,,,,,,,,,
8,0.1,0.0,0.0,0.0,counterfactual_fraction,B,0.0,0.0,0.0,0.0,0.0,0.0,0.0425,0.02,0.07,,,,,,,,,
8,0.1,0.0,0.0,0.0,raw,A,1.0,1.0,1.0,0.051250000000000004,0.02,0.08,0.051250000000000004,0.02,0.08,,,,,,,,,
8,0.1,0.0,0.0,0.0,raw,B,1.0,1.0,1.0,0.0425,0.02,0.07,0.0425,0.02,0.07,,,,,,,,,
8,0.1,0.0,0.0,1.0,activity_normalized,A,1.0,1.0,1.0,0.051250000000000004,0.02,0.08,0.051250000000000004,0.02,0.08,,,,,,,,,
8,0.1,0.0,0.0,1.0,activity_normalized,B,1.0,1.0,1.0,0.0425,0.02,0.07,0.0425,0.02,0.07,,,,,,,,,
8,0.1,0.0,0.0,1.0,counterfactual_fraction,A,0.0,0.0,0.0,0.0,0.0,0.0,0.051250000000000004,0.02,0.08,,,,,,,,,
8,0.1,0.0,0.0,1.0,counterfactual_fraction,B,0.0,0.0,0.0,0.0,0.0,0.0,0.0425,0.02,0.07,,,,,,,,,
8,0.1,0.0,0.0,1.0,raw,A,1.0,1.0,1.0,0.051250000000000004,0.02,0.08,0.051250000000000004,0.02,0.08,,,,,,,,,
8,0.1,0.0,0.0,1.0,raw,B,1.0,1.0,1.0,0.0425,0.02,0.07,0.0425,0.02,0.07,,,,,,,,,
8,0.1,0.0,1.0,0.0,activity_normalized,A,1.0,1.0,1.0,0.051250000000000004,0.02,0.08,0.051250000000000004,0.02,0.08,,,,,,,,,
8,0.1,0.0,1.0,0.0,activity_normalized,B,1.0,1.0,1.0,0.0425,0.02,0.07,0.0425,0.02,0.07,,,,,,,,,
8,0.1,0.0,1.0,0.0,counterfactual_fraction,A,0.0,0.0,0.0,0.0,0.0,0.0,0.051250000000000004,0.02,0.08,,,,,,,,,
8,0.1,0.0,1.0,0.0,counterfactual_fraction,B,0.0,0.0,0.0,0.0,0.0,0.0,0.0425,0.02,0.07,,,,,,,,,
8,0.1,0.0,1.0,0.0,raw,A,1.0,1.0,1.0,0.051250000000000004,0.02,0.08,0.051250000000000004,0.02,0.08,,,,,,,,,
8,0.1,0.0,1.0,0.0,raw,B,1.0,1.0,1.0,0.0425,0.02,0.07,0.0425,0.02,0.07,,,,,,,,,
8,0.1,0.0,1.0,1.0,activity_normalized,A,1.0,1.0,1.0,0.051250000000000004,0.02,0.08,0.051250000000000004,0.02,0.08,,,,,,,,,
8,0.1,0.0,1.0,1.0,activity_normalized,B,1.0,1.0,1.0,0.0425,0.02,0.07,0.0425,0.02,0.07,,,,,,,,,
8,0.1,0.0,1.0,1.0,counterfactual_fraction,A,0.0,0.0,0.0,0.0,0.0,0.0,0.051250000000000004,0.02,0.08,,,,,,,,,
8,0.1,0.0,1.0,1.0,counterfactual_fraction,B,0.0,0.0,0.0,0.0,0.0,0.0,0.0425,0.02,0.07,,,,,,,,,
8,0.1,0.0,1.0,1.0,raw,A,1.0,1.0,1.0,0.051250000000000004,0.02,0.08,0.051250000000000004,0.02,0.08,,,,,,,,,
8,0.1,0.0,1.0,1.0,raw,B,1.0,1.0,1.0,0.0425,0.02,0.07,0.0425,0.02,0.07,,,,,,,,,
8,0.1,0.1,0.0,0.0,activity_normalized,A,0.98875,0.95,1.0,0.8162499999999999,0.74,0.86,0.8275,0.75,0.88,0.496875,0.475,0.51,0.410625,0.37,0.435,0.495,0.465,0.51
8,0.1,0.1,0.0,0.0,activity_normalized,B,0.995,0.98,1.0,0.8075,0.76,0.86,0.8125,0.76,0.86,0.496875,0.475,0.51,0.410625,0.37,0.435,0.495,0.465,0.51
8,0.1,0.1,0.0,0.0,counterfactual_fraction,A,0.0,0.0,0.0,0.0,0.0,0.0,0.8275,0.75,0.88,0.5,0.5,0.5,0.40625,0.38,0.43,0.5,0.5,0.5
8,0.1,0.1,0.0,0.0,counterfactual_fraction,B,0.0,0.0,0.0,0.0,0.0,0.0,0.8125,0.76,0.86,0.5,0.5,0.5,0.40625,0.38,0.43,0.5,0.5,0.5
8,0.1,0.1,0.0,0.0,raw,A,1.0,1.0,1.0,0.8275,0.75,0.88,0.8275,0.75,0.88,0.5,0.5,0.5,0.41375,0.375,0.44,0.495,0.465,0.51
8,0.1,0.1,0.0,0.0,raw,B,1.0,1.0,1.0,0.8125,0.76,0.86,0.8125,0.76,0.86,0.5,0.5,0.5,0.41375,0.375,0.44,0.495,0.465,0.51
8,0.1,0.1,0.0,1.0,activity_normalized,A,0.99875,0.99,1.0,0.8262499999999999,0.75,0.88,0.8275,0.75,0.88,0.5,0.495,0.505,0.41375,0.375,0.44,0.4949625,0.465,0.51
8,0.1,0.1,0.0,1.0,activity_normalized,B,0.99875,0.99,1.0,0.81125,0.76,0.86,0.8125,0.76,0.86,0.5,0.495,0.505,0.41375,0.375,0.44,0.4949625,0.465,0.51
8,0.1,0.1,0.0,1.0,counterfactual_fraction,A,0.015000000000000001,0.0,0.07,0.015000000000000001,0.0,0.07,0.8275,0.75,0.88,0.505,0.495,0.535,0.41125,0.405,0.43,0.504975,0.49,0.535
8,0.1,0.1,0.0,1.0,counterfactual_fraction,B,0.005,0.0,0.02,0.005,0.0,0.02,0.8125,0.76,0.86,0.505,0.495,0.535,0.41125,0.405,0.43,0.504975,0.49,0.535
8,0.1,0.1,0.0,1.0,raw,A,1.0,1.0,1.0,0.8275,0.75,0.88,0.8275,0.75,0.88,0.5,0.5,0.5,0.41375,0.375,0.44,0.4949875,0.465,0.51
8,0.1,0.1,0.0,1.0,raw,B,1.0,1.0,1.0,0.8125,0.76,0.86,0.8125,0.76,0.86,0.5,0.5,0.5,0.41375,0.375,0.44,0.4949875,0.465,0.51
8,0.1,0.1,1.0,0.0,activity_normalized,A,0.98875,0.95,1.0,0.8162499999999999,0.74,0.86,0.8275,0.75,0.88,0.496875,0.475,0.51,0.410625,0.37,0.435,0.495,0.465,0.51
8,0.1,0.1,1.0,0.0,activity_normalized,B,0.995,0.98,1.0,0.8075,0.76,0.86,0.8125,0.76,0.86,0.496875,0.475,0.51,0.410625,0.37,0.435,0.495,0.465,0.51
8,0.1,0.1,1.0,0.0,counterfactual_fraction,A,0.0,0.0,0.0,0.0,0.0,0.0,0.8275,0.75,0.88,0.5,0.5,0.5,0.40625,0.38,0.43,0.5,0.5,0.5
8,0.1,0.1,1.0,0.0,counterfactual_fraction,B,0.0,0.0,0.0,0.0,0.0,0.0,0.8125,0.76,0.86,0.5,0.5,0.5,0.40625,0.38,0.43,0.5,0.5,0.5
8,0.1,0.1,1.0,0.0,raw,A,1.0,1.0,1.0,0.8275,0.75,0.88,0.8275,0.75,0.88,0.5,0.5,0.5,0.41375,0.375,0.44,0.495,0.465,0.51
8,0.1,0.1,1.0,0.0,raw,B,1.0,1.0,1.0,0.8125,0.76,0.86,0.8125,0.76,0.86,0.5,0.5,0.5,0.41375,0.375,0.44,0.495,0.465,0.51
8,0.1,0.1,1.0,1.0,activity_normalized,A,0.99875,0.99,1.0,0.8262499999999999,0.75,0.88,0.8275,0.75,0.88,0.5,0.495,0.505,0.41375,0.375,0.44,0.4949625,0.465,0.51
8,0.1,0.1,1.0,1.0,activity_normalized,B,0.99875,0.99,1.0,0.81125,0.76,0.86,0.8125,0.76,0.86,0.5,0.495,0.505,0.41375,0.375,0.44,0.4949625,0.465,0.51
8,0.1,0.1,1.0,1.0,counterfactual_fraction,A,0.015000000000000001,0.0,0.07,0.015000000000000001,0.0,0.07,0.8275,0.75,0.88,0.505,0.495,0.535,0.41125,0.405,0.43,0.5049875,0.49,0.535
8,0.1,0.1,1.0,1.0,counterfactual_fraction,B,0.005,0.0,0.02,0.005,0.0,0.02,0.8125,0.76,0.86,0.505,0.495,0.535,0.41125,0.405,0.43,0.5049875,0.49,0.535
8,0.1,0.1,1.0,1.0,raw,A,1.0,1.0,1.0,0.8275,0.75,0.88,0.8275,0.75,0.88,0.5,0.5,0.5,0.41375,0.375,0.44,0.4949875,0.465,0.51
8,0.1,0.1,1.0,1.0,raw,B,1.0,1.0,1.0,0.8125,0.76,0.86,0.8125,0.76,0.86,0.5,0.5,0.5,0.41375,0.375,0.44,0.4949875,0.465,0.51
8,0.1,0.25,0.0,0.0,activity_normalized,A,0.8025,0.44,0.96,0.8025,0.44,0.96,1.0,1.0,1.0,0.494375,0.42,0.54,0.494375,0.42,0.54,0.48756875,0.3109,0.57275
8,0.1,0.25,0.0,0.0,activity_normalized,B,0.81375,0.42,0.97,0.81375,0.42,0.97,1.0,1.0,1.0,0.494375,0.42,0.54,0.494375,0.42,0.54,0.48756875,0.3109,0.57275
8,0.1,0.25,0.0,0.0,counterfactual_fraction,A,0.0,0.0,0.0,0.0,0.0,0.0,1.0,1.0,1.0,0.5,0.5,0.5,0.5,0.5,0.5,0.5,0.5,0.5
8,0.1,0.25,0.0,0.0,counterfactual_fraction,B,0.0,0.0,0.0,0.0,0.0,0.0,1.0,1.0,1.0,0.5,0.5,0.5,0.5,0.5,0.5,0.5,0.5,0.5
8,0.1,0.25,0.0,0.0,raw,A,1.0,1.0,1.0,1.0,1.0,1.0,1.0,1.0,1.0,0.5,0.5,0.5,0.5,0.5,0.5,0.46414375,0.2033,0.5731
8,0.1,0.25,0.0,0.0,raw,B,1.0,1.0,1.0,1.0,1.0,1.0,1.0,1.0,1.0,0.5,0.5,0.5,0.5,0.5,0.5,0.46414375,0.2033,0.5731
8,0.1,0.25,0.0,1.0,activity_normalized,A,0.99375,0.97,1.0,0.99375,0.97,1.0,1.0,1.0,1.0,0.505625,0.495,0.52,0.505625,0.495,0.52,0.48525,0.33865,0.56975
8,0.1,0.25,0.0,1.0,activity_normalized,B,0.9824999999999999,0.96,1.0,0.9824999999999999,0.96,1.0,1.0,1.0,1.0,0.505625,0.495,0.52,0.505625,0.495,0.52,0.48525,0.33865,0.56975
8,0.1,0.25,0.0,1.0,counterfactual_fraction,A,0.42625,0.06,0.88,0.42625,0.06,0.88,1.0,1.0,1.0,0.524375,0.435,0.715,0.524375,0.435,0.715,0.5235875,0.42455,0.777
8,0.1,0.25,0.0,1.0,counterfactual_fraction,B,0.3775,0.08,0.8,0.3775,0.08,0.8,1.0,1.0,1.0,0.524375,0.435,0.715,0.524375,0.435,0.715,0.5235875,0.42455,0.777
8,0.1,0.25,0.0,1.0,raw,A,1.0,1.0,1.0,1.0,1.0,1.0,1.0,1.0,1.0,0.5,0.5,0.5,0.5,0.5,0.5,0.48153124999999997,0.3122,0.5694
8,0.1,0.25,0.0,1.0,raw,B,1.0,1.0,1.0,1.0,1.0,1.0,1.0,1.0,1.0,0.5,0.5,0.5,0.5,0.5,0.5,0.48153124999999997,0.3122,0.5694
8,0.1,0.25,1.0,0.0,activity_normalized,A,0.80375,0.45,0.96,0.80375,0.45,0.96,1.0,1.0,1.0,0.494375,0.415,0.54,0.494375,0.415,0.54,0.48849375,0.3129,0.5722
8,0.1,0.25,1.0,0.0,activity_normalized,B,0.815,0.42,0.97,0.815,0.42,0.97,1.0,1.0,1.0,0.494375,0.415,0.54,0.494375,0.415,0.54,0.48849375,0.3129,0.5722
8,0.1,0.25,1.0,0.0,counterfactual_fraction,A,0.0,0.0,0.0,0.0,0.0,0.0,1.0,1.0,1.0,0.5,0.5,0.5,0.5,0.5,0.5,0.5,0.5,0.5
8,0.1,0.25,1.0,0.0,counterfactual_fraction,B,0.0,0.0,0.0,0.0,0.0,0.0,1.0,1.0,1.0,0.5,0.5,0.5,0.5,0.5,0.5,0.5,0.5,0.5
8,0.1,0.25,1.0,0.0,raw,A,1.0,1.0,1.0,1.0,1.0,1.0,1.0,1.0,1.0,0.5,0.5,0.5,0.5,0.5,0.5,0.464625,0.2039,0.5731
8,0.1,0.25,1.0,0.0,raw,B,1.0,1.0,1.0,1.0,1.0,1.0,1.0,1.0,1.0,0.5,0.5,0.5,0.5,0.5,0.5,0.464625,0.2039,0.5731
8,0.1,0.25,1.0,1.0,activity_normalized,A,0.99375,0.97,1.0,0.99375,0.97,1.0,1.0,1.0,1.0,0.505625,0.495,0.52,0.505625,0.495,0.52,0.48770625,0.34025,0.56945
8,0.1,0.25,1.0,1.0,activity_normalized,B,0.9824999999999999,0.96,1.0,0.9824999999999999,0.96,1.0,1.0,1.0,1.0,0.505625,0.495,0.52,0.505625,0.495,0.52,0.48770625,0.34025,0.56945
8,0.1,0.25,1.0,1.0,counterfactual_fraction,A,0.42625,0.06,0.88,0.42625,0.06,0.88,1.0,1.0,1.0,0.5237499999999999,0.435,0.715,0.5237499999999999,0.435,0.715,0.523325,0.42475,0.7766
8,0.1,0.25,1.0,1.0,counterfactual_fraction,B,0.37875000000000003,0.08,0.81,0.37875000000000003,0.08,0.81,1.0,1.0,1.0,0.5237499999999999,0.435,0.715,0.5237499999999999,0.435,0.715,0.523325,0.42475,0.7766
8,0.1,0.25,1.0,1.0,raw,A,1.0,1.0,1.0,1.0,1.0,1.0,1.0,1.0,1.0,0.5,0.5,0.5,0.5,0.5,0.5,0.4832625,0.3126,0.5694
8,0.1,0.25,1.0,1.0,raw,B,1.0,1.0,1.0,1.0,1.0,1.0,1.0,1.0,1.0,0.5,0.5,0.5,0.5,0.5,0.5,0.4832625,0.3126,0.5694
8,0.1,0.5,0.0,0.0,activity_normalized,A,0.30125,0.0,0.88,0.30125,0.0,0.88,1.0,1.0,1.0,0.48,0.26,0.6,0.48,0.26,0.6,0.5217625,0.0955,0.8292
8,0.1,0.5,0.0,0.0,activity_normalized,B,0.34125,0.0,0.96,0.34125,0.0,0.96,1.0,1.0,1.0,0.48,0.26,0.6,0.48,0.26,0.6,0.5217625,0.0955,0.8292
8,0.1,0.5,0.0,0.0,counterfactual_fraction,A,0.0,0.0,0.0,0.0,0.0,0.0,1.0,1.0,1.0,0.5,0.5,0.5,0.5,0.5,0.5,0.5,0.5,0.5
8,0.1,0.5,0.0,0.0,counterfactual_fraction,B,0.0,0.0,0.0,0.0,0.0,0.0,1.0,1.0,1.0,0.5,0.5,0.5,0.5,0.5,0.5,0.5,0.5,0.5
8,0.1,0.5,0.0,0.0,raw,A,1.0,1.0,1.0,1.0,1.0,1.0,1.0,1.0,1.0,0.5,0.5,0.5,0.5,0.5,0.5,0.4610125,0.0755,0.7936
8,0.1,0.5,0.0,0.0,raw,B,1.0,1.0,1.0,1.0,1.0,1.0,1.0,1.0,1.0,0.5,0.5,0.5,0.5,0.5,0.5,0.4610125,0.0755,0.7936
8,0.1,0.5,0.0,1.0,activity_normalized,A,0.97625,0.87,1.0,0.97625,0.87,1.0,1.0,1.0,1.0,0.628125,0.525,0.76,0.628125,0.525,0.76,0.8036375,0.577,0.9965
8,0.1,0.5,0.0,1.0,activity_normalized,B,0.72,0.48,0.94,0.72,0.48,0.94,1.0,1.0,1.0,0.628125,0.525,0.76,0.628125,0.525,0.76,0.8036375,0.577,0.9965
8,0.1,0.5,0.0,1.0,counterfactual_fraction,A,0.98125,0.92,1.0,0.98125,0.92,1.0,1.0,1.0,1.0,0.64,0.515,0.95,0.64,0.515,0.95,0.803775,0.5525,0.9886
8,0.1,0.5,0.0,1.0,counterfactual_fraction,B,0.7012499999999999,0.07,0.96,0.7012499999999999,0.07,0.96,1.0,1.0,1.0,0.64,0.515,0.95,0.64,0.515,0.95,0.803775,0.5525,0.9886
8,0.1,0.5,0.0,1.0,raw,A,1.0,1.0,1.0,1.0,1.0,1.0,1.0,1.0,1.0,0.5,0.5,0.5,0.5,0.5,0.5,0.7576875,0.5522,0.9934
8,0.1,0.5,0.0,1.0,raw,B,1.0,1.0,1.0,1.0,1.0,1.0,1.0,1.0,1.0,0.5,0.5,0.5,0.5,0.5,0.5,0.7576875,0.5522,0.9934
8,0.1,0.5,1.0,0.0,activity_normalized,A,0.395,0.01,0.9,0.395,0.01,0.9,1.0,1.0,1.0,0.491875,0.18,0.765,0.491875,0.18,0.765,0.5325375,0.1118,0.8806
8,0.1,0.5,1.0,0.0,activity_normalized,B,0.41125,0.02,0.96,0.41125,0.02,0.96,1.0,1.0,1.0,0.491875,0.18,0.765,0.491875,0.18,0.765,0.5325375,0.1118,0.8806
8,0.1,0.5,1.0,0.0,counterfactual_fraction,A,0.0,0.0,0.0,0.0,0.0,0.0,1.0,1.0,1.0,0.5,0.5,0.5,0.5,0.5,0.5,0.5,0.5,0.5
8,0.1,0.5,1.0,0.0,counterfactual_fraction,B,0.0,0.0,0.0,0.0,0.0,0.0,1.0,1.0,1.0,0.5,0.5,0.5,0.5,0.5,0.5,0.5,0.5,0.5
8,0.1,0.5,1.0,0.0,raw,A,1.0,1.0,1.0,1.0,1.0,1.0,1.0,1.0,1.0,0.5,0.5,0.5,0.5,0.5,0.5,0.46381249999999996,0.0955,0.7908
8,0.1,0.5,1.0,0.0,raw,B,1.0,1.0,1.0,1.0,1.0,1.0,1.0,1.0,1.0,0.5,0.5,0.5,0.5,0.5,0.5,0.46381249999999996,0.0955,0.7908
8,0.1,0.5,1.0,1.0,activity_normalized,A,0.995,0.98,1.0,0.995,0.98,1.0,1.0,1.0,1.0,0.603125,0.505,0.755,0.603125,0.505,0.755,0.8264125,0.6222,0.9978
8,0.1,0.5,1.0,1.0,activity_normalized,B,0.7887500000000001,0.49,0.99,0.7887500000000001,0.49,0.99,1.0,1.0,1.0,0.603125,0.505,0.755,0.603125,0.505,0.755,0.8264125,0.6222,0.9978
8,0.1,0.5,1.0,1.0,counterfactual_fraction,A,0.995,0.98,1.0,0.995,0.98,1.0,1.0,1.0,1.0,0.619375,0.505,0.955,0.619375,0.505,0.955,0.8234625,0.6008,0.9942
8,0.1,0.5,1.0,1.0,counterfactual_fraction,B,0.75625,0.07,0.99,0.75625,0.07,0.99,1.0,1.0,1.0,0.619375,0.505,0.955,0.619375,0.505,0.955,0.8234625,0.6008,0.9942
8,0.1,0.5,1.0,1.0,raw,A,1.0,1.0,1.0,1.0,1.0,1.0,1.0,1.0,1.0,0.5,0.5,0.5,0.5,0.5,0.5,0.803,0.5993,0.9947
8,0.1,0.5,1.0,1.0,raw,B,1.0,1.0,1.0,1.0,1.0,1.0,1.0,1.0,1.0,0.5,0.5,0.5,0.5,0.5,0.5,0.803,0.5993,0.9947
8,0.1,1.0,0.0,0.0,activity_normalized,A,0.00375,0.0,0.03,0.00375,0.0,0.03,1.0,1.0,1.0,0.50125,0.5,0.51,0.50125,0.5,0.51,0.48619999999999997,0.0025,0.75
8,0.1,1.0,0.0,0.0,activity_normalized,B,0.00125,0.0,0.01,0.00125,0.0,0.01,1.0,1.0,1.0,0.50125,0.5,0.51,0.50125,0.5,0.51,0.48619999999999997,0.0025,0.75
8,0.1,1.0,0.0,0.0,counterfactual_fraction,A,0.0,0.0,0.0,0.0,0.0,0.0,1.0,1.0,1.0,0.5,0.5,0.5,0.5,0.5,0.5,0.5,0.5,0.5
8,0.1,1.0,0.0,0.0,counterfactual_fraction,B,0.0,0.0,0.0,0.0,0.0,0.0,1.0,1.0,1.0,0.5,0.5,0.5,0.5,0.5,0.5,0.5,0.5,0.5
8,0.1,1.0,0.0,0.0,raw,A,0.0,0.0,0.0,0.0,0.0,0.0,1.0,1.0,1.0,0.5,0.5,0.5,0.5,0.5,0.5,0.43495,0.0,0.9211
8,0.1,1.0,0.0,0.0,raw,B,0.0,0.0,0.0,0.0,0.0,0.0,1.0,1.0,1.0,0.5,0.5,0.5,0.5,0.5,0.5,0.43495,0.0,0.9211
8,0.1,1.0,0.0,1.0,activity_normalized,A,0.09125,0.0,0.61,0.09125,0.0,0.61,1.0,1.0,1.0,0.545625,0.5,0.805,0.545625,0.5,0.805,0.912875,0.8022,1.0
8,0.1,1.0,0.0,1.0,activity_normalized,B,0.0,0.0,0.0,0.0,0.0,0.0,1.0,1.0,1.0,0.545625,0.5,0.805,0.545625,0.5,0.805,0.912875,0.8022,1.0
8,0.1,1.0,0.0,1.0,counterfactual_fraction,A,0.13125,0.0,0.83,0.13125,0.0,0.83,1.0,1.0,1.0,0.565625,0.5,0.915,0.565625,0.5,0.915,0.921025,0.7869,1.0
8,0.1,1.0,0.0,1.0,counterfactual_fraction,B,0.0,0.0,0.0,0.0,0.0,0.0,1.0,1.0,1.0,0.565625,0.5,0.915,0.565625,0.5,0.915,0.921025,0.7869,1.0
8,0.1,1.0,0.0,1.0,raw,A,0.03625,0.0,0.24,0.03625,0.0,0.24,1.0,1.0,1.0,0.518125,0.5,0.62,0.518125,0.5,0.62,0.7129875,0.3903,1.0
8,0.1,1.0,0.0,1.0,raw,B,0.0,0.0,0.0,0.0,0.0,0.0,1.0,1.0,1.0,0.518125,0.5,0.62,0.518125,0.5,0.62,0.7129875,0.3903,1.0
8,0.1,1.0,1.0,0.0,activity_normalized,A,0.46875,0.0,0.75,0.46875,0.0,0.75,1.0,1.0,1.0,0.605,0.495,0.725,0.605,0.495,0.725,0.5615875,0.0234,0.8031
8,0.1,1.0,1.0,0.0,activity_normalized,B,0.25875000000000004,0.0,0.56,0.25875000000000004,0.0,0.56,1.0,1.0,1.0,0.605,0.495,0.725,0.605,0.495,0.725,0.5615875,0.0234,0.8031
8,0.1,1.0,1.0,0.0,counterfactual_fraction,A,0.0,0.0,0.0,0.0,0.0,0.0,1.0,1.0,1.0,0.5,0.5,0.5,0.5,0.5,0.5,0.5,0.5,0.5
8,0.1,1.0,1.0,0.0,counterfactual_fraction,B,0.0,0.0,0.0,0.0,0.0,0.0,1.0,1.0,1.0,0.5,0.5,0.5,0.5,0.5,0.5,0.5,0.5,0.5
8,0.1,1.0,1.0,0.0,raw,A,0.5325,0.0,0.91,0.5325,0.0,0.91,1.0,1.0,1.0,0.52625,0.425,0.835,0.52625,0.425,0.835,0.42274999999999996,0.0005,0.9337
8,0.1,1.0,1.0,0.0,raw,B,0.48,0.0,1.0,0.48,0.0,1.0,1.0,1.0,1.0,0.52625,0.425,0.835,0.52625,0.425,0.835,0.42274999999999996,0.0005,0.9337
8,0.1,1.0,1.0,1.0,activity_normalized,A,0.9375,0.7,1.0,0.9375,0.7,1.0,1.0,1.0,1.0,0.948125,0.79,1.0,0.948125,0.79,1.0,0.97505,0.8814,1.0
8,0.1,1.0,1.0,1.0,activity_normalized,B,0.041249999999999995,0.0,0.16,0.041249999999999995,0.0,0.16,1.0,1.0,1.0,0.948125,0.79,1.0,0.948125,0.79,1.0,0.97505,0.8814,1.0
8,0.1,1.0,1.0,1.0,counterfactual_fraction,A,0.94125,0.74,1.0,0.94125,0.74,1.0,1.0,1.0,1.0,0.95,0.8,1.0,0.95,0.8,1.0,0.9732375,0.8713,1.0
8,0.1,1.0,1.0,1.0,counterfactual_fraction,B,0.04125,0.0,0.18,0.04125,0.0,0.18,1.0,1.0,1.0,0.95,0.8,1.0,0.95,0.8,1.0,0.9732375,0.8713,1.0
8,0.1,1.0,1.0,1.0,raw,A,0.8875,0.7,1.0,0.8875,0.7,1.0,1.0,1.0,1.0,0.9143749999999999,0.75,1.0,0.9143749999999999,0.75,1.0,0.952025,0.8242,1.0
8,0.1,1.0,1.0,1.0,raw,B,0.05875,0.0,0.2,0.05875,0.0,0.2,1.0,1.0,1.0,0.9143749999999999,0.75,1.0,0.9143749999999999,0.75,1.0,0.952025,0.8242,1.0
8,0.4,0.0,0.0,0.0,activity_normalized,A,0.30000000000000004,0.03,0.54,0.00875,0.0,0.02,0.05375,0.03,0.08,,,,,,,,,
8,0.4,0.0,0.0,0.0,activity_normalized,B,0.30000000000000004,0.1,0.56,0.0075,0.0,0.02,0.05,0.01,0.07,,,,,,,,,
8,0.4,0.0,0.0,0.0,counterfactual_fraction,A,0.0,0.0,0.0,0.0,0.0,0.0,0.05375,0.03,0.08,,,,,,,,,
8,0.4,0.0,0.0,0.0,counterfactual_fraction,B,0.0,0.0,0.0,0.0,0.0,0.0,0.05,0.01,0.07,,,,,,,,,
8,0.4,0.0,0.0,0.0,raw,A,0.99125,0.96,1.0,0.051250000000000004,0.02,0.08,0.05375,0.03,0.08,,,,,,,,,
8,0.4,0.0,0.0,0.0,raw,B,0.9862500000000001,0.93,1.0,0.045,0.01,0.07,0.05,0.01,0.07,,,,,,,,,
8,0.4,0.0,0.0,1.0,activity_normalized,A,0.005,0.0,0.01,0.0,0.0,0.0,0.05375,0.03,0.08,,,,,,,,,
8,0.4,0.0,0.0,1.0,activity_normalized,B,0.008749999999999999,0.0,0.03,0.0,0.0,0.0,0.05,0.01,0.07,,,,,,,,,
8,0.4,0.0,0.0,1.0,counterfactual_fraction,A,0.005,0.0,0.02,0.0,0.0,0.0,0.05375,0.03,0.08,,,,,,,,,
8,0.4,0.0,0.0,1.0,counterfactual_fraction,B,0.01125,0.0,0.03,0.0,0.0,0.0,0.05,0.01,0.07,,,,,,,,,
8,0.4,0.0,0.0,1.0,raw,A,0.61375,0.41,0.72,0.01625,0.0,0.03,0.05375,0.03,0.08,,,,,,,,,
8,0.4,0.0,0.0,1.0,raw,B,0.63,0.37,0.72,0.01125,0.0,0.02,0.05,0.01,0.07,,,,,,,,,
8,0.4,0.0,1.0,0.0,activity_normalized,A,0.4225,0.08,0.7,0.01625,0.0,0.03,0.05375,0.03,0.08,,,,,,,,,
8,0.4,0.0,1.0,0.0,activity_normalized,B,0.4325,0.2,0.67,0.01875,0.0,0.04,0.05,0.01,0.07,,,,,,,,,
8,0.4,0.0,1.0,0.0,counterfactual_fraction,A,0.0,0.0,0.0,0.0,0.0,0.0,0.05375,0.03,0.08,,,,,,,,,
8,0.4,0.0,1.0,0.0,counterfactual_fraction,B,0.0,0.0,0.0,0.0,0.0,0.0,0.05,0.01,0.07,,,,,,,,,
8,0.4,0.0,1.0,0.0,raw,A,1.0,1.0,1.0,0.05375,0.03,0.08,0.05375,0.03,0.08,,,,,,,,,
8,0.4,0.0,1.0,0.0,raw,B,1.0,1.0,1.0,0.05,0.01,0.07,0.05,0.01,0.07,,,,,,,,,
8,0.4,0.0,1.0,1.0,activity_normalized,A,0.015000000000000001,0.01,0.02,0.00125,0.0,0.01,0.05375,0.03,0.08,,,,,,,,,
8,0.4,0.0,1.0,1.0,activity_normalized,B,0.0225,0.0,0.06,0.0,0.0,0.0,0.05,0.01,0.07,,,,,,,,,
8,0.4,0.0,1.0,1.0,counterfactual_fraction,A,0.0125,0.01,0.02,0.00125,0.0,0.01,0.05375,0.03,0.08,,,,,,,,,
8,0.4,0.0,1.0,1.0,counterfactual_fraction,B,0.02375,0.0,0.06,0.0,0.0,0.0,0.05,0.01,0.07,,,,,,,,,
8,0.4,0.0,1.0,1.0,raw,A,0.78625,0.55,0.92,0.0325,0.01,0.05,0.05375,0.03,0.08,,,,,,,,,
8,0.4,0.0,1.0,1.0,raw,B,0.78,0.53,0.86,0.021249999999999998,0.0,0.04,0.05,0.01,0.07,,,,,,,,,
8,0.4,0.1,0.0,0.0,activity_normalized,A,0.2825,0.02,0.54,0.02375,0.0,0.06,0.135,0.08,0.17,0.503125,0.455,0.555,0.066875,0.045,0.095,0.4960125,0.4075,0.552
8,0.4,0.1,0.0,0.0,activity_normalized,B,0.27625,0.08,0.62,0.03375,0.0,0.12,0.14375,0.09,0.19,0.503125,0.455,0.555,0.066875,0.045,0.095,0.4960125,0.4075,0.552
8,0.4,0.1,0.0,0.0,counterfactual_fraction,A,0.0,0.0,0.0,0.0,0.0,0.0,0.135,0.08,0.17,0.5,0.5,0.5,0.071875,0.045,0.095,0.5,0.5,0.5
8,0.4,0.1,0.0,0.0,counterfactual_fraction,B,0.0,0.0,0.0,0.0,0.0,0.0,0.14375,0.09,0.19,0.5,0.5,0.5,0.071875,0.045,0.095,0.5,0.5,0.5
8,0.4,0.1,0.0,0.0,raw,A,0.98375,0.94,1.0,0.12625,0.08,0.17,0.135,0.08,0.17,0.503125,0.495,0.52,0.068125,0.04,0.085,0.4844625,0.4427,0.5173
8,0.4,0.1,0.0,0.0,raw,B,0.9775,0.91,1.0,0.13375,0.08,0.19,0.14375,0.09,0.19,0.503125,0.495,0.52,0.068125,0.04,0.085,0.4844625,0.4427,0.5173
8,0.4,0.1,0.0,1.0,activity_normalized,A,0.00625,0.0,0.01,0.00125,0.0,0.01,0.135,0.08,0.17,0.4975,0.485,0.505,0.07250000000000001,0.045,0.1,0.50625,0.4466,0.5543
8,0.4,0.1,0.0,1.0,activity_normalized,B,0.01125,0.0,0.04,0.0,0.0,0.0,0.14375,0.09,0.19,0.4975,0.485,0.505,0.07250000000000001,0.045,0.1,0.50625,0.4466,0.5543
8,0.4,0.1,0.0,1.0,counterfactual_fraction,A,0.00625,0.0,0.02,0.00125,0.0,0.01,0.135,0.08,0.17,0.496875,0.485,0.51,0.071875,0.045,0.1,0.507325,0.4512,0.5434
8,0.4,0.1,0.0,1.0,counterfactual_fraction,B,0.0125,0.0,0.04,0.00125,0.0,0.01,0.14375,0.09,0.19,0.496875,0.485,0.51,0.071875,0.045,0.1,0.507325,0.4512,0.5434
8,0.4,0.1,0.0,1.0,raw,A,0.5725,0.38,0.69,0.04,0.01,0.05,0.135,0.08,0.17,0.491875,0.45,0.525,0.07,0.04,0.105,0.4851375,0.4347,0.5283
8,0.4,0.1,0.0,1.0,raw,B,0.58875,0.33,0.69,0.04375,0.02,0.09,0.14375,0.09,0.19,0.491875,0.45,0.525,0.07,0.04,0.105,0.4851375,0.4347,0.5283
8,0.4,0.1,1.0,0.0,activity_normalized,A,0.42,0.07,0.72,0.05375,0.0,0.09,0.135,0.08,0.17,0.505625,0.455,0.545,0.0725,0.045,0.09,0.4932375,0.384,0.5465
8,0.4,0.1,1.0,0.0,activity_normalized,B,0.40875,0.16,0.73,0.052500000000000005,0.01,0.16,0.14375,0.09,0.19,0.505625,0.455,0.545,0.0725,0.045,0.09,0.4932375,0.384,0.5465
8,0.4,0.1,1.0,0.0,counterfactual_fraction,A,0.0,0.0,0.0,0.0,0.0,0.0,0.135,0.08,0.17,0.5,0.5,0.5,0.071875,0.045,0.095,0.5,0.5,0.5
8,0.4,0.1,1.0,0.0,counterfactual_fraction,B,0.0,0.0,0.0,0.0,0.0,0.0,0.14375,0.09,0.19,0.5,0.5,0.5,0.071875,0.045,0.095,0.5,0.5,0.5
8,0.4,0.1,1.0,0.0,raw,A,1.0,1.0,1.0,0.135,0.08,0.17,0.135,0.08,0.17,0.501875,0.5,0.51,0.069375,0.04,0.085,0.48325,0.4371,0.5205
8,0.4,0.1,1.0,0.0,raw,B,0.99625,0.98,1.0,0.14,0.09,0.19,0.14375,0.09,0.19,0.501875,0.5,0.51,0.069375,0.04,0.085,0.48325,0.4371,0.5205
8,0.4,0.1,1.0,1.0,activity_normalized,A,0.025,0.01,0.04,0.005,0.0,0.01,0.135,0.08,0.17,0.4975,0.47,0.51,0.07375,0.05,0.095,0.5024,0.4542,0.5524
8,0.4,0.1,1.0,1.0,activity_normalized,B,0.030000000000000002,0.0,0.08,0.00125,0.0,0.01,0.14375,0.09,0.19,0.4975,0.47,0.51,0.07375,0.05,0.095,0.5024,0.4542,0.5524
8,0.4,0.1,1.0,1.0,counterfactual_fraction,A,0.02625,0.01,0.05,0.00375,0.0,0.01,0.135,0.08,0.17,0.5,0.485,0.525,0.07250000000000001,0.05,0.095,0.501925,0.4566,0.5321
8,0.4,0.1,1.0,1.0,counterfactual_fraction,B,0.02625,0.0,0.06,0.0025,0.0,0.01,0.14375,0.09,0.19,0.5,0.485,0.525,0.07250000000000001,0.05,0.095,0.501925,0.4566,0.5321
8,0.4,0.1,1.0,1.0,raw,A,0.78,0.54,0.91,0.08375,0.02,0.13,0.135,0.08,0.17,0.51,0.47,0.55,0.07375,0.05,0.09,0.482975,0.4293,0.5266
8,0.4,0.1,1.0,1.0,raw,B,0.76,0.49,0.85,0.08,0.04,0.13,0.14375,0.09,0.19,0.51,0.47,0.55,0.07375,0.05,0.09,0.482975,0.4293,0.5266
8,0.4,0.25,0.0,0.0,activity_normalized,A,0.2425,0.02,0.51,0.0975,0.01,0.23,0.47625,0.42,0.52,0.5025000000000001,0.445,0.535,0.2175,0.18,0.25,0.5007,0.4057,0.577
8,0.4,0.25,0.0,0.0,activity_normalized,B,0.2375,0.04,0.62,0.095,0.01,0.29,0.4325,0.34,0.49,0.5025000000000001,0.445,0.535,0.2175,0.18,0.25,0.5007,0.4057,0.577
8,0.4,0.25,0.0,0.0,counterfactual_fraction,A,0.0,0.0,0.0,0.0,0.0,0.0,0.47625,0.42,0.52,0.5,0.5,0.5,0.21625,0.17,0.245,0.5,0.5,0.5
8,0.4,0.25,0.0,0.0,counterfactual_fraction,B,0.0,0.0,0.0,0.0,0.0,0.0,0.4325,0.34,0.49,0.5,0.5,0.5,0.21625,0.17,0.245,0.5,0.5,0.5
8,0.4,0.25,0.0,0.0,raw,A,0.9525,0.8,1.0,0.44,0.27,0.52,0.47625,0.42,0.52,0.4975,0.465,0.515,0.238125,0.2,0.27,0.4891375,0.428,0.5313
8,0.4,0.25,0.0,0.0,raw,B,0.9575,0.87,1.0,0.39625,0.31,0.46,0.4325,0.34,0.49,0.4975,0.465,0.515,0.238125,0.2,0.27,0.4891375,0.428,0.5313
8,0.4,0.25,0.0,1.0,activity_normalized,A,0.00875,0.0,0.03,0.00125,0.0,0.01,0.47625,0.42,0.52,0.498125,0.485,0.505,0.216875,0.17,0.245,0.51935,0.4464,0.567
8,0.4,0.25,0.0,1.0,activity_normalized,B,0.0125,0.0,0.05,0.0,0.0,0.0,0.4325,0.34,0.49,0.498125,0.485,0.505,0.216875,0.17,0.245,0.51935,0.4464,0.567
8,0.4,0.25,0.0,1.0,counterfactual_fraction,A,0.01375,0.0,0.04,0.00125,0.0,0.01,0.47625,0.42,0.52,0.499375,0.485,0.52,0.21625,0.17,0.25,0.519075,0.4484,0.5569
8,0.4,0.25,0.0,1.0,counterfactual_fraction,B,0.015,0.0,0.04,0.00125,0.0,0.01,0.4325,0.34,0.49,0.499375,0.485,0.52,0.21625,0.17,0.25,0.519075,0.4484,0.5569
8,0.4,0.25,0.0,1.0,raw,A,0.48,0.33,0.61,0.14750000000000002,0.1,0.19,0.47625,0.42,0.52,0.4875,0.44,0.54,0.225,0.18,0.285,0.4949125,0.4488,0.5385
8,0.4,0.25,0.0,1.0,raw,B,0.505,0.29,0.62,0.13,0.06,0.19,0.4325,0.34,0.49,0.4875,0.44,0.54,0.225,0.18,0.285,0.4949125,0.4488,0.5385
8,0.4,0.25,1.0,0.0,activity_normalized,A,0.41125,0.06,0.72,0.19,0.04,0.3,0.47625,0.42,0.52,0.516875,0.47,0.58,0.23125,0.195,0.275,0.49631250000000005,0.3784,0.5815
8,0.4,0.25,1.0,0.0,activity_normalized,B,0.3775,0.12,0.77,0.16,0.03,0.39,0.4325,0.34,0.49,0.516875,0.47,0.58,0.23125,0.195,0.275,0.49631250000000005,0.3784,0.5815
8,0.4,0.25,1.0,0.0,counterfactual_fraction,A,0.0,0.0,0.0,0.0,0.0,0.0,0.47625,0.42,0.52,0.5,0.5,0.5,0.21625,0.17,0.245,0.5,0.5,0.5
8,0.4,0.25,1.0,0.0,counterfactual_fraction,B,0.0,0.0,0.0,0.0,0.0,0.0,0.4325,0.34,0.49,0.5,0.5,0.5,0.21625,0.17,0.245,0.5,0.5,0.5
8,0.4,0.25,1.0,0.0,raw,A,0.99875,0.99,1.0,0.47625,0.42,0.52,0.47625,0.42,0.52,0.501875,0.5,0.51,0.240625,0.215,0.26,0.4885375,0.422,0.5382
8,0.4,0.25,1.0,0.0,raw,B,0.995,0.97,1.0,0.4275,0.34,0.49,0.4325,0.34,0.49,0.501875,0.5,0.51,0.240625,0.215,0.26,0.4885375,0.422,0.5382
8,0.4,0.25,1.0,1.0,activity_normalized,A,0.051250000000000004,0.02,0.07,0.02125,0.0,0.04,0.47625,0.42,0.52,0.50625,0.485,0.52,0.22375,0.19,0.25,0.5150125,0.4579,0.5685
8,0.4,0.25,1.0,1.0,activity_normalized,B,0.03875,0.01,0.1,0.00625,0.0,0.02,0.4325,0.34,0.49,0.50625,0.485,0.52,0.22375,0.19,0.25,0.5150125,0.4579,0.5685
8,0.4,0.25,1.0,1.0,counterfactual_fraction,A,0.0475,0.01,0.07,0.01875,0.0,0.04,0.47625,0.42,0.52,0.50125,0.485,0.52,0.221875,0.18,0.255,0.5126,0.4618,0.5526
8,0.4,0.25,1.0,1.0,counterfactual_fraction,B,0.045,0.02,0.09,0.0075,0.0,0.03,0.4325,0.34,0.49,0.50125,0.485,0.52,0.221875,0.18,0.255,0.5126,0.4618,0.5526
8,0.4,0.25,1.0,1.0,raw,A,0.77,0.52,0.89,0.325,0.18,0.44,0.47625,0.42,0.52,0.51125,0.485,0.54,0.23875,0.185,0.305,0.4938625,0.4412,0.542
8,0.4,0.25,1.0,1.0,raw,B,0.7475,0.47,0.83,0.28,0.13,0.37,0.4325,0.34,0.49,0.51125,0.485,0.54,0.23875,0.185,0.305,0.4938625,0.4412,0.542
8,0.4,0.5,0.0,0.0,activity_normalized,A,0.14,0.0,0.4,0.135,0.0,0.4,0.9675,0.96,0.98,0.5,0.42,0.545,0.48625,0.415,0.525,0.5054,0.3888,0.5971
8,0.4,0.5,0.0,0.0,activity_normalized,B,0.14,0.0,0.56,0.1325,0.0,0.53,0.97,0.95,0.99,0.5,0.42,0.545,0.48625,0.415,0.525,0.5054,0.3888,0.5971
8,0.4,0.5,0.0,0.0,counterfactual_fraction,A,0.0,0.0,0.0,0.0,0.0,0.0,0.9675,0.96,0.98,0.5,0.5,0.5,0.485,0.475,0.495,0.5,0.5,0.5
8,0.4,0.5,0.0,0.0,counterfactual_fraction,B,0.0,0.0,0.0,0.0,0.0,0.0,0.97,0.95,0.99,0.5,0.5,0.5,0.485,0.475,0.495,0.5,0.5,0.5
8,0.4,0.5,0.0,0.0,raw,A,0.7725,0.41,0.89,0.74,0.39,0.85,0.9675,0.96,0.98,0.4975,0.44,0.525,0.48,0.425,0.505,0.491425,0.3917,0.5577
8,0.4,0.5,0.0,0.0,raw,B,0.7775,0.53,0.92,0.75,0.5,0.9,0.97,0.95,0.99,0.4975,0.44,0.525,0.48,0.425,0.505,0.491425,0.3917,0.5577
8,0.4,0.5,0.0,1.0,activity_normalized,A,0.01125,0.0,0.03,0.01125,0.0,0.03,0.9675,0.96,0.98,0.5025,0.5,0.51,0.488125,0.485,0.495,0.5527124999999999,0.4789,0.6173
8,0.4,0.5,0.0,1.0,activity_normalized,B,0.00625,0.0,0.03,0.005,0.0,0.03,0.97,0.95,0.99,0.5025,0.5,0.51,0.488125,0.485,0.495,0.5527124999999999,0.4789,0.6173
8,0.4,0.5,0.0,1.0,counterfactual_fraction,A,0.0225,0.0,0.08,0.02125,0.0,0.08,0.9675,0.96,0.98,0.505,0.49,0.525,0.49,0.48,0.51,0.5518375,0.4812,0.6155
8,0.4,0.5,0.0,1.0,counterfactual_fraction,B,0.0125,0.0,0.04,0.01125,0.0,0.04,0.97,0.95,0.99,0.505,0.49,0.525,0.49,0.48,0.51,0.5518375,0.4812,0.6155
8,0.4,0.5,0.0,1.0,raw,A,0.2625,0.1,0.36,0.23625000000000002,0.07,0.33,0.9675,0.96,0.98,0.499375,0.465,0.54,0.48125,0.44,0.52,0.5150375,0.4647,0.5643
8,0.4,0.5,0.0,1.0,raw,B,0.26375,0.15,0.39,0.24375000000000002,0.13,0.36,0.97,0.95,0.99,0.499375,0.465,0.54,0.48125,0.44,0.52,0.5150375,0.4647,0.5643
8,0.4,0.5,1.0,0.0,activity_normalized,A,0.39749999999999996,0.03,0.76,0.385,0.03,0.76,0.9675,0.96,0.98,0.515,0.45,0.58,0.499375,0.445,0.56,0.4968875,0.3585,0.5959
8,0.4,0.5,1.0,0.0,activity_normalized,B,0.3675,0.06,0.86,0.35625,0.05,0.83,0.97,0.95,0.99,0.515,0.45,0.58,0.499375,0.445,0.56,0.4968875,0.3585,0.5959
8,0.4,0.5,1.0,0.0,counterfactual_fraction,A,0.0,0.0,0.0,0.0,0.0,0.0,0.9675,0.96,0.98,0.5,0.5,0.5,0.485,0.475,0.495,0.5,0.5,0.5
8,0.4,0.5,1.0,0.0,counterfactual_fraction,B,0.0,0.0,0.0,0.0,0.0,0.0,0.97,0.95,0.99,0.5,0.5,0.5,0.485,0.475,0.495,0.5,0.5,0.5
8,0.4,0.5,1.0,0.0,raw,A,0.98,0.86,1.0,0.9475,0.84,0.98,0.9675,0.96,0.98,0.499375,0.48,0.52,0.48312499999999997,0.47,0.5,0.49169999999999997,0.3777,0.5736
8,0.4,0.5,1.0,0.0,raw,B,0.98125,0.9,1.0,0.9512499999999999,0.86,0.99,0.97,0.95,0.99,0.499375,0.48,0.52,0.48312499999999997,0.47,0.5,0.49169999999999997,0.3777,0.5736
8,0.4,0.5,1.0,1.0,activity_normalized,A,0.15125,0.08,0.25,0.14250000000000002,0.08,0.23,0.9675,0.96,0.98,0.515,0.495,0.555,0.4975,0.485,0.525,0.5489875,0.4831,0.6165
8,0.4,0.5,1.0,1.0,activity_normalized,B,0.12125,0.07,0.24,0.1175,0.06,0.24,0.97,0.95,0.99,0.515,0.495,0.555,0.4975,0.485,0.525,0.5489875,0.4831,0.6165
8,0.4,0.5,1.0,1.0,counterfactual_fraction,A,0.17875000000000002,0.09,0.27,0.1675,0.08,0.25,0.9675,0.96,0.98,0.519375,0.485,0.56,0.50125,0.465,0.53,0.5464625,0.4788,0.5958
8,0.4,0.5,1.0,1.0,counterfactual_fraction,B,0.14,0.06,0.22,0.135,0.06,0.22,0.97,0.95,0.99,0.519375,0.485,0.56,0.50125,0.465,0.53,0.5464625,0.4788,0.5958
8,0.4,0.5,1.0,1.0,raw,A,0.745,0.49,0.82,0.71375,0.46,0.8,0.9675,0.96,0.98,0.525625,0.48,0.575,0.50875,0.46,0.555,0.5250625,0.4751,0.5834
8,0.4,0.5,1.0,1.0,raw,B,0.69375,0.4,0.81,0.66625,0.38,0.79,0.97,0.95,0.99,0.525625,0.48,0.575,0.50875,0.46,0.555,0.5250625,0.4751,0.5834
8,0.4,1.0,0.0,0.0,activity_normalized,A,0.03125,0.0,0.14,0.03125,0.0,0.14,1.0,1.0,1.0,0.49125,0.4,0.53,0.49125,0.4,0.53,0.5119375,0.3047,0.6246
8,0.4,1.0,0.0,0.0,activity_normalized,B,0.04875,0.0,0.31,0.04875,0.0,0.31,1.0,1.0,1.0,0.49125,0.4,0.53,0.49125,0.4,0.53,0.5119375,0.3047,0.6246
8,0.4,1.0,0.0,0.0,counterfactual_fraction,A,0.0,0.0,0.0,0.0,0.0,0.0,1.0,1.0,1.0,0.5,0.5,0.5,0.5,0.5,0.5,0.5,0.5,0.5
8,0.4,1.0,0.0,0.0,counterfactual_fraction,B,0.0,0.0,0.0,0.0,0.0,0.0,1.0,1.0,1.0,0.5,0.5,0.5,0.5,0.5,0.5,0.5,0.5,0.5
8,0.4,1.0,0.0,0.0,raw,A,0.026250000000000002,0.0,0.05,0.026250000000000002,0.0,0.05,1.0,1.0,1.0,0.500625,0.47,0.52,0.500625,0.47,0.52,0.4897125,0.3176,0.6196
8,0.4,1.0,0.0,0.0,raw,B,0.025,0.0,0.09,0.025,0.0,0.09,1.0,1.0,1.0,0.500625,0.47,0.52,0.500625,0.47,0.52,0.4897125,0.3176,0.6196
8,0.4,1.0,0.0,1.0,activity_normalized,A,0.00125,0.0,0.01,0.00125,0.0,0.01,1.0,1.0,1.0,0.500625,0.5,0.505,0.500625,0.5,0.505,0.6380625,0.5276,0.7789
8,0.4,1.0,0.0,1.0,activity_normalized,B,0.0,0.0,0.0,0.0,0.0,0.0,1.0,1.0,1.0,0.500625,0.5,0.505,0.500625,0.5,0.505,0.6380625,0.5276,0.7789
8,0.4,1.0,0.0,1.0,counterfactual_fraction,A,0.00375,0.0,0.03,0.00375,0.0,0.03,1.0,1.0,1.0,0.501875,0.5,0.515,0.501875,0.5,0.515,0.64015,0.5271,0.7455
8,0.4,1.0,0.0,1.0,counterfactual_fraction,B,0.0,0.0,0.0,0.0,0.0,0.0,1.0,1.0,1.0,0.501875,0.5,0.515,0.501875,0.5,0.515,0.64015,0.5271,0.7455
8,0.4,1.0,0.0,1.0,raw,A,0.00125,0.0,0.01,0.00125,0.0,0.01,1.0,1.0,1.0,0.500625,0.5,0.505,0.500625,0.5,0.505,0.5584625,0.4708,0.6347
8,0.4,1.0,0.0,1.0,raw,B,0.0,0.0,0.0,0.0,0.0,0.0,1.0,1.0,1.0,0.500625,0.5,0.505,0.500625,0.5,0.505,0.5584625,0.4708,0.6347
8,0.4,1.0,1.0,0.0,activity_normalized,A,0.41625,0.0,0.94,0.41625,0.0,0.94,1.0,1.0,1.0,0.53875,0.475,0.62,0.53875,0.475,0.62,0.5054125,0.2737,0.6188
8,0.4,1.0,1.0,0.0,activity_normalized,B,0.33875,0.05,0.98,0.33875,0.05,0.98,1.0,1.0,1.0,0.53875,0.475,0.62,0.53875,0.475,0.62,0.5054125,0.2737,0.6188
8,0.4,1.0,1.0,0.0,counterfactual_fraction,A,0.0,0.0,0.0,0.0,0.0,0.0,1.0,1.0,1.0,0.5,0.5,0.5,0.5,0.5,0.5,0.5,0.5,0.5
8,0.4,1.0,1.0,0.0,counterfactual_fraction,B,0.0,0.0,0.0,0.0,0.0,0.0,1.0,1.0,1.0,0.5,0.5,0.5,0.5,0.5,0.5,0.5,0.5,0.5
8,0.4,1.0,1.0,0.0,raw,A,0.5425,0.02,0.9,0.5425,0.02,0.9,1.0,1.0,1.0,0.5075,0.41,0.585,0.5075,0.41,0.585,0.491925,0.274,0.653
8,0.4,1.0,1.0,0.0,raw,B,0.5275,0.07,0.91,0.5275,0.07,0.91,1.0,1.0,1.0,0.5075,0.41,0.585,0.5075,0.41,0.585,0.491925,0.274,0.653
8,0.4,1.0,1.0,1.0,activity_normalized,A,0.5175,0.28,0.72,0.5175,0.28,0.72,1.0,1.0,1.0,0.62,0.53,0.7,0.62,0.53,0.7,0.6845375,0.5716,0.7834
8,0.4,1.0,1.0,1.0,activity_normalized,B,0.2775,0.1,0.53,0.2775,0.1,0.53,1.0,1.0,1.0,0.62,0.53,0.7,0.62,0.53,0.7,0.6845375,0.5716,0.7834
8,0.4,1.0,1.0,1.0,counterfactual_fraction,A,0.55625,0.42,0.72,0.55625,0.42,0.72,1.0,1.0,1.0,0.630625,0.54,0.745,0.630625,0.54,0.745,0.6853625,0.5454,0.8096
8,0.4,1.0,1.0,1.0,counterfactual_fraction,B,0.29500000000000004,0.17,0.54,0.29500000000000004,0.17,0.54,1.0,1.0,1.0,0.630625,0.54,0.745,0.630625,0.54,0.745,0.6853625,0.5454,0.8096
8,0.4,1.0,1.0,1.0,raw,A,0.585,0.33,0.74,0.585,0.33,0.74,1.0,1.0,1.0,0.5962500000000001,0.515,0.665,0.5962500000000001,0.515,0.665,0.6447,0.5425,0.7572
8,0.4,1.0,1.0,1.0,raw,B,0.3925,0.07,0.61,0.3925,0.07,0.61,1.0,1.0,1.0,0.5962500000000001,0.515,0.665,0.5962500000000001,0.515,0.665,0.6447,0.5425,0.7572
9,0.1,0.0,0.0,0.0,activity_normalized,A,1.0,1.0,1.0,0.051250000000000004,0.02,0.08,0.051250000000000004,0.02,0.08,,,,,,,,,
9,0.1,0.0,0.0,0.0,activity_normalized,B,0.99875,0.99,1.0,0.0425,0.02,0.07,0.0425,0.02,0.07,,,,,,,,,
9,0.1,0.0,0.0,0.0,counterfactual_fraction,A,0.0,0.0,0.0,0.0,0.0,0.0,0.051250000000000004,0.02,0.08,,,,,,,,,
9,0.1,0.0,0.0,0.0,counterfactual_fraction,B,0.0,0.0,0.0,0.0,0.0,0.0,0.0425,0.02,0.07,,,,,,,,,
9,0.1,0.0,0.0,0.0,raw,A,1.0,1.0,1.0,0.051250000000000004,0.02,0.08,0.051250000000000004,0.02,0.08,,,,,,,,,
9,0.1,0.0,0.0,0.0,raw,B,1.0,1.0,1.0,0.0425,0.02,0.07,0.0425,0.02,0.07,,,,,,,,,
9,0.1,0.0,0.0,1.0,activity_normalized,A,1.0,1.0,1.0,0.051250000000000004,0.02,0.08,0.051250000000000004,0.02,0.08,,,,,,,,,
9,0.1,0.0,0.0,1.0,activity_normalized,B,0.99875,0.99,1.0,0.0425,0.02,0.07,0.0425,0.02,0.07,,,,,,,,,
9,0.1,0.0,0.0,1.0,counterfactual_fraction,A,0.0,0.0,0.0,0.0,0.0,0.0,0.051250000000000004,0.02,0.08,,,,,,,,,
9,0.1,0.0,0.0,1.0,counterfactual_fraction,B,0.0,0.0,0.0,0.0,0.0,0.0,0.0425,0.02,0.07,,,,,,,,,
9,0.1,0.0,0.0,1.0,raw,A,1.0,1.0,1.0,0.051250000000000004,0.02,0.08,0.051250000000000004,0.02,0.08,,,,,,,,,
9,0.1,0.0,0.0,1.0,raw,B,1.0,1.0,1.0,0.0425,0.02,0.07,0.0425,0.02,0.07,,,,,,,,,
9,0.1,0.0,1.0,0.0,activity_normalized,A,1.0,1.0,1.0,0.051250000000000004,0.02,0.08,0.051250000000000004,0.02,0.08,,,,,,,,,
9,0.1,0.0,1.0,0.0,activity_normalized,B,0.99875,0.99,1.0,0.0425,0.02,0.07,0.0425,0.02,0.07,,,,,,,,,
9,0.1,0.0,1.0,0.0,counterfactual_fraction,A,0.0,0.0,0.0,0.0,0.0,0.0,0.051250000000000004,0.02,0.08,,,,,,,,,
9,0.1,0.0,1.0,0.0,counterfactual_fraction,B,0.0,0.0,0.0,0.0,0.0,0.0,0.0425,0.02,0.07,,,,,,,,,
9,0.1,0.0,1.0,0.0,raw,A,1.0,1.0,1.0,0.051250000000000004,0.02,0.08,0.051250000000000004,0.02,0.08,,,,,,,,,
9,0.1,0.0,1.0,0.0,raw,B,1.0,1.0,1.0,0.0425,0.02,0.07,0.0425,0.02,0.07,,,,,,,,,
9,0.1,0.0,1.0,1.0,activity_normalized,A,1.0,1.0,1.0,0.051250000000000004,0.02,0.08,0.051250000000000004,0.02,0.08,,,,,,,,,
9,0.1,0.0,1.0,1.0,activity_normalized,B,0.99875,0.99,1.0,0.0425,0.02,0.07,0.0425,0.02,0.07,,,,,,,,,
9,0.1,0.0,1.0,1.0,counterfactual_fraction,A,0.0,0.0,0.0,0.0,0.0,0.0,0.051250000000000004,0.02,0.08,,,,,,,,,
9,0.1,0.0,1.0,1.0,counterfactual_fraction,B,0.0,0.0,0.0,0.0,0.0,0.0,0.0425,0.02,0.07,,,,,,,,,
9,0.1,0.0,1.0,1.0,raw,A,1.0,1.0,1.0,0.051250000000000004,0.02,0.08,0.051250000000000004,0.02,0.08,,,,,,,,,
9,0.1,0.0,1.0,1.0,raw,B,1.0,1.0,1.0,0.0425,0.02,0.07,0.0425,0.02,0.07,,,,,,,,,
9,0.1,0.1,0.0,0.0,activity_normalized,A,0.9924999999999999,0.97,1.0,0.82,0.74,0.87,0.8275,0.75,0.88,0.498125,0.485,0.505,0.411875,0.37,0.44,0.49876875,0.485,0.5051
9,0.1,0.1,0.0,0.0,activity_normalized,B,0.99625,0.99,1.0,0.80875,0.76,0.86,0.8125,0.76,0.86,0.498125,0.485,0.505,0.411875,0.37,0.44,0.49876875,0.485,0.5051
9,0.1,0.1,0.0,0.0,counterfactual_fraction,A,0.0,0.0,0.0,0.0,0.0,0.0,0.8275,0.75,0.88,0.5,0.5,0.5,0.40625,0.38,0.43,0.5,0.5,0.5
9,0.1,0.1,0.0,0.0,counterfactual_fraction,B,0.0,0.0,0.0,0.0,0.0,0.0,0.8125,0.76,0.86,0.5,0.5,0.5,0.40625,0.38,0.43,0.5,0.5,0.5
9,0.1,0.1,0.0,0.0,raw,A,1.0,1.0,1.0,0.8275,0.75,0.88,0.8275,0.75,0.88,0.5,0.5,0.5,0.41375,0.375,0.44,0.49873125,0.485,0.505
9,0.1,0.1,0.0,0.0,raw,B,1.0,1.0,1.0,0.8125,0.76,0.86,0.8125,0.76,0.86,0.5,0.5,0.5,0.41375,0.375,0.44,0.49873125,0.485,0.505
9,0.1,0.1,0.0,1.0,activity_normalized,A,0.99875,0.99,1.0,0.8262499999999999,0.75,0.88,0.8275,0.75,0.88,0.500625,0.5,0.505,0.414375,0.375,0.445,0.49876875,0.485,0.505
9,0.1,0.1,0.0,1.0,activity_normalized,B,0.9975,0.99,1.0,0.81,0.76,0.86,0.8125,0.76,0.86,0.500625,0.5,0.505,0.414375,0.375,0.445,0.49876875,0.485,0.505
9,0.1,0.1,0.0,1.0,counterfactual_fraction,A,0.00875,0.0,0.03,0.00875,0.0,0.03,0.8275,0.75,0.88,0.501875,0.495,0.515,0.408125,0.395,0.43,0.50125625,0.4949,0.515
9,0.1,0.1,0.0,1.0,counterfactual_fraction,B,0.005,0.0,0.01,0.005,0.0,0.01,0.8125,0.76,0.86,0.501875,0.495,0.515,0.408125,0.395,0.43,0.50125625,0.4949,0.515
9,0.1,0.1,0.0,1.0,raw,A,1.0,1.0,1.0,0.8275,0.75,0.88,0.8275,0.75,0.88,0.5,0.5,0.5,0.41375,0.375,0.44,0.49875625,0.485,0.505
9,0.1,0.1,0.0,1.0,raw,B,1.0,1.0,1.0,0.8125,0.76,0.86,0.8125,0.76,0.86,0.5,0.5,0.5,0.41375,0.375,0.44,0.49875625,0.485,0.505
9,0.1,0.1,1.0,0.0,activity_normalized,A,0.9924999999999999,0.97,1.0,0.82,0.74,0.87,0.8275,0.75,0.88,0.498125,0.485,0.505,0.411875,0.37,0.44,0.49876875,0.485,0.5051
9,0.1,0.1,1.0,0.0,activity_normalized,B,0.99625,0.99,1.0,0.80875,0.76,0.86,0.8125,0.76,0.86,0.498125,0.485,0.505,0.411875,0.37,0.44,0.49876875,0.485,0.5051
9,0.1,0.1,1.0,0.0,counterfactual_fraction,A,0.0,0.0,0.0,0.0,0.0,0.0,0.8275,0.75,0.88,0.5,0.5,0.5,0.40625,0.38,0.43,0.5,0.5,0.5
9,0.1,0.1,1.0,0.0,counterfactual_fraction,B,0.0,0.0,0.0,0.0,0.0,0.0,0.8125,0.76,0.86,0.5,0.5,0.5,0.40625,0.38,0.43,0.5,0.5,0.5
9,0.1,0.1,1.0,0.0,raw,A,1.0,1.0,1.0,0.8275,0.75,0.88,0.8275,0.75,0.88,0.5,0.5,0.5,0.41375,0.375,0.44,0.49873125,0.485,0.505
9,0.1,0.1,1.0,0.0,raw,B,1.0,1.0,1.0,0.8125,0.76,0.86,0.8125,0.76,0.86,0.5,0.5,0.5,0.41375,0.375,0.44,0.49873125,0.485,0.505
9,0.1,0.1,1.0,1.0,activity_normalized,A,0.99875,0.99,1.0,0.8262499999999999,0.75,0.88,0.8275,0.75,0.88,0.500625,0.5,0.505,0.414375,0.375,0.445,0.49876875,0.485,0.505
9,0.1,0.1,1.0,1.0,activity_normalized,B,0.9975,0.99,1.0,0.81,0.76,0.86,0.8125,0.76,0.86,0.500625,0.5,0.505,0.414375,0.375,0.445,0.49876875,0.485,0.505
9,0.1,0.1,1.0,1.0,counterfactual_fraction,A,0.00875,0.0,0.03,0.00875,0.0,0.03,0.8275,0.75,0.88,0.501875,0.495,0.515,0.408125,0.395,0.43,0.50125625,0.4949,0.515
9,0.1,0.1,1.0,1.0,counterfactual_fraction,B,0.005,0.0,0.01,0.005,0.0,0.01,0.8125,0.76,0.86,0.501875,0.495,0.515,0.408125,0.395,0.43,0.50125625,0.4949,0.515
9,0.1,0.1,1.0,1.0,raw,A,1.0,1.0,1.0,0.8275,0.75,0.88,0.8275,0.75,0.88,0.5,0.5,0.5,0.41375,0.375,0.44,0.49875625,0.485,0.505
9,0.1,0.1,1.0,1.0,raw,B,1.0,1.0,1.0,0.8125,0.76,0.86,0.8125,0.76,0.86,0.5,0.5,0.5,0.41375,0.375,0.44,0.49875625,0.485,0.505
9,0.1,0.25,0.0,0.0,activity_normalized,A,0.79875,0.37,0.96,0.79875,0.37,0.96,1.0,1.0,1.0,0.53125,0.46,0.645,0.53125,0.46,0.645,0.50130625,0.3715,0.6499
9,0.1,0.25,0.0,0.0,activity_normalized,B,0.73625,0.35,0.93,0.73625,0.35,0.93,1.0,1.0,1.0,0.53125,0.46,0.645,0.53125,0.46,0.645,0.50130625,0.3715,0.6499
9,0.1,0.25,0.0,0.0,counterfactual_fraction,A,0.0,0.0,0.0,0.0,0.0,0.0,1.0,1.0,1.0,0.5,0.5,0.5,0.5,0.5,0.5,0.5,0.5,0.5
9,0.1,0.25,0.0,0.0,counterfactual_fraction,B,0.0,0.0,0.0,0.0,0.0,0.0,1.0,1.0,1.0,0.5,0.5,0.5,0.5,0.5,0.5,0.5,0.5,0.5
9,0.1,0.25,0.0,0.0,raw,A,1.0,1.0,1.0,1.0,1.0,1.0,1.0,1.0,1.0,0.5,0.5,0.5,0.5,0.5,0.5,0.48309375,0.2862,0.6552
9,0.1,0.25,0.0,0.0,raw,B,1.0,1.0,1.0,1.0,1.0,1.0,1.0,1.0,1.0,0.5,0.5,0.5,0.5,0.5,0.5,0.48309375,0.2862,0.6552
9,0.1,0.25,0.0,1.0,activity_normalized,A,0.98625,0.96,1.0,0.98625,0.96,1.0,1.0,1.0,1.0,0.503125,0.49,0.515,0.503125,0.49,0.515,0.49428125,0.3665,0.63505
9,0.1,0.25,0.0,1.0,activity_normalized,B,0.98,0.94,1.0,0.98,0.94,1.0,1.0,1.0,1.0,0.503125,0.49,0.515,0.503125,0.49,0.515,0.49428125,0.3665,0.63505
9,0.1,0.25,0.0,1.0,counterfactual_fraction,A,0.46375,0.08,0.8,0.46375,0.08,0.8,1.0,1.0,1.0,0.51125,0.365,0.66,0.51125,0.365,0.66,0.5083375,0.34775,0.66915
9,0.1,0.25,0.0,1.0,counterfactual_fraction,B,0.44125,0.17,0.75,0.44125,0.17,0.75,1.0,1.0,1.0,0.51125,0.365,0.66,0.51125,0.365,0.66,0.5083375,0.34775,0.66915
9,0.1,0.25,0.0,1.0,raw,A,1.0,1.0,1.0,1.0,1.0,1.0,1.0,1.0,1.0,0.5,0.5,0.5,0.5,0.5,0.5,0.49248125,0.3378,0.6451
9,0.1,0.25,0.0,1.0,raw,B,1.0,1.0,1.0,1.0,1.0,1.0,1.0,1.0,1.0,0.5,0.5,0.5,0.5,0.5,0.5,0.49248125,0.3378,0.6451
9,0.1,0.25,1.0,0.0,activity_normalized,A,0.79875,0.37,0.96,0.79875,0.37,0.96,1.0,1.0,1.0,0.53125,0.46,0.645,0.53125,0.46,0.645,0.50055625,0.3721,0.6491
9,0.1,0.25,1.0,0.0,activity_normalized,B,0.73625,0.35,0.93,0.73625,0.35,0.93,1.0,1.0,1.0,0.53125,0.46,0.645,0.53125,0.46,0.645,0.50055625,0.3721,0.6491
9,0.1,0.25,1.0,0.0,counterfactual_fraction,A,0.0,0.0,0.0,0.0,0.0,0.0,1.0,1.0,1.0,0.5,0.5,0.5,0.5,0.5,0.5,0.5,0.5,0.5
9,0.1,0.25,1.0,0.0,counterfactual_fraction,B,0.0,0.0,0.0,0.0,0.0,0.0,1.0,1.0,1.0,0.5,0.5,0.5,0.5,0.5,0.5,0.5,0.5,0.5
9,0.1,0.25,1.0,0.0,raw,A,1.0,1.0,1.0,1.0,1.0,1.0,1.0,1.0,1.0,0.5,0.5,0.5,0.5,0.5,0.5,0.48340625,0.2878,0.6552
9,0.1,0.25,1.0,0.0,raw,B,1.0,1.0,1.0,1.0,1.0,1.0,1.0,1.0,1.0,0.5,0.5,0.5,0.5,0.5,0.5,0.48340625,0.2878,0.6552
9,0.1,0.25,1.0,1.0,activity_normalized,A,0.98875,0.96,1.0,0.98875,0.96,1.0,1.0,1.0,1.0,0.505,0.495,0.515,0.505,0.495,0.515,0.49529375,0.3676,0.63525
9,0.1,0.25,1.0,1.0,activity_normalized,B,0.97875,0.94,1.0,0.97875,0.94,1.0,1.0,1.0,1.0,0.505,0.495,0.515,0.505,0.495,0.515,0.49529375,0.3676,0.63525
9,0.1,0.25,1.0,1.0,counterfactual_fraction,A,0.4625,0.08,0.8,0.4625,0.08,0.8,1.0,1.0,1.0,0.51,0.365,0.66,0.51,0.365,0.66,0.50800625,0.35145,0.6704
9,0.1,0.25,1.0,1.0,counterfactual_fraction,B,0.4425,0.17,0.75,0.4425,0.17,0.75,1.0,1.0,1.0,0.51,0.365,0.66,0.51,0.365,0.66,0.50800625,0.35145,0.6704
9,0.1,0.25,1.0,1.0,raw,A,1.0,1.0,1.0,1.0,1.0,1.0,1.0,1.0,1.0,0.5,0.5,0.5,0.5,0.5,0.5,0.49381875,0.3387,0.6453
9,0.1,0.25,1.0,1.0,raw,B,1.0,1.0,1.0,1.0,1.0,1.0,1.0,1.0,1.0,0.5,0.5,0.5,0.5,0.5,0.5,0.49381875,0.3387,0.6453
9,0.1,0.5,0.0,0.0,activity_normalized,A,0.27875,0.0,0.75,0.27875,0.0,0.75,1.0,1.0,1.0,0.5231250000000001,0.28,0.66,0.5231250000000001,0.28,0.66,0.6215375,0.1861,0.934
9,0.1,0.5,0.0,0.0,activity_normalized,B,0.23249999999999998,0.0,0.83,0.23249999999999998,0.0,0.83,1.0,1.0,1.0,0.5231250000000001,0.28,0.66,0.5231250000000001,0.28,0.66,0.6215375,0.1861,0.934
9,0.1,0.5,0.0,0.0,counterfactual_fraction,A,0.0,0.0,0.0,0.0,0.0,0.0,1.0,1.0,1.0,0.5,0.5,0.5,0.5,0.5,0.5,0.5,0.5,0.5
9,0.1,0.5,0.0,0.0,counterfactual_fraction,B,0.0,0.0,0.0,0.0,0.0,0.0,1.0,1.0,1.0,0.5,0.5,0.5,0.5,0.5,0.5,0.5,0.5,0.5
9,0.1,0.5,0.0,0.0,raw,A,1.0,1.0,1.0,1.0,1.0,1.0,1.0,1.0,1.0,0.5,0.5,0.5,0.5,0.5,0.5,0.497275,0.0854,0.9472
9,0.1,0.5,0.0,0.0,raw,B,1.0,1.0,1.0,1.0,1.0,1.0,1.0,1.0,1.0,0.5,0.5,0.5,0.5,0.5,0.5,0.497275,0.0854,0.9472
9,0.1,0.5,0.0,1.0,activity_normalized,A,0.975,0.87,1.0,0.975,0.87,1.0,1.0,1.0,1.0,0.7,0.53,0.82,0.7,0.53,0.82,0.8773875,0.7191,0.9968
9,0.1,0.5,0.0,1.0,activity_normalized,B,0.575,0.35,0.93,0.575,0.35,0.93,1.0,1.0,1.0,0.7,0.53,0.82,0.7,0.53,0.82,0.8773875,0.7191,0.9968
9,0.1,0.5,0.0,1.0,counterfactual_fraction,A,0.98,0.87,1.0,0.98,0.87,1.0,1.0,1.0,1.0,0.660625,0.51,0.82,0.660625,0.51,0.82,0.875525,0.7357,0.9751
9,0.1,0.5,0.0,1.0,counterfactual_fraction,B,0.65875,0.36,0.97,0.65875,0.36,0.97,1.0,1.0,1.0,0.660625,0.51,0.82,0.660625,0.51,0.82,0.875525,0.7357,0.9751
9,0.1,0.5,0.0,1.0,raw,A,1.0,1.0,1.0,1.0,1.0,1.0,1.0,1.0,1.0,0.5,0.5,0.5,0.5,0.5,0.5,0.8264625,0.6711,0.9944
9,0.1,0.5,0.0,1.0,raw,B,1.0,1.0,1.0,1.0,1.0,1.0,1.0,1.0,1.0,0.5,0.5,0.5,0.5,0.5,0.5,0.8264625,0.6711,0.9944
9,0.1,0.5,1.0,0.0,activity_normalized,A,0.36125,0.0,0.75,0.36125,0.0,0.75,1.0,1.0,1.0,0.5375,0.325,0.745,0.5375,0.325,0.745,0.616625,0.1979,0.9332
9,0.1,0.5,1.0,0.0,activity_normalized,B,0.28625,0.0,0.9,0.28625,0.0,0.9,1.0,1.0,1.0,0.5375,0.325,0.745,0.5375,0.325,0.745,0.616625,0.1979,0.9332
9,0.1,0.5,1.0,0.0,counterfactual_fraction,A,0.0,0.0,0.0,0.0,0.0,0.0,1.0,1.0,1.0,0.5,0.5,0.5,0.5,0.5,0.5,0.5,0.5,0.5
9,0.1,0.5,1.0,0.0,counterfactual_fraction,B,0.0,0.0,0.0,0.0,0.0,0.0,1.0,1.0,1.0,0.5,0.5,0.5,0.5,0.5,0.5,0.5,0.5,0.5
9,0.1,0.5,1.0,0.0,raw,A,1.0,1.0,1.0,1.0,1.0,1.0,1.0,1.0,1.0,0.5,0.5,0.5,0.5,0.5,0.5,0.5001625,0.1004,0.9484
9,0.1,0.5,1.0,0.0,raw,B,1.0,1.0,1.0,1.0,1.0,1.0,1.0,1.0,1.0,0.5,0.5,0.5,0.5,0.5,0.5,0.5001625,0.1004,0.9484
9,0.1,0.5,1.0,1.0,activity_normalized,A,0.99375,0.97,1.0,0.99375,0.97,1.0,1.0,1.0,1.0,0.64875,0.52,0.795,0.64875,0.52,0.795,0.87785,0.7091,0.9961
9,0.1,0.5,1.0,1.0,activity_normalized,B,0.69625,0.4,0.96,0.69625,0.4,0.96,1.0,1.0,1.0,0.64875,0.52,0.795,0.64875,0.52,0.795,0.87785,0.7091,0.9961
9,0.1,0.5,1.0,1.0,counterfactual_fraction,A,0.9975,0.99,1.0,0.9975,0.99,1.0,1.0,1.0,1.0,0.61375,0.51,0.805,0.61375,0.51,0.805,0.87405,0.7267,0.9717
9,0.1,0.5,1.0,1.0,counterfactual_fraction,B,0.77,0.39,0.98,0.77,0.39,0.98,1.0,1.0,1.0,0.61375,0.51,0.805,0.61375,0.51,0.805,0.87405,0.7267,0.9717
9,0.1,0.5,1.0,1.0,raw,A,1.0,1.0,1.0,1.0,1.0,1.0,1.0,1.0,1.0,0.5,0.5,0.5,0.5,0.5,0.5,0.8543000000000001,0.6863,0.9948
9,0.1,0.5,1.0,1.0,raw,B,1.0,1.0,1.0,1.0,1.0,1.0,1.0,1.0,1.0,0.5,0.5,0.5,0.5,0.5,0.5,0.8543000000000001,0.6863,0.9948
9,0.1,1.0,0.0,0.0,activity_normalized,A,0.0525,0.0,0.35,0.0525,0.0,0.35,1.0,1.0,1.0,0.525625,0.5,0.67,0.525625,0.5,0.67,0.6490875,0.0037,1.0
9,0.1,1.0,0.0,0.0,activity_normalized,B,0.00125,0.0,0.01,0.00125,0.0,0.01,1.0,1.0,1.0,0.525625,0.5,0.67,0.525625,0.5,0.67,0.6490875,0.0037,1.0
9,0.1,1.0,0.0,0.0,counterfactual_fraction,A,0.0,0.0,0.0,0.0,0.0,0.0,1.0,1.0,1.0,0.5,0.5,0.5,0.5,0.5,0.5,0.5,0.5,0.5
9,0.1,1.0,0.0,0.0,counterfactual_fraction,B,0.0,0.0,0.0,0.0,0.0,0.0,1.0,1.0,1.0,0.5,0.5,0.5,0.5,0.5,0.5,0.5,0.5,0.5
9,0.1,1.0,0.0,0.0,raw,A,0.005,0.0,0.03,0.005,0.0,0.03,1.0,1.0,1.0,0.50125,0.49,0.515,0.50125,0.49,0.515,0.4707,0.0144,0.9681
9,0.1,1.0,0.0,0.0,raw,B,0.0025,0.0,0.02,0.0025,0.0,0.02,1.0,1.0,1.0,0.50125,0.49,0.515,0.50125,0.49,0.515,0.4707,0.0144,0.9681
9,0.1,1.0,0.0,1.0,activity_normalized,A,0.14375,0.0,0.68,0.14375,0.0,0.68,1.0,1.0,1.0,0.571875,0.5,0.84,0.571875,0.5,0.84,0.947825,0.7359,1.0
9,0.1,1.0,0.0,1.0,activity_normalized,B,0.0,0.0,0.0,0.0,0.0,0.0,1.0,1.0,1.0,0.571875,0.5,0.84,0.571875,0.5,0.84,0.947825,0.7359,1.0
9,0.1,1.0,0.0,1.0,counterfactual_fraction,A,0.1875,0.0,0.97,0.1875,0.0,0.97,1.0,1.0,1.0,0.59375,0.5,0.985,0.59375,0.5,0.985,0.9525,0.7359,1.0
9,0.1,1.0,0.0,1.0,counterfactual_fraction,B,0.0,0.0,0.0,0.0,0.0,0.0,1.0,1.0,1.0,0.59375,0.5,0.985,0.59375,0.5,0.985,0.9525,0.7359,1.0
9,0.1,1.0,0.0,1.0,raw,A,0.08875,0.0,0.42,0.08875,0.0,0.42,1.0,1.0,1.0,0.544375,0.5,0.71,0.544375,0.5,0.71,0.8064,0.5499,1.0
9,0.1,1.0,0.0,1.0,raw,B,0.0,0.0,0.0,0.0,0.0,0.0,1.0,1.0,1.0,0.544375,0.5,0.71,0.544375,0.5,0.71,0.8064,0.5499,1.0
9,0.1,1.0,1.0,0.0,activity_normalized,A,0.57875,0.0,0.99,0.57875,0.0,0.99,1.0,1.0,1.0,0.703125,0.44,0.99,0.703125,0.44,0.99,0.6752375,0.0017,0.9999
9,0.1,1.0,1.0,0.0,activity_normalized,B,0.1725,0.01,0.37,0.1725,0.01,0.37,1.0,1.0,1.0,0.703125,0.44,0.99,0.703125,0.44,0.99,0.6752375,0.0017,0.9999
9,0.1,1.0,1.0,0.0,counterfactual_fraction,A,0.0,0.0,0.0,0.0,0.0,0.0,1.0,1.0,1.0,0.5,0.5,0.5,0.5,0.5,0.5,0.5,0.5,0.5
9,0.1,1.0,1.0,0.0,counterfactual_fraction,B,0.0,0.0,0.0,0.0,0.0,0.0,1.0,1.0,1.0,0.5,0.5,0.5,0.5,0.5,0.5,0.5,0.5,0.5
9,0.1,1.0,1.0,0.0,raw,A,0.53625,0.0,0.88,0.53625,0.0,0.88,1.0,1.0,1.0,0.590625,0.435,0.905,0.590625,0.435,0.905,0.483175,0.0105,0.9718
9,0.1,1.0,1.0,0.0,raw,B,0.355,0.01,0.96,0.355,0.01,0.96,1.0,1.0,1.0,0.590625,0.435,0.905,0.590625,0.435,0.905,0.483175,0.0105,0.9718
9,0.1,1.0,1.0,1.0,activity_normalized,A,0.97375,0.8,1.0,0.97375,0.8,1.0,1.0,1.0,1.0,0.97375,0.82,1.0,0.97375,0.82,1.0,0.990425,0.924,1.0
9,0.1,1.0,1.0,1.0,activity_normalized,B,0.02625,0.0,0.16,0.02625,0.0,0.16,1.0,1.0,1.0,0.97375,0.82,1.0,0.97375,0.82,1.0,0.990425,0.924,1.0
9,0.1,1.0,1.0,1.0,counterfactual_fraction,A,0.9725,0.79,1.0,0.9725,0.79,1.0,1.0,1.0,1.0,0.9768749999999999,0.855,1.0,0.9768749999999999,0.855,1.0,0.99065,0.9268,1.0
9,0.1,1.0,1.0,1.0,counterfactual_fraction,B,0.01875,0.0,0.08,0.01875,0.0,0.08,1.0,1.0,1.0,0.9768749999999999,0.855,1.0,0.9768749999999999,0.855,1.0,0.99065,0.9268,1.0
9,0.1,1.0,1.0,1.0,raw,A,0.945,0.72,1.0,0.945,0.72,1.0,1.0,1.0,1.0,0.959375,0.79,1.0,0.959375,0.79,1.0,0.9795875,0.8529,1.0
9,0.1,1.0,1.0,1.0,raw,B,0.026250000000000002,0.0,0.14,0.026250000000000002,0.0,0.14,1.0,1.0,1.0,0.959375,0.79,1.0,0.959375,0.79,1.0,0.9795875,0.8529,1.0
9,0.4,0.0,0.0,0.0,activity_normalized,A,0.36625,0.0,0.8,0.01625,0.0,0.06,0.05375,0.03,0.08,,,,,,,,,
9,0.4,0.0,0.0,0.0,activity_normalized,B,0.37875,0.01,0.86,0.0175,0.0,0.06,0.05,0.01,0.07,,,,,,,,,
9,0.4,0.0,0.0,0.0,counterfactual_fraction,A,0.0,0.0,0.0,0.0,0.0,0.0,0.05375,0.03,0.08,,,,,,,,,
9,0.4,0.0,0.0,0.0,counterfactual_fraction,B,0.0,0.0,0.0,0.0,0.0,0.0,0.05,0.01,0.07,,,,,,,,,
9,0.4,0.0,0.0,0.0,raw,A,0.9975,0.98,1.0,0.052500000000000005,0.03,0.08,0.05375,0.03,0.08,,,,,,,,,
9,0.4,0.0,0.0,0.0,raw,B,0.98875,0.94,1.0,0.04625,0.01,0.07,0.05,0.01,0.07,,,,,,,,,
9,0.4,0.0,0.0,1.0,activity_normalized,A,0.005,0.0,0.01,0.0,0.0,0.0,0.05375,0.03,0.08,,,,,,,,,
9,0.4,0.0,0.0,1.0,activity_normalized,B,0.01,0.0,0.04,0.0,0.0,0.0,0.05,0.01,0.07,,,,,,,,,
9,0.4,0.0,0.0,1.0,counterfactual_fraction,A,0.00625,0.0,0.01,0.0,0.0,0.0,0.05375,0.03,0.08,,,,,,,,,
9,0.4,0.0,0.0,1.0,counterfactual_fraction,B,0.01,0.0,0.04,0.0,0.0,0.0,0.05,0.01,0.07,,,,,,,,,
9,0.4,0.0,0.0,1.0,raw,A,0.615,0.5,0.79,0.01125,0.0,0.02,0.05375,0.03,0.08,,,,,,,,,
9,0.4,0.0,0.0,1.0,raw,B,0.625,0.48,0.69,0.005,0.0,0.02,0.05,0.01,0.07,,,,,,,,,
9,0.4,0.0,1.0,0.0,activity_normalized,A,0.43374999999999997,0.04,0.82,0.02,0.0,0.06,0.05375,0.03,0.08,,,,,,,,,
9,0.4,0.0,1.0,0.0,activity_normalized,B,0.425,0.03,0.87,0.02125,0.0,0.06,0.05,0.01,0.07,,,,,,,,,
9,0.4,0.0,1.0,0.0,counterfactual_fraction,A,0.0,0.0,0.0,0.0,0.0,0.0,0.05375,0.03,0.08,,,,,,,,,
9,0.4,0.0,1.0,0.0,counterfactual_fraction,B,0.0,0.0,0.0,0.0,0.0,0.0,0.05,0.01,0.07,,,,,,,,,
9,0.4,0.0,1.0,0.0,raw,A,1.0,1.0,1.0,0.05375,0.03,0.08,0.05375,0.03,0.08,,,,,,,,,
9,0.4,0.0,1.0,0.0,raw,B,1.0,1.0,1.0,0.05,0.01,0.07,0.05,0.01,0.07,,,,,,,,,
9,0.4,0.0,1.0,1.0,activity_normalized,A,0.01125,0.0,0.02,0.00125,0.0,0.01,0.05375,0.03,0.08,,,,,,,,,
9,0.4,0.0,1.0,1.0,activity_normalized,B,0.01875,0.0,0.04,0.0,0.0,0.0,0.05,0.01,0.07,,,,,,,,,
9,0.4,0.0,1.0,1.0,counterfactual_fraction,A,0.00875,0.0,0.02,0.0,0.0,0.0,0.05375,0.03,0.08,,,,,,,,,
9,0.4,0.0,1.0,1.0,counterfactual_fraction,B,0.0175,0.0,0.04,0.0,0.0,0.0,0.05,0.01,0.07,,,,,,,,,
9,0.4,0.0,1.0,1.0,raw,A,0.79625,0.63,0.94,0.03125,0.01,0.07,0.05375,0.03,0.08,,,,,,,,,
9,0.4,0.0,1.0,1.0,raw,B,0.785,0.63,0.88,0.0175,0.0,0.03,0.05,0.01,0.07,,,,,,,,,
9,0.4,0.1,0.0,0.0,activity_normalized,A,0.35125,0.0,0.79,0.045,0.0,0.12,0.135,0.08,0.17,0.49812500000000004,0.455,0.55,0.07250000000000001,0.055,0.095,0.4944375,0.432,0.5637
9,0.4,0.1,0.0,0.0,activity_normalized,B,0.355,0.01,0.83,0.043750000000000004,0.0,0.14,0.14375,0.09,0.19,0.49812500000000004,0.455,0.55,0.07250000000000001,0.055,0.095,0.4944375,0.432,0.5637
9,0.4,0.1,0.0,0.0,counterfactual_fraction,A,0.0,0.0,0.0,0.0,0.0,0.0,0.135,0.08,0.17,0.5,0.5,0.5,0.071875,0.045,0.095,0.5,0.5,0.5
9,0.4,0.1,0.0,0.0,counterfactual_fraction,B,0.0,0.0,0.0,0.0,0.0,0.0,0.14375,0.09,0.19,0.5,0.5,0.5,0.071875,0.045,0.095,0.5,0.5,0.5
9,0.4,0.1,0.0,0.0,raw,A,0.99125,0.98,1.0,0.12875,0.08,0.17,0.135,0.08,0.17,0.50375,0.49,0.525,0.069375,0.04,0.085,0.480825,0.4373,0.5084
9,0.4,0.1,0.0,0.0,raw,B,0.98375,0.93,1.0,0.13375,0.08,0.19,0.14375,0.09,0.19,0.50375,0.49,0.525,0.069375,0.04,0.085,0.480825,0.4373,0.5084
9,0.4,0.1,0.0,1.0,activity_normalized,A,0.005,0.0,0.02,0.00125,0.0,0.01,0.135,0.08,0.17,0.495625,0.485,0.505,0.0725,0.045,0.095,0.5059375,0.4825,0.5301
9,0.4,0.1,0.0,1.0,activity_normalized,B,0.01375,0.0,0.05,0.0,0.0,0.0,0.14375,0.09,0.19,0.495625,0.485,0.505,0.0725,0.045,0.095,0.5059375,0.4825,0.5301
9,0.4,0.1,0.0,1.0,counterfactual_fraction,A,0.0075,0.0,0.01,0.00125,0.0,0.01,0.135,0.08,0.17,0.498125,0.485,0.505,0.0725,0.045,0.095,0.5054125,0.4531,0.5336
9,0.4,0.1,0.0,1.0,counterfactual_fraction,B,0.01125,0.0,0.04,0.0,0.0,0.0,0.14375,0.09,0.19,0.498125,0.485,0.505,0.0725,0.045,0.095,0.5054125,0.4531,0.5336
9,0.4,0.1,0.0,1.0,raw,A,0.58,0.48,0.73,0.03375,0.0,0.06,0.135,0.08,0.17,0.491875,0.46,0.54,0.06875,0.04,0.105,0.485575,0.4508,0.5208
9,0.4,0.1,0.0,1.0,raw,B,0.59625,0.47,0.65,0.04,0.01,0.07,0.14375,0.09,0.19,0.491875,0.46,0.54,0.06875,0.04,0.105,0.485575,0.4508,0.5208
9,0.4,0.1,1.0,0.0,activity_normalized,A,0.42375,0.03,0.78,0.05625,0.0,0.12,0.135,0.08,0.17,0.5,0.46,0.535,0.071875,0.05,0.09,0.494375,0.4254,0.5552
9,0.4,0.1,1.0,0.0,activity_normalized,B,0.42375,0.05,0.84,0.05625,0.01,0.14,0.14375,0.09,0.19,0.5,0.46,0.535,0.071875,0.05,0.09,0.494375,0.4254,0.5552
9,0.4,0.1,1.0,0.0,counterfactual_fraction,A,0.0,0.0,0.0,0.0,0.0,0.0,0.135,0.08,0.17,0.5,0.5,0.5,0.071875,0.045,0.095,0.5,0.5,0.5
9,0.4,0.1,1.0,0.0,counterfactual_fraction,B,0.0,0.0,0.0,0.0,0.0,0.0,0.14375,0.09,0.19,0.5,0.5,0.5,0.071875,0.045,0.095,0.5,0.5,0.5
9,0.4,0.1,1.0,0.0,raw,A,1.0,1.0,1.0,0.135,0.08,0.17,0.135,0.08,0.17,0.500625,0.5,0.505,0.068125,0.04,0.085,0.480175,0.4379,0.5137
9,0.4,0.1,1.0,0.0,raw,B,0.99875,0.99,1.0,0.14250000000000002,0.09,0.19,0.14375,0.09,0.19,0.500625,0.5,0.505,0.068125,0.04,0.085,0.480175,0.4379,0.5137
9,0.4,0.1,1.0,1.0,activity_normalized,A,0.0175,0.0,0.04,0.0025,0.0,0.01,0.135,0.08,0.17,0.49375,0.475,0.51,0.07250000000000001,0.05,0.095,0.5027375000000001,0.4771,0.5302
9,0.4,0.1,1.0,1.0,activity_normalized,B,0.030000000000000002,0.0,0.07,0.00125,0.0,0.01,0.14375,0.09,0.19,0.49375,0.475,0.51,0.07250000000000001,0.05,0.095,0.5027375000000001,0.4771,0.5302
9,0.4,0.1,1.0,1.0,counterfactual_fraction,A,0.02125,0.01,0.04,0.0025,0.0,0.01,0.135,0.08,0.17,0.498125,0.475,0.515,0.07250000000000001,0.05,0.095,0.501975,0.4484,0.5246
9,0.4,0.1,1.0,1.0,counterfactual_fraction,B,0.025,0.0,0.07,0.00125,0.0,0.01,0.14375,0.09,0.19,0.498125,0.475,0.515,0.07250000000000001,0.05,0.095,0.501975,0.4484,0.5246
9,0.4,0.1,1.0,1.0,raw,A,0.78875,0.62,0.94,0.08,0.02,0.14,0.135,0.08,0.17,0.505,0.47,0.535,0.06937499999999999,0.045,0.095,0.48669999999999997,0.4503,0.5265
9,0.4,0.1,1.0,1.0,raw,B,0.77875,0.61,0.87,0.08499999999999999,0.05,0.13,0.14375,0.09,0.19,0.505,0.47,0.535,0.06937499999999999,0.045,0.095,0.48669999999999997,0.4503,0.5265
9,0.4,0.25,0.0,0.0,activity_normalized,A,0.31125,0.0,0.75,0.14500000000000002,0.0,0.38,0.47625,0.42,0.52,0.49687499999999996,0.465,0.565,0.22625,0.195,0.26,0.5004,0.424,0.5916
9,0.4,0.25,0.0,0.0,activity_normalized,B,0.3175,0.02,0.79,0.125,0.0,0.43,0.4325,0.34,0.49,0.49687499999999996,0.465,0.565,0.22625,0.195,0.26,0.5004,0.424,0.5916
9,0.4,0.25,0.0,0.0,counterfactual_fraction,A,0.0,0.0,0.0,0.0,0.0,0.0,0.47625,0.42,0.52,0.5,0.5,0.5,0.21625,0.17,0.245,0.5,0.5,0.5
9,0.4,0.25,0.0,0.0,counterfactual_fraction,B,0.0,0.0,0.0,0.0,0.0,0.0,0.4325,0.34,0.49,0.5,0.5,0.5,0.21625,0.17,0.245,0.5,0.5,0.5
9,0.4,0.25,0.0,0.0,raw,A,0.97,0.91,1.0,0.45125,0.35,0.5,0.47625,0.42,0.52,0.505,0.49,0.52,0.2425,0.205,0.27,0.48595,0.4231,0.5132
9,0.4,0.25,0.0,0.0,raw,B,0.96,0.92,1.0,0.39875,0.32,0.47,0.4325,0.34,0.49,0.505,0.49,0.52,0.2425,0.205,0.27,0.48595,0.4231,0.5132
9,0.4,0.25,0.0,1.0,activity_normalized,A,0.01,0.0,0.03,0.0025,0.0,0.01,0.47625,0.42,0.52,0.49875,0.49,0.505,0.2175,0.17,0.245,0.520925,0.492,0.5506
9,0.4,0.25,0.0,1.0,activity_normalized,B,0.0125,0.0,0.03,0.0,0.0,0.0,0.4325,0.34,0.49,0.49875,0.49,0.505,0.2175,0.17,0.245,0.520925,0.492,0.5506
9,0.4,0.25,0.0,1.0,counterfactual_fraction,A,0.015,0.0,0.02,0.00125,0.0,0.01,0.47625,0.42,0.52,0.499375,0.485,0.51,0.21625,0.17,0.245,0.5190875,0.4599,0.5535
9,0.4,0.25,0.0,1.0,counterfactual_fraction,B,0.01625,0.0,0.05,0.00125,0.0,0.01,0.4325,0.34,0.49,0.499375,0.485,0.51,0.21625,0.17,0.245,0.5190875,0.4599,0.5535
9,0.4,0.25,0.0,1.0,raw,A,0.48250000000000004,0.41,0.54,0.14125000000000001,0.07,0.24,0.47625,0.42,0.52,0.489375,0.45,0.525,0.2225,0.17,0.285,0.49695,0.4618,0.5313
9,0.4,0.25,0.0,1.0,raw,B,0.50375,0.38,0.58,0.12875,0.05,0.19,0.4325,0.34,0.49,0.489375,0.45,0.525,0.2225,0.17,0.285,0.49695,0.4618,0.5313
9,0.4,0.25,1.0,0.0,activity_normalized,A,0.39875,0.01,0.74,0.20375000000000001,0.0,0.38,0.47625,0.42,0.52,0.5018750000000001,0.46,0.56,0.231875,0.2,0.27,0.4994,0.4169,0.583
9,0.4,0.25,1.0,0.0,activity_normalized,B,0.395,0.03,0.79,0.1725,0.02,0.43,0.4325,0.34,0.49,0.5018750000000001,0.46,0.56,0.231875,0.2,0.27,0.4994,0.4169,0.583
9,0.4,0.25,1.0,0.0,counterfactual_fraction,A,0.0,0.0,0.0,0.0,0.0,0.0,0.47625,0.42,0.52,0.5,0.5,0.5,0.21625,0.17,0.245,0.5,0.5,0.5
9,0.4,0.25,1.0,0.0,counterfactual_fraction,B,0.0,0.0,0.0,0.0,0.0,0.0,0.4325,0.34,0.49,0.5,0.5,0.5,0.21625,0.17,0.245,0.5,0.5,0.5
9,0.4,0.25,1.0,0.0,raw,A,0.99875,0.99,1.0,0.475,0.41,0.52,0.47625,0.42,0.52,0.501875,0.5,0.51,0.24,0.215,0.26,0.4843375,0.4217,0.5215
9,0.4,0.25,1.0,0.0,raw,B,0.995,0.98,1.0,0.4275,0.34,0.49,0.4325,0.34,0.49,0.501875,0.5,0.51,0.24,0.215,0.26,0.4843375,0.4217,0.5215
9,0.4,0.25,1.0,1.0,activity_normalized,A,0.05,0.03,0.08,0.0225,0.01,0.04,0.47625,0.42,0.52,0.50125,0.485,0.52,0.22375,0.18,0.255,0.51535,0.4834,0.5492
9,0.4,0.25,1.0,1.0,activity_normalized,B,0.0475,0.02,0.11,0.0075,0.0,0.02,0.4325,0.34,0.49,0.50125,0.485,0.52,0.22375,0.18,0.255,0.51535,0.4834,0.5492
9,0.4,0.25,1.0,1.0,counterfactual_fraction,A,0.04625,0.02,0.11,0.01875,0.0,0.05,0.47625,0.42,0.52,0.500625,0.485,0.54,0.22125,0.18,0.27,0.512225,0.4527,0.546
9,0.4,0.25,1.0,1.0,counterfactual_fraction,B,0.045,0.01,0.09,0.00875,0.0,0.02,0.4325,0.34,0.49,0.500625,0.485,0.54,0.22125,0.18,0.27,0.512225,0.4527,0.546
9,0.4,0.25,1.0,1.0,raw,A,0.77875,0.6,0.93,0.32125,0.18,0.46,0.47625,0.42,0.52,0.503125,0.475,0.535,0.23875000000000002,0.17,0.295,0.49785,0.4716,0.5347
9,0.4,0.25,1.0,1.0,raw,B,0.7725,0.6,0.86,0.27625,0.16,0.37,0.4325,0.34,0.49,0.503125,0.475,0.535,0.23875000000000002,0.17,0.295,0.49785,0.4716,0.5347
9,0.4,0.5,0.0,0.0,activity_normalized,A,0.27125,0.0,0.75,0.26375,0.0,0.74,0.9675,0.96,0.98,0.5075000000000001,0.485,0.545,0.495,0.475,0.53,0.511675,0.4206,0.5785
9,0.4,0.5,0.0,0.0,activity_normalized,B,0.25625,0.01,0.76,0.24375,0.01,0.72,0.97,0.95,0.99,0.5075000000000001,0.485,0.545,0.495,0.475,0.53,0.511675,0.4206,0.5785
9,0.4,0.5,0.0,0.0,counterfactual_fraction,A,0.0,0.0,0.0,0.0,0.0,0.0,0.9675,0.96,0.98,0.5,0.5,0.5,0.485,0.475,0.495,0.5,0.5,0.5
9,0.4,0.5,0.0,0.0,counterfactual_fraction,B,0.0,0.0,0.0,0.0,0.0,0.0,0.97,0.95,0.99,0.5,0.5,0.5,0.485,0.475,0.495,0.5,0.5,0.5
9,0.4,0.5,0.0,0.0,raw,A,0.75625,0.52,0.89,0.72375,0.5,0.85,0.9675,0.96,0.98,0.50125,0.465,0.545,0.484375,0.45,0.535,0.4892625,0.4096,0.5375
9,0.4,0.5,0.0,0.0,raw,B,0.75375,0.59,0.9,0.725,0.55,0.88,0.97,0.95,0.99,0.50125,0.465,0.545,0.484375,0.45,0.535,0.4892625,0.4096,0.5375
9,0.4,0.5,0.0,1.0,activity_normalized,A,0.01875,0.0,0.04,0.0175,0.0,0.04,0.9675,0.96,0.98,0.50375,0.495,0.51,0.48875,0.485,0.495,0.556925,0.516,0.6242
9,0.4,0.5,0.0,1.0,activity_normalized,B,0.01125,0.0,0.03,0.01,0.0,0.03,0.97,0.95,0.99,0.50375,0.495,0.51,0.48875,0.485,0.495,0.556925,0.516,0.6242
9,0.4,0.5,0.0,1.0,counterfactual_fraction,A,0.02375,0.0,0.1,0.0225,0.0,0.1,0.9675,0.96,0.98,0.504375,0.49,0.54,0.489375,0.475,0.525,0.555575,0.4933,0.6379
9,0.4,0.5,0.0,1.0,counterfactual_fraction,B,0.015,0.0,0.04,0.01375,0.0,0.04,0.97,0.95,0.99,0.504375,0.49,0.54,0.489375,0.475,0.525,0.555575,0.4933,0.6379
9,0.4,0.5,0.0,1.0,raw,A,0.2725,0.19,0.39,0.245,0.16,0.36,0.9675,0.96,0.98,0.5,0.465,0.53,0.481875,0.445,0.51,0.5195125,0.4762,0.552
9,0.4,0.5,0.0,1.0,raw,B,0.2725,0.14,0.43,0.25125000000000003,0.14,0.39,0.97,0.95,0.99,0.5,0.465,0.53,0.481875,0.445,0.51,0.5195125,0.4762,0.552
9,0.4,0.5,1.0,0.0,activity_normalized,A,0.41500000000000004,0.02,0.73,0.40750000000000003,0.02,0.72,0.9675,0.96,0.98,0.506875,0.47,0.57,0.49625,0.46,0.56,0.5080375,0.3999,0.5889
9,0.4,0.5,1.0,0.0,activity_normalized,B,0.40125,0.03,0.76,0.385,0.03,0.72,0.97,0.95,0.99,0.506875,0.47,0.57,0.49625,0.46,0.56,0.5080375,0.3999,0.5889
9,0.4,0.5,1.0,0.0,counterfactual_fraction,A,0.0,0.0,0.0,0.0,0.0,0.0,0.9675,0.96,0.98,0.5,0.5,0.5,0.485,0.475,0.495,0.5,0.5,0.5
9,0.4,0.5,1.0,0.0,counterfactual_fraction,B,0.0,0.0,0.0,0.0,0.0,0.0,0.97,0.95,0.99,0.5,0.5,0.5,0.485,0.475,0.495,0.5,0.5,0.5
9,0.4,0.5,1.0,0.0,raw,A,0.98375,0.91,1.0,0.9512499999999999,0.89,0.97,0.9675,0.96,0.98,0.500625,0.49,0.52,0.484375,0.48,0.5,0.48996249999999997,0.3971,0.5464
9,0.4,0.5,1.0,0.0,raw,B,0.9825,0.93,1.0,0.9525,0.89,0.98,0.97,0.95,0.99,0.500625,0.49,0.52,0.484375,0.48,0.5,0.48996249999999997,0.3971,0.5464
9,0.4,0.5,1.0,1.0,activity_normalized,A,0.17,0.1,0.24,0.1625,0.09,0.24,0.9675,0.96,0.98,0.5175000000000001,0.5,0.55,0.50125,0.485,0.525,0.549375,0.5111,0.5853
9,0.4,0.5,1.0,1.0,activity_normalized,B,0.135,0.08,0.23,0.13,0.08,0.23,0.97,0.95,0.99,0.5175000000000001,0.5,0.55,0.50125,0.485,0.525,0.549375,0.5111,0.5853
9,0.4,0.5,1.0,1.0,counterfactual_fraction,A,0.19,0.13,0.23,0.18125,0.12,0.23,0.9675,0.96,0.98,0.525625,0.485,0.55,0.51,0.475,0.53,0.5473125,0.4859,0.5945
9,0.4,0.5,1.0,1.0,counterfactual_fraction,B,0.13874999999999998,0.06,0.26,0.13125,0.05,0.24,0.97,0.95,0.99,0.525625,0.485,0.55,0.51,0.475,0.53,0.5473125,0.4859,0.5945
9,0.4,0.5,1.0,1.0,raw,A,0.76875,0.6,0.93,0.7362500000000001,0.56,0.89,0.9675,0.96,0.98,0.52125,0.48,0.555,0.503125,0.46,0.535,0.5299,0.5047,0.5669
9,0.4,0.5,1.0,1.0,raw,B,0.72625,0.57,0.82,0.7,0.55,0.79,0.97,0.95,0.99,0.52125,0.48,0.555,0.503125,0.46,0.535,0.5299,0.5047,0.5669
9,0.4,1.0,0.0,0.0,activity_normalized,A,0.23249999999999998,0.0,0.98,0.23249999999999998,0.0,0.98,1.0,1.0,1.0,0.518125,0.485,0.585,0.518125,0.485,0.585,0.5341375,0.3758,0.6086
9,0.4,1.0,0.0,0.0,activity_normalized,B,0.19625,0.0,0.94,0.19625,0.0,0.94,1.0,1.0,1.0,0.518125,0.485,0.585,0.518125,0.485,0.585,0.5341375,0.3758,0.6086
9,0.4,1.0,0.0,0.0,counterfactual_fraction,A,0.0,0.0,0.0,0.0,0.0,0.0,1.0,1.0,1.0,0.5,0.5,0.5,0.5,0.5,0.5,0.5,0.5,0.5
9,0.4,1.0,0.0,0.0,counterfactual_fraction,B,0.0,0.0,0.0,0.0,0.0,0.0,1.0,1.0,1.0,0.5,0.5,0.5,0.5,0.5,0.5,0.5,0.5,0.5
9,0.4,1.0,0.0,0.0,raw,A,0.01875,0.0,0.04,0.01875,0.0,0.04,1.0,1.0,1.0,0.501875,0.485,0.515,0.501875,0.485,0.515,0.4925125,0.3732,0.6045
9,0.4,1.0,0.0,0.0,raw,B,0.015000000000000001,0.0,0.07,0.015000000000000001,0.0,0.07,1.0,1.0,1.0,0.501875,0.485,0.515,0.501875,0.485,0.515,0.4925125,0.3732,0.6045
9,0.4,1.0,0.0,1.0,activity_normalized,A,0.00125,0.0,0.01,0.00125,0.0,0.01,1.0,1.0,1.0,0.5,0.495,0.505,0.5,0.495,0.505,0.6617875,0.5587,0.7931
9,0.4,1.0,0.0,1.0,activity_normalized,B,0.00125,0.0,0.01,0.00125,0.0,0.01,1.0,1.0,1.0,0.5,0.495,0.505,0.5,0.495,0.505,0.6617875,0.5587,0.7931
9,0.4,1.0,0.0,1.0,counterfactual_fraction,A,0.005,0.0,0.04,0.005,0.0,0.04,1.0,1.0,1.0,0.501875,0.495,0.52,0.501875,0.495,0.52,0.66055,0.5274,0.7897
9,0.4,1.0,0.0,1.0,counterfactual_fraction,B,0.00125,0.0,0.01,0.00125,0.0,0.01,1.0,1.0,1.0,0.501875,0.495,0.52,0.501875,0.495,0.52,0.66055,0.5274,0.7897
9,0.4,1.0,0.0,1.0,raw,A,0.005,0.0,0.03,0.005,0.0,0.03,1.0,1.0,1.0,0.501875,0.495,0.515,0.501875,0.495,0.515,0.5736875,0.4996,0.6304
9,0.4,1.0,0.0,1.0,raw,B,0.00125,0.0,0.01,0.00125,0.0,0.01,1.0,1.0,1.0,0.501875,0.495,0.515,0.501875,0.495,0.515,0.5736875,0.4996,0.6304
9,0.4,1.0,1.0,0.0,activity_normalized,A,0.5225,0.0,0.97,0.5225,0.0,0.97,1.0,1.0,1.0,0.529375,0.49,0.565,0.529375,0.49,0.565,0.53655,0.3594,0.6312
9,0.4,1.0,1.0,0.0,activity_normalized,B,0.46375,0.02,0.96,0.46375,0.02,0.96,1.0,1.0,1.0,0.529375,0.49,0.565,0.529375,0.49,0.565,0.53655,0.3594,0.6312
9,0.4,1.0,1.0,0.0,counterfactual_fraction,A,0.0,0.0,0.0,0.0,0.0,0.0,1.0,1.0,1.0,0.5,0.5,0.5,0.5,0.5,0.5,0.5,0.5,0.5
9,0.4,1.0,1.0,0.0,counterfactual_fraction,B,0.0,0.0,0.0,0.0,0.0,0.0,1.0,1.0,1.0,0.5,0.5,0.5,0.5,0.5,0.5,0.5,0.5,0.5
9,0.4,1.0,1.0,0.0,raw,A,0.43875,0.01,0.66,0.43875,0.01,0.66,1.0,1.0,1.0,0.508125,0.46,0.57,0.508125,0.46,0.57,0.5013875,0.3475,0.6315
9,0.4,1.0,1.0,0.0,raw,B,0.4225,0.04,0.65,0.4225,0.04,0.65,1.0,1.0,1.0,0.508125,0.46,0.57,0.508125,0.46,0.57,0.5013875,0.3475,0.6315
9,0.4,1.0,1.0,1.0,activity_normalized,A,0.59375,0.41,0.77,0.59375,0.41,0.77,1.0,1.0,1.0,0.631875,0.55,0.71,0.631875,0.55,0.71,0.6933,0.5915,0.7813
9,0.4,1.0,1.0,1.0,activity_normalized,B,0.33,0.17,0.55,0.33,0.17,0.55,1.0,1.0,1.0,0.631875,0.55,0.71,0.631875,0.55,0.71,0.6933,0.5915,0.7813
9,0.4,1.0,1.0,1.0,counterfactual_fraction,A,0.58375,0.5,0.67,0.58375,0.5,0.67,1.0,1.0,1.0,0.628125,0.555,0.685,0.628125,0.555,0.685,0.6894,0.5655,0.7751
9,0.4,1.0,1.0,1.0,counterfactual_fraction,B,0.3275,0.2,0.56,0.3275,0.2,0.56,1.0,1.0,1.0,0.628125,0.555,0.685,0.628125,0.555,0.685,0.6894,0.5655,0.7751
9,0.4,1.0,1.0,1.0,raw,A,0.63,0.4,0.86,0.63,0.4,0.86,1.0,1.0,1.0,0.61,0.555,0.665,0.61,0.555,0.665,0.6565875,0.5605,0.7321
9,0.4,1.0,1.0,1.0,raw,B,0.41000000000000003,0.18,0.64,0.41000000000000003,0.18,0.64,1.0,1.0,1.0,0.61,0.555,0.665,0.61,0.555,0.665,0.6565875,0.5605,0.7321
10,0.1,0.0,0.0,0.0,activity_normalized,A,1.0,1.0,1.0,0.051250000000000004,0.02,0.08,0.051250000000000004,0.02,0.08,,,,,,,,,
10,0.1,0.0,0.0,0.0,activity_normalized,B,1.0,1.0,1.0,0.0425,0.02,0.07,0.0425,0.02,0.07,,,,,,,,,
10,0.1,0.0,0.0,0.0,counterfactual_fraction,A,0.0,0.0,0.0,0.0,0.0,0.0,0.051250000000000004,0.02,0.08,,,,,,,,,
10,0.1,0.0,0.0,0.0,counterfactual_fraction,B,0.0,0.0,0.0,0.0,0.0,0.0,0.0425,0.02,0.07,,,,,,,,,
10,0.1,0.0,0.0,0.0,raw,A,1.0,1.0,1.0,0.051250000000000004,0.02,0.08,0.051250000000000004,0.02,0.08,,,,,,,,,
10,0.1,0.0,0.0,0.0,raw,B,1.0,1.0,1.0,0.0425,0.02,0.07,0.0425,0.02,0.07,,,,,,,,,
10,0.1,0.0,0.0,1.0,activity_normalized,A,1.0,1.0,1.0,0.051250000000000004,0.02,0.08,0.051250000000000004,0.02,0.08,,,,,,,,,
10,0.1,0.0,0.0,1.0,activity_normalized,B,1.0,1.0,1.0,0.0425,0.02,0.07,0.0425,0.02,0.07,,,,,,,,,
10,0.1,0.0,0.0,1.0,counterfactual_fraction,A,0.0,0.0,0.0,0.0,0.0,0.0,0.051250000000000004,0.02,0.08,,,,,,,,,
10,0.1,0.0,0.0,1.0,counterfactual_fraction,B,0.0,0.0,0.0,0.0,0.0,0.0,0.0425,0.02,0.07,,,,,,,,,
10,0.1,0.0,0.0,1.0,raw,A,1.0,1.0,1.0,0.051250000000000004,0.02,0.08,0.051250000000000004,0.02,0.08,,,,,,,,,
10,0.1,0.0,0.0,1.0,raw,B,1.0,1.0,1.0,0.0425,0.02,0.07,0.0425,0.02,0.07,,,,,,,,,
10,0.1,0.0,1.0,0.0,activity_normalized,A,1.0,1.0,1.0,0.051250000000000004,0.02,0.08,0.051250000000000004,0.02,0.08,,,,,,,,,
10,0.1,0.0,1.0,0.0,activity_normalized,B,1.0,1.0,1.0,0.0425,0.02,0.07,0.0425,0.02,0.07,,,,,,,,,
10,0.1,0.0,1.0,0.0,counterfactual_fraction,A,0.0,0.0,0.0,0.0,0.0,0.0,0.051250000000000004,0.02,0.08,,,,,,,,,
10,0.1,0.0,1.0,0.0,counterfactual_fraction,B,0.0,0.0,0.0,0.0,0.0,0.0,0.0425,0.02,0.07,,,,,,,,,
10,0.1,0.0,1.0,0.0,raw,A,1.0,1.0,1.0,0.051250000000000004,0.02,0.08,0.051250000000000004,0.02,0.08,,,,,,,,,
10,0.1,0.0,1.0,0.0,raw,B,1.0,1.0,1.0,0.0425,0.02,0.07,0.0425,0.02,0.07,,,,,,,,,
10,0.1,0.0,1.0,1.0,activity_normalized,A,1.0,1.0,1.0,0.051250000000000004,0.02,0.08,0.051250000000000004,0.02,0.08,,,,,,,,,
10,0.1,0.0,1.0,1.0,activity_normalized,B,1.0,1.0,1.0,0.0425,0.02,0.07,0.0425,0.02,0.07,,,,,,,,,
10,0.1,0.0,1.0,1.0,counterfactual_fraction,A,0.0,0.0,0.0,0.0,0.0,0.0,0.051250000000000004,0.02,0.08,,,,,,,,,
10,0.1,0.0,1.0,1.0,counterfactual_fraction,B,0.0,0.0,0.0,0.0,0.0,0.0,0.0425,0.02,0.07,,,,,,,,,
10,0.1,0.0,1.0,1.0,raw,A,1.0,1.0,1.0,0.051250000000000004,0.02,0.08,0.051250000000000004,0.02,0.08,,,,,,,,,
10,0.1,0.0,1.0,1.0,raw,B,1.0,1.0,1.0,0.0425,0.02,0.07,0.0425,0.02,0.07,,,,,,,,,
10,0.1,0.1,0.0,0.0,activity_normalized,A,0.9825,0.92,1.0,0.81125,0.74,0.85,0.8275,0.75,0.88,0.495,0.46,0.505,0.409375,0.37,0.435,0.49313125,0.45,0.505
10,0.1,0.1,0.0,0.0,activity_normalized,B,0.9924999999999999,0.98,1.0,0.805,0.76,0.86,0.8125,0.76,0.86,0.495,0.46,0.505,0.409375,0.37,0.435,0.49313125,0.45,0.505
10,0.1,0.1,0.0,0.0,counterfactual_fraction,A,0.0,0.0,0.0,0.0,0.0,0.0,0.8275,0.75,0.88,0.5,0.5,0.5,0.40625,0.38,0.43,0.5,0.5,0.5
10,0.1,0.1,0.0,0.0,counterfactual_fraction,B,0.0,0.0,0.0,0.0,0.0,0.0,0.8125,0.76,0.86,0.5,0.5,0.5,0.40625,0.38,0.43,0.5,0.5,0.5
10,0.1,0.1,0.0,0.0,raw,A,1.0,1.0,1.0,0.8275,0.75,0.88,0.8275,0.75,0.88,0.5,0.5,0.5,0.41375,0.375,0.44,0.49315625,0.45,0.505
10,0.1,0.1,0.0,0.0,raw,B,1.0,1.0,1.0,0.8125,0.76,0.86,0.8125,0.76,0.86,0.5,0.5,0.5,0.41375,0.375,0.44,0.49315625,0.45,0.505
10,0.1,0.1,0.0,1.0,activity_normalized,A,0.99875,0.99,1.0,0.8262499999999999,0.75,0.88,0.8275,0.75,0.88,0.5,0.495,0.505,0.41375,0.375,0.44,0.49315625,0.45,0.505
10,0.1,0.1,0.0,1.0,activity_normalized,B,0.99875,0.99,1.0,0.81125,0.76,0.86,0.8125,0.76,0.86,0.5,0.495,0.505,0.41375,0.375,0.44,0.49315625,0.45,0.505
10,0.1,0.1,0.0,1.0,counterfactual_fraction,A,0.02125,0.0,0.1,0.02,0.0,0.1,0.8275,0.75,0.88,0.506875,0.495,0.55,0.4125,0.4,0.43,0.5069125,0.495,0.55
10,0.1,0.1,0.0,1.0,counterfactual_fraction,B,0.0075,0.0,0.02,0.0075,0.0,0.02,0.8125,0.76,0.86,0.506875,0.495,0.55,0.4125,0.4,0.43,0.5069125,0.495,0.55
10,0.1,0.1,0.0,1.0,raw,A,1.0,1.0,1.0,0.8275,0.75,0.88,0.8275,0.75,0.88,0.5,0.5,0.5,0.41375,0.375,0.44,0.49316875,0.45,0.505
10,0.1,0.1,0.0,1.0,raw,B,1.0,1.0,1.0,0.8125,0.76,0.86,0.8125,0.76,0.86,0.5,0.5,0.5,0.41375,0.375,0.44,0.49316875,0.45,0.505
10,0.1,0.1,1.0,0.0,activity_normalized,A,0.9825,0.92,1.0,0.81125,0.74,0.85,0.8275,0.75,0.88,0.495,0.46,0.505,0.409375,0.37,0.435,0.4931375,0.45,0.50505
10,0.1,0.1,1.0,0.0,activity_normalized,B,0.9924999999999999,0.98,1.0,0.805,0.76,0.86,0.8125,0.76,0.86,0.495,0.46,0.505,0.409375,0.37,0.435,0.4931375,0.45,0.50505
10,0.1,0.1,1.0,0.0,counterfactual_fraction,A,0.0,0.0,0.0,0.0,0.0,0.0,0.8275,0.75,0.88,0.5,0.5,0.5,0.40625,0.38,0.43,0.5,0.5,0.5
10,0.1,0.1,1.0,0.0,counterfactual_fraction,B,0.0,0.0,0.0,0.0,0.0,0.0,0.8125,0.76,0.86,0.5,0.5,0.5,0.40625,0.38,0.43,0.5,0.5,0.5
10,0.1,0.1,1.0,0.0,raw,A,1.0,1.0,1.0,0.8275,0.75,0.88,0.8275,0.75,0.88,0.5,0.5,0.5,0.41375,0.375,0.44,0.49315625,0.45,0.505
10,0.1,0.1,1.0,0.0,raw,B,1.0,1.0,1.0,0.8125,0.76,0.86,0.8125,0.76,0.86,0.5,0.5,0.5,0.41375,0.375,0.44,0.49315625,0.45,0.505
10,0.1,0.1,1.0,1.0,activity_normalized,A,0.99875,0.99,1.0,0.8262499999999999,0.75,0.88,0.8275,0.75,0.88,0.5,0.495,0.505,0.41375,0.375,0.44,0.4931625,0.45,0.50505
10,0.1,0.1,1.0,1.0,activity_normalized,B,0.99875,0.99,1.0,0.81125,0.76,0.86,0.8125,0.76,0.86,0.5,0.495,0.505,0.41375,0.375,0.44,0.4931625,0.45,0.50505
10,0.1,0.1,1.0,1.0,counterfactual_fraction,A,0.02125,0.0,0.1,0.02,0.0,0.1,0.8275,0.75,0.88,0.506875,0.495,0.55,0.4125,0.4,0.43,0.5069125,0.495,0.55
10,0.1,0.1,1.0,1.0,counterfactual_fraction,B,0.0075,0.0,0.02,0.0075,0.0,0.02,0.8125,0.76,0.86,0.506875,0.495,0.55,0.4125,0.4,0.43,0.5069125,0.495,0.55
10,0.1,0.1,1.0,1.0,raw,A,1.0,1.0,1.0,0.8275,0.75,0.88,0.8275,0.75,0.88,0.5,0.5,0.5,0.41375,0.375,0.44,0.49316875,0.45,0.505
10,0.1,0.1,1.0,1.0,raw,B,1.0,1.0,1.0,0.8125,0.76,0.86,0.8125,0.76,0.86,0.5,0.5,0.5,0.41375,0.375,0.44,0.49316875,0.45,0.505
10,0.1,0.25,0.0,0.0,activity_normalized,A,0.77875,0.52,0.95,0.77875,0.52,0.95,1.0,1.0,1.0,0.52875,0.42,0.65,0.52875,0.42,0.65,0.4965375,0.24805,0.6542
10,0.1,0.25,0.0,0.0,activity_normalized,B,0.72125,0.45,0.9,0.72125,0.45,0.9,1.0,1.0,1.0,0.52875,0.42,0.65,0.52875,0.42,0.65,0.4965375,0.24805,0.6542
10,0.1,0.25,0.0,0.0,counterfactual_fraction,A,0.0,0.0,0.0,0.0,0.0,0.0,1.0,1.0,1.0,0.5,0.5,0.5,0.5,0.5,0.5,0.5,0.5,0.5
10,0.1,0.25,0.0,0.0,counterfactual_fraction,B,0.0,0.0,0.0,0.0,0.0,0.0,1.0,1.0,1.0,0.5,0.5,0.5,0.5,0.5,0.5,0.5,0.5,0.5
10,0.1,0.25,0.0,0.0,raw,A,1.0,1.0,1.0,1.0,1.0,1.0,1.0,1.0,1.0,0.5,0.5,0.5,0.5,0.5,0.5,0.4886625,0.1961,0.6573
10,0.1,0.25,0.0,0.0,raw,B,1.0,1.0,1.0,1.0,1.0,1.0,1.0,1.0,1.0,0.5,0.5,0.5,0.5,0.5,0.5,0.4886625,0.1961,0.6573
10,0.1,0.25,0.0,1.0,activity_normalized,A,0.9975,0.99,1.0,0.9975,0.99,1.0,1.0,1.0,1.0,0.505,0.5,0.515,0.505,0.5,0.515,0.49669375,0.2666,0.64545
10,0.1,0.25,0.0,1.0,activity_normalized,B,0.9875,0.97,1.0,0.9875,0.97,1.0,1.0,1.0,1.0,0.505,0.5,0.515,0.505,0.5,0.515,0.49669375,0.2666,0.64545
10,0.1,0.25,0.0,1.0,counterfactual_fraction,A,0.45625,0.09,0.89,0.45625,0.09,0.89,1.0,1.0,1.0,0.500625,0.36,0.77,0.500625,0.36,0.77,0.49330625,0.3453,0.80955
10,0.1,0.25,0.0,1.0,counterfactual_fraction,B,0.455,0.17,0.88,0.455,0.17,0.88,1.0,1.0,1.0,0.500625,0.36,0.77,0.500625,0.36,0.77,0.49330625,0.3453,0.80955
10,0.1,0.25,0.0,1.0,raw,A,1.0,1.0,1.0,1.0,1.0,1.0,1.0,1.0,1.0,0.5,0.5,0.5,0.5,0.5,0.5,0.497175,0.2559,0.649
10,0.1,0.25,0.0,1.0,raw,B,1.0,1.0,1.0,1.0,1.0,1.0,1.0,1.0,1.0,0.5,0.5,0.5,0.5,0.5,0.5,0.497175,0.2559,0.649
10,0.1,0.25,1.0,0.0,activity_normalized,A,0.77875,0.52,0.95,0.77875,0.52,0.95,1.0,1.0,1.0,0.528125,0.42,0.65,0.528125,0.42,0.65,0.49655,0.2483,0.6533
10,0.1,0.25,1.0,0.0,activity_normalized,B,0.7225,0.46,0.9,0.7225,0.46,0.9,1.0,1.0,1.0,0.528125,0.42,0.65,0.528125,0.42,0.65,0.49655,0.2483,0.6533
10,0.1,0.25,1.0,0.0,counterfactual_fraction,A,0.0,0.0,0.0,0.0,0.0,0.0,1.0,1.0,1.0,0.5,0.5,0.5,0.5,0.5,0.5,0.5,0.5,0.5
10,0.1,0.25,1.0,0.0,counterfactual_fraction,B,0.0,0.0,0.0,0.0,0.0,0.0,1.0,1.0,1.0,0.5,0.5,0.5,0.5,0.5,0.5,0.5,0.5,0.5
10,0.1,0.25,1.0,0.0,raw,A,1.0,1.0,1.0,1.0,1.0,1.0,1.0,1.0,1.0,0.5,0.5,0.5,0.5,0.5,0.5,0.48865000000000003,0.1965,0.6572
10,0.1,0.25,1.0,0.0,raw,B,1.0,1.0,1.0,1.0,1.0,1.0,1.0,1.0,1.0,0.5,0.5,0.5,0.5,0.5,0.5,0.48865000000000003,0.1965,0.6572
10,0.1,0.25,1.0,1.0,activity_normalized,A,0.9975,0.99,1.0,0.9975,0.99,1.0,1.0,1.0,1.0,0.505,0.5,0.515,0.505,0.5,0.515,0.4970875,0.26745,0.6458
10,0.1,0.25,1.0,1.0,activity_normalized,B,0.9875,0.97,1.0,0.9875,0.97,1.0,1.0,1.0,1.0,0.505,0.5,0.515,0.505,0.5,0.515,0.4970875,0.26745,0.6458
10,0.1,0.25,1.0,1.0,counterfactual_fraction,A,0.45625,0.09,0.89,0.45625,0.09,0.89,1.0,1.0,1.0,0.5,0.36,0.77,0.5,0.36,0.77,0.49355,0.3485,0.80985
10,0.1,0.25,1.0,1.0,counterfactual_fraction,B,0.45625,0.17,0.88,0.45625,0.17,0.88,1.0,1.0,1.0,0.5,0.36,0.77,0.5,0.36,0.77,0.49355,0.3485,0.80985
10,0.1,0.25,1.0,1.0,raw,A,1.0,1.0,1.0,1.0,1.0,1.0,1.0,1.0,1.0,0.5,0.5,0.5,0.5,0.5,0.5,0.4978625,0.2561,0.649
10,0.1,0.25,1.0,1.0,raw,B,1.0,1.0,1.0,1.0,1.0,1.0,1.0,1.0,1.0,0.5,0.5,0.5,0.5,0.5,0.5,0.4978625,0.2561,0.649
10,0.1,0.5,0.0,0.0,activity_normalized,A,0.275,0.01,0.93,0.275,0.01,0.93,1.0,1.0,1.0,0.535,0.24,0.73,0.535,0.24,0.73,0.5794125,0.1121,0.9438
10,0.1,0.5,0.0,0.0,activity_normalized,B,0.205,0.0,0.61,0.205,0.0,0.61,1.0,1.0,1.0,0.535,0.24,0.73,0.535,0.24,0.73,0.5794125,0.1121,0.9438
10,0.1,0.5,0.0,0.0,counterfactual_fraction,A,0.0,0.0,0.0,0.0,0.0,0.0,1.0,1.0,1.0,0.5,0.5,0.5,0.5,0.5,0.5,0.5,0.5,0.5
10,0.1,0.5,0.0,0.0,counterfactual_fraction,B,0.0,0.0,0.0,0.0,0.0,0.0,1.0,1.0,1.0,0.5,0.5,0.5,0.5,0.5,0.5,0.5,0.5,0.5
10,0.1,0.5,0.0,0.0,raw,A,1.0,1.0,1.0,1.0,1.0,1.0,1.0,1.0,1.0,0.5,0.5,0.5,0.5,0.5,0.5,0.501275,0.1017,0.9674
10,0.1,0.5,0.0,0.0,raw,B,1.0,1.0,1.0,1.0,1.0,1.0,1.0,1.0,1.0,0.5,0.5,0.5,0.5,0.5,0.5,0.501275,0.1017,0.9674
10,0.1,0.5,0.0,1.0,activity_normalized,A,0.97125,0.79,1.0,0.97125,0.79,1.0,1.0,1.0,1.0,0.599375,0.435,0.945,0.599375,0.435,0.945,0.771325,0.3373,1.0
10,0.1,0.5,0.0,1.0,activity_normalized,B,0.7725,0.11,0.98,0.7725,0.11,0.98,1.0,1.0,1.0,0.599375,0.435,0.945,0.599375,0.435,0.945,0.771325,0.3373,1.0
10,0.1,0.5,0.0,1.0,counterfactual_fraction,A,0.975,0.83,1.0,0.975,0.83,1.0,1.0,1.0,1.0,0.5687500000000001,0.46,0.8,0.5687500000000001,0.46,0.8,0.77005,0.3734,0.9984
10,0.1,0.5,0.0,1.0,counterfactual_fraction,B,0.8375,0.4,0.99,0.8375,0.4,0.99,1.0,1.0,1.0,0.5687500000000001,0.46,0.8,0.5687500000000001,0.46,0.8,0.77005,0.3734,0.9984
10,0.1,0.5,0.0,1.0,raw,A,1.0,1.0,1.0,1.0,1.0,1.0,1.0,1.0,1.0,0.5,0.5,0.5,0.5,0.5,0.5,0.737175,0.3145,0.9998
10,0.1,0.5,0.0,1.0,raw,B,1.0,1.0,1.0,1.0,1.0,1.0,1.0,1.0,1.0,0.5,0.5,0.5,0.5,0.5,0.5,0.737175,0.3145,0.9998
10,0.1,0.5,1.0,0.0,activity_normalized,A,0.32125,0.02,0.99,0.32125,0.02,0.99,1.0,1.0,1.0,0.53625,0.225,0.74,0.53625,0.225,0.74,0.589825,0.1333,0.9443
10,0.1,0.5,1.0,0.0,activity_normalized,B,0.24875,0.0,0.87,0.24875,0.0,0.87,1.0,1.0,1.0,0.53625,0.225,0.74,0.53625,0.225,0.74,0.589825,0.1333,0.9443
10,0.1,0.5,1.0,0.0,counterfactual_fraction,A,0.0,0.0,0.0,0.0,0.0,0.0,1.0,1.0,1.0,0.5,0.5,0.5,0.5,0.5,0.5,0.5,0.5,0.5
10,0.1,0.5,1.0,0.0,counterfactual_fraction,B,0.0,0.0,0.0,0.0,0.0,0.0,1.0,1.0,1.0,0.5,0.5,0.5,0.5,0.5,0.5,0.5,0.5,0.5
10,0.1,0.5,1.0,0.0,raw,A,1.0,1.0,1.0,1.0,1.0,1.0,1.0,1.0,1.0,0.5,0.5,0.5,0.5,0.5,0.5,0.5083625,0.1298,0.9686
10,0.1,0.5,1.0,0.0,raw,B,1.0,1.0,1.0,1.0,1.0,1.0,1.0,1.0,1.0,0.5,0.5,0.5,0.5,0.5,0.5,0.5083625,0.1298,0.9686
10,0.1,0.5,1.0,1.0,activity_normalized,A,0.99625,0.99,1.0,0.99625,0.99,1.0,1.0,1.0,1.0,0.584375,0.5,0.935,0.584375,0.5,0.935,0.79695,0.5839,1.0
10,0.1,0.5,1.0,1.0,activity_normalized,B,0.8275,0.13,0.99,0.8275,0.13,0.99,1.0,1.0,1.0,0.584375,0.5,0.935,0.584375,0.5,0.935,0.79695,0.5839,1.0
10,0.1,0.5,1.0,1.0,counterfactual_fraction,A,0.995,0.98,1.0,0.995,0.98,1.0,1.0,1.0,1.0,0.5575,0.49,0.77,0.5575,0.49,0.77,0.7949375,0.6003,0.9983
10,0.1,0.5,1.0,1.0,counterfactual_fraction,B,0.88,0.46,1.0,0.88,0.46,1.0,1.0,1.0,1.0,0.5575,0.49,0.77,0.5575,0.49,0.77,0.7949375,0.6003,0.9983
10,0.1,0.5,1.0,1.0,raw,A,1.0,1.0,1.0,1.0,1.0,1.0,1.0,1.0,1.0,0.5,0.5,0.5,0.5,0.5,0.5,0.7762,0.5567,0.9999
10,0.1,0.5,1.0,1.0,raw,B,1.0,1.0,1.0,1.0,1.0,1.0,1.0,1.0,1.0,0.5,0.5,0.5,0.5,0.5,0.5,0.7762,0.5567,0.9999
10,0.1,1.0,0.0,0.0,activity_normalized,A,0.1225,0.0,0.78,0.1225,0.0,0.78,1.0,1.0,1.0,0.558125,0.5,0.885,0.558125,0.5,0.885,0.501875,0.0,0.9867
10,0.1,1.0,0.0,0.0,activity_normalized,B,0.00625,0.0,0.04,0.00625,0.0,0.04,1.0,1.0,1.0,0.558125,0.5,0.885,0.558125,0.5,0.885,0.501875,0.0,0.9867
10,0.1,1.0,0.0,0.0,counterfactual_fraction,A,0.0,0.0,0.0,0.0,0.0,0.0,1.0,1.0,1.0,0.5,0.5,0.5,0.5,0.5,0.5,0.5,0.5,0.5
10,0.1,1.0,0.0,0.0,counterfactual_fraction,B,0.0,0.0,0.0,0.0,0.0,0.0,1.0,1.0,1.0,0.5,0.5,0.5,0.5,0.5,0.5,0.5,0.5,0.5
10,0.1,1.0,0.0,0.0,raw,A,0.0075,0.0,0.03,0.0075,0.0,0.03,1.0,1.0,1.0,0.50375,0.5,0.515,0.50375,0.5,0.515,0.4350125,0.0002,0.9804
10,0.1,1.0,0.0,0.0,raw,B,0.0,0.0,0.0,0.0,0.0,0.0,1.0,1.0,1.0,0.50375,0.5,0.515,0.50375,0.5,0.515,0.4350125,0.0002,0.9804
10,0.1,1.0,0.0,1.0,activity_normalized,A,0.14250000000000002,0.0,0.82,0.14250000000000002,0.0,0.82,1.0,1.0,1.0,0.57125,0.5,0.91,0.57125,0.5,0.91,0.841375,0.3776,1.0
10,0.1,1.0,0.0,1.0,activity_normalized,B,0.0,0.0,0.0,0.0,0.0,0.0,1.0,1.0,1.0,0.57125,0.5,0.91,0.57125,0.5,0.91,0.841375,0.3776,1.0
10,0.1,1.0,0.0,1.0,counterfactual_fraction,A,0.13999999999999999,0.0,0.71,0.13999999999999999,0.0,0.71,1.0,1.0,1.0,0.57,0.5,0.855,0.57,0.5,0.855,0.8850375,0.6881,1.0
10,0.1,1.0,0.0,1.0,counterfactual_fraction,B,0.0,0.0,0.0,0.0,0.0,0.0,1.0,1.0,1.0,0.57,0.5,0.855,0.57,0.5,0.855,0.8850375,0.6881,1.0
10,0.1,1.0,0.0,1.0,raw,A,0.07749999999999999,0.0,0.41,0.07749999999999999,0.0,0.41,1.0,1.0,1.0,0.53875,0.5,0.705,0.53875,0.5,0.705,0.6642625,0.2427,1.0
10,0.1,1.0,0.0,1.0,raw,B,0.0,0.0,0.0,0.0,0.0,0.0,1.0,1.0,1.0,0.53875,0.5,0.705,0.53875,0.5,0.705,0.6642625,0.2427,1.0
10,0.1,1.0,1.0,0.0,activity_normalized,A,0.51875,0.0,0.96,0.51875,0.0,0.96,1.0,1.0,1.0,0.651875,0.5,0.965,0.651875,0.5,0.965,0.6067125,0.007,0.9978
10,0.1,1.0,1.0,0.0,activity_normalized,B,0.215,0.0,0.52,0.215,0.0,0.52,1.0,1.0,1.0,0.651875,0.5,0.965,0.651875,0.5,0.965,0.6067125,0.007,0.9978
10,0.1,1.0,1.0,0.0,counterfactual_fraction,A,0.0,0.0,0.0,0.0,0.0,0.0,1.0,1.0,1.0,0.5,0.5,0.5,0.5,0.5,0.5,0.5,0.5,0.5
10,0.1,1.0,1.0,0.0,counterfactual_fraction,B,0.0,0.0,0.0,0.0,0.0,0.0,1.0,1.0,1.0,0.5,0.5,0.5,0.5,0.5,0.5,0.5,0.5,0.5
10,0.1,1.0,1.0,0.0,raw,A,0.41375,0.0,0.95,0.41375,0.0,0.95,1.0,1.0,1.0,0.56625,0.405,0.95,0.56625,0.405,0.95,0.4395375,0.0004,0.9934
10,0.1,1.0,1.0,0.0,raw,B,0.28125,0.0,0.87,0.28125,0.0,0.87,1.0,1.0,1.0,0.56625,0.405,0.95,0.56625,0.405,0.95,0.4395375,0.0004,0.9934
10,0.1,1.0,1.0,1.0,activity_normalized,A,0.9475,0.78,1.0,0.9475,0.78,1.0,1.0,1.0,1.0,0.9249999999999999,0.705,1.0,0.9249999999999999,0.705,1.0,0.9686375,0.8227,1.0
10,0.1,1.0,1.0,1.0,activity_normalized,B,0.0975,0.0,0.37,0.0975,0.0,0.37,1.0,1.0,1.0,0.9249999999999999,0.705,1.0,0.9249999999999999,0.705,1.0,0.9686375,0.8227,1.0
10,0.1,1.0,1.0,1.0,counterfactual_fraction,A,0.94625,0.73,1.0,0.94625,0.73,1.0,1.0,1.0,1.0,0.93625,0.76,1.0,0.93625,0.76,1.0,0.966425,0.81,1.0
10,0.1,1.0,1.0,1.0,counterfactual_fraction,B,0.07375,0.0,0.23,0.07375,0.0,0.23,1.0,1.0,1.0,0.93625,0.76,1.0,0.93625,0.76,1.0,0.966425,0.81,1.0
10,0.1,1.0,1.0,1.0,raw,A,0.885,0.66,1.0,0.885,0.66,1.0,1.0,1.0,1.0,0.895625,0.68,1.0,0.895625,0.68,1.0,0.94495,0.7404,1.0
10,0.1,1.0,1.0,1.0,raw,B,0.09375,0.0,0.3,0.09375,0.0,0.3,1.0,1.0,1.0,0.895625,0.68,1.0,0.895625,0.68,1.0,0.94495,0.7404,1.0
10,0.4,0.0,0.0,0.0,activity_normalized,A,0.37124999999999997,0.03,0.74,0.01875,0.0,0.04,0.05375,0.03,0.08,,,,,,,,,
10,0.4,0.0,0.0,0.0,activity_normalized,B,0.37875,0.09,0.71,0.01,0.0,0.02,0.05,0.01,0.07,,,,,,,,,
10,0.4,0.0,0.0,0.0,counterfactual_fraction,A,0.0,0.0,0.0,0.0,0.0,0.0,0.05375,0.03,0.08,,,,,,,,,
10,0.4,0.0,0.0,0.0,counterfactual_fraction,B,0.0,0.0,0.0,0.0,0.0,0.0,0.05,0.01,0.07,,,,,,,,,
10,0.4,0.0,0.0,0.0,raw,A,0.9924999999999999,0.98,1.0,0.052500000000000005,0.03,0.08,0.05375,0.03,0.08,,,,,,,,,
10,0.4,0.0,0.0,0.0,raw,B,0.9862500000000001,0.93,1.0,0.045,0.01,0.07,0.05,0.01,0.07,,,,,,,,,
10,0.4,0.0,0.0,1.0,activity_normalized,A,0.007500000000000001,0.0,0.02,0.0,0.0,0.0,0.05375,0.03,0.08,,,,,,,,,
10,0.4,0.0,0.0,1.0,activity_normalized,B,0.00875,0.0,0.03,0.0,0.0,0.0,0.05,0.01,0.07,,,,,,,,,
10,0.4,0.0,0.0,1.0,counterfactual_fraction,A,0.00875,0.0,0.02,0.0,0.0,0.0,0.05375,0.03,0.08,,,,,,,,,
10,0.4,0.0,0.0,1.0,counterfactual_fraction,B,0.01125,0.0,0.04,0.0,0.0,0.0,0.05,0.01,0.07,,,,,,,,,
10,0.4,0.0,0.0,1.0,raw,A,0.6025,0.43,0.69,0.015,0.0,0.02,0.05375,0.03,0.08,,,,,,,,,
10,0.4,0.0,0.0,1.0,raw,B,0.625,0.44,0.76,0.00875,0.0,0.02,0.05,0.01,0.07,,,,,,,,,
10,0.4,0.0,1.0,0.0,activity_normalized,A,0.42000000000000004,0.04,0.76,0.02125,0.0,0.04,0.05375,0.03,0.08,,,,,,,,,
10,0.4,0.0,1.0,0.0,activity_normalized,B,0.4525,0.1,0.73,0.02125,0.0,0.05,0.05,0.01,0.07,,,,,,,,,
10,0.4,0.0,1.0,0.0,counterfactual_fraction,A,0.0,0.0,0.0,0.0,0.0,0.0,0.05375,0.03,0.08,,,,,,,,,
10,0.4,0.0,1.0,0.0,counterfactual_fraction,B,0.0,0.0,0.0,0.0,0.0,0.0,0.05,0.01,0.07,,,,,,,,,
10,0.4,0.0,1.0,0.0,raw,A,1.0,1.0,1.0,0.05375,0.03,0.08,0.05375,0.03,0.08,,,,,,,,,
10,0.4,0.0,1.0,0.0,raw,B,0.99875,0.99,1.0,0.04875,0.01,0.07,0.05,0.01,0.07,,,,,,,,,
10,0.4,0.0,1.0,1.0,activity_normalized,A,0.01875,0.0,0.04,0.0,0.0,0.0,0.05375,0.03,0.08,,,,,,,,,
10,0.4,0.0,1.0,1.0,activity_normalized,B,0.02125,0.01,0.04,0.0,0.0,0.0,0.05,0.01,0.07,,,,,,,,,
10,0.4,0.0,1.0,1.0,counterfactual_fraction,A,0.01625,0.0,0.05,0.0,0.0,0.0,0.05375,0.03,0.08,,,,,,,,,
10,0.4,0.0,1.0,1.0,counterfactual_fraction,B,0.0175,0.01,0.04,0.0,0.0,0.0,0.05,0.01,0.07,,,,,,,,,
10,0.4,0.0,1.0,1.0,raw,A,0.76875,0.55,0.89,0.02875,0.01,0.05,0.05375,0.03,0.08,,,,,,,,,
10,0.4,0.0,1.0,1.0,raw,B,0.78375,0.55,0.86,0.0225,0.01,0.04,0.05,0.01,0.07,,,,,,,,,
10,0.4,0.1,0.0,0.0,activity_normalized,A,0.35875,0.02,0.76,0.045,0.0,0.12,0.135,0.08,0.17,0.50125,0.46,0.54,0.07625,0.055,0.095,0.50885,0.4663,0.5763
10,0.4,0.1,0.0,0.0,activity_normalized,B,0.35625,0.08,0.73,0.03625,0.0,0.08,0.14375,0.09,0.19,0.50125,0.46,0.54,0.07625,0.055,0.095,0.50885,0.4663,0.5763
10,0.4,0.1,0.0,0.0,counterfactual_fraction,A,0.0,0.0,0.0,0.0,0.0,0.0,0.135,0.08,0.17,0.5,0.5,0.5,0.071875,0.045,0.095,0.5,0.5,0.5
10,0.4,0.1,0.0,0.0,counterfactual_fraction,B,0.0,0.0,0.0,0.0,0.0,0.0,0.14375,0.09,0.19,0.5,0.5,0.5,0.071875,0.045,0.095,0.5,0.5,0.5
10,0.4,0.1,0.0,0.0,raw,A,0.98,0.95,1.0,0.12625,0.08,0.17,0.135,0.08,0.17,0.5025,0.49,0.525,0.07062500000000001,0.045,0.085,0.48460000000000003,0.4479,0.5053
10,0.4,0.1,0.0,0.0,raw,B,0.975,0.92,1.0,0.12875,0.08,0.18,0.14375,0.09,0.19,0.5025,0.49,0.525,0.07062500000000001,0.045,0.085,0.48460000000000003,0.4479,0.5053
10,0.4,0.1,0.0,1.0,activity_normalized,A,0.007500000000000001,0.0,0.02,0.00125,0.0,0.01,0.135,0.08,0.17,0.49875,0.49,0.51,0.0725,0.045,0.095,0.5055000000000001,0.4349,0.5556
10,0.4,0.1,0.0,1.0,activity_normalized,B,0.01,0.0,0.03,0.0,0.0,0.0,0.14375,0.09,0.19,0.49875,0.49,0.51,0.0725,0.045,0.095,0.5055000000000001,0.4349,0.5556
10,0.4,0.1,0.0,1.0,counterfactual_fraction,A,0.01,0.0,0.02,0.0,0.0,0.0,0.135,0.08,0.17,0.49875,0.485,0.51,0.07125000000000001,0.045,0.095,0.4990375,0.4245,0.5549
10,0.4,0.1,0.0,1.0,counterfactual_fraction,B,0.0125,0.0,0.04,0.00125,0.0,0.01,0.14375,0.09,0.19,0.49875,0.485,0.51,0.07125000000000001,0.045,0.095,0.4990375,0.4245,0.5549
10,0.4,0.1,0.0,1.0,raw,A,0.565,0.38,0.67,0.035,0.0,0.06,0.135,0.08,0.17,0.485,0.43,0.515,0.0675,0.04,0.11,0.48310000000000003,0.423,0.5111
10,0.4,0.1,0.0,1.0,raw,B,0.595,0.41,0.72,0.043750000000000004,0.01,0.07,0.14375,0.09,0.19,0.485,0.43,0.515,0.0675,0.04,0.11,0.48310000000000003,0.423,0.5111
10,0.4,0.1,1.0,0.0,activity_normalized,A,0.42250000000000004,0.04,0.78,0.0575,0.0,0.13,0.135,0.08,0.17,0.49875,0.475,0.52,0.073125,0.055,0.095,0.5047375000000001,0.4595,0.5738
10,0.4,0.1,1.0,0.0,activity_normalized,B,0.425,0.09,0.74,0.055,0.0,0.09,0.14375,0.09,0.19,0.49875,0.475,0.52,0.073125,0.055,0.095,0.5047375000000001,0.4595,0.5738
10,0.4,0.1,1.0,0.0,counterfactual_fraction,A,0.0,0.0,0.0,0.0,0.0,0.0,0.135,0.08,0.17,0.5,0.5,0.5,0.071875,0.045,0.095,0.5,0.5,0.5
10,0.4,0.1,1.0,0.0,counterfactual_fraction,B,0.0,0.0,0.0,0.0,0.0,0.0,0.14375,0.09,0.19,0.5,0.5,0.5,0.071875,0.045,0.095,0.5,0.5,0.5
10,0.4,0.1,1.0,0.0,raw,A,1.0,1.0,1.0,0.135,0.08,0.17,0.135,0.08,0.17,0.501875,0.5,0.51,0.06875,0.04,0.085,0.4846625,0.4473,0.5139
10,0.4,0.1,1.0,0.0,raw,B,0.99625,0.98,1.0,0.14125000000000001,0.09,0.19,0.14375,0.09,0.19,0.501875,0.5,0.51,0.06875,0.04,0.085,0.4846625,0.4473,0.5139
10,0.4,0.1,1.0,1.0,activity_normalized,A,0.0225,0.0,0.04,0.00375,0.0,0.02,0.135,0.08,0.17,0.495,0.47,0.51,0.071875,0.045,0.095,0.501725,0.4348,0.5493
10,0.4,0.1,1.0,1.0,activity_normalized,B,0.0325,0.01,0.08,0.00375,0.0,0.01,0.14375,0.09,0.19,0.495,0.47,0.51,0.071875,0.045,0.095,0.501725,0.4348,0.5493
10,0.4,0.1,1.0,1.0,counterfactual_fraction,A,0.02625,0.01,0.05,0.005,0.0,0.02,0.135,0.08,0.17,0.500625,0.49,0.51,0.07250000000000001,0.05,0.095,0.4967625,0.4308,0.5405
10,0.4,0.1,1.0,1.0,counterfactual_fraction,B,0.025,0.01,0.04,0.00375,0.0,0.01,0.14375,0.09,0.19,0.500625,0.49,0.51,0.07250000000000001,0.05,0.095,0.4967625,0.4308,0.5405
10,0.4,0.1,1.0,1.0,raw,A,0.76625,0.54,0.9,0.0775,0.01,0.11,0.135,0.08,0.17,0.496875,0.435,0.54,0.07,0.045,0.09,0.482775,0.4162,0.5188
10,0.4,0.1,1.0,1.0,raw,B,0.7725,0.55,0.86,0.08125,0.04,0.14,0.14375,0.09,0.19,0.496875,0.435,0.54,0.07,0.045,0.09,0.482775,0.4162,0.5188
10,0.4,0.25,0.0,0.0,activity_normalized,A,0.33625,0.01,0.78,0.14875,0.01,0.34,0.47625,0.42,0.52,0.52,0.465,0.57,0.23374999999999999,0.2,0.295,0.515975,0.4734,0.6021
10,0.4,0.25,0.0,0.0,activity_normalized,B,0.29625,0.05,0.72,0.11375,0.01,0.24,0.4325,0.34,0.49,0.52,0.465,0.57,0.23374999999999999,0.2,0.295,0.515975,0.4734,0.6021
10,0.4,0.25,0.0,0.0,counterfactual_fraction,A,0.0,0.0,0.0,0.0,0.0,0.0,0.47625,0.42,0.52,0.5,0.5,0.5,0.21625,0.17,0.245,0.5,0.5,0.5
10,0.4,0.25,0.0,0.0,counterfactual_fraction,B,0.0,0.0,0.0,0.0,0.0,0.0,0.4325,0.34,0.49,0.5,0.5,0.5,0.21625,0.17,0.245,0.5,0.5,0.5
10,0.4,0.25,0.0,0.0,raw,A,0.935,0.78,1.0,0.42375,0.26,0.52,0.47625,0.42,0.52,0.491875,0.45,0.515,0.233125,0.185,0.265,0.4889625,0.4252,0.5151
10,0.4,0.25,0.0,0.0,raw,B,0.95125,0.88,1.0,0.39,0.29,0.46,0.4325,0.34,0.49,0.491875,0.45,0.515,0.233125,0.185,0.265,0.4889625,0.4252,0.5151
10,0.4,0.25,0.0,1.0,activity_normalized,A,0.01,0.0,0.02,0.00375,0.0,0.01,0.47625,0.42,0.52,0.498125,0.48,0.51,0.218125,0.17,0.25,0.5211125,0.4434,0.5694
10,0.4,0.25,0.0,1.0,activity_normalized,B,0.01375,0.0,0.04,0.0,0.0,0.0,0.4325,0.34,0.49,0.498125,0.48,0.51,0.218125,0.17,0.25,0.5211125,0.4434,0.5694
10,0.4,0.25,0.0,1.0,counterfactual_fraction,A,0.01625,0.0,0.04,0.005,0.0,0.02,0.47625,0.42,0.52,0.500625,0.49,0.515,0.218125,0.17,0.25,0.5123,0.4263,0.5657
10,0.4,0.25,0.0,1.0,counterfactual_fraction,B,0.015000000000000001,0.0,0.04,0.00125,0.0,0.01,0.4325,0.34,0.49,0.500625,0.49,0.515,0.218125,0.17,0.25,0.5123,0.4263,0.5657
10,0.4,0.25,0.0,1.0,raw,A,0.47875,0.32,0.64,0.15125,0.07,0.24,0.47625,0.42,0.52,0.48624999999999996,0.445,0.52,0.22625,0.175,0.3,0.4939375,0.4429,0.529
10,0.4,0.25,0.0,1.0,raw,B,0.50625,0.36,0.67,0.13125,0.08,0.29,0.4325,0.34,0.49,0.48624999999999996,0.445,0.52,0.22625,0.175,0.3,0.4939375,0.4429,0.529
10,0.4,0.25,1.0,0.0,activity_normalized,A,0.425,0.04,0.83,0.20875,0.02,0.37,0.47625,0.42,0.52,0.51125,0.465,0.55,0.23125,0.2,0.26,0.510175,0.4476,0.6038
10,0.4,0.25,1.0,0.0,activity_normalized,B,0.40249999999999997,0.08,0.74,0.17875,0.01,0.3,0.4325,0.34,0.49,0.51125,0.465,0.55,0.23125,0.2,0.26,0.510175,0.4476,0.6038
10,0.4,0.25,1.0,0.0,counterfactual_fraction,A,0.0,0.0,0.0,0.0,0.0,0.0,0.47625,0.42,0.52,0.5,0.5,0.5,0.21625,0.17,0.245,0.5,0.5,0.5
10,0.4,0.25,1.0,0.0,counterfactual_fraction,B,0.0,0.0,0.0,0.0,0.0,0.0,0.4325,0.34,0.49,0.5,0.5,0.5,0.21625,0.17,0.245,0.5,0.5,0.5
10,0.4,0.25,1.0,0.0,raw,A,0.99875,0.99,1.0,0.475,0.41,0.52,0.47625,0.42,0.52,0.5025,0.5,0.51,0.240625,0.215,0.26,0.4889,0.4222,0.5194
10,0.4,0.25,1.0,0.0,raw,B,0.99375,0.97,1.0,0.42625,0.34,0.49,0.4325,0.34,0.49,0.5025,0.5,0.51,0.240625,0.215,0.26,0.4889,0.4222,0.5194
10,0.4,0.25,1.0,1.0,activity_normalized,A,0.0475,0.0,0.08,0.017499999999999998,0.0,0.04,0.47625,0.42,0.52,0.500625,0.48,0.525,0.22062500000000002,0.17,0.25,0.5152625,0.4418,0.5648
10,0.4,0.25,1.0,1.0,activity_normalized,B,0.04625,0.01,0.12,0.00875,0.0,0.02,0.4325,0.34,0.49,0.500625,0.48,0.525,0.22062500000000002,0.17,0.25,0.5152625,0.4418,0.5648
10,0.4,0.25,1.0,1.0,counterfactual_fraction,A,0.05,0.04,0.06,0.02,0.0,0.04,0.47625,0.42,0.52,0.49624999999999997,0.465,0.51,0.22125,0.175,0.26,0.507625,0.436,0.553
10,0.4,0.25,1.0,1.0,counterfactual_fraction,B,0.057499999999999996,0.03,0.12,0.01,0.0,0.02,0.4325,0.34,0.49,0.49624999999999997,0.465,0.51,0.22125,0.175,0.26,0.507625,0.436,0.553
10,0.4,0.25,1.0,1.0,raw,A,0.755,0.53,0.9,0.31625,0.18,0.43,0.47625,0.42,0.52,0.503125,0.455,0.545,0.23875,0.175,0.31,0.494075,0.4351,0.5257
10,0.4,0.25,1.0,1.0,raw,B,0.74875,0.5,0.86,0.27125,0.12,0.41,0.4325,0.34,0.49,0.503125,0.455,0.545,0.23875,0.175,0.31,0.494075,0.4351,0.5257
10,0.4,0.5,0.0,0.0,activity_normalized,A,0.26625,0.0,0.76,0.25625,0.0,0.74,0.9675,0.96,0.98,0.518125,0.485,0.57,0.5025,0.475,0.55,0.5221375,0.4427,0.5982
10,0.4,0.5,0.0,0.0,activity_normalized,B,0.23,0.01,0.75,0.22125,0.01,0.72,0.97,0.95,0.99,0.518125,0.485,0.57,0.5025,0.475,0.55,0.5221375,0.4427,0.5982
10,0.4,0.5,0.0,0.0,counterfactual_fraction,A,0.0,0.0,0.0,0.0,0.0,0.0,0.9675,0.96,0.98,0.5,0.5,0.5,0.485,0.475,0.495,0.5,0.5,0.5
10,0.4,0.5,0.0,0.0,counterfactual_fraction,B,0.0,0.0,0.0,0.0,0.0,0.0,0.97,0.95,0.99,0.5,0.5,0.5,0.485,0.475,0.495,0.5,0.5,0.5
10,0.4,0.5,0.0,0.0,raw,A,0.7325,0.37,0.9,0.7,0.35,0.86,0.9675,0.96,0.98,0.495,0.42,0.54,0.4775,0.405,0.52,0.4931125,0.3988,0.5427
10,0.4,0.5,0.0,0.0,raw,B,0.7424999999999999,0.53,0.91,0.715,0.5,0.87,0.97,0.95,0.99,0.495,0.42,0.54,0.4775,0.405,0.52,0.4931125,0.3988,0.5427
10,0.4,0.5,0.0,1.0,activity_normalized,A,0.0125,0.0,0.03,0.0125,0.0,0.03,0.9675,0.96,0.98,0.503125,0.495,0.515,0.488125,0.48,0.505,0.557625,0.4824,0.631
10,0.4,0.5,0.0,1.0,activity_normalized,B,0.00625,0.0,0.02,0.00625,0.0,0.02,0.97,0.95,0.99,0.503125,0.495,0.515,0.488125,0.48,0.505,0.557625,0.4824,0.631
10,0.4,0.5,0.0,1.0,counterfactual_fraction,A,0.02375,0.0,0.06,0.0225,0.0,0.06,0.9675,0.96,0.98,0.50125,0.49,0.515,0.486875,0.48,0.5,0.550825,0.4678,0.6427
10,0.4,0.5,0.0,1.0,counterfactual_fraction,B,0.02125,0.0,0.05,0.018750000000000003,0.0,0.05,0.97,0.95,0.99,0.50125,0.49,0.515,0.486875,0.48,0.5,0.550825,0.4678,0.6427
10,0.4,0.5,0.0,1.0,raw,A,0.2725,0.17,0.44,0.245,0.15,0.4,0.9675,0.96,0.98,0.505,0.46,0.545,0.486875,0.44,0.52,0.5153875,0.4748,0.5697
10,0.4,0.5,0.0,1.0,raw,B,0.2625,0.14,0.52,0.24125,0.13,0.48,0.97,0.95,0.99,0.505,0.46,0.545,0.486875,0.44,0.52,0.5153875,0.4748,0.5697
10,0.4,0.5,1.0,0.0,activity_normalized,A,0.40125,0.02,0.84,0.3875,0.02,0.82,0.9675,0.96,0.98,0.50625,0.47,0.54,0.49062500000000003,0.465,0.52,0.5150875,0.4074,0.6085
10,0.4,0.5,1.0,0.0,activity_normalized,B,0.38875,0.06,0.86,0.37625,0.06,0.83,0.97,0.95,0.99,0.50625,0.47,0.54,0.49062500000000003,0.465,0.52,0.5150875,0.4074,0.6085
10,0.4,0.5,1.0,0.0,counterfactual_fraction,A,0.0,0.0,0.0,0.0,0.0,0.0,0.9675,0.96,0.98,0.5,0.5,0.5,0.485,0.475,0.495,0.5,0.5,0.5
10,0.4,0.5,1.0,0.0,counterfactual_fraction,B,0.0,0.0,0.0,0.0,0.0,0.0,0.97,0.95,0.99,0.5,0.5,0.5,0.485,0.475,0.495,0.5,0.5,0.5
10,0.4,0.5,1.0,0.0,raw,A,0.9575,0.74,1.0,0.9249999999999999,0.72,0.97,0.9675,0.96,0.98,0.49375,0.43,0.525,0.4775,0.42,0.505,0.495525,0.3908,0.5522
10,0.4,0.5,1.0,0.0,raw,B,0.97,0.88,1.0,0.94,0.84,0.99,0.97,0.95,0.99,0.49375,0.43,0.525,0.4775,0.42,0.505,0.495525,0.3908,0.5522
10,0.4,0.5,1.0,1.0,activity_normalized,A,0.17375000000000002,0.06,0.25,0.165,0.06,0.24,0.9675,0.96,0.98,0.5231250000000001,0.485,0.555,0.506875,0.475,0.535,0.553425,0.4805,0.6063
10,0.4,0.5,1.0,1.0,activity_normalized,B,0.1275,0.05,0.25,0.12125,0.05,0.25,0.97,0.95,0.99,0.5231250000000001,0.485,0.555,0.506875,0.475,0.535,0.553425,0.4805,0.6063
10,0.4,0.5,1.0,1.0,counterfactual_fraction,A,0.19,0.14,0.26,0.18125,0.13,0.24,0.9675,0.96,0.98,0.516875,0.47,0.56,0.499375,0.46,0.535,0.5460875000000001,0.4626,0.6166
10,0.4,0.5,1.0,1.0,counterfactual_fraction,B,0.15625,0.07,0.27,0.1525,0.07,0.25,0.97,0.95,0.99,0.516875,0.47,0.56,0.499375,0.46,0.535,0.5460875000000001,0.4626,0.6166
10,0.4,0.5,1.0,1.0,raw,A,0.74375,0.54,0.89,0.7125,0.51,0.85,0.9675,0.96,0.98,0.5275,0.485,0.58,0.510625,0.475,0.56,0.5274625,0.4806,0.581
10,0.4,0.5,1.0,1.0,raw,B,0.68875,0.43,0.84,0.66125,0.41,0.8,0.97,0.95,0.99,0.5275,0.485,0.58,0.510625,0.475,0.56,0.5274625,0.4806,0.581
10,0.4,1.0,0.0,0.0,activity_normalized,A,0.145,0.0,0.75,0.145,0.0,0.75,1.0,1.0,1.0,0.50875,0.49,0.53,0.50875,0.49,0.53,0.5330125,0.3878,0.6741
10,0.4,1.0,0.0,0.0,activity_normalized,B,0.1275,0.0,0.69,0.1275,0.0,0.69,1.0,1.0,1.0,0.50875,0.49,0.53,0.50875,0.49,0.53,0.5330125,0.3878,0.6741
10,0.4,1.0,0.0,0.0,counterfactual_fraction,A,0.0,0.0,0.0,0.0,0.0,0.0,1.0,1.0,1.0,0.5,0.5,0.5,0.5,0.5,0.5,0.5,0.5,0.5
10,0.4,1.0,0.0,0.0,counterfactual_fraction,B,0.0,0.0,0.0,0.0,0.0,0.0,1.0,1.0,1.0,0.5,0.5,0.5,0.5,0.5,0.5,0.5,0.5,0.5
10,0.4,1.0,0.0,0.0,raw,A,0.026250000000000002,0.0,0.07,0.026250000000000002,0.0,0.07,1.0,1.0,1.0,0.500625,0.485,0.515,0.500625,0.485,0.515,0.4931,0.3298,0.6
10,0.4,1.0,0.0,0.0,raw,B,0.025,0.0,0.08,0.025,0.0,0.08,1.0,1.0,1.0,0.500625,0.485,0.515,0.500625,0.485,0.515,0.4931,0.3298,0.6
10,0.4,1.0,0.0,1.0,activity_normalized,A,0.0,0.0,0.0,0.0,0.0,0.0,1.0,1.0,1.0,0.5,0.5,0.5,0.5,0.5,0.5,0.652025,0.5256,0.7875
10,0.4,1.0,0.0,1.0,activity_normalized,B,0.0,0.0,0.0,0.0,0.0,0.0,1.0,1.0,1.0,0.5,0.5,0.5,0.5,0.5,0.5,0.652025,0.5256,0.7875
10,0.4,1.0,0.0,1.0,counterfactual_fraction,A,0.005,0.0,0.03,0.005,0.0,0.03,1.0,1.0,1.0,0.501875,0.5,0.51,0.501875,0.5,0.51,0.6490750000000001,0.4915,0.7713
10,0.4,1.0,0.0,1.0,counterfactual_fraction,B,0.00125,0.0,0.01,0.00125,0.0,0.01,1.0,1.0,1.0,0.501875,0.5,0.51,0.501875,0.5,0.51,0.6490750000000001,0.4915,0.7713
10,0.4,1.0,0.0,1.0,raw,A,0.0025,0.0,0.01,0.0025,0.0,0.01,1.0,1.0,1.0,0.499375,0.49,0.505,0.499375,0.49,0.505,0.5657125000000001,0.4881,0.648
10,0.4,1.0,0.0,1.0,raw,B,0.00375,0.0,0.03,0.00375,0.0,0.03,1.0,1.0,1.0,0.499375,0.49,0.505,0.499375,0.49,0.505,0.5657125000000001,0.4881,0.648
10,0.4,1.0,1.0,0.0,activity_normalized,A,0.435,0.0,0.96,0.435,0.0,0.96,1.0,1.0,1.0,0.518125,0.44,0.59,0.518125,0.44,0.59,0.519725,0.3202,0.6736
10,0.4,1.0,1.0,0.0,activity_normalized,B,0.39875,0.02,0.98,0.39875,0.02,0.98,1.0,1.0,1.0,0.518125,0.44,0.59,0.518125,0.44,0.59,0.519725,0.3202,0.6736
10,0.4,1.0,1.0,0.0,counterfactual_fraction,A,0.0,0.0,0.0,0.0,0.0,0.0,1.0,1.0,1.0,0.5,0.5,0.5,0.5,0.5,0.5,0.5,0.5,0.5
10,0.4,1.0,1.0,0.0,counterfactual_fraction,B,0.0,0.0,0.0,0.0,0.0,0.0,1.0,1.0,1.0,0.5,0.5,0.5,0.5,0.5,0.5,0.5,0.5,0.5
10,0.4,1.0,1.0,0.0,raw,A,0.45375,0.01,0.82,0.45375,0.01,0.82,1.0,1.0,1.0,0.516875,0.425,0.59,0.516875,0.425,0.59,0.495575,0.286,0.6321
10,0.4,1.0,1.0,0.0,raw,B,0.42,0.01,0.79,0.42,0.01,0.79,1.0,1.0,1.0,0.516875,0.425,0.59,0.516875,0.425,0.59,0.495575,0.286,0.6321
10,0.4,1.0,1.0,1.0,activity_normalized,A,0.56375,0.41,0.82,0.56375,0.41,0.82,1.0,1.0,1.0,0.639375,0.545,0.735,0.639375,0.545,0.735,0.6873374999999999,0.5636,0.8026
10,0.4,1.0,1.0,1.0,activity_normalized,B,0.285,0.1,0.58,0.285,0.1,0.58,1.0,1.0,1.0,0.639375,0.545,0.735,0.639375,0.545,0.735,0.6873374999999999,0.5636,0.8026
10,0.4,1.0,1.0,1.0,counterfactual_fraction,A,0.6,0.45,0.75,0.6,0.45,0.75,1.0,1.0,1.0,0.6375,0.51,0.765,0.6375,0.51,0.765,0.6835,0.5226,0.8402
10,0.4,1.0,1.0,1.0,counterfactual_fraction,B,0.325,0.11,0.57,0.325,0.11,0.57,1.0,1.0,1.0,0.6375,0.51,0.765,0.6375,0.51,0.765,0.6835,0.5226,0.8402
10,0.4,1.0,1.0,1.0,raw,A,0.5725,0.33,0.77,0.5725,0.33,0.77,1.0,1.0,1.0,0.591875,0.5,0.685,0.591875,0.5,0.685,0.6492249999999999,0.5442,0.7807
10,0.4,1.0,1.0,1.0,raw,B,0.38875000000000004,0.16,0.77,0.38875000000000004,0.16,0.77,1.0,1.0,1.0,0.591875,0.5,0.685,0.591875,0.5,0.685,0.6492249999999999,0.5442,0.7807
