noise_repeat,noise,input_seed,blank_seed,input_gain,theta_factor,apl_strength,odor_key,name,accuracy,test_silent_fraction,silent_error_mass,active_error_mass,accuracy_if_active
0,0.02,210000,220000,1.0,0.0,0.0,FERIUCNNQQJTOY-UHFFFAOYSA-N,butyric acid,1.0,0.0,0.0,0.0,1.0
0,0.02,210000,220000,1.0,0.0,0.0,HIGQPQRQIQDZMP-DHZHZOJOSA-N,geranyl acetate,1.0,0.0,0.0,0.0,1.0
0,0.02,210000,220000,1.0,0.0,0.0,MBDOYVRWFFCFHM-SNAWJCMRSA-N,E2-hexenal,1.0,0.0,0.0,0.0,1.0
0,0.02,210000,220000,1.0,0.0,0.0,CSCPPACGZOOCGX-UHFFFAOYSA-N,acetone,1.0,0.0,0.0,0.0,1.0
0,0.02,210000,220000,1.0,0.0,0.0,ZWEHNKRNPOVVGH-UHFFFAOYSA-N,2-butanone,1.0,0.0,0.0,0.0,1.0
0,0.02,210000,220000,1.0,0.0,0.0,CATSNJVOTSVZJV-UHFFFAOYSA-N,2-heptanone,1.0,0.0,0.0,0.0,1.0
0,0.02,210000,220000,1.0,0.0,0.0,QSJXEFYPDANLFS-UHFFFAOYSA-N,"2,3-butanedione",1.0,0.0,0.0,0.0,1.0
0,0.02,210000,220000,1.0,0.0,0.0,WRMNZCZEMHIOCP-UHFFFAOYSA-N,phenethyl alcohol,1.0,0.0,0.0,0.0,1.0
0,0.02,210000,220000,1.0,0.0,0.0,OSWPMRLSEDHDFF-UHFFFAOYSA-N,methyl salicylate,1.0,0.0,0.0,0.0,1.0
0,0.02,210000,220000,1.0,0.0,0.0,HUMNYLRZRPPJDN-UHFFFAOYSA-N,benzaldehyde,1.0,0.0,0.0,0.0,1.0
0,0.02,210000,220000,1.0,0.0,0.0,RRAFCDWBNXTKKO-UHFFFAOYSA-N,eugenol,1.0,0.0,0.0,0.0,1.0
0,0.02,210000,220000,1.0,0.0,0.0,LRHPLDYGYMQRHN-UHFFFAOYSA-N,1-butanol,1.0,0.0,0.0,0.0,1.0
0,0.02,210000,220000,1.0,0.0,0.0,ZSIAUFGUXNUGDI-UHFFFAOYSA-N,1-hexanol,1.0,0.0,0.0,0.0,1.0
0,0.02,210000,220000,1.0,0.0,0.0,PHTQWCKDNZKARW-UHFFFAOYSA-N,3-methyl-butanol,1.0,0.0,0.0,0.0,1.0
0,0.02,210000,220000,1.0,0.0,0.0,VSMOENVRRABVKN-UHFFFAOYSA-N,1-octen-3-ol,1.0,0.0,0.0,0.0,1.0
0,0.02,210000,220000,1.0,0.0,0.0,XEKOWRVHYACXOJ-UHFFFAOYSA-N,ethyl acetate,1.0,0.0,0.0,0.0,1.0
0,0.02,210000,220000,1.0,0.0,0.0,MLFHJEHSLIIPHL-UHFFFAOYSA-N,isopentyl acetate,1.0,0.0,0.0,0.0,1.0
0,0.02,210000,220000,1.0,0.0,0.0,OBNCKNCVKJNDBV-UHFFFAOYSA-N,ethyl butyrate,1.0,0.0,0.0,0.0,1.0
0,0.02,210000,220000,1.0,0.0,1.0,FERIUCNNQQJTOY-UHFFFAOYSA-N,butyric acid,1.0,0.0,0.0,0.0,1.0
0,0.02,210000,220000,1.0,0.0,1.0,HIGQPQRQIQDZMP-DHZHZOJOSA-N,geranyl acetate,1.0,0.0,0.0,0.0,1.0
0,0.02,210000,220000,1.0,0.0,1.0,MBDOYVRWFFCFHM-SNAWJCMRSA-N,E2-hexenal,1.0,0.0,0.0,0.0,1.0
0,0.02,210000,220000,1.0,0.0,1.0,CSCPPACGZOOCGX-UHFFFAOYSA-N,acetone,1.0,0.0,0.0,0.0,1.0
0,0.02,210000,220000,1.0,0.0,1.0,ZWEHNKRNPOVVGH-UHFFFAOYSA-N,2-butanone,1.0,0.0,0.0,0.0,1.0
0,0.02,210000,220000,1.0,0.0,1.0,CATSNJVOTSVZJV-UHFFFAOYSA-N,2-heptanone,1.0,0.0,0.0,0.0,1.0
0,0.02,210000,220000,1.0,0.0,1.0,QSJXEFYPDANLFS-UHFFFAOYSA-N,"2,3-butanedione",1.0,0.0,0.0,0.0,1.0
0,0.02,210000,220000,1.0,0.0,1.0,WRMNZCZEMHIOCP-UHFFFAOYSA-N,phenethyl alcohol,1.0,0.0,0.0,0.0,1.0
0,0.02,210000,220000,1.0,0.0,1.0,OSWPMRLSEDHDFF-UHFFFAOYSA-N,methyl salicylate,1.0,0.0,0.0,0.0,1.0
0,0.02,210000,220000,1.0,0.0,1.0,HUMNYLRZRPPJDN-UHFFFAOYSA-N,benzaldehyde,1.0,0.0,0.0,0.0,1.0
0,0.02,210000,220000,1.0,0.0,1.0,RRAFCDWBNXTKKO-UHFFFAOYSA-N,eugenol,1.0,0.0,0.0,0.0,1.0
0,0.02,210000,220000,1.0,0.0,1.0,LRHPLDYGYMQRHN-UHFFFAOYSA-N,1-butanol,1.0,0.0,0.0,0.0,1.0
0,0.02,210000,220000,1.0,0.0,1.0,ZSIAUFGUXNUGDI-UHFFFAOYSA-N,1-hexanol,1.0,0.0,0.0,0.0,1.0
0,0.02,210000,220000,1.0,0.0,1.0,PHTQWCKDNZKARW-UHFFFAOYSA-N,3-methyl-butanol,1.0,0.0,0.0,0.0,1.0
0,0.02,210000,220000,1.0,0.0,1.0,VSMOENVRRABVKN-UHFFFAOYSA-N,1-octen-3-ol,1.0,0.0,0.0,0.0,1.0
0,0.02,210000,220000,1.0,0.0,1.0,XEKOWRVHYACXOJ-UHFFFAOYSA-N,ethyl acetate,1.0,0.0,0.0,0.0,1.0
0,0.02,210000,220000,1.0,0.0,1.0,MLFHJEHSLIIPHL-UHFFFAOYSA-N,isopentyl acetate,1.0,0.0,0.0,0.0,1.0
0,0.02,210000,220000,1.0,0.0,1.0,OBNCKNCVKJNDBV-UHFFFAOYSA-N,ethyl butyrate,1.0,0.0,0.0,0.0,1.0
0,0.02,210000,220000,1.0,0.25,0.0,FERIUCNNQQJTOY-UHFFFAOYSA-N,butyric acid,1.0,0.0,0.0,0.0,1.0
0,0.02,210000,220000,1.0,0.25,0.0,HIGQPQRQIQDZMP-DHZHZOJOSA-N,geranyl acetate,1.0,0.0,0.0,0.0,1.0
0,0.02,210000,220000,1.0,0.25,0.0,MBDOYVRWFFCFHM-SNAWJCMRSA-N,E2-hexenal,1.0,0.0,0.0,0.0,1.0
0,0.02,210000,220000,1.0,0.25,0.0,CSCPPACGZOOCGX-UHFFFAOYSA-N,acetone,1.0,0.0,0.0,0.0,1.0
0,0.02,210000,220000,1.0,0.25,0.0,ZWEHNKRNPOVVGH-UHFFFAOYSA-N,2-butanone,1.0,0.0,0.0,0.0,1.0
0,0.02,210000,220000,1.0,0.25,0.0,CATSNJVOTSVZJV-UHFFFAOYSA-N,2-heptanone,1.0,0.0,0.0,0.0,1.0
0,0.02,210000,220000,1.0,0.25,0.0,QSJXEFYPDANLFS-UHFFFAOYSA-N,"2,3-butanedione",1.0,0.0,0.0,0.0,1.0
0,0.02,210000,220000,1.0,0.25,0.0,WRMNZCZEMHIOCP-UHFFFAOYSA-N,phenethyl alcohol,1.0,0.0,0.0,0.0,1.0
0,0.02,210000,220000,1.0,0.25,0.0,OSWPMRLSEDHDFF-UHFFFAOYSA-N,methyl salicylate,1.0,0.0,0.0,0.0,1.0
0,0.02,210000,220000,1.0,0.25,0.0,HUMNYLRZRPPJDN-UHFFFAOYSA-N,benzaldehyde,1.0,0.0,0.0,0.0,1.0
0,0.02,210000,220000,1.0,0.25,0.0,RRAFCDWBNXTKKO-UHFFFAOYSA-N,eugenol,1.0,0.0,0.0,0.0,1.0
0,0.02,210000,220000,1.0,0.25,0.0,LRHPLDYGYMQRHN-UHFFFAOYSA-N,1-butanol,1.0,0.0,0.0,0.0,1.0
0,0.02,210000,220000,1.0,0.25,0.0,ZSIAUFGUXNUGDI-UHFFFAOYSA-N,1-hexanol,1.0,0.0,0.0,0.0,1.0
0,0.02,210000,220000,1.0,0.25,0.0,PHTQWCKDNZKARW-UHFFFAOYSA-N,3-methyl-butanol,1.0,0.0,0.0,0.0,1.0
0,0.02,210000,220000,1.0,0.25,0.0,VSMOENVRRABVKN-UHFFFAOYSA-N,1-octen-3-ol,1.0,0.0,0.0,0.0,1.0
0,0.02,210000,220000,1.0,0.25,0.0,XEKOWRVHYACXOJ-UHFFFAOYSA-N,ethyl acetate,1.0,0.0,0.0,0.0,1.0
0,0.02,210000,220000,1.0,0.25,0.0,MLFHJEHSLIIPHL-UHFFFAOYSA-N,isopentyl acetate,1.0,0.0,0.0,0.0,1.0
0,0.02,210000,220000,1.0,0.25,0.0,OBNCKNCVKJNDBV-UHFFFAOYSA-N,ethyl butyrate,1.0,0.0,0.0,0.0,1.0
0,0.02,210000,220000,1.0,0.25,1.0,FERIUCNNQQJTOY-UHFFFAOYSA-N,butyric acid,1.0,0.0,0.0,0.0,1.0
0,0.02,210000,220000,1.0,0.25,1.0,HIGQPQRQIQDZMP-DHZHZOJOSA-N,geranyl acetate,1.0,0.0,0.0,0.0,1.0
0,0.02,210000,220000,1.0,0.25,1.0,MBDOYVRWFFCFHM-SNAWJCMRSA-N,E2-hexenal,1.0,0.0,0.0,0.0,1.0
0,0.02,210000,220000,1.0,0.25,1.0,CSCPPACGZOOCGX-UHFFFAOYSA-N,acetone,1.0,0.0,0.0,0.0,1.0
0,0.02,210000,220000,1.0,0.25,1.0,ZWEHNKRNPOVVGH-UHFFFAOYSA-N,2-butanone,1.0,0.0,0.0,0.0,1.0
0,0.02,210000,220000,1.0,0.25,1.0,CATSNJVOTSVZJV-UHFFFAOYSA-N,2-heptanone,1.0,0.0,0.0,0.0,1.0
0,0.02,210000,220000,1.0,0.25,1.0,QSJXEFYPDANLFS-UHFFFAOYSA-N,"2,3-butanedione",1.0,0.0,0.0,0.0,1.0
0,0.02,210000,220000,1.0,0.25,1.0,WRMNZCZEMHIOCP-UHFFFAOYSA-N,phenethyl alcohol,1.0,0.0,0.0,0.0,1.0
0,0.02,210000,220000,1.0,0.25,1.0,OSWPMRLSEDHDFF-UHFFFAOYSA-N,methyl salicylate,1.0,0.0,0.0,0.0,1.0
0,0.02,210000,220000,1.0,0.25,1.0,HUMNYLRZRPPJDN-UHFFFAOYSA-N,benzaldehyde,1.0,0.0,0.0,0.0,1.0
0,0.02,210000,220000,1.0,0.25,1.0,RRAFCDWBNXTKKO-UHFFFAOYSA-N,eugenol,1.0,0.0,0.0,0.0,1.0
0,0.02,210000,220000,1.0,0.25,1.0,LRHPLDYGYMQRHN-UHFFFAOYSA-N,1-butanol,1.0,0.0,0.0,0.0,1.0
0,0.02,210000,220000,1.0,0.25,1.0,ZSIAUFGUXNUGDI-UHFFFAOYSA-N,1-hexanol,1.0,0.0,0.0,0.0,1.0
0,0.02,210000,220000,1.0,0.25,1.0,PHTQWCKDNZKARW-UHFFFAOYSA-N,3-methyl-butanol,1.0,0.0,0.0,0.0,1.0
0,0.02,210000,220000,1.0,0.25,1.0,VSMOENVRRABVKN-UHFFFAOYSA-N,1-octen-3-ol,1.0,0.0,0.0,0.0,1.0
0,0.02,210000,220000,1.0,0.25,1.0,XEKOWRVHYACXOJ-UHFFFAOYSA-N,ethyl acetate,1.0,0.0,0.0,0.0,1.0
0,0.02,210000,220000,1.0,0.25,1.0,MLFHJEHSLIIPHL-UHFFFAOYSA-N,isopentyl acetate,1.0,0.0,0.0,0.0,1.0
0,0.02,210000,220000,1.0,0.25,1.0,OBNCKNCVKJNDBV-UHFFFAOYSA-N,ethyl butyrate,1.0,0.0,0.0,0.0,1.0
0,0.02,210000,220000,1.0,0.5,0.0,FERIUCNNQQJTOY-UHFFFAOYSA-N,butyric acid,1.0,0.0,0.0,0.0,1.0
0,0.02,210000,220000,1.0,0.5,0.0,HIGQPQRQIQDZMP-DHZHZOJOSA-N,geranyl acetate,1.0,0.0,0.0,0.0,1.0
0,0.02,210000,220000,1.0,0.5,0.0,MBDOYVRWFFCFHM-SNAWJCMRSA-N,E2-hexenal,1.0,0.0,0.0,0.0,1.0
0,0.02,210000,220000,1.0,0.5,0.0,CSCPPACGZOOCGX-UHFFFAOYSA-N,acetone,1.0,0.1,0.0,0.0,1.0
0,0.02,210000,220000,1.0,0.5,0.0,ZWEHNKRNPOVVGH-UHFFFAOYSA-N,2-butanone,1.0,0.0,0.0,0.0,1.0
0,0.02,210000,220000,1.0,0.5,0.0,CATSNJVOTSVZJV-UHFFFAOYSA-N,2-heptanone,1.0,0.0,0.0,0.0,1.0
0,0.02,210000,220000,1.0,0.5,0.0,QSJXEFYPDANLFS-UHFFFAOYSA-N,"2,3-butanedione",1.0,0.0,0.0,0.0,1.0
0,0.02,210000,220000,1.0,0.5,0.0,WRMNZCZEMHIOCP-UHFFFAOYSA-N,phenethyl alcohol,1.0,0.0,0.0,0.0,1.0
0,0.02,210000,220000,1.0,0.5,0.0,OSWPMRLSEDHDFF-UHFFFAOYSA-N,methyl salicylate,1.0,0.0,0.0,0.0,1.0
0,0.02,210000,220000,1.0,0.5,0.0,HUMNYLRZRPPJDN-UHFFFAOYSA-N,benzaldehyde,1.0,0.0,0.0,0.0,1.0
0,0.02,210000,220000,1.0,0.5,0.0,RRAFCDWBNXTKKO-UHFFFAOYSA-N,eugenol,1.0,0.0,0.0,0.0,1.0
0,0.02,210000,220000,1.0,0.5,0.0,LRHPLDYGYMQRHN-UHFFFAOYSA-N,1-butanol,0.95,0.0,0.0,0.05,0.95
0,0.02,210000,220000,1.0,0.5,0.0,ZSIAUFGUXNUGDI-UHFFFAOYSA-N,1-hexanol,1.0,0.0,0.0,0.0,1.0
0,0.02,210000,220000,1.0,0.5,0.0,PHTQWCKDNZKARW-UHFFFAOYSA-N,3-methyl-butanol,1.0,0.0,0.0,0.0,1.0
0,0.02,210000,220000,1.0,0.5,0.0,VSMOENVRRABVKN-UHFFFAOYSA-N,1-octen-3-ol,1.0,0.0,0.0,0.0,1.0
0,0.02,210000,220000,1.0,0.5,0.0,XEKOWRVHYACXOJ-UHFFFAOYSA-N,ethyl acetate,1.0,0.0,0.0,0.0,1.0
0,0.02,210000,220000,1.0,0.5,0.0,MLFHJEHSLIIPHL-UHFFFAOYSA-N,isopentyl acetate,1.0,0.0,0.0,0.0,1.0
0,0.02,210000,220000,1.0,0.5,0.0,OBNCKNCVKJNDBV-UHFFFAOYSA-N,ethyl butyrate,1.0,0.0,0.0,0.0,1.0
0,0.02,210000,220000,1.0,0.5,1.0,FERIUCNNQQJTOY-UHFFFAOYSA-N,butyric acid,1.0,0.0,0.0,0.0,1.0
0,0.02,210000,220000,1.0,0.5,1.0,HIGQPQRQIQDZMP-DHZHZOJOSA-N,geranyl acetate,1.0,0.0,0.0,0.0,1.0
0,0.02,210000,220000,1.0,0.5,1.0,MBDOYVRWFFCFHM-SNAWJCMRSA-N,E2-hexenal,1.0,0.0,0.0,0.0,1.0
0,0.02,210000,220000,1.0,0.5,1.0,CSCPPACGZOOCGX-UHFFFAOYSA-N,acetone,1.0,0.1,0.0,0.0,1.0
0,0.02,210000,220000,1.0,0.5,1.0,ZWEHNKRNPOVVGH-UHFFFAOYSA-N,2-butanone,1.0,0.0,0.0,0.0,1.0
0,0.02,210000,220000,1.0,0.5,1.0,CATSNJVOTSVZJV-UHFFFAOYSA-N,2-heptanone,1.0,0.0,0.0,0.0,1.0
0,0.02,210000,220000,1.0,0.5,1.0,QSJXEFYPDANLFS-UHFFFAOYSA-N,"2,3-butanedione",1.0,0.0,0.0,0.0,1.0
0,0.02,210000,220000,1.0,0.5,1.0,WRMNZCZEMHIOCP-UHFFFAOYSA-N,phenethyl alcohol,1.0,0.0,0.0,0.0,1.0
0,0.02,210000,220000,1.0,0.5,1.0,OSWPMRLSEDHDFF-UHFFFAOYSA-N,methyl salicylate,1.0,0.0,0.0,0.0,1.0
0,0.02,210000,220000,1.0,0.5,1.0,HUMNYLRZRPPJDN-UHFFFAOYSA-N,benzaldehyde,1.0,0.0,0.0,0.0,1.0
0,0.02,210000,220000,1.0,0.5,1.0,RRAFCDWBNXTKKO-UHFFFAOYSA-N,eugenol,1.0,0.0,0.0,0.0,1.0
0,0.02,210000,220000,1.0,0.5,1.0,LRHPLDYGYMQRHN-UHFFFAOYSA-N,1-butanol,0.95,0.0,0.0,0.05,0.95
0,0.02,210000,220000,1.0,0.5,1.0,ZSIAUFGUXNUGDI-UHFFFAOYSA-N,1-hexanol,1.0,0.0,0.0,0.0,1.0
0,0.02,210000,220000,1.0,0.5,1.0,PHTQWCKDNZKARW-UHFFFAOYSA-N,3-methyl-butanol,1.0,0.0,0.0,0.0,1.0
0,0.02,210000,220000,1.0,0.5,1.0,VSMOENVRRABVKN-UHFFFAOYSA-N,1-octen-3-ol,1.0,0.0,0.0,0.0,1.0
0,0.02,210000,220000,1.0,0.5,1.0,XEKOWRVHYACXOJ-UHFFFAOYSA-N,ethyl acetate,1.0,0.0,0.0,0.0,1.0
0,0.02,210000,220000,1.0,0.5,1.0,MLFHJEHSLIIPHL-UHFFFAOYSA-N,isopentyl acetate,1.0,0.0,0.0,0.0,1.0
0,0.02,210000,220000,1.0,0.5,1.0,OBNCKNCVKJNDBV-UHFFFAOYSA-N,ethyl butyrate,1.0,0.0,0.0,0.0,1.0
0,0.02,210000,220000,1.0,1.0,0.0,FERIUCNNQQJTOY-UHFFFAOYSA-N,butyric acid,0.25,0.75,0.75,0.0,1.0
0,0.02,210000,220000,1.0,1.0,0.0,HIGQPQRQIQDZMP-DHZHZOJOSA-N,geranyl acetate,0.2,0.75,0.75,0.05,0.8
0,0.02,210000,220000,1.0,1.0,0.0,MBDOYVRWFFCFHM-SNAWJCMRSA-N,E2-hexenal,1.0,0.0,0.0,0.0,1.0
0,0.02,210000,220000,1.0,1.0,0.0,CSCPPACGZOOCGX-UHFFFAOYSA-N,acetone,0.5,1.0,0.5,0.0,
0,0.02,210000,220000,1.0,1.0,0.0,ZWEHNKRNPOVVGH-UHFFFAOYSA-N,2-butanone,1.0,0.0,0.0,0.0,1.0
0,0.02,210000,220000,1.0,1.0,0.0,CATSNJVOTSVZJV-UHFFFAOYSA-N,2-heptanone,1.0,0.0,0.0,0.0,1.0
0,0.02,210000,220000,1.0,1.0,0.0,QSJXEFYPDANLFS-UHFFFAOYSA-N,"2,3-butanedione",1.0,0.0,0.0,0.0,1.0
0,0.02,210000,220000,1.0,1.0,0.0,WRMNZCZEMHIOCP-UHFFFAOYSA-N,phenethyl alcohol,1.0,0.0,0.0,0.0,1.0
0,0.02,210000,220000,1.0,1.0,0.0,OSWPMRLSEDHDFF-UHFFFAOYSA-N,methyl salicylate,0.5,1.0,0.5,0.0,
0,0.02,210000,220000,1.0,1.0,0.0,HUMNYLRZRPPJDN-UHFFFAOYSA-N,benzaldehyde,1.0,0.0,0.0,0.0,1.0
0,0.02,210000,220000,1.0,1.0,0.0,RRAFCDWBNXTKKO-UHFFFAOYSA-N,eugenol,0.95,0.0,0.0,0.05,0.95
0,0.02,210000,220000,1.0,1.0,0.0,LRHPLDYGYMQRHN-UHFFFAOYSA-N,1-butanol,0.95,0.0,0.0,0.05,0.95
0,0.02,210000,220000,1.0,1.0,0.0,ZSIAUFGUXNUGDI-UHFFFAOYSA-N,1-hexanol,1.0,0.0,0.0,0.0,1.0
0,0.02,210000,220000,1.0,1.0,0.0,PHTQWCKDNZKARW-UHFFFAOYSA-N,3-methyl-butanol,0.4,0.35,0.35,0.25,0.6153846153846154
0,0.02,210000,220000,1.0,1.0,0.0,VSMOENVRRABVKN-UHFFFAOYSA-N,1-octen-3-ol,1.0,0.0,0.0,0.0,1.0
0,0.02,210000,220000,1.0,1.0,0.0,XEKOWRVHYACXOJ-UHFFFAOYSA-N,ethyl acetate,1.0,0.0,0.0,0.0,1.0
0,0.02,210000,220000,1.0,1.0,0.0,MLFHJEHSLIIPHL-UHFFFAOYSA-N,isopentyl acetate,1.0,0.0,0.0,0.0,1.0
0,0.02,210000,220000,1.0,1.0,0.0,OBNCKNCVKJNDBV-UHFFFAOYSA-N,ethyl butyrate,1.0,0.0,0.0,0.0,1.0
0,0.02,210000,220000,1.0,1.0,1.0,FERIUCNNQQJTOY-UHFFFAOYSA-N,butyric acid,0.25,0.75,0.75,0.0,1.0
0,0.02,210000,220000,1.0,1.0,1.0,HIGQPQRQIQDZMP-DHZHZOJOSA-N,geranyl acetate,0.2,0.75,0.75,0.05,0.8
0,0.02,210000,220000,1.0,1.0,1.0,MBDOYVRWFFCFHM-SNAWJCMRSA-N,E2-hexenal,1.0,0.0,0.0,0.0,1.0
0,0.02,210000,220000,1.0,1.0,1.0,CSCPPACGZOOCGX-UHFFFAOYSA-N,acetone,0.5,1.0,0.5,0.0,
0,0.02,210000,220000,1.0,1.0,1.0,ZWEHNKRNPOVVGH-UHFFFAOYSA-N,2-butanone,1.0,0.0,0.0,0.0,1.0
0,0.02,210000,220000,1.0,1.0,1.0,CATSNJVOTSVZJV-UHFFFAOYSA-N,2-heptanone,1.0,0.0,0.0,0.0,1.0
0,0.02,210000,220000,1.0,1.0,1.0,QSJXEFYPDANLFS-UHFFFAOYSA-N,"2,3-butanedione",1.0,0.0,0.0,0.0,1.0
0,0.02,210000,220000,1.0,1.0,1.0,WRMNZCZEMHIOCP-UHFFFAOYSA-N,phenethyl alcohol,1.0,0.0,0.0,0.0,1.0
0,0.02,210000,220000,1.0,1.0,1.0,OSWPMRLSEDHDFF-UHFFFAOYSA-N,methyl salicylate,0.5,1.0,0.5,0.0,
0,0.02,210000,220000,1.0,1.0,1.0,HUMNYLRZRPPJDN-UHFFFAOYSA-N,benzaldehyde,1.0,0.0,0.0,0.0,1.0
0,0.02,210000,220000,1.0,1.0,1.0,RRAFCDWBNXTKKO-UHFFFAOYSA-N,eugenol,0.95,0.0,0.0,0.05,0.95
0,0.02,210000,220000,1.0,1.0,1.0,LRHPLDYGYMQRHN-UHFFFAOYSA-N,1-butanol,0.95,0.0,0.0,0.05,0.95
0,0.02,210000,220000,1.0,1.0,1.0,ZSIAUFGUXNUGDI-UHFFFAOYSA-N,1-hexanol,1.0,0.0,0.0,0.0,1.0
0,0.02,210000,220000,1.0,1.0,1.0,PHTQWCKDNZKARW-UHFFFAOYSA-N,3-methyl-butanol,0.4,0.35,0.35,0.25,0.6153846153846154
0,0.02,210000,220000,1.0,1.0,1.0,VSMOENVRRABVKN-UHFFFAOYSA-N,1-octen-3-ol,1.0,0.0,0.0,0.0,1.0
0,0.02,210000,220000,1.0,1.0,1.0,XEKOWRVHYACXOJ-UHFFFAOYSA-N,ethyl acetate,1.0,0.0,0.0,0.0,1.0
0,0.02,210000,220000,1.0,1.0,1.0,MLFHJEHSLIIPHL-UHFFFAOYSA-N,isopentyl acetate,1.0,0.0,0.0,0.0,1.0
0,0.02,210000,220000,1.0,1.0,1.0,OBNCKNCVKJNDBV-UHFFFAOYSA-N,ethyl butyrate,1.0,0.0,0.0,0.0,1.0
0,0.02,210000,220000,4.0,0.0,0.0,FERIUCNNQQJTOY-UHFFFAOYSA-N,butyric acid,1.0,0.0,0.0,0.0,1.0
0,0.02,210000,220000,4.0,0.0,0.0,HIGQPQRQIQDZMP-DHZHZOJOSA-N,geranyl acetate,1.0,0.0,0.0,0.0,1.0
0,0.02,210000,220000,4.0,0.0,0.0,MBDOYVRWFFCFHM-SNAWJCMRSA-N,E2-hexenal,1.0,0.0,0.0,0.0,1.0
0,0.02,210000,220000,4.0,0.0,0.0,CSCPPACGZOOCGX-UHFFFAOYSA-N,acetone,1.0,0.0,0.0,0.0,1.0
0,0.02,210000,220000,4.0,0.0,0.0,ZWEHNKRNPOVVGH-UHFFFAOYSA-N,2-butanone,1.0,0.0,0.0,0.0,1.0
0,0.02,210000,220000,4.0,0.0,0.0,CATSNJVOTSVZJV-UHFFFAOYSA-N,2-heptanone,1.0,0.0,0.0,0.0,1.0
0,0.02,210000,220000,4.0,0.0,0.0,QSJXEFYPDANLFS-UHFFFAOYSA-N,"2,3-butanedione",1.0,0.0,0.0,0.0,1.0
0,0.02,210000,220000,4.0,0.0,0.0,WRMNZCZEMHIOCP-UHFFFAOYSA-N,phenethyl alcohol,1.0,0.0,0.0,0.0,1.0
0,0.02,210000,220000,4.0,0.0,0.0,OSWPMRLSEDHDFF-UHFFFAOYSA-N,methyl salicylate,1.0,0.0,0.0,0.0,1.0
0,0.02,210000,220000,4.0,0.0,0.0,HUMNYLRZRPPJDN-UHFFFAOYSA-N,benzaldehyde,1.0,0.0,0.0,0.0,1.0
0,0.02,210000,220000,4.0,0.0,0.0,RRAFCDWBNXTKKO-UHFFFAOYSA-N,eugenol,1.0,0.0,0.0,0.0,1.0
0,0.02,210000,220000,4.0,0.0,0.0,LRHPLDYGYMQRHN-UHFFFAOYSA-N,1-butanol,1.0,0.0,0.0,0.0,1.0
0,0.02,210000,220000,4.0,0.0,0.0,ZSIAUFGUXNUGDI-UHFFFAOYSA-N,1-hexanol,1.0,0.0,0.0,0.0,1.0
0,0.02,210000,220000,4.0,0.0,0.0,PHTQWCKDNZKARW-UHFFFAOYSA-N,3-methyl-butanol,1.0,0.0,0.0,0.0,1.0
0,0.02,210000,220000,4.0,0.0,0.0,VSMOENVRRABVKN-UHFFFAOYSA-N,1-octen-3-ol,1.0,0.0,0.0,0.0,1.0
0,0.02,210000,220000,4.0,0.0,0.0,XEKOWRVHYACXOJ-UHFFFAOYSA-N,ethyl acetate,1.0,0.0,0.0,0.0,1.0
0,0.02,210000,220000,4.0,0.0,0.0,MLFHJEHSLIIPHL-UHFFFAOYSA-N,isopentyl acetate,1.0,0.0,0.0,0.0,1.0
0,0.02,210000,220000,4.0,0.0,0.0,OBNCKNCVKJNDBV-UHFFFAOYSA-N,ethyl butyrate,1.0,0.0,0.0,0.0,1.0
0,0.02,210000,220000,4.0,0.0,1.0,FERIUCNNQQJTOY-UHFFFAOYSA-N,butyric acid,1.0,0.0,0.0,0.0,1.0
0,0.02,210000,220000,4.0,0.0,1.0,HIGQPQRQIQDZMP-DHZHZOJOSA-N,geranyl acetate,1.0,0.0,0.0,0.0,1.0
0,0.02,210000,220000,4.0,0.0,1.0,MBDOYVRWFFCFHM-SNAWJCMRSA-N,E2-hexenal,1.0,0.0,0.0,0.0,1.0
0,0.02,210000,220000,4.0,0.0,1.0,CSCPPACGZOOCGX-UHFFFAOYSA-N,acetone,1.0,0.0,0.0,0.0,1.0
0,0.02,210000,220000,4.0,0.0,1.0,ZWEHNKRNPOVVGH-UHFFFAOYSA-N,2-butanone,1.0,0.0,0.0,0.0,1.0
0,0.02,210000,220000,4.0,0.0,1.0,CATSNJVOTSVZJV-UHFFFAOYSA-N,2-heptanone,1.0,0.0,0.0,0.0,1.0
0,0.02,210000,220000,4.0,0.0,1.0,QSJXEFYPDANLFS-UHFFFAOYSA-N,"2,3-butanedione",1.0,0.0,0.0,0.0,1.0
0,0.02,210000,220000,4.0,0.0,1.0,WRMNZCZEMHIOCP-UHFFFAOYSA-N,phenethyl alcohol,1.0,0.0,0.0,0.0,1.0
0,0.02,210000,220000,4.0,0.0,1.0,OSWPMRLSEDHDFF-UHFFFAOYSA-N,methyl salicylate,1.0,0.0,0.0,0.0,1.0
0,0.02,210000,220000,4.0,0.0,1.0,HUMNYLRZRPPJDN-UHFFFAOYSA-N,benzaldehyde,1.0,0.0,0.0,0.0,1.0
0,0.02,210000,220000,4.0,0.0,1.0,RRAFCDWBNXTKKO-UHFFFAOYSA-N,eugenol,1.0,0.0,0.0,0.0,1.0
0,0.02,210000,220000,4.0,0.0,1.0,LRHPLDYGYMQRHN-UHFFFAOYSA-N,1-butanol,1.0,0.0,0.0,0.0,1.0
0,0.02,210000,220000,4.0,0.0,1.0,ZSIAUFGUXNUGDI-UHFFFAOYSA-N,1-hexanol,1.0,0.0,0.0,0.0,1.0
0,0.02,210000,220000,4.0,0.0,1.0,PHTQWCKDNZKARW-UHFFFAOYSA-N,3-methyl-butanol,1.0,0.0,0.0,0.0,1.0
0,0.02,210000,220000,4.0,0.0,1.0,VSMOENVRRABVKN-UHFFFAOYSA-N,1-octen-3-ol,1.0,0.0,0.0,0.0,1.0
0,0.02,210000,220000,4.0,0.0,1.0,XEKOWRVHYACXOJ-UHFFFAOYSA-N,ethyl acetate,1.0,0.0,0.0,0.0,1.0
0,0.02,210000,220000,4.0,0.0,1.0,MLFHJEHSLIIPHL-UHFFFAOYSA-N,isopentyl acetate,1.0,0.0,0.0,0.0,1.0
0,0.02,210000,220000,4.0,0.0,1.0,OBNCKNCVKJNDBV-UHFFFAOYSA-N,ethyl butyrate,1.0,0.0,0.0,0.0,1.0
0,0.02,210000,220000,4.0,0.25,0.0,FERIUCNNQQJTOY-UHFFFAOYSA-N,butyric acid,1.0,0.0,0.0,0.0,1.0
0,0.02,210000,220000,4.0,0.25,0.0,HIGQPQRQIQDZMP-DHZHZOJOSA-N,geranyl acetate,1.0,0.0,0.0,0.0,1.0
0,0.02,210000,220000,4.0,0.25,0.0,MBDOYVRWFFCFHM-SNAWJCMRSA-N,E2-hexenal,1.0,0.0,0.0,0.0,1.0
0,0.02,210000,220000,4.0,0.25,0.0,CSCPPACGZOOCGX-UHFFFAOYSA-N,acetone,1.0,0.0,0.0,0.0,1.0
0,0.02,210000,220000,4.0,0.25,0.0,ZWEHNKRNPOVVGH-UHFFFAOYSA-N,2-butanone,1.0,0.0,0.0,0.0,1.0
0,0.02,210000,220000,4.0,0.25,0.0,CATSNJVOTSVZJV-UHFFFAOYSA-N,2-heptanone,1.0,0.0,0.0,0.0,1.0
0,0.02,210000,220000,4.0,0.25,0.0,QSJXEFYPDANLFS-UHFFFAOYSA-N,"2,3-butanedione",1.0,0.0,0.0,0.0,1.0
0,0.02,210000,220000,4.0,0.25,0.0,WRMNZCZEMHIOCP-UHFFFAOYSA-N,phenethyl alcohol,1.0,0.0,0.0,0.0,1.0
0,0.02,210000,220000,4.0,0.25,0.0,OSWPMRLSEDHDFF-UHFFFAOYSA-N,methyl salicylate,1.0,0.0,0.0,0.0,1.0
0,0.02,210000,220000,4.0,0.25,0.0,HUMNYLRZRPPJDN-UHFFFAOYSA-N,benzaldehyde,1.0,0.0,0.0,0.0,1.0
0,0.02,210000,220000,4.0,0.25,0.0,RRAFCDWBNXTKKO-UHFFFAOYSA-N,eugenol,1.0,0.0,0.0,0.0,1.0
0,0.02,210000,220000,4.0,0.25,0.0,LRHPLDYGYMQRHN-UHFFFAOYSA-N,1-butanol,1.0,0.0,0.0,0.0,1.0
0,0.02,210000,220000,4.0,0.25,0.0,ZSIAUFGUXNUGDI-UHFFFAOYSA-N,1-hexanol,1.0,0.0,0.0,0.0,1.0
0,0.02,210000,220000,4.0,0.25,0.0,PHTQWCKDNZKARW-UHFFFAOYSA-N,3-methyl-butanol,1.0,0.0,0.0,0.0,1.0
0,0.02,210000,220000,4.0,0.25,0.0,VSMOENVRRABVKN-UHFFFAOYSA-N,1-octen-3-ol,1.0,0.0,0.0,0.0,1.0
0,0.02,210000,220000,4.0,0.25,0.0,XEKOWRVHYACXOJ-UHFFFAOYSA-N,ethyl acetate,1.0,0.0,0.0,0.0,1.0
0,0.02,210000,220000,4.0,0.25,0.0,MLFHJEHSLIIPHL-UHFFFAOYSA-N,isopentyl acetate,1.0,0.0,0.0,0.0,1.0
0,0.02,210000,220000,4.0,0.25,0.0,OBNCKNCVKJNDBV-UHFFFAOYSA-N,ethyl butyrate,1.0,0.0,0.0,0.0,1.0
0,0.02,210000,220000,4.0,0.25,1.0,FERIUCNNQQJTOY-UHFFFAOYSA-N,butyric acid,1.0,0.0,0.0,0.0,1.0
0,0.02,210000,220000,4.0,0.25,1.0,HIGQPQRQIQDZMP-DHZHZOJOSA-N,geranyl acetate,1.0,0.0,0.0,0.0,1.0
0,0.02,210000,220000,4.0,0.25,1.0,MBDOYVRWFFCFHM-SNAWJCMRSA-N,E2-hexenal,1.0,0.0,0.0,0.0,1.0
0,0.02,210000,220000,4.0,0.25,1.0,CSCPPACGZOOCGX-UHFFFAOYSA-N,acetone,1.0,0.0,0.0,0.0,1.0
0,0.02,210000,220000,4.0,0.25,1.0,ZWEHNKRNPOVVGH-UHFFFAOYSA-N,2-butanone,1.0,0.0,0.0,0.0,1.0
0,0.02,210000,220000,4.0,0.25,1.0,CATSNJVOTSVZJV-UHFFFAOYSA-N,2-heptanone,1.0,0.0,0.0,0.0,1.0
0,0.02,210000,220000,4.0,0.25,1.0,QSJXEFYPDANLFS-UHFFFAOYSA-N,"2,3-butanedione",1.0,0.0,0.0,0.0,1.0
0,0.02,210000,220000,4.0,0.25,1.0,WRMNZCZEMHIOCP-UHFFFAOYSA-N,phenethyl alcohol,1.0,0.0,0.0,0.0,1.0
0,0.02,210000,220000,4.0,0.25,1.0,OSWPMRLSEDHDFF-UHFFFAOYSA-N,methyl salicylate,1.0,0.0,0.0,0.0,1.0
0,0.02,210000,220000,4.0,0.25,1.0,HUMNYLRZRPPJDN-UHFFFAOYSA-N,benzaldehyde,1.0,0.0,0.0,0.0,1.0
0,0.02,210000,220000,4.0,0.25,1.0,RRAFCDWBNXTKKO-UHFFFAOYSA-N,eugenol,1.0,0.0,0.0,0.0,1.0
0,0.02,210000,220000,4.0,0.25,1.0,LRHPLDYGYMQRHN-UHFFFAOYSA-N,1-butanol,1.0,0.0,0.0,0.0,1.0
0,0.02,210000,220000,4.0,0.25,1.0,ZSIAUFGUXNUGDI-UHFFFAOYSA-N,1-hexanol,1.0,0.0,0.0,0.0,1.0
0,0.02,210000,220000,4.0,0.25,1.0,PHTQWCKDNZKARW-UHFFFAOYSA-N,3-methyl-butanol,1.0,0.0,0.0,0.0,1.0
0,0.02,210000,220000,4.0,0.25,1.0,VSMOENVRRABVKN-UHFFFAOYSA-N,1-octen-3-ol,1.0,0.0,0.0,0.0,1.0
0,0.02,210000,220000,4.0,0.25,1.0,XEKOWRVHYACXOJ-UHFFFAOYSA-N,ethyl acetate,1.0,0.0,0.0,0.0,1.0
0,0.02,210000,220000,4.0,0.25,1.0,MLFHJEHSLIIPHL-UHFFFAOYSA-N,isopentyl acetate,1.0,0.0,0.0,0.0,1.0
0,0.02,210000,220000,4.0,0.25,1.0,OBNCKNCVKJNDBV-UHFFFAOYSA-N,ethyl butyrate,1.0,0.0,0.0,0.0,1.0
0,0.02,210000,220000,4.0,0.5,0.0,FERIUCNNQQJTOY-UHFFFAOYSA-N,butyric acid,1.0,0.0,0.0,0.0,1.0
0,0.02,210000,220000,4.0,0.5,0.0,HIGQPQRQIQDZMP-DHZHZOJOSA-N,geranyl acetate,1.0,0.0,0.0,0.0,1.0
0,0.02,210000,220000,4.0,0.5,0.0,MBDOYVRWFFCFHM-SNAWJCMRSA-N,E2-hexenal,1.0,0.0,0.0,0.0,1.0
0,0.02,210000,220000,4.0,0.5,0.0,CSCPPACGZOOCGX-UHFFFAOYSA-N,acetone,1.0,0.0,0.0,0.0,1.0
0,0.02,210000,220000,4.0,0.5,0.0,ZWEHNKRNPOVVGH-UHFFFAOYSA-N,2-butanone,1.0,0.0,0.0,0.0,1.0
0,0.02,210000,220000,4.0,0.5,0.0,CATSNJVOTSVZJV-UHFFFAOYSA-N,2-heptanone,1.0,0.0,0.0,0.0,1.0
0,0.02,210000,220000,4.0,0.5,0.0,QSJXEFYPDANLFS-UHFFFAOYSA-N,"2,3-butanedione",1.0,0.0,0.0,0.0,1.0
0,0.02,210000,220000,4.0,0.5,0.0,WRMNZCZEMHIOCP-UHFFFAOYSA-N,phenethyl alcohol,1.0,0.0,0.0,0.0,1.0
0,0.02,210000,220000,4.0,0.5,0.0,OSWPMRLSEDHDFF-UHFFFAOYSA-N,methyl salicylate,1.0,0.0,0.0,0.0,1.0
0,0.02,210000,220000,4.0,0.5,0.0,HUMNYLRZRPPJDN-UHFFFAOYSA-N,benzaldehyde,1.0,0.0,0.0,0.0,1.0
0,0.02,210000,220000,4.0,0.5,0.0,RRAFCDWBNXTKKO-UHFFFAOYSA-N,eugenol,1.0,0.0,0.0,0.0,1.0
0,0.02,210000,220000,4.0,0.5,0.0,LRHPLDYGYMQRHN-UHFFFAOYSA-N,1-butanol,1.0,0.0,0.0,0.0,1.0
0,0.02,210000,220000,4.0,0.5,0.0,ZSIAUFGUXNUGDI-UHFFFAOYSA-N,1-hexanol,1.0,0.0,0.0,0.0,1.0
0,0.02,210000,220000,4.0,0.5,0.0,PHTQWCKDNZKARW-UHFFFAOYSA-N,3-methyl-butanol,1.0,0.0,0.0,0.0,1.0
0,0.02,210000,220000,4.0,0.5,0.0,VSMOENVRRABVKN-UHFFFAOYSA-N,1-octen-3-ol,1.0,0.0,0.0,0.0,1.0
0,0.02,210000,220000,4.0,0.5,0.0,XEKOWRVHYACXOJ-UHFFFAOYSA-N,ethyl acetate,1.0,0.0,0.0,0.0,1.0
0,0.02,210000,220000,4.0,0.5,0.0,MLFHJEHSLIIPHL-UHFFFAOYSA-N,isopentyl acetate,1.0,0.0,0.0,0.0,1.0
0,0.02,210000,220000,4.0,0.5,0.0,OBNCKNCVKJNDBV-UHFFFAOYSA-N,ethyl butyrate,1.0,0.0,0.0,0.0,1.0
0,0.02,210000,220000,4.0,0.5,1.0,FERIUCNNQQJTOY-UHFFFAOYSA-N,butyric acid,1.0,0.0,0.0,0.0,1.0
0,0.02,210000,220000,4.0,0.5,1.0,HIGQPQRQIQDZMP-DHZHZOJOSA-N,geranyl acetate,1.0,0.0,0.0,0.0,1.0
0,0.02,210000,220000,4.0,0.5,1.0,MBDOYVRWFFCFHM-SNAWJCMRSA-N,E2-hexenal,1.0,0.0,0.0,0.0,1.0
0,0.02,210000,220000,4.0,0.5,1.0,CSCPPACGZOOCGX-UHFFFAOYSA-N,acetone,1.0,0.0,0.0,0.0,1.0
0,0.02,210000,220000,4.0,0.5,1.0,ZWEHNKRNPOVVGH-UHFFFAOYSA-N,2-butanone,1.0,0.0,0.0,0.0,1.0
0,0.02,210000,220000,4.0,0.5,1.0,CATSNJVOTSVZJV-UHFFFAOYSA-N,2-heptanone,1.0,0.0,0.0,0.0,1.0
0,0.02,210000,220000,4.0,0.5,1.0,QSJXEFYPDANLFS-UHFFFAOYSA-N,"2,3-butanedione",1.0,0.0,0.0,0.0,1.0
0,0.02,210000,220000,4.0,0.5,1.0,WRMNZCZEMHIOCP-UHFFFAOYSA-N,phenethyl alcohol,1.0,0.0,0.0,0.0,1.0
0,0.02,210000,220000,4.0,0.5,1.0,OSWPMRLSEDHDFF-UHFFFAOYSA-N,methyl salicylate,1.0,0.0,0.0,0.0,1.0
0,0.02,210000,220000,4.0,0.5,1.0,HUMNYLRZRPPJDN-UHFFFAOYSA-N,benzaldehyde,1.0,0.0,0.0,0.0,1.0
0,0.02,210000,220000,4.0,0.5,1.0,RRAFCDWBNXTKKO-UHFFFAOYSA-N,eugenol,1.0,0.0,0.0,0.0,1.0
0,0.02,210000,220000,4.0,0.5,1.0,LRHPLDYGYMQRHN-UHFFFAOYSA-N,1-butanol,1.0,0.0,0.0,0.0,1.0
0,0.02,210000,220000,4.0,0.5,1.0,ZSIAUFGUXNUGDI-UHFFFAOYSA-N,1-hexanol,1.0,0.0,0.0,0.0,1.0
0,0.02,210000,220000,4.0,0.5,1.0,PHTQWCKDNZKARW-UHFFFAOYSA-N,3-methyl-butanol,1.0,0.0,0.0,0.0,1.0
0,0.02,210000,220000,4.0,0.5,1.0,VSMOENVRRABVKN-UHFFFAOYSA-N,1-octen-3-ol,1.0,0.0,0.0,0.0,1.0
0,0.02,210000,220000,4.0,0.5,1.0,XEKOWRVHYACXOJ-UHFFFAOYSA-N,ethyl acetate,1.0,0.0,0.0,0.0,1.0
0,0.02,210000,220000,4.0,0.5,1.0,MLFHJEHSLIIPHL-UHFFFAOYSA-N,isopentyl acetate,1.0,0.0,0.0,0.0,1.0
0,0.02,210000,220000,4.0,0.5,1.0,OBNCKNCVKJNDBV-UHFFFAOYSA-N,ethyl butyrate,1.0,0.0,0.0,0.0,1.0
0,0.02,210000,220000,4.0,1.0,0.0,FERIUCNNQQJTOY-UHFFFAOYSA-N,butyric acid,1.0,0.0,0.0,0.0,1.0
0,0.02,210000,220000,4.0,1.0,0.0,HIGQPQRQIQDZMP-DHZHZOJOSA-N,geranyl acetate,1.0,0.0,0.0,0.0,1.0
0,0.02,210000,220000,4.0,1.0,0.0,MBDOYVRWFFCFHM-SNAWJCMRSA-N,E2-hexenal,1.0,0.0,0.0,0.0,1.0
0,0.02,210000,220000,4.0,1.0,0.0,CSCPPACGZOOCGX-UHFFFAOYSA-N,acetone,1.0,0.0,0.0,0.0,1.0
0,0.02,210000,220000,4.0,1.0,0.0,ZWEHNKRNPOVVGH-UHFFFAOYSA-N,2-butanone,1.0,0.0,0.0,0.0,1.0
0,0.02,210000,220000,4.0,1.0,0.0,CATSNJVOTSVZJV-UHFFFAOYSA-N,2-heptanone,1.0,0.0,0.0,0.0,1.0
0,0.02,210000,220000,4.0,1.0,0.0,QSJXEFYPDANLFS-UHFFFAOYSA-N,"2,3-butanedione",1.0,0.0,0.0,0.0,1.0
0,0.02,210000,220000,4.0,1.0,0.0,WRMNZCZEMHIOCP-UHFFFAOYSA-N,phenethyl alcohol,1.0,0.0,0.0,0.0,1.0
0,0.02,210000,220000,4.0,1.0,0.0,OSWPMRLSEDHDFF-UHFFFAOYSA-N,methyl salicylate,1.0,0.0,0.0,0.0,1.0
0,0.02,210000,220000,4.0,1.0,0.0,HUMNYLRZRPPJDN-UHFFFAOYSA-N,benzaldehyde,1.0,0.0,0.0,0.0,1.0
0,0.02,210000,220000,4.0,1.0,0.0,RRAFCDWBNXTKKO-UHFFFAOYSA-N,eugenol,1.0,0.0,0.0,0.0,1.0
0,0.02,210000,220000,4.0,1.0,0.0,LRHPLDYGYMQRHN-UHFFFAOYSA-N,1-butanol,1.0,0.0,0.0,0.0,1.0
0,0.02,210000,220000,4.0,1.0,0.0,ZSIAUFGUXNUGDI-UHFFFAOYSA-N,1-hexanol,1.0,0.0,0.0,0.0,1.0
0,0.02,210000,220000,4.0,1.0,0.0,PHTQWCKDNZKARW-UHFFFAOYSA-N,3-methyl-butanol,1.0,0.0,0.0,0.0,1.0
0,0.02,210000,220000,4.0,1.0,0.0,VSMOENVRRABVKN-UHFFFAOYSA-N,1-octen-3-ol,1.0,0.0,0.0,0.0,1.0
0,0.02,210000,220000,4.0,1.0,0.0,XEKOWRVHYACXOJ-UHFFFAOYSA-N,ethyl acetate,1.0,0.0,0.0,0.0,1.0
0,0.02,210000,220000,4.0,1.0,0.0,MLFHJEHSLIIPHL-UHFFFAOYSA-N,isopentyl acetate,1.0,0.0,0.0,0.0,1.0
0,0.02,210000,220000,4.0,1.0,0.0,OBNCKNCVKJNDBV-UHFFFAOYSA-N,ethyl butyrate,1.0,0.0,0.0,0.0,1.0
0,0.02,210000,220000,4.0,1.0,1.0,FERIUCNNQQJTOY-UHFFFAOYSA-N,butyric acid,1.0,0.0,0.0,0.0,1.0
0,0.02,210000,220000,4.0,1.0,1.0,HIGQPQRQIQDZMP-DHZHZOJOSA-N,geranyl acetate,1.0,0.0,0.0,0.0,1.0
0,0.02,210000,220000,4.0,1.0,1.0,MBDOYVRWFFCFHM-SNAWJCMRSA-N,E2-hexenal,1.0,0.0,0.0,0.0,1.0
0,0.02,210000,220000,4.0,1.0,1.0,CSCPPACGZOOCGX-UHFFFAOYSA-N,acetone,1.0,0.0,0.0,0.0,1.0
0,0.02,210000,220000,4.0,1.0,1.0,ZWEHNKRNPOVVGH-UHFFFAOYSA-N,2-butanone,1.0,0.0,0.0,0.0,1.0
0,0.02,210000,220000,4.0,1.0,1.0,CATSNJVOTSVZJV-UHFFFAOYSA-N,2-heptanone,1.0,0.0,0.0,0.0,1.0
0,0.02,210000,220000,4.0,1.0,1.0,QSJXEFYPDANLFS-UHFFFAOYSA-N,"2,3-butanedione",1.0,0.0,0.0,0.0,1.0
0,0.02,210000,220000,4.0,1.0,1.0,WRMNZCZEMHIOCP-UHFFFAOYSA-N,phenethyl alcohol,1.0,0.0,0.0,0.0,1.0
0,0.02,210000,220000,4.0,1.0,1.0,OSWPMRLSEDHDFF-UHFFFAOYSA-N,methyl salicylate,1.0,0.0,0.0,0.0,1.0
0,0.02,210000,220000,4.0,1.0,1.0,HUMNYLRZRPPJDN-UHFFFAOYSA-N,benzaldehyde,1.0,0.0,0.0,0.0,1.0
0,0.02,210000,220000,4.0,1.0,1.0,RRAFCDWBNXTKKO-UHFFFAOYSA-N,eugenol,1.0,0.0,0.0,0.0,1.0
0,0.02,210000,220000,4.0,1.0,1.0,LRHPLDYGYMQRHN-UHFFFAOYSA-N,1-butanol,1.0,0.0,0.0,0.0,1.0
0,0.02,210000,220000,4.0,1.0,1.0,ZSIAUFGUXNUGDI-UHFFFAOYSA-N,1-hexanol,1.0,0.0,0.0,0.0,1.0
0,0.02,210000,220000,4.0,1.0,1.0,PHTQWCKDNZKARW-UHFFFAOYSA-N,3-methyl-butanol,1.0,0.0,0.0,0.0,1.0
0,0.02,210000,220000,4.0,1.0,1.0,VSMOENVRRABVKN-UHFFFAOYSA-N,1-octen-3-ol,1.0,0.0,0.0,0.0,1.0
0,0.02,210000,220000,4.0,1.0,1.0,XEKOWRVHYACXOJ-UHFFFAOYSA-N,ethyl acetate,1.0,0.0,0.0,0.0,1.0
0,0.02,210000,220000,4.0,1.0,1.0,MLFHJEHSLIIPHL-UHFFFAOYSA-N,isopentyl acetate,1.0,0.0,0.0,0.0,1.0
0,0.02,210000,220000,4.0,1.0,1.0,OBNCKNCVKJNDBV-UHFFFAOYSA-N,ethyl butyrate,1.0,0.0,0.0,0.0,1.0
0,0.1,210001,220001,1.0,0.0,0.0,FERIUCNNQQJTOY-UHFFFAOYSA-N,butyric acid,1.0,0.0,0.0,0.0,1.0
0,0.1,210001,220001,1.0,0.0,0.0,HIGQPQRQIQDZMP-DHZHZOJOSA-N,geranyl acetate,1.0,0.0,0.0,0.0,1.0
0,0.1,210001,220001,1.0,0.0,0.0,MBDOYVRWFFCFHM-SNAWJCMRSA-N,E2-hexenal,1.0,0.0,0.0,0.0,1.0
0,0.1,210001,220001,1.0,0.0,0.0,CSCPPACGZOOCGX-UHFFFAOYSA-N,acetone,1.0,0.0,0.0,0.0,1.0
0,0.1,210001,220001,1.0,0.0,0.0,ZWEHNKRNPOVVGH-UHFFFAOYSA-N,2-butanone,0.95,0.0,0.0,0.05,0.95
0,0.1,210001,220001,1.0,0.0,0.0,CATSNJVOTSVZJV-UHFFFAOYSA-N,2-heptanone,0.95,0.0,0.0,0.05,0.95
0,0.1,210001,220001,1.0,0.0,0.0,QSJXEFYPDANLFS-UHFFFAOYSA-N,"2,3-butanedione",1.0,0.0,0.0,0.0,1.0
0,0.1,210001,220001,1.0,0.0,0.0,WRMNZCZEMHIOCP-UHFFFAOYSA-N,phenethyl alcohol,1.0,0.0,0.0,0.0,1.0
0,0.1,210001,220001,1.0,0.0,0.0,OSWPMRLSEDHDFF-UHFFFAOYSA-N,methyl salicylate,1.0,0.0,0.0,0.0,1.0
0,0.1,210001,220001,1.0,0.0,0.0,HUMNYLRZRPPJDN-UHFFFAOYSA-N,benzaldehyde,0.95,0.0,0.0,0.05,0.95
0,0.1,210001,220001,1.0,0.0,0.0,RRAFCDWBNXTKKO-UHFFFAOYSA-N,eugenol,1.0,0.0,0.0,0.0,1.0
0,0.1,210001,220001,1.0,0.0,0.0,LRHPLDYGYMQRHN-UHFFFAOYSA-N,1-butanol,0.65,0.0,0.0,0.35,0.65
0,0.1,210001,220001,1.0,0.0,0.0,ZSIAUFGUXNUGDI-UHFFFAOYSA-N,1-hexanol,0.95,0.0,0.0,0.05,0.95
0,0.1,210001,220001,1.0,0.0,0.0,PHTQWCKDNZKARW-UHFFFAOYSA-N,3-methyl-butanol,0.7,0.0,0.0,0.3,0.7
0,0.1,210001,220001,1.0,0.0,0.0,VSMOENVRRABVKN-UHFFFAOYSA-N,1-octen-3-ol,1.0,0.0,0.0,0.0,1.0
0,0.1,210001,220001,1.0,0.0,0.0,XEKOWRVHYACXOJ-UHFFFAOYSA-N,ethyl acetate,1.0,0.0,0.0,0.0,1.0
0,0.1,210001,220001,1.0,0.0,0.0,MLFHJEHSLIIPHL-UHFFFAOYSA-N,isopentyl acetate,1.0,0.0,0.0,0.0,1.0
0,0.1,210001,220001,1.0,0.0,0.0,OBNCKNCVKJNDBV-UHFFFAOYSA-N,ethyl butyrate,1.0,0.0,0.0,0.0,1.0
0,0.1,210001,220001,1.0,0.0,1.0,FERIUCNNQQJTOY-UHFFFAOYSA-N,butyric acid,1.0,0.0,0.0,0.0,1.0
0,0.1,210001,220001,1.0,0.0,1.0,HIGQPQRQIQDZMP-DHZHZOJOSA-N,geranyl acetate,1.0,0.0,0.0,0.0,1.0
0,0.1,210001,220001,1.0,0.0,1.0,MBDOYVRWFFCFHM-SNAWJCMRSA-N,E2-hexenal,1.0,0.0,0.0,0.0,1.0
0,0.1,210001,220001,1.0,0.0,1.0,CSCPPACGZOOCGX-UHFFFAOYSA-N,acetone,1.0,0.0,0.0,0.0,1.0
0,0.1,210001,220001,1.0,0.0,1.0,ZWEHNKRNPOVVGH-UHFFFAOYSA-N,2-butanone,0.9,0.0,0.0,0.1,0.9
0,0.1,210001,220001,1.0,0.0,1.0,CATSNJVOTSVZJV-UHFFFAOYSA-N,2-heptanone,1.0,0.0,0.0,0.0,1.0
0,0.1,210001,220001,1.0,0.0,1.0,QSJXEFYPDANLFS-UHFFFAOYSA-N,"2,3-butanedione",1.0,0.0,0.0,0.0,1.0
0,0.1,210001,220001,1.0,0.0,1.0,WRMNZCZEMHIOCP-UHFFFAOYSA-N,phenethyl alcohol,1.0,0.0,0.0,0.0,1.0
0,0.1,210001,220001,1.0,0.0,1.0,OSWPMRLSEDHDFF-UHFFFAOYSA-N,methyl salicylate,1.0,0.0,0.0,0.0,1.0
0,0.1,210001,220001,1.0,0.0,1.0,HUMNYLRZRPPJDN-UHFFFAOYSA-N,benzaldehyde,1.0,0.0,0.0,0.0,1.0
0,0.1,210001,220001,1.0,0.0,1.0,RRAFCDWBNXTKKO-UHFFFAOYSA-N,eugenol,1.0,0.0,0.0,0.0,1.0
0,0.1,210001,220001,1.0,0.0,1.0,LRHPLDYGYMQRHN-UHFFFAOYSA-N,1-butanol,0.6,0.0,0.0,0.4,0.6
0,0.1,210001,220001,1.0,0.0,1.0,ZSIAUFGUXNUGDI-UHFFFAOYSA-N,1-hexanol,0.9,0.0,0.0,0.1,0.9
0,0.1,210001,220001,1.0,0.0,1.0,PHTQWCKDNZKARW-UHFFFAOYSA-N,3-methyl-butanol,0.65,0.0,0.0,0.35,0.65
0,0.1,210001,220001,1.0,0.0,1.0,VSMOENVRRABVKN-UHFFFAOYSA-N,1-octen-3-ol,1.0,0.0,0.0,0.0,1.0
0,0.1,210001,220001,1.0,0.0,1.0,XEKOWRVHYACXOJ-UHFFFAOYSA-N,ethyl acetate,1.0,0.0,0.0,0.0,1.0
0,0.1,210001,220001,1.0,0.0,1.0,MLFHJEHSLIIPHL-UHFFFAOYSA-N,isopentyl acetate,1.0,0.0,0.0,0.0,1.0
0,0.1,210001,220001,1.0,0.0,1.0,OBNCKNCVKJNDBV-UHFFFAOYSA-N,ethyl butyrate,1.0,0.0,0.0,0.0,1.0
0,0.1,210001,220001,1.0,0.25,0.0,FERIUCNNQQJTOY-UHFFFAOYSA-N,butyric acid,1.0,0.0,0.0,0.0,1.0
0,0.1,210001,220001,1.0,0.25,0.0,HIGQPQRQIQDZMP-DHZHZOJOSA-N,geranyl acetate,1.0,0.0,0.0,0.0,1.0
0,0.1,210001,220001,1.0,0.25,0.0,MBDOYVRWFFCFHM-SNAWJCMRSA-N,E2-hexenal,1.0,0.0,0.0,0.0,1.0
0,0.1,210001,220001,1.0,0.25,0.0,CSCPPACGZOOCGX-UHFFFAOYSA-N,acetone,1.0,0.0,0.0,0.0,1.0
0,0.1,210001,220001,1.0,0.25,0.0,ZWEHNKRNPOVVGH-UHFFFAOYSA-N,2-butanone,0.85,0.0,0.0,0.15,0.85
0,0.1,210001,220001,1.0,0.25,0.0,CATSNJVOTSVZJV-UHFFFAOYSA-N,2-heptanone,0.95,0.0,0.0,0.05,0.95
0,0.1,210001,220001,1.0,0.25,0.0,QSJXEFYPDANLFS-UHFFFAOYSA-N,"2,3-butanedione",1.0,0.0,0.0,0.0,1.0
0,0.1,210001,220001,1.0,0.25,0.0,WRMNZCZEMHIOCP-UHFFFAOYSA-N,phenethyl alcohol,1.0,0.0,0.0,0.0,1.0
0,0.1,210001,220001,1.0,0.25,0.0,OSWPMRLSEDHDFF-UHFFFAOYSA-N,methyl salicylate,0.95,0.0,0.0,0.05,0.95
0,0.1,210001,220001,1.0,0.25,0.0,HUMNYLRZRPPJDN-UHFFFAOYSA-N,benzaldehyde,0.95,0.0,0.0,0.05,0.95
0,0.1,210001,220001,1.0,0.25,0.0,RRAFCDWBNXTKKO-UHFFFAOYSA-N,eugenol,1.0,0.0,0.0,0.0,1.0
0,0.1,210001,220001,1.0,0.25,0.0,LRHPLDYGYMQRHN-UHFFFAOYSA-N,1-butanol,0.55,0.0,0.0,0.45,0.55
0,0.1,210001,220001,1.0,0.25,0.0,ZSIAUFGUXNUGDI-UHFFFAOYSA-N,1-hexanol,0.85,0.0,0.0,0.15,0.85
0,0.1,210001,220001,1.0,0.25,0.0,PHTQWCKDNZKARW-UHFFFAOYSA-N,3-methyl-butanol,0.75,0.0,0.0,0.25,0.75
0,0.1,210001,220001,1.0,0.25,0.0,VSMOENVRRABVKN-UHFFFAOYSA-N,1-octen-3-ol,1.0,0.0,0.0,0.0,1.0
0,0.1,210001,220001,1.0,0.25,0.0,XEKOWRVHYACXOJ-UHFFFAOYSA-N,ethyl acetate,1.0,0.0,0.0,0.0,1.0
0,0.1,210001,220001,1.0,0.25,0.0,MLFHJEHSLIIPHL-UHFFFAOYSA-N,isopentyl acetate,1.0,0.0,0.0,0.0,1.0
0,0.1,210001,220001,1.0,0.25,0.0,OBNCKNCVKJNDBV-UHFFFAOYSA-N,ethyl butyrate,1.0,0.0,0.0,0.0,1.0
0,0.1,210001,220001,1.0,0.25,1.0,FERIUCNNQQJTOY-UHFFFAOYSA-N,butyric acid,1.0,0.0,0.0,0.0,1.0
0,0.1,210001,220001,1.0,0.25,1.0,HIGQPQRQIQDZMP-DHZHZOJOSA-N,geranyl acetate,1.0,0.0,0.0,0.0,1.0
0,0.1,210001,220001,1.0,0.25,1.0,MBDOYVRWFFCFHM-SNAWJCMRSA-N,E2-hexenal,1.0,0.0,0.0,0.0,1.0
0,0.1,210001,220001,1.0,0.25,1.0,CSCPPACGZOOCGX-UHFFFAOYSA-N,acetone,1.0,0.0,0.0,0.0,1.0
0,0.1,210001,220001,1.0,0.25,1.0,ZWEHNKRNPOVVGH-UHFFFAOYSA-N,2-butanone,0.85,0.0,0.0,0.15,0.85
0,0.1,210001,220001,1.0,0.25,1.0,CATSNJVOTSVZJV-UHFFFAOYSA-N,2-heptanone,1.0,0.0,0.0,0.0,1.0
0,0.1,210001,220001,1.0,0.25,1.0,QSJXEFYPDANLFS-UHFFFAOYSA-N,"2,3-butanedione",1.0,0.0,0.0,0.0,1.0
0,0.1,210001,220001,1.0,0.25,1.0,WRMNZCZEMHIOCP-UHFFFAOYSA-N,phenethyl alcohol,1.0,0.0,0.0,0.0,1.0
0,0.1,210001,220001,1.0,0.25,1.0,OSWPMRLSEDHDFF-UHFFFAOYSA-N,methyl salicylate,0.95,0.0,0.0,0.05,0.95
0,0.1,210001,220001,1.0,0.25,1.0,HUMNYLRZRPPJDN-UHFFFAOYSA-N,benzaldehyde,0.95,0.0,0.0,0.05,0.95
0,0.1,210001,220001,1.0,0.25,1.0,RRAFCDWBNXTKKO-UHFFFAOYSA-N,eugenol,1.0,0.0,0.0,0.0,1.0
0,0.1,210001,220001,1.0,0.25,1.0,LRHPLDYGYMQRHN-UHFFFAOYSA-N,1-butanol,0.6,0.0,0.0,0.4,0.6
0,0.1,210001,220001,1.0,0.25,1.0,ZSIAUFGUXNUGDI-UHFFFAOYSA-N,1-hexanol,0.9,0.0,0.0,0.1,0.9
0,0.1,210001,220001,1.0,0.25,1.0,PHTQWCKDNZKARW-UHFFFAOYSA-N,3-methyl-butanol,0.75,0.0,0.0,0.25,0.75
0,0.1,210001,220001,1.0,0.25,1.0,VSMOENVRRABVKN-UHFFFAOYSA-N,1-octen-3-ol,1.0,0.0,0.0,0.0,1.0
0,0.1,210001,220001,1.0,0.25,1.0,XEKOWRVHYACXOJ-UHFFFAOYSA-N,ethyl acetate,1.0,0.0,0.0,0.0,1.0
0,0.1,210001,220001,1.0,0.25,1.0,MLFHJEHSLIIPHL-UHFFFAOYSA-N,isopentyl acetate,1.0,0.0,0.0,0.0,1.0
0,0.1,210001,220001,1.0,0.25,1.0,OBNCKNCVKJNDBV-UHFFFAOYSA-N,ethyl butyrate,1.0,0.0,0.0,0.0,1.0
0,0.1,210001,220001,1.0,0.5,0.0,FERIUCNNQQJTOY-UHFFFAOYSA-N,butyric acid,1.0,0.0,0.0,0.0,1.0
0,0.1,210001,220001,1.0,0.5,0.0,HIGQPQRQIQDZMP-DHZHZOJOSA-N,geranyl acetate,0.95,0.0,0.0,0.05,0.95
0,0.1,210001,220001,1.0,0.5,0.0,MBDOYVRWFFCFHM-SNAWJCMRSA-N,E2-hexenal,1.0,0.0,0.0,0.0,1.0
0,0.1,210001,220001,1.0,0.5,0.0,CSCPPACGZOOCGX-UHFFFAOYSA-N,acetone,1.0,0.05,0.0,0.0,1.0
0,0.1,210001,220001,1.0,0.5,0.0,ZWEHNKRNPOVVGH-UHFFFAOYSA-N,2-butanone,0.8,0.0,0.0,0.2,0.8
0,0.1,210001,220001,1.0,0.5,0.0,CATSNJVOTSVZJV-UHFFFAOYSA-N,2-heptanone,0.85,0.0,0.0,0.15,0.85
0,0.1,210001,220001,1.0,0.5,0.0,QSJXEFYPDANLFS-UHFFFAOYSA-N,"2,3-butanedione",0.95,0.0,0.0,0.05,0.95
0,0.1,210001,220001,1.0,0.5,0.0,WRMNZCZEMHIOCP-UHFFFAOYSA-N,phenethyl alcohol,1.0,0.0,0.0,0.0,1.0
0,0.1,210001,220001,1.0,0.5,0.0,OSWPMRLSEDHDFF-UHFFFAOYSA-N,methyl salicylate,0.8,0.0,0.0,0.2,0.8
0,0.1,210001,220001,1.0,0.5,0.0,HUMNYLRZRPPJDN-UHFFFAOYSA-N,benzaldehyde,0.9,0.0,0.0,0.1,0.9
0,0.1,210001,220001,1.0,0.5,0.0,RRAFCDWBNXTKKO-UHFFFAOYSA-N,eugenol,0.95,0.0,0.0,0.05,0.95
0,0.1,210001,220001,1.0,0.5,0.0,LRHPLDYGYMQRHN-UHFFFAOYSA-N,1-butanol,0.6,0.0,0.0,0.4,0.6
0,0.1,210001,220001,1.0,0.5,0.0,ZSIAUFGUXNUGDI-UHFFFAOYSA-N,1-hexanol,0.75,0.0,0.0,0.25,0.75
0,0.1,210001,220001,1.0,0.5,0.0,PHTQWCKDNZKARW-UHFFFAOYSA-N,3-methyl-butanol,0.65,0.0,0.0,0.35,0.65
0,0.1,210001,220001,1.0,0.5,0.0,VSMOENVRRABVKN-UHFFFAOYSA-N,1-octen-3-ol,1.0,0.0,0.0,0.0,1.0
0,0.1,210001,220001,1.0,0.5,0.0,XEKOWRVHYACXOJ-UHFFFAOYSA-N,ethyl acetate,0.95,0.0,0.0,0.05,0.95
0,0.1,210001,220001,1.0,0.5,0.0,MLFHJEHSLIIPHL-UHFFFAOYSA-N,isopentyl acetate,0.95,0.0,0.0,0.05,0.95
0,0.1,210001,220001,1.0,0.5,0.0,OBNCKNCVKJNDBV-UHFFFAOYSA-N,ethyl butyrate,1.0,0.0,0.0,0.0,1.0
0,0.1,210001,220001,1.0,0.5,1.0,FERIUCNNQQJTOY-UHFFFAOYSA-N,butyric acid,1.0,0.0,0.0,0.0,1.0
0,0.1,210001,220001,1.0,0.5,1.0,HIGQPQRQIQDZMP-DHZHZOJOSA-N,geranyl acetate,1.0,0.0,0.0,0.0,1.0
0,0.1,210001,220001,1.0,0.5,1.0,MBDOYVRWFFCFHM-SNAWJCMRSA-N,E2-hexenal,1.0,0.0,0.0,0.0,1.0
0,0.1,210001,220001,1.0,0.5,1.0,CSCPPACGZOOCGX-UHFFFAOYSA-N,acetone,1.0,0.05,0.0,0.0,1.0
0,0.1,210001,220001,1.0,0.5,1.0,ZWEHNKRNPOVVGH-UHFFFAOYSA-N,2-butanone,0.85,0.0,0.0,0.15,0.85
0,0.1,210001,220001,1.0,0.5,1.0,CATSNJVOTSVZJV-UHFFFAOYSA-N,2-heptanone,0.9,0.0,0.0,0.1,0.9
0,0.1,210001,220001,1.0,0.5,1.0,QSJXEFYPDANLFS-UHFFFAOYSA-N,"2,3-butanedione",1.0,0.0,0.0,0.0,1.0
0,0.1,210001,220001,1.0,0.5,1.0,WRMNZCZEMHIOCP-UHFFFAOYSA-N,phenethyl alcohol,1.0,0.0,0.0,0.0,1.0
0,0.1,210001,220001,1.0,0.5,1.0,OSWPMRLSEDHDFF-UHFFFAOYSA-N,methyl salicylate,0.8,0.0,0.0,0.2,0.8
0,0.1,210001,220001,1.0,0.5,1.0,HUMNYLRZRPPJDN-UHFFFAOYSA-N,benzaldehyde,0.9,0.0,0.0,0.1,0.9
0,0.1,210001,220001,1.0,0.5,1.0,RRAFCDWBNXTKKO-UHFFFAOYSA-N,eugenol,1.0,0.0,0.0,0.0,1.0
0,0.1,210001,220001,1.0,0.5,1.0,LRHPLDYGYMQRHN-UHFFFAOYSA-N,1-butanol,0.65,0.0,0.0,0.35,0.65
0,0.1,210001,220001,1.0,0.5,1.0,ZSIAUFGUXNUGDI-UHFFFAOYSA-N,1-hexanol,0.8,0.0,0.0,0.2,0.8
0,0.1,210001,220001,1.0,0.5,1.0,PHTQWCKDNZKARW-UHFFFAOYSA-N,3-methyl-butanol,0.65,0.0,0.0,0.35,0.65
0,0.1,210001,220001,1.0,0.5,1.0,VSMOENVRRABVKN-UHFFFAOYSA-N,1-octen-3-ol,1.0,0.0,0.0,0.0,1.0
0,0.1,210001,220001,1.0,0.5,1.0,XEKOWRVHYACXOJ-UHFFFAOYSA-N,ethyl acetate,1.0,0.0,0.0,0.0,1.0
0,0.1,210001,220001,1.0,0.5,1.0,MLFHJEHSLIIPHL-UHFFFAOYSA-N,isopentyl acetate,1.0,0.0,0.0,0.0,1.0
0,0.1,210001,220001,1.0,0.5,1.0,OBNCKNCVKJNDBV-UHFFFAOYSA-N,ethyl butyrate,1.0,0.0,0.0,0.0,1.0
0,0.1,210001,220001,1.0,1.0,0.0,FERIUCNNQQJTOY-UHFFFAOYSA-N,butyric acid,0.4,0.45,0.45,0.15,0.7272727272727273
0,0.1,210001,220001,1.0,1.0,0.0,HIGQPQRQIQDZMP-DHZHZOJOSA-N,geranyl acetate,0.25,0.4,0.4,0.35,0.4166666666666667
0,0.1,210001,220001,1.0,1.0,0.0,MBDOYVRWFFCFHM-SNAWJCMRSA-N,E2-hexenal,0.85,0.0,0.0,0.15,0.85
0,0.1,210001,220001,1.0,1.0,0.0,CSCPPACGZOOCGX-UHFFFAOYSA-N,acetone,1.0,0.85,0.0,0.0,1.0
0,0.1,210001,220001,1.0,1.0,0.0,ZWEHNKRNPOVVGH-UHFFFAOYSA-N,2-butanone,0.65,0.1,0.1,0.25,0.7222222222222222
0,0.1,210001,220001,1.0,1.0,0.0,CATSNJVOTSVZJV-UHFFFAOYSA-N,2-heptanone,0.8,0.0,0.0,0.2,0.8
0,0.1,210001,220001,1.0,1.0,0.0,QSJXEFYPDANLFS-UHFFFAOYSA-N,"2,3-butanedione",0.8,0.0,0.0,0.2,0.8
0,0.1,210001,220001,1.0,1.0,0.0,WRMNZCZEMHIOCP-UHFFFAOYSA-N,phenethyl alcohol,0.8,0.0,0.0,0.2,0.8
0,0.1,210001,220001,1.0,1.0,0.0,OSWPMRLSEDHDFF-UHFFFAOYSA-N,methyl salicylate,0.35,0.55,0.55,0.1,0.7777777777777778
0,0.1,210001,220001,1.0,1.0,0.0,HUMNYLRZRPPJDN-UHFFFAOYSA-N,benzaldehyde,0.6,0.0,0.0,0.4,0.6
0,0.1,210001,220001,1.0,1.0,0.0,RRAFCDWBNXTKKO-UHFFFAOYSA-N,eugenol,0.75,0.15,0.15,0.1,0.8823529411764706
0,0.1,210001,220001,1.0,1.0,0.0,LRHPLDYGYMQRHN-UHFFFAOYSA-N,1-butanol,0.55,0.2,0.2,0.25,0.6875
0,0.1,210001,220001,1.0,1.0,0.0,ZSIAUFGUXNUGDI-UHFFFAOYSA-N,1-hexanol,0.65,0.0,0.0,0.35,0.65
0,0.1,210001,220001,1.0,1.0,0.0,PHTQWCKDNZKARW-UHFFFAOYSA-N,3-methyl-butanol,0.45,0.25,0.25,0.3,0.6
0,0.1,210001,220001,1.0,1.0,0.0,VSMOENVRRABVKN-UHFFFAOYSA-N,1-octen-3-ol,1.0,0.0,0.0,0.0,1.0
0,0.1,210001,220001,1.0,1.0,0.0,XEKOWRVHYACXOJ-UHFFFAOYSA-N,ethyl acetate,0.9,0.0,0.0,0.1,0.9
0,0.1,210001,220001,1.0,1.0,0.0,MLFHJEHSLIIPHL-UHFFFAOYSA-N,isopentyl acetate,0.75,0.0,0.0,0.25,0.75
0,0.1,210001,220001,1.0,1.0,0.0,OBNCKNCVKJNDBV-UHFFFAOYSA-N,ethyl butyrate,1.0,0.0,0.0,0.0,1.0
0,0.1,210001,220001,1.0,1.0,1.0,FERIUCNNQQJTOY-UHFFFAOYSA-N,butyric acid,0.4,0.45,0.45,0.15,0.7272727272727273
0,0.1,210001,220001,1.0,1.0,1.0,HIGQPQRQIQDZMP-DHZHZOJOSA-N,geranyl acetate,0.25,0.4,0.4,0.35,0.4166666666666667
0,0.1,210001,220001,1.0,1.0,1.0,MBDOYVRWFFCFHM-SNAWJCMRSA-N,E2-hexenal,0.85,0.0,0.0,0.15,0.85
0,0.1,210001,220001,1.0,1.0,1.0,CSCPPACGZOOCGX-UHFFFAOYSA-N,acetone,1.0,0.85,0.0,0.0,1.0
0,0.1,210001,220001,1.0,1.0,1.0,ZWEHNKRNPOVVGH-UHFFFAOYSA-N,2-butanone,0.65,0.1,0.1,0.25,0.7222222222222222
0,0.1,210001,220001,1.0,1.0,1.0,CATSNJVOTSVZJV-UHFFFAOYSA-N,2-heptanone,0.8,0.0,0.0,0.2,0.8
0,0.1,210001,220001,1.0,1.0,1.0,QSJXEFYPDANLFS-UHFFFAOYSA-N,"2,3-butanedione",0.8,0.0,0.0,0.2,0.8
0,0.1,210001,220001,1.0,1.0,1.0,WRMNZCZEMHIOCP-UHFFFAOYSA-N,phenethyl alcohol,0.8,0.0,0.0,0.2,0.8
0,0.1,210001,220001,1.0,1.0,1.0,OSWPMRLSEDHDFF-UHFFFAOYSA-N,methyl salicylate,0.35,0.55,0.55,0.1,0.7777777777777778
0,0.1,210001,220001,1.0,1.0,1.0,HUMNYLRZRPPJDN-UHFFFAOYSA-N,benzaldehyde,0.6,0.0,0.0,0.4,0.6
0,0.1,210001,220001,1.0,1.0,1.0,RRAFCDWBNXTKKO-UHFFFAOYSA-N,eugenol,0.75,0.15,0.15,0.1,0.8823529411764706
0,0.1,210001,220001,1.0,1.0,1.0,LRHPLDYGYMQRHN-UHFFFAOYSA-N,1-butanol,0.55,0.2,0.2,0.25,0.6875
0,0.1,210001,220001,1.0,1.0,1.0,ZSIAUFGUXNUGDI-UHFFFAOYSA-N,1-hexanol,0.65,0.0,0.0,0.35,0.65
0,0.1,210001,220001,1.0,1.0,1.0,PHTQWCKDNZKARW-UHFFFAOYSA-N,3-methyl-butanol,0.45,0.25,0.25,0.3,0.6
0,0.1,210001,220001,1.0,1.0,1.0,VSMOENVRRABVKN-UHFFFAOYSA-N,1-octen-3-ol,1.0,0.0,0.0,0.0,1.0
0,0.1,210001,220001,1.0,1.0,1.0,XEKOWRVHYACXOJ-UHFFFAOYSA-N,ethyl acetate,0.95,0.0,0.0,0.05,0.95
0,0.1,210001,220001,1.0,1.0,1.0,MLFHJEHSLIIPHL-UHFFFAOYSA-N,isopentyl acetate,0.8,0.0,0.0,0.2,0.8
0,0.1,210001,220001,1.0,1.0,1.0,OBNCKNCVKJNDBV-UHFFFAOYSA-N,ethyl butyrate,1.0,0.0,0.0,0.0,1.0
0,0.1,210001,220001,4.0,0.0,0.0,FERIUCNNQQJTOY-UHFFFAOYSA-N,butyric acid,1.0,0.0,0.0,0.0,1.0
0,0.1,210001,220001,4.0,0.0,0.0,HIGQPQRQIQDZMP-DHZHZOJOSA-N,geranyl acetate,1.0,0.0,0.0,0.0,1.0
0,0.1,210001,220001,4.0,0.0,0.0,MBDOYVRWFFCFHM-SNAWJCMRSA-N,E2-hexenal,0.95,0.0,0.0,0.05,0.95
0,0.1,210001,220001,4.0,0.0,0.0,CSCPPACGZOOCGX-UHFFFAOYSA-N,acetone,1.0,0.0,0.0,0.0,1.0
0,0.1,210001,220001,4.0,0.0,0.0,ZWEHNKRNPOVVGH-UHFFFAOYSA-N,2-butanone,0.95,0.0,0.0,0.05,0.95
0,0.1,210001,220001,4.0,0.0,0.0,CATSNJVOTSVZJV-UHFFFAOYSA-N,2-heptanone,1.0,0.0,0.0,0.0,1.0
0,0.1,210001,220001,4.0,0.0,0.0,QSJXEFYPDANLFS-UHFFFAOYSA-N,"2,3-butanedione",1.0,0.0,0.0,0.0,1.0
0,0.1,210001,220001,4.0,0.0,0.0,WRMNZCZEMHIOCP-UHFFFAOYSA-N,phenethyl alcohol,1.0,0.0,0.0,0.0,1.0
0,0.1,210001,220001,4.0,0.0,0.0,OSWPMRLSEDHDFF-UHFFFAOYSA-N,methyl salicylate,1.0,0.0,0.0,0.0,1.0
0,0.1,210001,220001,4.0,0.0,0.0,HUMNYLRZRPPJDN-UHFFFAOYSA-N,benzaldehyde,1.0,0.0,0.0,0.0,1.0
0,0.1,210001,220001,4.0,0.0,0.0,RRAFCDWBNXTKKO-UHFFFAOYSA-N,eugenol,1.0,0.0,0.0,0.0,1.0
0,0.1,210001,220001,4.0,0.0,0.0,LRHPLDYGYMQRHN-UHFFFAOYSA-N,1-butanol,0.6,0.0,0.0,0.4,0.6
0,0.1,210001,220001,4.0,0.0,0.0,ZSIAUFGUXNUGDI-UHFFFAOYSA-N,1-hexanol,0.9,0.0,0.0,0.1,0.9
0,0.1,210001,220001,4.0,0.0,0.0,PHTQWCKDNZKARW-UHFFFAOYSA-N,3-methyl-butanol,0.6,0.0,0.0,0.4,0.6
0,0.1,210001,220001,4.0,0.0,0.0,VSMOENVRRABVKN-UHFFFAOYSA-N,1-octen-3-ol,0.9,0.0,0.0,0.1,0.9
0,0.1,210001,220001,4.0,0.0,0.0,XEKOWRVHYACXOJ-UHFFFAOYSA-N,ethyl acetate,1.0,0.0,0.0,0.0,1.0
0,0.1,210001,220001,4.0,0.0,0.0,MLFHJEHSLIIPHL-UHFFFAOYSA-N,isopentyl acetate,1.0,0.0,0.0,0.0,1.0
0,0.1,210001,220001,4.0,0.0,0.0,OBNCKNCVKJNDBV-UHFFFAOYSA-N,ethyl butyrate,1.0,0.0,0.0,0.0,1.0
0,0.1,210001,220001,4.0,0.0,1.0,FERIUCNNQQJTOY-UHFFFAOYSA-N,butyric acid,1.0,0.0,0.0,0.0,1.0
0,0.1,210001,220001,4.0,0.0,1.0,HIGQPQRQIQDZMP-DHZHZOJOSA-N,geranyl acetate,1.0,0.0,0.0,0.0,1.0
0,0.1,210001,220001,4.0,0.0,1.0,MBDOYVRWFFCFHM-SNAWJCMRSA-N,E2-hexenal,0.95,0.0,0.0,0.05,0.95
0,0.1,210001,220001,4.0,0.0,1.0,CSCPPACGZOOCGX-UHFFFAOYSA-N,acetone,1.0,0.0,0.0,0.0,1.0
0,0.1,210001,220001,4.0,0.0,1.0,ZWEHNKRNPOVVGH-UHFFFAOYSA-N,2-butanone,0.95,0.0,0.0,0.05,0.95
0,0.1,210001,220001,4.0,0.0,1.0,CATSNJVOTSVZJV-UHFFFAOYSA-N,2-heptanone,1.0,0.0,0.0,0.0,1.0
0,0.1,210001,220001,4.0,0.0,1.0,QSJXEFYPDANLFS-UHFFFAOYSA-N,"2,3-butanedione",1.0,0.0,0.0,0.0,1.0
0,0.1,210001,220001,4.0,0.0,1.0,WRMNZCZEMHIOCP-UHFFFAOYSA-N,phenethyl alcohol,1.0,0.0,0.0,0.0,1.0
0,0.1,210001,220001,4.0,0.0,1.0,OSWPMRLSEDHDFF-UHFFFAOYSA-N,methyl salicylate,1.0,0.0,0.0,0.0,1.0
0,0.1,210001,220001,4.0,0.0,1.0,HUMNYLRZRPPJDN-UHFFFAOYSA-N,benzaldehyde,1.0,0.0,0.0,0.0,1.0
0,0.1,210001,220001,4.0,0.0,1.0,RRAFCDWBNXTKKO-UHFFFAOYSA-N,eugenol,1.0,0.0,0.0,0.0,1.0
0,0.1,210001,220001,4.0,0.0,1.0,LRHPLDYGYMQRHN-UHFFFAOYSA-N,1-butanol,0.5,0.0,0.0,0.5,0.5
0,0.1,210001,220001,4.0,0.0,1.0,ZSIAUFGUXNUGDI-UHFFFAOYSA-N,1-hexanol,0.95,0.0,0.0,0.05,0.95
0,0.1,210001,220001,4.0,0.0,1.0,PHTQWCKDNZKARW-UHFFFAOYSA-N,3-methyl-butanol,0.6,0.0,0.0,0.4,0.6
0,0.1,210001,220001,4.0,0.0,1.0,VSMOENVRRABVKN-UHFFFAOYSA-N,1-octen-3-ol,1.0,0.0,0.0,0.0,1.0
0,0.1,210001,220001,4.0,0.0,1.0,XEKOWRVHYACXOJ-UHFFFAOYSA-N,ethyl acetate,1.0,0.0,0.0,0.0,1.0
0,0.1,210001,220001,4.0,0.0,1.0,MLFHJEHSLIIPHL-UHFFFAOYSA-N,isopentyl acetate,1.0,0.0,0.0,0.0,1.0
0,0.1,210001,220001,4.0,0.0,1.0,OBNCKNCVKJNDBV-UHFFFAOYSA-N,ethyl butyrate,1.0,0.0,0.0,0.0,1.0
0,0.1,210001,220001,4.0,0.25,0.0,FERIUCNNQQJTOY-UHFFFAOYSA-N,butyric acid,1.0,0.0,0.0,0.0,1.0
0,0.1,210001,220001,4.0,0.25,0.0,HIGQPQRQIQDZMP-DHZHZOJOSA-N,geranyl acetate,1.0,0.0,0.0,0.0,1.0
0,0.1,210001,220001,4.0,0.25,0.0,MBDOYVRWFFCFHM-SNAWJCMRSA-N,E2-hexenal,0.95,0.0,0.0,0.05,0.95
0,0.1,210001,220001,4.0,0.25,0.0,CSCPPACGZOOCGX-UHFFFAOYSA-N,acetone,1.0,0.0,0.0,0.0,1.0
0,0.1,210001,220001,4.0,0.25,0.0,ZWEHNKRNPOVVGH-UHFFFAOYSA-N,2-butanone,0.95,0.0,0.0,0.05,0.95
0,0.1,210001,220001,4.0,0.25,0.0,CATSNJVOTSVZJV-UHFFFAOYSA-N,2-heptanone,1.0,0.0,0.0,0.0,1.0
0,0.1,210001,220001,4.0,0.25,0.0,QSJXEFYPDANLFS-UHFFFAOYSA-N,"2,3-butanedione",1.0,0.0,0.0,0.0,1.0
0,0.1,210001,220001,4.0,0.25,0.0,WRMNZCZEMHIOCP-UHFFFAOYSA-N,phenethyl alcohol,1.0,0.0,0.0,0.0,1.0
0,0.1,210001,220001,4.0,0.25,0.0,OSWPMRLSEDHDFF-UHFFFAOYSA-N,methyl salicylate,1.0,0.0,0.0,0.0,1.0
0,0.1,210001,220001,4.0,0.25,0.0,HUMNYLRZRPPJDN-UHFFFAOYSA-N,benzaldehyde,1.0,0.0,0.0,0.0,1.0
0,0.1,210001,220001,4.0,0.25,0.0,RRAFCDWBNXTKKO-UHFFFAOYSA-N,eugenol,1.0,0.0,0.0,0.0,1.0
0,0.1,210001,220001,4.0,0.25,0.0,LRHPLDYGYMQRHN-UHFFFAOYSA-N,1-butanol,0.65,0.0,0.0,0.35,0.65
0,0.1,210001,220001,4.0,0.25,0.0,ZSIAUFGUXNUGDI-UHFFFAOYSA-N,1-hexanol,0.95,0.0,0.0,0.05,0.95
0,0.1,210001,220001,4.0,0.25,0.0,PHTQWCKDNZKARW-UHFFFAOYSA-N,3-methyl-butanol,0.6,0.0,0.0,0.4,0.6
0,0.1,210001,220001,4.0,0.25,0.0,VSMOENVRRABVKN-UHFFFAOYSA-N,1-octen-3-ol,0.95,0.0,0.0,0.05,0.95
0,0.1,210001,220001,4.0,0.25,0.0,XEKOWRVHYACXOJ-UHFFFAOYSA-N,ethyl acetate,1.0,0.0,0.0,0.0,1.0
0,0.1,210001,220001,4.0,0.25,0.0,MLFHJEHSLIIPHL-UHFFFAOYSA-N,isopentyl acetate,1.0,0.0,0.0,0.0,1.0
0,0.1,210001,220001,4.0,0.25,0.0,OBNCKNCVKJNDBV-UHFFFAOYSA-N,ethyl butyrate,1.0,0.0,0.0,0.0,1.0
0,0.1,210001,220001,4.0,0.25,1.0,FERIUCNNQQJTOY-UHFFFAOYSA-N,butyric acid,1.0,0.0,0.0,0.0,1.0
0,0.1,210001,220001,4.0,0.25,1.0,HIGQPQRQIQDZMP-DHZHZOJOSA-N,geranyl acetate,1.0,0.0,0.0,0.0,1.0
0,0.1,210001,220001,4.0,0.25,1.0,MBDOYVRWFFCFHM-SNAWJCMRSA-N,E2-hexenal,0.95,0.0,0.0,0.05,0.95
0,0.1,210001,220001,4.0,0.25,1.0,CSCPPACGZOOCGX-UHFFFAOYSA-N,acetone,1.0,0.0,0.0,0.0,1.0
0,0.1,210001,220001,4.0,0.25,1.0,ZWEHNKRNPOVVGH-UHFFFAOYSA-N,2-butanone,0.95,0.0,0.0,0.05,0.95
0,0.1,210001,220001,4.0,0.25,1.0,CATSNJVOTSVZJV-UHFFFAOYSA-N,2-heptanone,1.0,0.0,0.0,0.0,1.0
0,0.1,210001,220001,4.0,0.25,1.0,QSJXEFYPDANLFS-UHFFFAOYSA-N,"2,3-butanedione",1.0,0.0,0.0,0.0,1.0
0,0.1,210001,220001,4.0,0.25,1.0,WRMNZCZEMHIOCP-UHFFFAOYSA-N,phenethyl alcohol,1.0,0.0,0.0,0.0,1.0
0,0.1,210001,220001,4.0,0.25,1.0,OSWPMRLSEDHDFF-UHFFFAOYSA-N,methyl salicylate,1.0,0.0,0.0,0.0,1.0
0,0.1,210001,220001,4.0,0.25,1.0,HUMNYLRZRPPJDN-UHFFFAOYSA-N,benzaldehyde,1.0,0.0,0.0,0.0,1.0
0,0.1,210001,220001,4.0,0.25,1.0,RRAFCDWBNXTKKO-UHFFFAOYSA-N,eugenol,1.0,0.0,0.0,0.0,1.0
0,0.1,210001,220001,4.0,0.25,1.0,LRHPLDYGYMQRHN-UHFFFAOYSA-N,1-butanol,0.55,0.0,0.0,0.45,0.55
0,0.1,210001,220001,4.0,0.25,1.0,ZSIAUFGUXNUGDI-UHFFFAOYSA-N,1-hexanol,0.95,0.0,0.0,0.05,0.95
0,0.1,210001,220001,4.0,0.25,1.0,PHTQWCKDNZKARW-UHFFFAOYSA-N,3-methyl-butanol,0.65,0.0,0.0,0.35,0.65
0,0.1,210001,220001,4.0,0.25,1.0,VSMOENVRRABVKN-UHFFFAOYSA-N,1-octen-3-ol,1.0,0.0,0.0,0.0,1.0
0,0.1,210001,220001,4.0,0.25,1.0,XEKOWRVHYACXOJ-UHFFFAOYSA-N,ethyl acetate,1.0,0.0,0.0,0.0,1.0
0,0.1,210001,220001,4.0,0.25,1.0,MLFHJEHSLIIPHL-UHFFFAOYSA-N,isopentyl acetate,1.0,0.0,0.0,0.0,1.0
0,0.1,210001,220001,4.0,0.25,1.0,OBNCKNCVKJNDBV-UHFFFAOYSA-N,ethyl butyrate,1.0,0.0,0.0,0.0,1.0
0,0.1,210001,220001,4.0,0.5,0.0,FERIUCNNQQJTOY-UHFFFAOYSA-N,butyric acid,1.0,0.0,0.0,0.0,1.0
0,0.1,210001,220001,4.0,0.5,0.0,HIGQPQRQIQDZMP-DHZHZOJOSA-N,geranyl acetate,1.0,0.0,0.0,0.0,1.0
0,0.1,210001,220001,4.0,0.5,0.0,MBDOYVRWFFCFHM-SNAWJCMRSA-N,E2-hexenal,0.95,0.0,0.0,0.05,0.95
0,0.1,210001,220001,4.0,0.5,0.0,CSCPPACGZOOCGX-UHFFFAOYSA-N,acetone,1.0,0.0,0.0,0.0,1.0
0,0.1,210001,220001,4.0,0.5,0.0,ZWEHNKRNPOVVGH-UHFFFAOYSA-N,2-butanone,0.95,0.0,0.0,0.05,0.95
0,0.1,210001,220001,4.0,0.5,0.0,CATSNJVOTSVZJV-UHFFFAOYSA-N,2-heptanone,1.0,0.0,0.0,0.0,1.0
0,0.1,210001,220001,4.0,0.5,0.0,QSJXEFYPDANLFS-UHFFFAOYSA-N,"2,3-butanedione",1.0,0.0,0.0,0.0,1.0
0,0.1,210001,220001,4.0,0.5,0.0,WRMNZCZEMHIOCP-UHFFFAOYSA-N,phenethyl alcohol,1.0,0.0,0.0,0.0,1.0
0,0.1,210001,220001,4.0,0.5,0.0,OSWPMRLSEDHDFF-UHFFFAOYSA-N,methyl salicylate,1.0,0.0,0.0,0.0,1.0
0,0.1,210001,220001,4.0,0.5,0.0,HUMNYLRZRPPJDN-UHFFFAOYSA-N,benzaldehyde,1.0,0.0,0.0,0.0,1.0
0,0.1,210001,220001,4.0,0.5,0.0,RRAFCDWBNXTKKO-UHFFFAOYSA-N,eugenol,1.0,0.0,0.0,0.0,1.0
0,0.1,210001,220001,4.0,0.5,0.0,LRHPLDYGYMQRHN-UHFFFAOYSA-N,1-butanol,0.6,0.0,0.0,0.4,0.6
0,0.1,210001,220001,4.0,0.5,0.0,ZSIAUFGUXNUGDI-UHFFFAOYSA-N,1-hexanol,0.95,0.0,0.0,0.05,0.95
0,0.1,210001,220001,4.0,0.5,0.0,PHTQWCKDNZKARW-UHFFFAOYSA-N,3-methyl-butanol,0.65,0.0,0.0,0.35,0.65
0,0.1,210001,220001,4.0,0.5,0.0,VSMOENVRRABVKN-UHFFFAOYSA-N,1-octen-3-ol,1.0,0.0,0.0,0.0,1.0
0,0.1,210001,220001,4.0,0.5,0.0,XEKOWRVHYACXOJ-UHFFFAOYSA-N,ethyl acetate,1.0,0.0,0.0,0.0,1.0
0,0.1,210001,220001,4.0,0.5,0.0,MLFHJEHSLIIPHL-UHFFFAOYSA-N,isopentyl acetate,1.0,0.0,0.0,0.0,1.0
0,0.1,210001,220001,4.0,0.5,0.0,OBNCKNCVKJNDBV-UHFFFAOYSA-N,ethyl butyrate,1.0,0.0,0.0,0.0,1.0
0,0.1,210001,220001,4.0,0.5,1.0,FERIUCNNQQJTOY-UHFFFAOYSA-N,butyric acid,1.0,0.0,0.0,0.0,1.0
0,0.1,210001,220001,4.0,0.5,1.0,HIGQPQRQIQDZMP-DHZHZOJOSA-N,geranyl acetate,1.0,0.0,0.0,0.0,1.0
0,0.1,210001,220001,4.0,0.5,1.0,MBDOYVRWFFCFHM-SNAWJCMRSA-N,E2-hexenal,0.95,0.0,0.0,0.05,0.95
0,0.1,210001,220001,4.0,0.5,1.0,CSCPPACGZOOCGX-UHFFFAOYSA-N,acetone,1.0,0.0,0.0,0.0,1.0
0,0.1,210001,220001,4.0,0.5,1.0,ZWEHNKRNPOVVGH-UHFFFAOYSA-N,2-butanone,0.9,0.0,0.0,0.1,0.9
0,0.1,210001,220001,4.0,0.5,1.0,CATSNJVOTSVZJV-UHFFFAOYSA-N,2-heptanone,1.0,0.0,0.0,0.0,1.0
0,0.1,210001,220001,4.0,0.5,1.0,QSJXEFYPDANLFS-UHFFFAOYSA-N,"2,3-butanedione",1.0,0.0,0.0,0.0,1.0
0,0.1,210001,220001,4.0,0.5,1.0,WRMNZCZEMHIOCP-UHFFFAOYSA-N,phenethyl alcohol,1.0,0.0,0.0,0.0,1.0
0,0.1,210001,220001,4.0,0.5,1.0,OSWPMRLSEDHDFF-UHFFFAOYSA-N,methyl salicylate,1.0,0.0,0.0,0.0,1.0
0,0.1,210001,220001,4.0,0.5,1.0,HUMNYLRZRPPJDN-UHFFFAOYSA-N,benzaldehyde,1.0,0.0,0.0,0.0,1.0
0,0.1,210001,220001,4.0,0.5,1.0,RRAFCDWBNXTKKO-UHFFFAOYSA-N,eugenol,1.0,0.0,0.0,0.0,1.0
0,0.1,210001,220001,4.0,0.5,1.0,LRHPLDYGYMQRHN-UHFFFAOYSA-N,1-butanol,0.55,0.0,0.0,0.45,0.55
0,0.1,210001,220001,4.0,0.5,1.0,ZSIAUFGUXNUGDI-UHFFFAOYSA-N,1-hexanol,0.9,0.0,0.0,0.1,0.9
0,0.1,210001,220001,4.0,0.5,1.0,PHTQWCKDNZKARW-UHFFFAOYSA-N,3-methyl-butanol,0.65,0.0,0.0,0.35,0.65
0,0.1,210001,220001,4.0,0.5,1.0,VSMOENVRRABVKN-UHFFFAOYSA-N,1-octen-3-ol,1.0,0.0,0.0,0.0,1.0
0,0.1,210001,220001,4.0,0.5,1.0,XEKOWRVHYACXOJ-UHFFFAOYSA-N,ethyl acetate,1.0,0.0,0.0,0.0,1.0
0,0.1,210001,220001,4.0,0.5,1.0,MLFHJEHSLIIPHL-UHFFFAOYSA-N,isopentyl acetate,1.0,0.0,0.0,0.0,1.0
0,0.1,210001,220001,4.0,0.5,1.0,OBNCKNCVKJNDBV-UHFFFAOYSA-N,ethyl butyrate,1.0,0.0,0.0,0.0,1.0
0,0.1,210001,220001,4.0,1.0,0.0,FERIUCNNQQJTOY-UHFFFAOYSA-N,butyric acid,1.0,0.0,0.0,0.0,1.0
0,0.1,210001,220001,4.0,1.0,0.0,HIGQPQRQIQDZMP-DHZHZOJOSA-N,geranyl acetate,1.0,0.0,0.0,0.0,1.0
0,0.1,210001,220001,4.0,1.0,0.0,MBDOYVRWFFCFHM-SNAWJCMRSA-N,E2-hexenal,0.95,0.0,0.0,0.05,0.95
0,0.1,210001,220001,4.0,1.0,0.0,CSCPPACGZOOCGX-UHFFFAOYSA-N,acetone,1.0,0.0,0.0,0.0,1.0
0,0.1,210001,220001,4.0,1.0,0.0,ZWEHNKRNPOVVGH-UHFFFAOYSA-N,2-butanone,0.85,0.0,0.0,0.15,0.85
0,0.1,210001,220001,4.0,1.0,0.0,CATSNJVOTSVZJV-UHFFFAOYSA-N,2-heptanone,1.0,0.0,0.0,0.0,1.0
0,0.1,210001,220001,4.0,1.0,0.0,QSJXEFYPDANLFS-UHFFFAOYSA-N,"2,3-butanedione",1.0,0.0,0.0,0.0,1.0
0,0.1,210001,220001,4.0,1.0,0.0,WRMNZCZEMHIOCP-UHFFFAOYSA-N,phenethyl alcohol,1.0,0.0,0.0,0.0,1.0
0,0.1,210001,220001,4.0,1.0,0.0,OSWPMRLSEDHDFF-UHFFFAOYSA-N,methyl salicylate,1.0,0.0,0.0,0.0,1.0
0,0.1,210001,220001,4.0,1.0,0.0,HUMNYLRZRPPJDN-UHFFFAOYSA-N,benzaldehyde,1.0,0.0,0.0,0.0,1.0
0,0.1,210001,220001,4.0,1.0,0.0,RRAFCDWBNXTKKO-UHFFFAOYSA-N,eugenol,1.0,0.0,0.0,0.0,1.0
0,0.1,210001,220001,4.0,1.0,0.0,LRHPLDYGYMQRHN-UHFFFAOYSA-N,1-butanol,0.55,0.0,0.0,0.45,0.55
0,0.1,210001,220001,4.0,1.0,0.0,ZSIAUFGUXNUGDI-UHFFFAOYSA-N,1-hexanol,0.9,0.0,0.0,0.1,0.9
0,0.1,210001,220001,4.0,1.0,0.0,PHTQWCKDNZKARW-UHFFFAOYSA-N,3-methyl-butanol,0.75,0.0,0.0,0.25,0.75
0,0.1,210001,220001,4.0,1.0,0.0,VSMOENVRRABVKN-UHFFFAOYSA-N,1-octen-3-ol,1.0,0.0,0.0,0.0,1.0
0,0.1,210001,220001,4.0,1.0,0.0,XEKOWRVHYACXOJ-UHFFFAOYSA-N,ethyl acetate,1.0,0.0,0.0,0.0,1.0
0,0.1,210001,220001,4.0,1.0,0.0,MLFHJEHSLIIPHL-UHFFFAOYSA-N,isopentyl acetate,1.0,0.0,0.0,0.0,1.0
0,0.1,210001,220001,4.0,1.0,0.0,OBNCKNCVKJNDBV-UHFFFAOYSA-N,ethyl butyrate,1.0,0.0,0.0,0.0,1.0
0,0.1,210001,220001,4.0,1.0,1.0,FERIUCNNQQJTOY-UHFFFAOYSA-N,butyric acid,1.0,0.0,0.0,0.0,1.0
0,0.1,210001,220001,4.0,1.0,1.0,HIGQPQRQIQDZMP-DHZHZOJOSA-N,geranyl acetate,1.0,0.0,0.0,0.0,1.0
0,0.1,210001,220001,4.0,1.0,1.0,MBDOYVRWFFCFHM-SNAWJCMRSA-N,E2-hexenal,0.95,0.0,0.0,0.05,0.95
0,0.1,210001,220001,4.0,1.0,1.0,CSCPPACGZOOCGX-UHFFFAOYSA-N,acetone,1.0,0.0,0.0,0.0,1.0
0,0.1,210001,220001,4.0,1.0,1.0,ZWEHNKRNPOVVGH-UHFFFAOYSA-N,2-butanone,0.85,0.0,0.0,0.15,0.85
0,0.1,210001,220001,4.0,1.0,1.0,CATSNJVOTSVZJV-UHFFFAOYSA-N,2-heptanone,1.0,0.0,0.0,0.0,1.0
0,0.1,210001,220001,4.0,1.0,1.0,QSJXEFYPDANLFS-UHFFFAOYSA-N,"2,3-butanedione",1.0,0.0,0.0,0.0,1.0
0,0.1,210001,220001,4.0,1.0,1.0,WRMNZCZEMHIOCP-UHFFFAOYSA-N,phenethyl alcohol,1.0,0.0,0.0,0.0,1.0
0,0.1,210001,220001,4.0,1.0,1.0,OSWPMRLSEDHDFF-UHFFFAOYSA-N,methyl salicylate,0.95,0.0,0.0,0.05,0.95
0,0.1,210001,220001,4.0,1.0,1.0,HUMNYLRZRPPJDN-UHFFFAOYSA-N,benzaldehyde,1.0,0.0,0.0,0.0,1.0
0,0.1,210001,220001,4.0,1.0,1.0,RRAFCDWBNXTKKO-UHFFFAOYSA-N,eugenol,1.0,0.0,0.0,0.0,1.0
0,0.1,210001,220001,4.0,1.0,1.0,LRHPLDYGYMQRHN-UHFFFAOYSA-N,1-butanol,0.55,0.0,0.0,0.45,0.55
0,0.1,210001,220001,4.0,1.0,1.0,ZSIAUFGUXNUGDI-UHFFFAOYSA-N,1-hexanol,0.9,0.0,0.0,0.1,0.9
0,0.1,210001,220001,4.0,1.0,1.0,PHTQWCKDNZKARW-UHFFFAOYSA-N,3-methyl-butanol,0.75,0.0,0.0,0.25,0.75
0,0.1,210001,220001,4.0,1.0,1.0,VSMOENVRRABVKN-UHFFFAOYSA-N,1-octen-3-ol,1.0,0.0,0.0,0.0,1.0
0,0.1,210001,220001,4.0,1.0,1.0,XEKOWRVHYACXOJ-UHFFFAOYSA-N,ethyl acetate,1.0,0.0,0.0,0.0,1.0
0,0.1,210001,220001,4.0,1.0,1.0,MLFHJEHSLIIPHL-UHFFFAOYSA-N,isopentyl acetate,1.0,0.0,0.0,0.0,1.0
0,0.1,210001,220001,4.0,1.0,1.0,OBNCKNCVKJNDBV-UHFFFAOYSA-N,ethyl butyrate,1.0,0.0,0.0,0.0,1.0
1,0.02,211000,221000,1.0,0.0,0.0,FERIUCNNQQJTOY-UHFFFAOYSA-N,butyric acid,1.0,0.0,0.0,0.0,1.0
1,0.02,211000,221000,1.0,0.0,0.0,HIGQPQRQIQDZMP-DHZHZOJOSA-N,geranyl acetate,1.0,0.0,0.0,0.0,1.0
1,0.02,211000,221000,1.0,0.0,0.0,MBDOYVRWFFCFHM-SNAWJCMRSA-N,E2-hexenal,1.0,0.0,0.0,0.0,1.0
1,0.02,211000,221000,1.0,0.0,0.0,CSCPPACGZOOCGX-UHFFFAOYSA-N,acetone,1.0,0.0,0.0,0.0,1.0
1,0.02,211000,221000,1.0,0.0,0.0,ZWEHNKRNPOVVGH-UHFFFAOYSA-N,2-butanone,1.0,0.0,0.0,0.0,1.0
1,0.02,211000,221000,1.0,0.0,0.0,CATSNJVOTSVZJV-UHFFFAOYSA-N,2-heptanone,1.0,0.0,0.0,0.0,1.0
1,0.02,211000,221000,1.0,0.0,0.0,QSJXEFYPDANLFS-UHFFFAOYSA-N,"2,3-butanedione",1.0,0.0,0.0,0.0,1.0
1,0.02,211000,221000,1.0,0.0,0.0,WRMNZCZEMHIOCP-UHFFFAOYSA-N,phenethyl alcohol,1.0,0.0,0.0,0.0,1.0
1,0.02,211000,221000,1.0,0.0,0.0,OSWPMRLSEDHDFF-UHFFFAOYSA-N,methyl salicylate,1.0,0.0,0.0,0.0,1.0
1,0.02,211000,221000,1.0,0.0,0.0,HUMNYLRZRPPJDN-UHFFFAOYSA-N,benzaldehyde,1.0,0.0,0.0,0.0,1.0
1,0.02,211000,221000,1.0,0.0,0.0,RRAFCDWBNXTKKO-UHFFFAOYSA-N,eugenol,1.0,0.0,0.0,0.0,1.0
1,0.02,211000,221000,1.0,0.0,0.0,LRHPLDYGYMQRHN-UHFFFAOYSA-N,1-butanol,1.0,0.0,0.0,0.0,1.0
1,0.02,211000,221000,1.0,0.0,0.0,ZSIAUFGUXNUGDI-UHFFFAOYSA-N,1-hexanol,1.0,0.0,0.0,0.0,1.0
1,0.02,211000,221000,1.0,0.0,0.0,PHTQWCKDNZKARW-UHFFFAOYSA-N,3-methyl-butanol,1.0,0.0,0.0,0.0,1.0
1,0.02,211000,221000,1.0,0.0,0.0,VSMOENVRRABVKN-UHFFFAOYSA-N,1-octen-3-ol,1.0,0.0,0.0,0.0,1.0
1,0.02,211000,221000,1.0,0.0,0.0,XEKOWRVHYACXOJ-UHFFFAOYSA-N,ethyl acetate,1.0,0.0,0.0,0.0,1.0
1,0.02,211000,221000,1.0,0.0,0.0,MLFHJEHSLIIPHL-UHFFFAOYSA-N,isopentyl acetate,1.0,0.0,0.0,0.0,1.0
1,0.02,211000,221000,1.0,0.0,0.0,OBNCKNCVKJNDBV-UHFFFAOYSA-N,ethyl butyrate,1.0,0.0,0.0,0.0,1.0
1,0.02,211000,221000,1.0,0.0,1.0,FERIUCNNQQJTOY-UHFFFAOYSA-N,butyric acid,1.0,0.0,0.0,0.0,1.0
1,0.02,211000,221000,1.0,0.0,1.0,HIGQPQRQIQDZMP-DHZHZOJOSA-N,geranyl acetate,1.0,0.0,0.0,0.0,1.0
1,0.02,211000,221000,1.0,0.0,1.0,MBDOYVRWFFCFHM-SNAWJCMRSA-N,E2-hexenal,1.0,0.0,0.0,0.0,1.0
1,0.02,211000,221000,1.0,0.0,1.0,CSCPPACGZOOCGX-UHFFFAOYSA-N,acetone,1.0,0.0,0.0,0.0,1.0
1,0.02,211000,221000,1.0,0.0,1.0,ZWEHNKRNPOVVGH-UHFFFAOYSA-N,2-butanone,1.0,0.0,0.0,0.0,1.0
1,0.02,211000,221000,1.0,0.0,1.0,CATSNJVOTSVZJV-UHFFFAOYSA-N,2-heptanone,1.0,0.0,0.0,0.0,1.0
1,0.02,211000,221000,1.0,0.0,1.0,QSJXEFYPDANLFS-UHFFFAOYSA-N,"2,3-butanedione",1.0,0.0,0.0,0.0,1.0
1,0.02,211000,221000,1.0,0.0,1.0,WRMNZCZEMHIOCP-UHFFFAOYSA-N,phenethyl alcohol,1.0,0.0,0.0,0.0,1.0
1,0.02,211000,221000,1.0,0.0,1.0,OSWPMRLSEDHDFF-UHFFFAOYSA-N,methyl salicylate,1.0,0.0,0.0,0.0,1.0
1,0.02,211000,221000,1.0,0.0,1.0,HUMNYLRZRPPJDN-UHFFFAOYSA-N,benzaldehyde,1.0,0.0,0.0,0.0,1.0
1,0.02,211000,221000,1.0,0.0,1.0,RRAFCDWBNXTKKO-UHFFFAOYSA-N,eugenol,1.0,0.0,0.0,0.0,1.0
1,0.02,211000,221000,1.0,0.0,1.0,LRHPLDYGYMQRHN-UHFFFAOYSA-N,1-butanol,1.0,0.0,0.0,0.0,1.0
1,0.02,211000,221000,1.0,0.0,1.0,ZSIAUFGUXNUGDI-UHFFFAOYSA-N,1-hexanol,1.0,0.0,0.0,0.0,1.0
1,0.02,211000,221000,1.0,0.0,1.0,PHTQWCKDNZKARW-UHFFFAOYSA-N,3-methyl-butanol,1.0,0.0,0.0,0.0,1.0
1,0.02,211000,221000,1.0,0.0,1.0,VSMOENVRRABVKN-UHFFFAOYSA-N,1-octen-3-ol,1.0,0.0,0.0,0.0,1.0
1,0.02,211000,221000,1.0,0.0,1.0,XEKOWRVHYACXOJ-UHFFFAOYSA-N,ethyl acetate,1.0,0.0,0.0,0.0,1.0
1,0.02,211000,221000,1.0,0.0,1.0,MLFHJEHSLIIPHL-UHFFFAOYSA-N,isopentyl acetate,1.0,0.0,0.0,0.0,1.0
1,0.02,211000,221000,1.0,0.0,1.0,OBNCKNCVKJNDBV-UHFFFAOYSA-N,ethyl butyrate,1.0,0.0,0.0,0.0,1.0
1,0.02,211000,221000,1.0,0.25,0.0,FERIUCNNQQJTOY-UHFFFAOYSA-N,butyric acid,1.0,0.0,0.0,0.0,1.0
1,0.02,211000,221000,1.0,0.25,0.0,HIGQPQRQIQDZMP-DHZHZOJOSA-N,geranyl acetate,1.0,0.0,0.0,0.0,1.0
1,0.02,211000,221000,1.0,0.25,0.0,MBDOYVRWFFCFHM-SNAWJCMRSA-N,E2-hexenal,1.0,0.0,0.0,0.0,1.0
1,0.02,211000,221000,1.0,0.25,0.0,CSCPPACGZOOCGX-UHFFFAOYSA-N,acetone,1.0,0.0,0.0,0.0,1.0
1,0.02,211000,221000,1.0,0.25,0.0,ZWEHNKRNPOVVGH-UHFFFAOYSA-N,2-butanone,1.0,0.0,0.0,0.0,1.0
1,0.02,211000,221000,1.0,0.25,0.0,CATSNJVOTSVZJV-UHFFFAOYSA-N,2-heptanone,1.0,0.0,0.0,0.0,1.0
1,0.02,211000,221000,1.0,0.25,0.0,QSJXEFYPDANLFS-UHFFFAOYSA-N,"2,3-butanedione",1.0,0.0,0.0,0.0,1.0
1,0.02,211000,221000,1.0,0.25,0.0,WRMNZCZEMHIOCP-UHFFFAOYSA-N,phenethyl alcohol,1.0,0.0,0.0,0.0,1.0
1,0.02,211000,221000,1.0,0.25,0.0,OSWPMRLSEDHDFF-UHFFFAOYSA-N,methyl salicylate,1.0,0.0,0.0,0.0,1.0
1,0.02,211000,221000,1.0,0.25,0.0,HUMNYLRZRPPJDN-UHFFFAOYSA-N,benzaldehyde,1.0,0.0,0.0,0.0,1.0
1,0.02,211000,221000,1.0,0.25,0.0,RRAFCDWBNXTKKO-UHFFFAOYSA-N,eugenol,1.0,0.0,0.0,0.0,1.0
1,0.02,211000,221000,1.0,0.25,0.0,LRHPLDYGYMQRHN-UHFFFAOYSA-N,1-butanol,1.0,0.0,0.0,0.0,1.0
1,0.02,211000,221000,1.0,0.25,0.0,ZSIAUFGUXNUGDI-UHFFFAOYSA-N,1-hexanol,1.0,0.0,0.0,0.0,1.0
1,0.02,211000,221000,1.0,0.25,0.0,PHTQWCKDNZKARW-UHFFFAOYSA-N,3-methyl-butanol,1.0,0.0,0.0,0.0,1.0
1,0.02,211000,221000,1.0,0.25,0.0,VSMOENVRRABVKN-UHFFFAOYSA-N,1-octen-3-ol,1.0,0.0,0.0,0.0,1.0
1,0.02,211000,221000,1.0,0.25,0.0,XEKOWRVHYACXOJ-UHFFFAOYSA-N,ethyl acetate,1.0,0.0,0.0,0.0,1.0
1,0.02,211000,221000,1.0,0.25,0.0,MLFHJEHSLIIPHL-UHFFFAOYSA-N,isopentyl acetate,1.0,0.0,0.0,0.0,1.0
1,0.02,211000,221000,1.0,0.25,0.0,OBNCKNCVKJNDBV-UHFFFAOYSA-N,ethyl butyrate,1.0,0.0,0.0,0.0,1.0
1,0.02,211000,221000,1.0,0.25,1.0,FERIUCNNQQJTOY-UHFFFAOYSA-N,butyric acid,1.0,0.0,0.0,0.0,1.0
1,0.02,211000,221000,1.0,0.25,1.0,HIGQPQRQIQDZMP-DHZHZOJOSA-N,geranyl acetate,1.0,0.0,0.0,0.0,1.0
1,0.02,211000,221000,1.0,0.25,1.0,MBDOYVRWFFCFHM-SNAWJCMRSA-N,E2-hexenal,1.0,0.0,0.0,0.0,1.0
1,0.02,211000,221000,1.0,0.25,1.0,CSCPPACGZOOCGX-UHFFFAOYSA-N,acetone,1.0,0.0,0.0,0.0,1.0
1,0.02,211000,221000,1.0,0.25,1.0,ZWEHNKRNPOVVGH-UHFFFAOYSA-N,2-butanone,1.0,0.0,0.0,0.0,1.0
1,0.02,211000,221000,1.0,0.25,1.0,CATSNJVOTSVZJV-UHFFFAOYSA-N,2-heptanone,1.0,0.0,0.0,0.0,1.0
1,0.02,211000,221000,1.0,0.25,1.0,QSJXEFYPDANLFS-UHFFFAOYSA-N,"2,3-butanedione",1.0,0.0,0.0,0.0,1.0
1,0.02,211000,221000,1.0,0.25,1.0,WRMNZCZEMHIOCP-UHFFFAOYSA-N,phenethyl alcohol,1.0,0.0,0.0,0.0,1.0
1,0.02,211000,221000,1.0,0.25,1.0,OSWPMRLSEDHDFF-UHFFFAOYSA-N,methyl salicylate,1.0,0.0,0.0,0.0,1.0
1,0.02,211000,221000,1.0,0.25,1.0,HUMNYLRZRPPJDN-UHFFFAOYSA-N,benzaldehyde,1.0,0.0,0.0,0.0,1.0
1,0.02,211000,221000,1.0,0.25,1.0,RRAFCDWBNXTKKO-UHFFFAOYSA-N,eugenol,1.0,0.0,0.0,0.0,1.0
1,0.02,211000,221000,1.0,0.25,1.0,LRHPLDYGYMQRHN-UHFFFAOYSA-N,1-butanol,1.0,0.0,0.0,0.0,1.0
1,0.02,211000,221000,1.0,0.25,1.0,ZSIAUFGUXNUGDI-UHFFFAOYSA-N,1-hexanol,1.0,0.0,0.0,0.0,1.0
1,0.02,211000,221000,1.0,0.25,1.0,PHTQWCKDNZKARW-UHFFFAOYSA-N,3-methyl-butanol,1.0,0.0,0.0,0.0,1.0
1,0.02,211000,221000,1.0,0.25,1.0,VSMOENVRRABVKN-UHFFFAOYSA-N,1-octen-3-ol,1.0,0.0,0.0,0.0,1.0
1,0.02,211000,221000,1.0,0.25,1.0,XEKOWRVHYACXOJ-UHFFFAOYSA-N,ethyl acetate,1.0,0.0,0.0,0.0,1.0
1,0.02,211000,221000,1.0,0.25,1.0,MLFHJEHSLIIPHL-UHFFFAOYSA-N,isopentyl acetate,1.0,0.0,0.0,0.0,1.0
1,0.02,211000,221000,1.0,0.25,1.0,OBNCKNCVKJNDBV-UHFFFAOYSA-N,ethyl butyrate,1.0,0.0,0.0,0.0,1.0
1,0.02,211000,221000,1.0,0.5,0.0,FERIUCNNQQJTOY-UHFFFAOYSA-N,butyric acid,1.0,0.0,0.0,0.0,1.0
1,0.02,211000,221000,1.0,0.5,0.0,HIGQPQRQIQDZMP-DHZHZOJOSA-N,geranyl acetate,1.0,0.0,0.0,0.0,1.0
1,0.02,211000,221000,1.0,0.5,0.0,MBDOYVRWFFCFHM-SNAWJCMRSA-N,E2-hexenal,1.0,0.0,0.0,0.0,1.0
1,0.02,211000,221000,1.0,0.5,0.0,CSCPPACGZOOCGX-UHFFFAOYSA-N,acetone,1.0,0.1,0.0,0.0,1.0
1,0.02,211000,221000,1.0,0.5,0.0,ZWEHNKRNPOVVGH-UHFFFAOYSA-N,2-butanone,1.0,0.0,0.0,0.0,1.0
1,0.02,211000,221000,1.0,0.5,0.0,CATSNJVOTSVZJV-UHFFFAOYSA-N,2-heptanone,1.0,0.0,0.0,0.0,1.0
1,0.02,211000,221000,1.0,0.5,0.0,QSJXEFYPDANLFS-UHFFFAOYSA-N,"2,3-butanedione",1.0,0.0,0.0,0.0,1.0
1,0.02,211000,221000,1.0,0.5,0.0,WRMNZCZEMHIOCP-UHFFFAOYSA-N,phenethyl alcohol,1.0,0.0,0.0,0.0,1.0
1,0.02,211000,221000,1.0,0.5,0.0,OSWPMRLSEDHDFF-UHFFFAOYSA-N,methyl salicylate,1.0,0.0,0.0,0.0,1.0
1,0.02,211000,221000,1.0,0.5,0.0,HUMNYLRZRPPJDN-UHFFFAOYSA-N,benzaldehyde,1.0,0.0,0.0,0.0,1.0
1,0.02,211000,221000,1.0,0.5,0.0,RRAFCDWBNXTKKO-UHFFFAOYSA-N,eugenol,1.0,0.0,0.0,0.0,1.0
1,0.02,211000,221000,1.0,0.5,0.0,LRHPLDYGYMQRHN-UHFFFAOYSA-N,1-butanol,0.95,0.0,0.0,0.05,0.95
1,0.02,211000,221000,1.0,0.5,0.0,ZSIAUFGUXNUGDI-UHFFFAOYSA-N,1-hexanol,1.0,0.0,0.0,0.0,1.0
1,0.02,211000,221000,1.0,0.5,0.0,PHTQWCKDNZKARW-UHFFFAOYSA-N,3-methyl-butanol,1.0,0.0,0.0,0.0,1.0
1,0.02,211000,221000,1.0,0.5,0.0,VSMOENVRRABVKN-UHFFFAOYSA-N,1-octen-3-ol,1.0,0.0,0.0,0.0,1.0
1,0.02,211000,221000,1.0,0.5,0.0,XEKOWRVHYACXOJ-UHFFFAOYSA-N,ethyl acetate,1.0,0.0,0.0,0.0,1.0
1,0.02,211000,221000,1.0,0.5,0.0,MLFHJEHSLIIPHL-UHFFFAOYSA-N,isopentyl acetate,1.0,0.0,0.0,0.0,1.0
1,0.02,211000,221000,1.0,0.5,0.0,OBNCKNCVKJNDBV-UHFFFAOYSA-N,ethyl butyrate,1.0,0.0,0.0,0.0,1.0
1,0.02,211000,221000,1.0,0.5,1.0,FERIUCNNQQJTOY-UHFFFAOYSA-N,butyric acid,1.0,0.0,0.0,0.0,1.0
1,0.02,211000,221000,1.0,0.5,1.0,HIGQPQRQIQDZMP-DHZHZOJOSA-N,geranyl acetate,1.0,0.0,0.0,0.0,1.0
1,0.02,211000,221000,1.0,0.5,1.0,MBDOYVRWFFCFHM-SNAWJCMRSA-N,E2-hexenal,1.0,0.0,0.0,0.0,1.0
1,0.02,211000,221000,1.0,0.5,1.0,CSCPPACGZOOCGX-UHFFFAOYSA-N,acetone,1.0,0.1,0.0,0.0,1.0
1,0.02,211000,221000,1.0,0.5,1.0,ZWEHNKRNPOVVGH-UHFFFAOYSA-N,2-butanone,1.0,0.0,0.0,0.0,1.0
1,0.02,211000,221000,1.0,0.5,1.0,CATSNJVOTSVZJV-UHFFFAOYSA-N,2-heptanone,1.0,0.0,0.0,0.0,1.0
1,0.02,211000,221000,1.0,0.5,1.0,QSJXEFYPDANLFS-UHFFFAOYSA-N,"2,3-butanedione",1.0,0.0,0.0,0.0,1.0
1,0.02,211000,221000,1.0,0.5,1.0,WRMNZCZEMHIOCP-UHFFFAOYSA-N,phenethyl alcohol,1.0,0.0,0.0,0.0,1.0
1,0.02,211000,221000,1.0,0.5,1.0,OSWPMRLSEDHDFF-UHFFFAOYSA-N,methyl salicylate,1.0,0.0,0.0,0.0,1.0
1,0.02,211000,221000,1.0,0.5,1.0,HUMNYLRZRPPJDN-UHFFFAOYSA-N,benzaldehyde,1.0,0.0,0.0,0.0,1.0
1,0.02,211000,221000,1.0,0.5,1.0,RRAFCDWBNXTKKO-UHFFFAOYSA-N,eugenol,1.0,0.0,0.0,0.0,1.0
1,0.02,211000,221000,1.0,0.5,1.0,LRHPLDYGYMQRHN-UHFFFAOYSA-N,1-butanol,1.0,0.0,0.0,0.0,1.0
1,0.02,211000,221000,1.0,0.5,1.0,ZSIAUFGUXNUGDI-UHFFFAOYSA-N,1-hexanol,1.0,0.0,0.0,0.0,1.0
1,0.02,211000,221000,1.0,0.5,1.0,PHTQWCKDNZKARW-UHFFFAOYSA-N,3-methyl-butanol,1.0,0.0,0.0,0.0,1.0
1,0.02,211000,221000,1.0,0.5,1.0,VSMOENVRRABVKN-UHFFFAOYSA-N,1-octen-3-ol,1.0,0.0,0.0,0.0,1.0
1,0.02,211000,221000,1.0,0.5,1.0,XEKOWRVHYACXOJ-UHFFFAOYSA-N,ethyl acetate,1.0,0.0,0.0,0.0,1.0
1,0.02,211000,221000,1.0,0.5,1.0,MLFHJEHSLIIPHL-UHFFFAOYSA-N,isopentyl acetate,1.0,0.0,0.0,0.0,1.0
1,0.02,211000,221000,1.0,0.5,1.0,OBNCKNCVKJNDBV-UHFFFAOYSA-N,ethyl butyrate,1.0,0.0,0.0,0.0,1.0
1,0.02,211000,221000,1.0,1.0,0.0,FERIUCNNQQJTOY-UHFFFAOYSA-N,butyric acid,0.35,0.65,0.65,0.0,1.0
1,0.02,211000,221000,1.0,1.0,0.0,HIGQPQRQIQDZMP-DHZHZOJOSA-N,geranyl acetate,0.25,0.75,0.75,0.0,1.0
1,0.02,211000,221000,1.0,1.0,0.0,MBDOYVRWFFCFHM-SNAWJCMRSA-N,E2-hexenal,1.0,0.0,0.0,0.0,1.0
1,0.02,211000,221000,1.0,1.0,0.0,CSCPPACGZOOCGX-UHFFFAOYSA-N,acetone,0.5,1.0,0.5,0.0,
1,0.02,211000,221000,1.0,1.0,0.0,ZWEHNKRNPOVVGH-UHFFFAOYSA-N,2-butanone,1.0,0.0,0.0,0.0,1.0
1,0.02,211000,221000,1.0,1.0,0.0,CATSNJVOTSVZJV-UHFFFAOYSA-N,2-heptanone,1.0,0.0,0.0,0.0,1.0
1,0.02,211000,221000,1.0,1.0,0.0,QSJXEFYPDANLFS-UHFFFAOYSA-N,"2,3-butanedione",1.0,0.0,0.0,0.0,1.0
1,0.02,211000,221000,1.0,1.0,0.0,WRMNZCZEMHIOCP-UHFFFAOYSA-N,phenethyl alcohol,1.0,0.0,0.0,0.0,1.0
1,0.02,211000,221000,1.0,1.0,0.0,OSWPMRLSEDHDFF-UHFFFAOYSA-N,methyl salicylate,0.5,0.9,0.45,0.05,0.5
1,0.02,211000,221000,1.0,1.0,0.0,HUMNYLRZRPPJDN-UHFFFAOYSA-N,benzaldehyde,1.0,0.0,0.0,0.0,1.0
1,0.02,211000,221000,1.0,1.0,0.0,RRAFCDWBNXTKKO-UHFFFAOYSA-N,eugenol,0.65,0.15,0.15,0.2,0.7647058823529411
1,0.02,211000,221000,1.0,1.0,0.0,LRHPLDYGYMQRHN-UHFFFAOYSA-N,1-butanol,0.95,0.0,0.0,0.05,0.95
1,0.02,211000,221000,1.0,1.0,0.0,ZSIAUFGUXNUGDI-UHFFFAOYSA-N,1-hexanol,1.0,0.0,0.0,0.0,1.0
1,0.02,211000,221000,1.0,1.0,0.0,PHTQWCKDNZKARW-UHFFFAOYSA-N,3-methyl-butanol,0.55,0.2,0.2,0.25,0.6875
1,0.02,211000,221000,1.0,1.0,0.0,VSMOENVRRABVKN-UHFFFAOYSA-N,1-octen-3-ol,1.0,0.0,0.0,0.0,1.0
1,0.02,211000,221000,1.0,1.0,0.0,XEKOWRVHYACXOJ-UHFFFAOYSA-N,ethyl acetate,1.0,0.0,0.0,0.0,1.0
1,0.02,211000,221000,1.0,1.0,0.0,MLFHJEHSLIIPHL-UHFFFAOYSA-N,isopentyl acetate,1.0,0.0,0.0,0.0,1.0
1,0.02,211000,221000,1.0,1.0,0.0,OBNCKNCVKJNDBV-UHFFFAOYSA-N,ethyl butyrate,1.0,0.0,0.0,0.0,1.0
1,0.02,211000,221000,1.0,1.0,1.0,FERIUCNNQQJTOY-UHFFFAOYSA-N,butyric acid,0.35,0.65,0.65,0.0,1.0
1,0.02,211000,221000,1.0,1.0,1.0,HIGQPQRQIQDZMP-DHZHZOJOSA-N,geranyl acetate,0.25,0.75,0.75,0.0,1.0
1,0.02,211000,221000,1.0,1.0,1.0,MBDOYVRWFFCFHM-SNAWJCMRSA-N,E2-hexenal,1.0,0.0,0.0,0.0,1.0
1,0.02,211000,221000,1.0,1.0,1.0,CSCPPACGZOOCGX-UHFFFAOYSA-N,acetone,0.5,1.0,0.5,0.0,
1,0.02,211000,221000,1.0,1.0,1.0,ZWEHNKRNPOVVGH-UHFFFAOYSA-N,2-butanone,1.0,0.0,0.0,0.0,1.0
1,0.02,211000,221000,1.0,1.0,1.0,CATSNJVOTSVZJV-UHFFFAOYSA-N,2-heptanone,1.0,0.0,0.0,0.0,1.0
1,0.02,211000,221000,1.0,1.0,1.0,QSJXEFYPDANLFS-UHFFFAOYSA-N,"2,3-butanedione",1.0,0.0,0.0,0.0,1.0
1,0.02,211000,221000,1.0,1.0,1.0,WRMNZCZEMHIOCP-UHFFFAOYSA-N,phenethyl alcohol,1.0,0.0,0.0,0.0,1.0
1,0.02,211000,221000,1.0,1.0,1.0,OSWPMRLSEDHDFF-UHFFFAOYSA-N,methyl salicylate,0.5,0.9,0.45,0.05,0.5
1,0.02,211000,221000,1.0,1.0,1.0,HUMNYLRZRPPJDN-UHFFFAOYSA-N,benzaldehyde,1.0,0.0,0.0,0.0,1.0
1,0.02,211000,221000,1.0,1.0,1.0,RRAFCDWBNXTKKO-UHFFFAOYSA-N,eugenol,0.65,0.15,0.15,0.2,0.7647058823529411
1,0.02,211000,221000,1.0,1.0,1.0,LRHPLDYGYMQRHN-UHFFFAOYSA-N,1-butanol,0.95,0.0,0.0,0.05,0.95
1,0.02,211000,221000,1.0,1.0,1.0,ZSIAUFGUXNUGDI-UHFFFAOYSA-N,1-hexanol,1.0,0.0,0.0,0.0,1.0
1,0.02,211000,221000,1.0,1.0,1.0,PHTQWCKDNZKARW-UHFFFAOYSA-N,3-methyl-butanol,0.55,0.2,0.2,0.25,0.6875
1,0.02,211000,221000,1.0,1.0,1.0,VSMOENVRRABVKN-UHFFFAOYSA-N,1-octen-3-ol,1.0,0.0,0.0,0.0,1.0
1,0.02,211000,221000,1.0,1.0,1.0,XEKOWRVHYACXOJ-UHFFFAOYSA-N,ethyl acetate,1.0,0.0,0.0,0.0,1.0
1,0.02,211000,221000,1.0,1.0,1.0,MLFHJEHSLIIPHL-UHFFFAOYSA-N,isopentyl acetate,1.0,0.0,0.0,0.0,1.0
1,0.02,211000,221000,1.0,1.0,1.0,OBNCKNCVKJNDBV-UHFFFAOYSA-N,ethyl butyrate,1.0,0.0,0.0,0.0,1.0
1,0.02,211000,221000,4.0,0.0,0.0,FERIUCNNQQJTOY-UHFFFAOYSA-N,butyric acid,1.0,0.0,0.0,0.0,1.0
1,0.02,211000,221000,4.0,0.0,0.0,HIGQPQRQIQDZMP-DHZHZOJOSA-N,geranyl acetate,1.0,0.0,0.0,0.0,1.0
1,0.02,211000,221000,4.0,0.0,0.0,MBDOYVRWFFCFHM-SNAWJCMRSA-N,E2-hexenal,1.0,0.0,0.0,0.0,1.0
1,0.02,211000,221000,4.0,0.0,0.0,CSCPPACGZOOCGX-UHFFFAOYSA-N,acetone,1.0,0.0,0.0,0.0,1.0
1,0.02,211000,221000,4.0,0.0,0.0,ZWEHNKRNPOVVGH-UHFFFAOYSA-N,2-butanone,1.0,0.0,0.0,0.0,1.0
1,0.02,211000,221000,4.0,0.0,0.0,CATSNJVOTSVZJV-UHFFFAOYSA-N,2-heptanone,1.0,0.0,0.0,0.0,1.0
1,0.02,211000,221000,4.0,0.0,0.0,QSJXEFYPDANLFS-UHFFFAOYSA-N,"2,3-butanedione",1.0,0.0,0.0,0.0,1.0
1,0.02,211000,221000,4.0,0.0,0.0,WRMNZCZEMHIOCP-UHFFFAOYSA-N,phenethyl alcohol,1.0,0.0,0.0,0.0,1.0
1,0.02,211000,221000,4.0,0.0,0.0,OSWPMRLSEDHDFF-UHFFFAOYSA-N,methyl salicylate,1.0,0.0,0.0,0.0,1.0
1,0.02,211000,221000,4.0,0.0,0.0,HUMNYLRZRPPJDN-UHFFFAOYSA-N,benzaldehyde,1.0,0.0,0.0,0.0,1.0
1,0.02,211000,221000,4.0,0.0,0.0,RRAFCDWBNXTKKO-UHFFFAOYSA-N,eugenol,1.0,0.0,0.0,0.0,1.0
1,0.02,211000,221000,4.0,0.0,0.0,LRHPLDYGYMQRHN-UHFFFAOYSA-N,1-butanol,1.0,0.0,0.0,0.0,1.0
1,0.02,211000,221000,4.0,0.0,0.0,ZSIAUFGUXNUGDI-UHFFFAOYSA-N,1-hexanol,1.0,0.0,0.0,0.0,1.0
1,0.02,211000,221000,4.0,0.0,0.0,PHTQWCKDNZKARW-UHFFFAOYSA-N,3-methyl-butanol,1.0,0.0,0.0,0.0,1.0
1,0.02,211000,221000,4.0,0.0,0.0,VSMOENVRRABVKN-UHFFFAOYSA-N,1-octen-3-ol,1.0,0.0,0.0,0.0,1.0
1,0.02,211000,221000,4.0,0.0,0.0,XEKOWRVHYACXOJ-UHFFFAOYSA-N,ethyl acetate,1.0,0.0,0.0,0.0,1.0
1,0.02,211000,221000,4.0,0.0,0.0,MLFHJEHSLIIPHL-UHFFFAOYSA-N,isopentyl acetate,1.0,0.0,0.0,0.0,1.0
1,0.02,211000,221000,4.0,0.0,0.0,OBNCKNCVKJNDBV-UHFFFAOYSA-N,ethyl butyrate,1.0,0.0,0.0,0.0,1.0
1,0.02,211000,221000,4.0,0.0,1.0,FERIUCNNQQJTOY-UHFFFAOYSA-N,butyric acid,1.0,0.0,0.0,0.0,1.0
1,0.02,211000,221000,4.0,0.0,1.0,HIGQPQRQIQDZMP-DHZHZOJOSA-N,geranyl acetate,1.0,0.0,0.0,0.0,1.0
1,0.02,211000,221000,4.0,0.0,1.0,MBDOYVRWFFCFHM-SNAWJCMRSA-N,E2-hexenal,1.0,0.0,0.0,0.0,1.0
1,0.02,211000,221000,4.0,0.0,1.0,CSCPPACGZOOCGX-UHFFFAOYSA-N,acetone,1.0,0.0,0.0,0.0,1.0
1,0.02,211000,221000,4.0,0.0,1.0,ZWEHNKRNPOVVGH-UHFFFAOYSA-N,2-butanone,1.0,0.0,0.0,0.0,1.0
1,0.02,211000,221000,4.0,0.0,1.0,CATSNJVOTSVZJV-UHFFFAOYSA-N,2-heptanone,1.0,0.0,0.0,0.0,1.0
1,0.02,211000,221000,4.0,0.0,1.0,QSJXEFYPDANLFS-UHFFFAOYSA-N,"2,3-butanedione",1.0,0.0,0.0,0.0,1.0
1,0.02,211000,221000,4.0,0.0,1.0,WRMNZCZEMHIOCP-UHFFFAOYSA-N,phenethyl alcohol,1.0,0.0,0.0,0.0,1.0
1,0.02,211000,221000,4.0,0.0,1.0,OSWPMRLSEDHDFF-UHFFFAOYSA-N,methyl salicylate,1.0,0.0,0.0,0.0,1.0
1,0.02,211000,221000,4.0,0.0,1.0,HUMNYLRZRPPJDN-UHFFFAOYSA-N,benzaldehyde,1.0,0.0,0.0,0.0,1.0
1,0.02,211000,221000,4.0,0.0,1.0,RRAFCDWBNXTKKO-UHFFFAOYSA-N,eugenol,1.0,0.0,0.0,0.0,1.0
1,0.02,211000,221000,4.0,0.0,1.0,LRHPLDYGYMQRHN-UHFFFAOYSA-N,1-butanol,1.0,0.0,0.0,0.0,1.0
1,0.02,211000,221000,4.0,0.0,1.0,ZSIAUFGUXNUGDI-UHFFFAOYSA-N,1-hexanol,1.0,0.0,0.0,0.0,1.0
1,0.02,211000,221000,4.0,0.0,1.0,PHTQWCKDNZKARW-UHFFFAOYSA-N,3-methyl-butanol,1.0,0.0,0.0,0.0,1.0
1,0.02,211000,221000,4.0,0.0,1.0,VSMOENVRRABVKN-UHFFFAOYSA-N,1-octen-3-ol,1.0,0.0,0.0,0.0,1.0
1,0.02,211000,221000,4.0,0.0,1.0,XEKOWRVHYACXOJ-UHFFFAOYSA-N,ethyl acetate,1.0,0.0,0.0,0.0,1.0
1,0.02,211000,221000,4.0,0.0,1.0,MLFHJEHSLIIPHL-UHFFFAOYSA-N,isopentyl acetate,1.0,0.0,0.0,0.0,1.0
1,0.02,211000,221000,4.0,0.0,1.0,OBNCKNCVKJNDBV-UHFFFAOYSA-N,ethyl butyrate,1.0,0.0,0.0,0.0,1.0
1,0.02,211000,221000,4.0,0.25,0.0,FERIUCNNQQJTOY-UHFFFAOYSA-N,butyric acid,1.0,0.0,0.0,0.0,1.0
1,0.02,211000,221000,4.0,0.25,0.0,HIGQPQRQIQDZMP-DHZHZOJOSA-N,geranyl acetate,1.0,0.0,0.0,0.0,1.0
1,0.02,211000,221000,4.0,0.25,0.0,MBDOYVRWFFCFHM-SNAWJCMRSA-N,E2-hexenal,1.0,0.0,0.0,0.0,1.0
1,0.02,211000,221000,4.0,0.25,0.0,CSCPPACGZOOCGX-UHFFFAOYSA-N,acetone,1.0,0.0,0.0,0.0,1.0
1,0.02,211000,221000,4.0,0.25,0.0,ZWEHNKRNPOVVGH-UHFFFAOYSA-N,2-butanone,1.0,0.0,0.0,0.0,1.0
1,0.02,211000,221000,4.0,0.25,0.0,CATSNJVOTSVZJV-UHFFFAOYSA-N,2-heptanone,1.0,0.0,0.0,0.0,1.0
1,0.02,211000,221000,4.0,0.25,0.0,QSJXEFYPDANLFS-UHFFFAOYSA-N,"2,3-butanedione",1.0,0.0,0.0,0.0,1.0
1,0.02,211000,221000,4.0,0.25,0.0,WRMNZCZEMHIOCP-UHFFFAOYSA-N,phenethyl alcohol,1.0,0.0,0.0,0.0,1.0
1,0.02,211000,221000,4.0,0.25,0.0,OSWPMRLSEDHDFF-UHFFFAOYSA-N,methyl salicylate,1.0,0.0,0.0,0.0,1.0
1,0.02,211000,221000,4.0,0.25,0.0,HUMNYLRZRPPJDN-UHFFFAOYSA-N,benzaldehyde,1.0,0.0,0.0,0.0,1.0
1,0.02,211000,221000,4.0,0.25,0.0,RRAFCDWBNXTKKO-UHFFFAOYSA-N,eugenol,1.0,0.0,0.0,0.0,1.0
1,0.02,211000,221000,4.0,0.25,0.0,LRHPLDYGYMQRHN-UHFFFAOYSA-N,1-butanol,1.0,0.0,0.0,0.0,1.0
1,0.02,211000,221000,4.0,0.25,0.0,ZSIAUFGUXNUGDI-UHFFFAOYSA-N,1-hexanol,1.0,0.0,0.0,0.0,1.0
1,0.02,211000,221000,4.0,0.25,0.0,PHTQWCKDNZKARW-UHFFFAOYSA-N,3-methyl-butanol,1.0,0.0,0.0,0.0,1.0
1,0.02,211000,221000,4.0,0.25,0.0,VSMOENVRRABVKN-UHFFFAOYSA-N,1-octen-3-ol,1.0,0.0,0.0,0.0,1.0
1,0.02,211000,221000,4.0,0.25,0.0,XEKOWRVHYACXOJ-UHFFFAOYSA-N,ethyl acetate,1.0,0.0,0.0,0.0,1.0
1,0.02,211000,221000,4.0,0.25,0.0,MLFHJEHSLIIPHL-UHFFFAOYSA-N,isopentyl acetate,1.0,0.0,0.0,0.0,1.0
1,0.02,211000,221000,4.0,0.25,0.0,OBNCKNCVKJNDBV-UHFFFAOYSA-N,ethyl butyrate,1.0,0.0,0.0,0.0,1.0
1,0.02,211000,221000,4.0,0.25,1.0,FERIUCNNQQJTOY-UHFFFAOYSA-N,butyric acid,1.0,0.0,0.0,0.0,1.0
1,0.02,211000,221000,4.0,0.25,1.0,HIGQPQRQIQDZMP-DHZHZOJOSA-N,geranyl acetate,1.0,0.0,0.0,0.0,1.0
1,0.02,211000,221000,4.0,0.25,1.0,MBDOYVRWFFCFHM-SNAWJCMRSA-N,E2-hexenal,1.0,0.0,0.0,0.0,1.0
1,0.02,211000,221000,4.0,0.25,1.0,CSCPPACGZOOCGX-UHFFFAOYSA-N,acetone,1.0,0.0,0.0,0.0,1.0
1,0.02,211000,221000,4.0,0.25,1.0,ZWEHNKRNPOVVGH-UHFFFAOYSA-N,2-butanone,1.0,0.0,0.0,0.0,1.0
1,0.02,211000,221000,4.0,0.25,1.0,CATSNJVOTSVZJV-UHFFFAOYSA-N,2-heptanone,1.0,0.0,0.0,0.0,1.0
1,0.02,211000,221000,4.0,0.25,1.0,QSJXEFYPDANLFS-UHFFFAOYSA-N,"2,3-butanedione",1.0,0.0,0.0,0.0,1.0
1,0.02,211000,221000,4.0,0.25,1.0,WRMNZCZEMHIOCP-UHFFFAOYSA-N,phenethyl alcohol,1.0,0.0,0.0,0.0,1.0
1,0.02,211000,221000,4.0,0.25,1.0,OSWPMRLSEDHDFF-UHFFFAOYSA-N,methyl salicylate,1.0,0.0,0.0,0.0,1.0
1,0.02,211000,221000,4.0,0.25,1.0,HUMNYLRZRPPJDN-UHFFFAOYSA-N,benzaldehyde,1.0,0.0,0.0,0.0,1.0
1,0.02,211000,221000,4.0,0.25,1.0,RRAFCDWBNXTKKO-UHFFFAOYSA-N,eugenol,1.0,0.0,0.0,0.0,1.0
1,0.02,211000,221000,4.0,0.25,1.0,LRHPLDYGYMQRHN-UHFFFAOYSA-N,1-butanol,1.0,0.0,0.0,0.0,1.0
1,0.02,211000,221000,4.0,0.25,1.0,ZSIAUFGUXNUGDI-UHFFFAOYSA-N,1-hexanol,1.0,0.0,0.0,0.0,1.0
1,0.02,211000,221000,4.0,0.25,1.0,PHTQWCKDNZKARW-UHFFFAOYSA-N,3-methyl-butanol,1.0,0.0,0.0,0.0,1.0
1,0.02,211000,221000,4.0,0.25,1.0,VSMOENVRRABVKN-UHFFFAOYSA-N,1-octen-3-ol,1.0,0.0,0.0,0.0,1.0
1,0.02,211000,221000,4.0,0.25,1.0,XEKOWRVHYACXOJ-UHFFFAOYSA-N,ethyl acetate,1.0,0.0,0.0,0.0,1.0
1,0.02,211000,221000,4.0,0.25,1.0,MLFHJEHSLIIPHL-UHFFFAOYSA-N,isopentyl acetate,1.0,0.0,0.0,0.0,1.0
1,0.02,211000,221000,4.0,0.25,1.0,OBNCKNCVKJNDBV-UHFFFAOYSA-N,ethyl butyrate,1.0,0.0,0.0,0.0,1.0
1,0.02,211000,221000,4.0,0.5,0.0,FERIUCNNQQJTOY-UHFFFAOYSA-N,butyric acid,1.0,0.0,0.0,0.0,1.0
1,0.02,211000,221000,4.0,0.5,0.0,HIGQPQRQIQDZMP-DHZHZOJOSA-N,geranyl acetate,1.0,0.0,0.0,0.0,1.0
1,0.02,211000,221000,4.0,0.5,0.0,MBDOYVRWFFCFHM-SNAWJCMRSA-N,E2-hexenal,1.0,0.0,0.0,0.0,1.0
1,0.02,211000,221000,4.0,0.5,0.0,CSCPPACGZOOCGX-UHFFFAOYSA-N,acetone,1.0,0.0,0.0,0.0,1.0
1,0.02,211000,221000,4.0,0.5,0.0,ZWEHNKRNPOVVGH-UHFFFAOYSA-N,2-butanone,1.0,0.0,0.0,0.0,1.0
1,0.02,211000,221000,4.0,0.5,0.0,CATSNJVOTSVZJV-UHFFFAOYSA-N,2-heptanone,1.0,0.0,0.0,0.0,1.0
1,0.02,211000,221000,4.0,0.5,0.0,QSJXEFYPDANLFS-UHFFFAOYSA-N,"2,3-butanedione",1.0,0.0,0.0,0.0,1.0
1,0.02,211000,221000,4.0,0.5,0.0,WRMNZCZEMHIOCP-UHFFFAOYSA-N,phenethyl alcohol,1.0,0.0,0.0,0.0,1.0
1,0.02,211000,221000,4.0,0.5,0.0,OSWPMRLSEDHDFF-UHFFFAOYSA-N,methyl salicylate,1.0,0.0,0.0,0.0,1.0
1,0.02,211000,221000,4.0,0.5,0.0,HUMNYLRZRPPJDN-UHFFFAOYSA-N,benzaldehyde,1.0,0.0,0.0,0.0,1.0
1,0.02,211000,221000,4.0,0.5,0.0,RRAFCDWBNXTKKO-UHFFFAOYSA-N,eugenol,1.0,0.0,0.0,0.0,1.0
1,0.02,211000,221000,4.0,0.5,0.0,LRHPLDYGYMQRHN-UHFFFAOYSA-N,1-butanol,1.0,0.0,0.0,0.0,1.0
1,0.02,211000,221000,4.0,0.5,0.0,ZSIAUFGUXNUGDI-UHFFFAOYSA-N,1-hexanol,1.0,0.0,0.0,0.0,1.0
1,0.02,211000,221000,4.0,0.5,0.0,PHTQWCKDNZKARW-UHFFFAOYSA-N,3-methyl-butanol,1.0,0.0,0.0,0.0,1.0
1,0.02,211000,221000,4.0,0.5,0.0,VSMOENVRRABVKN-UHFFFAOYSA-N,1-octen-3-ol,1.0,0.0,0.0,0.0,1.0
1,0.02,211000,221000,4.0,0.5,0.0,XEKOWRVHYACXOJ-UHFFFAOYSA-N,ethyl acetate,1.0,0.0,0.0,0.0,1.0
1,0.02,211000,221000,4.0,0.5,0.0,MLFHJEHSLIIPHL-UHFFFAOYSA-N,isopentyl acetate,1.0,0.0,0.0,0.0,1.0
1,0.02,211000,221000,4.0,0.5,0.0,OBNCKNCVKJNDBV-UHFFFAOYSA-N,ethyl butyrate,1.0,0.0,0.0,0.0,1.0
1,0.02,211000,221000,4.0,0.5,1.0,FERIUCNNQQJTOY-UHFFFAOYSA-N,butyric acid,1.0,0.0,0.0,0.0,1.0
1,0.02,211000,221000,4.0,0.5,1.0,HIGQPQRQIQDZMP-DHZHZOJOSA-N,geranyl acetate,1.0,0.0,0.0,0.0,1.0
1,0.02,211000,221000,4.0,0.5,1.0,MBDOYVRWFFCFHM-SNAWJCMRSA-N,E2-hexenal,1.0,0.0,0.0,0.0,1.0
1,0.02,211000,221000,4.0,0.5,1.0,CSCPPACGZOOCGX-UHFFFAOYSA-N,acetone,1.0,0.0,0.0,0.0,1.0
1,0.02,211000,221000,4.0,0.5,1.0,ZWEHNKRNPOVVGH-UHFFFAOYSA-N,2-butanone,1.0,0.0,0.0,0.0,1.0
1,0.02,211000,221000,4.0,0.5,1.0,CATSNJVOTSVZJV-UHFFFAOYSA-N,2-heptanone,1.0,0.0,0.0,0.0,1.0
1,0.02,211000,221000,4.0,0.5,1.0,QSJXEFYPDANLFS-UHFFFAOYSA-N,"2,3-butanedione",1.0,0.0,0.0,0.0,1.0
1,0.02,211000,221000,4.0,0.5,1.0,WRMNZCZEMHIOCP-UHFFFAOYSA-N,phenethyl alcohol,1.0,0.0,0.0,0.0,1.0
1,0.02,211000,221000,4.0,0.5,1.0,OSWPMRLSEDHDFF-UHFFFAOYSA-N,methyl salicylate,1.0,0.0,0.0,0.0,1.0
1,0.02,211000,221000,4.0,0.5,1.0,HUMNYLRZRPPJDN-UHFFFAOYSA-N,benzaldehyde,1.0,0.0,0.0,0.0,1.0
1,0.02,211000,221000,4.0,0.5,1.0,RRAFCDWBNXTKKO-UHFFFAOYSA-N,eugenol,1.0,0.0,0.0,0.0,1.0
1,0.02,211000,221000,4.0,0.5,1.0,LRHPLDYGYMQRHN-UHFFFAOYSA-N,1-butanol,1.0,0.0,0.0,0.0,1.0
1,0.02,211000,221000,4.0,0.5,1.0,ZSIAUFGUXNUGDI-UHFFFAOYSA-N,1-hexanol,1.0,0.0,0.0,0.0,1.0
1,0.02,211000,221000,4.0,0.5,1.0,PHTQWCKDNZKARW-UHFFFAOYSA-N,3-methyl-butanol,1.0,0.0,0.0,0.0,1.0
1,0.02,211000,221000,4.0,0.5,1.0,VSMOENVRRABVKN-UHFFFAOYSA-N,1-octen-3-ol,1.0,0.0,0.0,0.0,1.0
1,0.02,211000,221000,4.0,0.5,1.0,XEKOWRVHYACXOJ-UHFFFAOYSA-N,ethyl acetate,1.0,0.0,0.0,0.0,1.0
1,0.02,211000,221000,4.0,0.5,1.0,MLFHJEHSLIIPHL-UHFFFAOYSA-N,isopentyl acetate,1.0,0.0,0.0,0.0,1.0
1,0.02,211000,221000,4.0,0.5,1.0,OBNCKNCVKJNDBV-UHFFFAOYSA-N,ethyl butyrate,1.0,0.0,0.0,0.0,1.0
1,0.02,211000,221000,4.0,1.0,0.0,FERIUCNNQQJTOY-UHFFFAOYSA-N,butyric acid,1.0,0.0,0.0,0.0,1.0
1,0.02,211000,221000,4.0,1.0,0.0,HIGQPQRQIQDZMP-DHZHZOJOSA-N,geranyl acetate,1.0,0.0,0.0,0.0,1.0
1,0.02,211000,221000,4.0,1.0,0.0,MBDOYVRWFFCFHM-SNAWJCMRSA-N,E2-hexenal,1.0,0.0,0.0,0.0,1.0
1,0.02,211000,221000,4.0,1.0,0.0,CSCPPACGZOOCGX-UHFFFAOYSA-N,acetone,1.0,0.0,0.0,0.0,1.0
1,0.02,211000,221000,4.0,1.0,0.0,ZWEHNKRNPOVVGH-UHFFFAOYSA-N,2-butanone,1.0,0.0,0.0,0.0,1.0
1,0.02,211000,221000,4.0,1.0,0.0,CATSNJVOTSVZJV-UHFFFAOYSA-N,2-heptanone,1.0,0.0,0.0,0.0,1.0
1,0.02,211000,221000,4.0,1.0,0.0,QSJXEFYPDANLFS-UHFFFAOYSA-N,"2,3-butanedione",1.0,0.0,0.0,0.0,1.0
1,0.02,211000,221000,4.0,1.0,0.0,WRMNZCZEMHIOCP-UHFFFAOYSA-N,phenethyl alcohol,1.0,0.0,0.0,0.0,1.0
1,0.02,211000,221000,4.0,1.0,0.0,OSWPMRLSEDHDFF-UHFFFAOYSA-N,methyl salicylate,1.0,0.0,0.0,0.0,1.0
1,0.02,211000,221000,4.0,1.0,0.0,HUMNYLRZRPPJDN-UHFFFAOYSA-N,benzaldehyde,1.0,0.0,0.0,0.0,1.0
1,0.02,211000,221000,4.0,1.0,0.0,RRAFCDWBNXTKKO-UHFFFAOYSA-N,eugenol,1.0,0.0,0.0,0.0,1.0
1,0.02,211000,221000,4.0,1.0,0.0,LRHPLDYGYMQRHN-UHFFFAOYSA-N,1-butanol,1.0,0.0,0.0,0.0,1.0
1,0.02,211000,221000,4.0,1.0,0.0,ZSIAUFGUXNUGDI-UHFFFAOYSA-N,1-hexanol,1.0,0.0,0.0,0.0,1.0
1,0.02,211000,221000,4.0,1.0,0.0,PHTQWCKDNZKARW-UHFFFAOYSA-N,3-methyl-butanol,1.0,0.0,0.0,0.0,1.0
1,0.02,211000,221000,4.0,1.0,0.0,VSMOENVRRABVKN-UHFFFAOYSA-N,1-octen-3-ol,1.0,0.0,0.0,0.0,1.0
1,0.02,211000,221000,4.0,1.0,0.0,XEKOWRVHYACXOJ-UHFFFAOYSA-N,ethyl acetate,1.0,0.0,0.0,0.0,1.0
1,0.02,211000,221000,4.0,1.0,0.0,MLFHJEHSLIIPHL-UHFFFAOYSA-N,isopentyl acetate,1.0,0.0,0.0,0.0,1.0
1,0.02,211000,221000,4.0,1.0,0.0,OBNCKNCVKJNDBV-UHFFFAOYSA-N,ethyl butyrate,1.0,0.0,0.0,0.0,1.0
1,0.02,211000,221000,4.0,1.0,1.0,FERIUCNNQQJTOY-UHFFFAOYSA-N,butyric acid,1.0,0.0,0.0,0.0,1.0
1,0.02,211000,221000,4.0,1.0,1.0,HIGQPQRQIQDZMP-DHZHZOJOSA-N,geranyl acetate,1.0,0.0,0.0,0.0,1.0
1,0.02,211000,221000,4.0,1.0,1.0,MBDOYVRWFFCFHM-SNAWJCMRSA-N,E2-hexenal,1.0,0.0,0.0,0.0,1.0
1,0.02,211000,221000,4.0,1.0,1.0,CSCPPACGZOOCGX-UHFFFAOYSA-N,acetone,1.0,0.0,0.0,0.0,1.0
1,0.02,211000,221000,4.0,1.0,1.0,ZWEHNKRNPOVVGH-UHFFFAOYSA-N,2-butanone,1.0,0.0,0.0,0.0,1.0
1,0.02,211000,221000,4.0,1.0,1.0,CATSNJVOTSVZJV-UHFFFAOYSA-N,2-heptanone,1.0,0.0,0.0,0.0,1.0
1,0.02,211000,221000,4.0,1.0,1.0,QSJXEFYPDANLFS-UHFFFAOYSA-N,"2,3-butanedione",1.0,0.0,0.0,0.0,1.0
1,0.02,211000,221000,4.0,1.0,1.0,WRMNZCZEMHIOCP-UHFFFAOYSA-N,phenethyl alcohol,1.0,0.0,0.0,0.0,1.0
1,0.02,211000,221000,4.0,1.0,1.0,OSWPMRLSEDHDFF-UHFFFAOYSA-N,methyl salicylate,1.0,0.0,0.0,0.0,1.0
1,0.02,211000,221000,4.0,1.0,1.0,HUMNYLRZRPPJDN-UHFFFAOYSA-N,benzaldehyde,1.0,0.0,0.0,0.0,1.0
1,0.02,211000,221000,4.0,1.0,1.0,RRAFCDWBNXTKKO-UHFFFAOYSA-N,eugenol,1.0,0.0,0.0,0.0,1.0
1,0.02,211000,221000,4.0,1.0,1.0,LRHPLDYGYMQRHN-UHFFFAOYSA-N,1-butanol,1.0,0.0,0.0,0.0,1.0
1,0.02,211000,221000,4.0,1.0,1.0,ZSIAUFGUXNUGDI-UHFFFAOYSA-N,1-hexanol,1.0,0.0,0.0,0.0,1.0
1,0.02,211000,221000,4.0,1.0,1.0,PHTQWCKDNZKARW-UHFFFAOYSA-N,3-methyl-butanol,1.0,0.0,0.0,0.0,1.0
1,0.02,211000,221000,4.0,1.0,1.0,VSMOENVRRABVKN-UHFFFAOYSA-N,1-octen-3-ol,1.0,0.0,0.0,0.0,1.0
1,0.02,211000,221000,4.0,1.0,1.0,XEKOWRVHYACXOJ-UHFFFAOYSA-N,ethyl acetate,1.0,0.0,0.0,0.0,1.0
1,0.02,211000,221000,4.0,1.0,1.0,MLFHJEHSLIIPHL-UHFFFAOYSA-N,isopentyl acetate,1.0,0.0,0.0,0.0,1.0
1,0.02,211000,221000,4.0,1.0,1.0,OBNCKNCVKJNDBV-UHFFFAOYSA-N,ethyl butyrate,1.0,0.0,0.0,0.0,1.0
1,0.1,211001,221001,1.0,0.0,0.0,FERIUCNNQQJTOY-UHFFFAOYSA-N,butyric acid,0.95,0.0,0.0,0.05,0.95
1,0.1,211001,221001,1.0,0.0,0.0,HIGQPQRQIQDZMP-DHZHZOJOSA-N,geranyl acetate,1.0,0.0,0.0,0.0,1.0
1,0.1,211001,221001,1.0,0.0,0.0,MBDOYVRWFFCFHM-SNAWJCMRSA-N,E2-hexenal,1.0,0.0,0.0,0.0,1.0
1,0.1,211001,221001,1.0,0.0,0.0,CSCPPACGZOOCGX-UHFFFAOYSA-N,acetone,1.0,0.0,0.0,0.0,1.0
1,0.1,211001,221001,1.0,0.0,0.0,ZWEHNKRNPOVVGH-UHFFFAOYSA-N,2-butanone,1.0,0.0,0.0,0.0,1.0
1,0.1,211001,221001,1.0,0.0,0.0,CATSNJVOTSVZJV-UHFFFAOYSA-N,2-heptanone,0.95,0.0,0.0,0.05,0.95
1,0.1,211001,221001,1.0,0.0,0.0,QSJXEFYPDANLFS-UHFFFAOYSA-N,"2,3-butanedione",1.0,0.0,0.0,0.0,1.0
1,0.1,211001,221001,1.0,0.0,0.0,WRMNZCZEMHIOCP-UHFFFAOYSA-N,phenethyl alcohol,1.0,0.0,0.0,0.0,1.0
1,0.1,211001,221001,1.0,0.0,0.0,OSWPMRLSEDHDFF-UHFFFAOYSA-N,methyl salicylate,1.0,0.0,0.0,0.0,1.0
1,0.1,211001,221001,1.0,0.0,0.0,HUMNYLRZRPPJDN-UHFFFAOYSA-N,benzaldehyde,0.95,0.0,0.0,0.05,0.95
1,0.1,211001,221001,1.0,0.0,0.0,RRAFCDWBNXTKKO-UHFFFAOYSA-N,eugenol,1.0,0.0,0.0,0.0,1.0
1,0.1,211001,221001,1.0,0.0,0.0,LRHPLDYGYMQRHN-UHFFFAOYSA-N,1-butanol,0.95,0.0,0.0,0.05,0.95
1,0.1,211001,221001,1.0,0.0,0.0,ZSIAUFGUXNUGDI-UHFFFAOYSA-N,1-hexanol,0.95,0.0,0.0,0.05,0.95
1,0.1,211001,221001,1.0,0.0,0.0,PHTQWCKDNZKARW-UHFFFAOYSA-N,3-methyl-butanol,0.85,0.0,0.0,0.15,0.85
1,0.1,211001,221001,1.0,0.0,0.0,VSMOENVRRABVKN-UHFFFAOYSA-N,1-octen-3-ol,1.0,0.0,0.0,0.0,1.0
1,0.1,211001,221001,1.0,0.0,0.0,XEKOWRVHYACXOJ-UHFFFAOYSA-N,ethyl acetate,1.0,0.0,0.0,0.0,1.0
1,0.1,211001,221001,1.0,0.0,0.0,MLFHJEHSLIIPHL-UHFFFAOYSA-N,isopentyl acetate,1.0,0.0,0.0,0.0,1.0
1,0.1,211001,221001,1.0,0.0,0.0,OBNCKNCVKJNDBV-UHFFFAOYSA-N,ethyl butyrate,1.0,0.0,0.0,0.0,1.0
1,0.1,211001,221001,1.0,0.0,1.0,FERIUCNNQQJTOY-UHFFFAOYSA-N,butyric acid,0.95,0.0,0.0,0.05,0.95
1,0.1,211001,221001,1.0,0.0,1.0,HIGQPQRQIQDZMP-DHZHZOJOSA-N,geranyl acetate,1.0,0.0,0.0,0.0,1.0
1,0.1,211001,221001,1.0,0.0,1.0,MBDOYVRWFFCFHM-SNAWJCMRSA-N,E2-hexenal,1.0,0.0,0.0,0.0,1.0
1,0.1,211001,221001,1.0,0.0,1.0,CSCPPACGZOOCGX-UHFFFAOYSA-N,acetone,0.95,0.0,0.0,0.05,0.95
1,0.1,211001,221001,1.0,0.0,1.0,ZWEHNKRNPOVVGH-UHFFFAOYSA-N,2-butanone,1.0,0.0,0.0,0.0,1.0
1,0.1,211001,221001,1.0,0.0,1.0,CATSNJVOTSVZJV-UHFFFAOYSA-N,2-heptanone,0.95,0.0,0.0,0.05,0.95
1,0.1,211001,221001,1.0,0.0,1.0,QSJXEFYPDANLFS-UHFFFAOYSA-N,"2,3-butanedione",1.0,0.0,0.0,0.0,1.0
1,0.1,211001,221001,1.0,0.0,1.0,WRMNZCZEMHIOCP-UHFFFAOYSA-N,phenethyl alcohol,1.0,0.0,0.0,0.0,1.0
1,0.1,211001,221001,1.0,0.0,1.0,OSWPMRLSEDHDFF-UHFFFAOYSA-N,methyl salicylate,1.0,0.0,0.0,0.0,1.0
1,0.1,211001,221001,1.0,0.0,1.0,HUMNYLRZRPPJDN-UHFFFAOYSA-N,benzaldehyde,0.95,0.0,0.0,0.05,0.95
1,0.1,211001,221001,1.0,0.0,1.0,RRAFCDWBNXTKKO-UHFFFAOYSA-N,eugenol,1.0,0.0,0.0,0.0,1.0
1,0.1,211001,221001,1.0,0.0,1.0,LRHPLDYGYMQRHN-UHFFFAOYSA-N,1-butanol,0.9,0.0,0.0,0.1,0.9
1,0.1,211001,221001,1.0,0.0,1.0,ZSIAUFGUXNUGDI-UHFFFAOYSA-N,1-hexanol,0.95,0.0,0.0,0.05,0.95
1,0.1,211001,221001,1.0,0.0,1.0,PHTQWCKDNZKARW-UHFFFAOYSA-N,3-methyl-butanol,0.7,0.0,0.0,0.3,0.7
1,0.1,211001,221001,1.0,0.0,1.0,VSMOENVRRABVKN-UHFFFAOYSA-N,1-octen-3-ol,1.0,0.0,0.0,0.0,1.0
1,0.1,211001,221001,1.0,0.0,1.0,XEKOWRVHYACXOJ-UHFFFAOYSA-N,ethyl acetate,1.0,0.0,0.0,0.0,1.0
1,0.1,211001,221001,1.0,0.0,1.0,MLFHJEHSLIIPHL-UHFFFAOYSA-N,isopentyl acetate,1.0,0.0,0.0,0.0,1.0
1,0.1,211001,221001,1.0,0.0,1.0,OBNCKNCVKJNDBV-UHFFFAOYSA-N,ethyl butyrate,1.0,0.0,0.0,0.0,1.0
1,0.1,211001,221001,1.0,0.25,0.0,FERIUCNNQQJTOY-UHFFFAOYSA-N,butyric acid,0.85,0.0,0.0,0.15,0.85
1,0.1,211001,221001,1.0,0.25,0.0,HIGQPQRQIQDZMP-DHZHZOJOSA-N,geranyl acetate,1.0,0.0,0.0,0.0,1.0
1,0.1,211001,221001,1.0,0.25,0.0,MBDOYVRWFFCFHM-SNAWJCMRSA-N,E2-hexenal,1.0,0.0,0.0,0.0,1.0
1,0.1,211001,221001,1.0,0.25,0.0,CSCPPACGZOOCGX-UHFFFAOYSA-N,acetone,1.0,0.0,0.0,0.0,1.0
1,0.1,211001,221001,1.0,0.25,0.0,ZWEHNKRNPOVVGH-UHFFFAOYSA-N,2-butanone,0.9,0.0,0.0,0.1,0.9
1,0.1,211001,221001,1.0,0.25,0.0,CATSNJVOTSVZJV-UHFFFAOYSA-N,2-heptanone,0.95,0.0,0.0,0.05,0.95
1,0.1,211001,221001,1.0,0.25,0.0,QSJXEFYPDANLFS-UHFFFAOYSA-N,"2,3-butanedione",1.0,0.0,0.0,0.0,1.0
1,0.1,211001,221001,1.0,0.25,0.0,WRMNZCZEMHIOCP-UHFFFAOYSA-N,phenethyl alcohol,1.0,0.0,0.0,0.0,1.0
1,0.1,211001,221001,1.0,0.25,0.0,OSWPMRLSEDHDFF-UHFFFAOYSA-N,methyl salicylate,1.0,0.0,0.0,0.0,1.0
1,0.1,211001,221001,1.0,0.25,0.0,HUMNYLRZRPPJDN-UHFFFAOYSA-N,benzaldehyde,0.95,0.0,0.0,0.05,0.95
1,0.1,211001,221001,1.0,0.25,0.0,RRAFCDWBNXTKKO-UHFFFAOYSA-N,eugenol,1.0,0.0,0.0,0.0,1.0
1,0.1,211001,221001,1.0,0.25,0.0,LRHPLDYGYMQRHN-UHFFFAOYSA-N,1-butanol,0.85,0.0,0.0,0.15,0.85
1,0.1,211001,221001,1.0,0.25,0.0,ZSIAUFGUXNUGDI-UHFFFAOYSA-N,1-hexanol,0.95,0.0,0.0,0.05,0.95
1,0.1,211001,221001,1.0,0.25,0.0,PHTQWCKDNZKARW-UHFFFAOYSA-N,3-methyl-butanol,0.7,0.0,0.0,0.3,0.7
1,0.1,211001,221001,1.0,0.25,0.0,VSMOENVRRABVKN-UHFFFAOYSA-N,1-octen-3-ol,1.0,0.0,0.0,0.0,1.0
1,0.1,211001,221001,1.0,0.25,0.0,XEKOWRVHYACXOJ-UHFFFAOYSA-N,ethyl acetate,1.0,0.0,0.0,0.0,1.0
1,0.1,211001,221001,1.0,0.25,0.0,MLFHJEHSLIIPHL-UHFFFAOYSA-N,isopentyl acetate,1.0,0.0,0.0,0.0,1.0
1,0.1,211001,221001,1.0,0.25,0.0,OBNCKNCVKJNDBV-UHFFFAOYSA-N,ethyl butyrate,1.0,0.0,0.0,0.0,1.0
1,0.1,211001,221001,1.0,0.25,1.0,FERIUCNNQQJTOY-UHFFFAOYSA-N,butyric acid,0.8,0.0,0.0,0.2,0.8
1,0.1,211001,221001,1.0,0.25,1.0,HIGQPQRQIQDZMP-DHZHZOJOSA-N,geranyl acetate,1.0,0.0,0.0,0.0,1.0
1,0.1,211001,221001,1.0,0.25,1.0,MBDOYVRWFFCFHM-SNAWJCMRSA-N,E2-hexenal,1.0,0.0,0.0,0.0,1.0
1,0.1,211001,221001,1.0,0.25,1.0,CSCPPACGZOOCGX-UHFFFAOYSA-N,acetone,1.0,0.0,0.0,0.0,1.0
1,0.1,211001,221001,1.0,0.25,1.0,ZWEHNKRNPOVVGH-UHFFFAOYSA-N,2-butanone,0.9,0.0,0.0,0.1,0.9
1,0.1,211001,221001,1.0,0.25,1.0,CATSNJVOTSVZJV-UHFFFAOYSA-N,2-heptanone,0.95,0.0,0.0,0.05,0.95
1,0.1,211001,221001,1.0,0.25,1.0,QSJXEFYPDANLFS-UHFFFAOYSA-N,"2,3-butanedione",1.0,0.0,0.0,0.0,1.0
1,0.1,211001,221001,1.0,0.25,1.0,WRMNZCZEMHIOCP-UHFFFAOYSA-N,phenethyl alcohol,0.95,0.0,0.0,0.05,0.95
1,0.1,211001,221001,1.0,0.25,1.0,OSWPMRLSEDHDFF-UHFFFAOYSA-N,methyl salicylate,1.0,0.0,0.0,0.0,1.0
1,0.1,211001,221001,1.0,0.25,1.0,HUMNYLRZRPPJDN-UHFFFAOYSA-N,benzaldehyde,0.95,0.0,0.0,0.05,0.95
1,0.1,211001,221001,1.0,0.25,1.0,RRAFCDWBNXTKKO-UHFFFAOYSA-N,eugenol,1.0,0.0,0.0,0.0,1.0
1,0.1,211001,221001,1.0,0.25,1.0,LRHPLDYGYMQRHN-UHFFFAOYSA-N,1-butanol,0.85,0.0,0.0,0.15,0.85
1,0.1,211001,221001,1.0,0.25,1.0,ZSIAUFGUXNUGDI-UHFFFAOYSA-N,1-hexanol,0.95,0.0,0.0,0.05,0.95
1,0.1,211001,221001,1.0,0.25,1.0,PHTQWCKDNZKARW-UHFFFAOYSA-N,3-methyl-butanol,0.65,0.0,0.0,0.35,0.65
1,0.1,211001,221001,1.0,0.25,1.0,VSMOENVRRABVKN-UHFFFAOYSA-N,1-octen-3-ol,1.0,0.0,0.0,0.0,1.0
1,0.1,211001,221001,1.0,0.25,1.0,XEKOWRVHYACXOJ-UHFFFAOYSA-N,ethyl acetate,1.0,0.0,0.0,0.0,1.0
1,0.1,211001,221001,1.0,0.25,1.0,MLFHJEHSLIIPHL-UHFFFAOYSA-N,isopentyl acetate,1.0,0.0,0.0,0.0,1.0
1,0.1,211001,221001,1.0,0.25,1.0,OBNCKNCVKJNDBV-UHFFFAOYSA-N,ethyl butyrate,1.0,0.0,0.0,0.0,1.0
1,0.1,211001,221001,1.0,0.5,0.0,FERIUCNNQQJTOY-UHFFFAOYSA-N,butyric acid,0.65,0.0,0.0,0.35,0.65
1,0.1,211001,221001,1.0,0.5,0.0,HIGQPQRQIQDZMP-DHZHZOJOSA-N,geranyl acetate,1.0,0.0,0.0,0.0,1.0
1,0.1,211001,221001,1.0,0.5,0.0,MBDOYVRWFFCFHM-SNAWJCMRSA-N,E2-hexenal,1.0,0.0,0.0,0.0,1.0
1,0.1,211001,221001,1.0,0.5,0.0,CSCPPACGZOOCGX-UHFFFAOYSA-N,acetone,1.0,0.1,0.0,0.0,1.0
1,0.1,211001,221001,1.0,0.5,0.0,ZWEHNKRNPOVVGH-UHFFFAOYSA-N,2-butanone,0.9,0.0,0.0,0.1,0.9
1,0.1,211001,221001,1.0,0.5,0.0,CATSNJVOTSVZJV-UHFFFAOYSA-N,2-heptanone,0.95,0.0,0.0,0.05,0.95
1,0.1,211001,221001,1.0,0.5,0.0,QSJXEFYPDANLFS-UHFFFAOYSA-N,"2,3-butanedione",1.0,0.0,0.0,0.0,1.0
1,0.1,211001,221001,1.0,0.5,0.0,WRMNZCZEMHIOCP-UHFFFAOYSA-N,phenethyl alcohol,0.9,0.0,0.0,0.1,0.9
1,0.1,211001,221001,1.0,0.5,0.0,OSWPMRLSEDHDFF-UHFFFAOYSA-N,methyl salicylate,0.85,0.0,0.0,0.15,0.85
1,0.1,211001,221001,1.0,0.5,0.0,HUMNYLRZRPPJDN-UHFFFAOYSA-N,benzaldehyde,0.9,0.0,0.0,0.1,0.9
1,0.1,211001,221001,1.0,0.5,0.0,RRAFCDWBNXTKKO-UHFFFAOYSA-N,eugenol,0.95,0.0,0.0,0.05,0.95
1,0.1,211001,221001,1.0,0.5,0.0,LRHPLDYGYMQRHN-UHFFFAOYSA-N,1-butanol,0.7,0.0,0.0,0.3,0.7
1,0.1,211001,221001,1.0,0.5,0.0,ZSIAUFGUXNUGDI-UHFFFAOYSA-N,1-hexanol,0.95,0.0,0.0,0.05,0.95
1,0.1,211001,221001,1.0,0.5,0.0,PHTQWCKDNZKARW-UHFFFAOYSA-N,3-methyl-butanol,0.4,0.0,0.0,0.6,0.4
1,0.1,211001,221001,1.0,0.5,0.0,VSMOENVRRABVKN-UHFFFAOYSA-N,1-octen-3-ol,1.0,0.0,0.0,0.0,1.0
1,0.1,211001,221001,1.0,0.5,0.0,XEKOWRVHYACXOJ-UHFFFAOYSA-N,ethyl acetate,1.0,0.0,0.0,0.0,1.0
1,0.1,211001,221001,1.0,0.5,0.0,MLFHJEHSLIIPHL-UHFFFAOYSA-N,isopentyl acetate,1.0,0.0,0.0,0.0,1.0
1,0.1,211001,221001,1.0,0.5,0.0,OBNCKNCVKJNDBV-UHFFFAOYSA-N,ethyl butyrate,1.0,0.0,0.0,0.0,1.0
1,0.1,211001,221001,1.0,0.5,1.0,FERIUCNNQQJTOY-UHFFFAOYSA-N,butyric acid,0.65,0.0,0.0,0.35,0.65
1,0.1,211001,221001,1.0,0.5,1.0,HIGQPQRQIQDZMP-DHZHZOJOSA-N,geranyl acetate,1.0,0.0,0.0,0.0,1.0
1,0.1,211001,221001,1.0,0.5,1.0,MBDOYVRWFFCFHM-SNAWJCMRSA-N,E2-hexenal,1.0,0.0,0.0,0.0,1.0
1,0.1,211001,221001,1.0,0.5,1.0,CSCPPACGZOOCGX-UHFFFAOYSA-N,acetone,1.0,0.1,0.0,0.0,1.0
1,0.1,211001,221001,1.0,0.5,1.0,ZWEHNKRNPOVVGH-UHFFFAOYSA-N,2-butanone,0.9,0.0,0.0,0.1,0.9
1,0.1,211001,221001,1.0,0.5,1.0,CATSNJVOTSVZJV-UHFFFAOYSA-N,2-heptanone,0.95,0.0,0.0,0.05,0.95
1,0.1,211001,221001,1.0,0.5,1.0,QSJXEFYPDANLFS-UHFFFAOYSA-N,"2,3-butanedione",1.0,0.0,0.0,0.0,1.0
1,0.1,211001,221001,1.0,0.5,1.0,WRMNZCZEMHIOCP-UHFFFAOYSA-N,phenethyl alcohol,0.85,0.0,0.0,0.15,0.85
1,0.1,211001,221001,1.0,0.5,1.0,OSWPMRLSEDHDFF-UHFFFAOYSA-N,methyl salicylate,0.85,0.0,0.0,0.15,0.85
1,0.1,211001,221001,1.0,0.5,1.0,HUMNYLRZRPPJDN-UHFFFAOYSA-N,benzaldehyde,0.8,0.0,0.0,0.2,0.8
1,0.1,211001,221001,1.0,0.5,1.0,RRAFCDWBNXTKKO-UHFFFAOYSA-N,eugenol,0.95,0.0,0.0,0.05,0.95
1,0.1,211001,221001,1.0,0.5,1.0,LRHPLDYGYMQRHN-UHFFFAOYSA-N,1-butanol,0.7,0.0,0.0,0.3,0.7
1,0.1,211001,221001,1.0,0.5,1.0,ZSIAUFGUXNUGDI-UHFFFAOYSA-N,1-hexanol,0.95,0.0,0.0,0.05,0.95
1,0.1,211001,221001,1.0,0.5,1.0,PHTQWCKDNZKARW-UHFFFAOYSA-N,3-methyl-butanol,0.45,0.0,0.0,0.55,0.45
1,0.1,211001,221001,1.0,0.5,1.0,VSMOENVRRABVKN-UHFFFAOYSA-N,1-octen-3-ol,1.0,0.0,0.0,0.0,1.0
1,0.1,211001,221001,1.0,0.5,1.0,XEKOWRVHYACXOJ-UHFFFAOYSA-N,ethyl acetate,1.0,0.0,0.0,0.0,1.0
1,0.1,211001,221001,1.0,0.5,1.0,MLFHJEHSLIIPHL-UHFFFAOYSA-N,isopentyl acetate,1.0,0.0,0.0,0.0,1.0
1,0.1,211001,221001,1.0,0.5,1.0,OBNCKNCVKJNDBV-UHFFFAOYSA-N,ethyl butyrate,1.0,0.0,0.0,0.0,1.0
1,0.1,211001,221001,1.0,1.0,0.0,FERIUCNNQQJTOY-UHFFFAOYSA-N,butyric acid,0.5,0.35,0.35,0.15,0.7692307692307693
1,0.1,211001,221001,1.0,1.0,0.0,HIGQPQRQIQDZMP-DHZHZOJOSA-N,geranyl acetate,0.35,0.5,0.5,0.15,0.7
1,0.1,211001,221001,1.0,1.0,0.0,MBDOYVRWFFCFHM-SNAWJCMRSA-N,E2-hexenal,0.9,0.0,0.0,0.1,0.9
1,0.1,211001,221001,1.0,1.0,0.0,CSCPPACGZOOCGX-UHFFFAOYSA-N,acetone,1.0,1.0,0.0,0.0,
1,0.1,211001,221001,1.0,1.0,0.0,ZWEHNKRNPOVVGH-UHFFFAOYSA-N,2-butanone,0.85,0.1,0.1,0.05,0.9444444444444444
1,0.1,211001,221001,1.0,1.0,0.0,CATSNJVOTSVZJV-UHFFFAOYSA-N,2-heptanone,0.9,0.0,0.0,0.1,0.9
1,0.1,211001,221001,1.0,1.0,0.0,QSJXEFYPDANLFS-UHFFFAOYSA-N,"2,3-butanedione",1.0,0.0,0.0,0.0,1.0
1,0.1,211001,221001,1.0,1.0,0.0,WRMNZCZEMHIOCP-UHFFFAOYSA-N,phenethyl alcohol,0.6,0.0,0.0,0.4,0.6
1,0.1,211001,221001,1.0,1.0,0.0,OSWPMRLSEDHDFF-UHFFFAOYSA-N,methyl salicylate,0.3,0.65,0.65,0.05,0.8571428571428571
1,0.1,211001,221001,1.0,1.0,0.0,HUMNYLRZRPPJDN-UHFFFAOYSA-N,benzaldehyde,0.65,0.0,0.0,0.35,0.65
1,0.1,211001,221001,1.0,1.0,0.0,RRAFCDWBNXTKKO-UHFFFAOYSA-N,eugenol,0.4,0.45,0.45,0.15,0.7272727272727273
1,0.1,211001,221001,1.0,1.0,0.0,LRHPLDYGYMQRHN-UHFFFAOYSA-N,1-butanol,0.4,0.15,0.15,0.45,0.47058823529411764
1,0.1,211001,221001,1.0,1.0,0.0,ZSIAUFGUXNUGDI-UHFFFAOYSA-N,1-hexanol,0.8,0.0,0.0,0.2,0.8
1,0.1,211001,221001,1.0,1.0,0.0,PHTQWCKDNZKARW-UHFFFAOYSA-N,3-methyl-butanol,0.25,0.35,0.35,0.4,0.38461538461538464
1,0.1,211001,221001,1.0,1.0,0.0,VSMOENVRRABVKN-UHFFFAOYSA-N,1-octen-3-ol,0.95,0.0,0.0,0.05,0.95
1,0.1,211001,221001,1.0,1.0,0.0,XEKOWRVHYACXOJ-UHFFFAOYSA-N,ethyl acetate,0.95,0.0,0.0,0.05,0.95
1,0.1,211001,221001,1.0,1.0,0.0,MLFHJEHSLIIPHL-UHFFFAOYSA-N,isopentyl acetate,0.85,0.0,0.0,0.15,0.85
1,0.1,211001,221001,1.0,1.0,0.0,OBNCKNCVKJNDBV-UHFFFAOYSA-N,ethyl butyrate,0.9,0.0,0.0,0.1,0.9
1,0.1,211001,221001,1.0,1.0,1.0,FERIUCNNQQJTOY-UHFFFAOYSA-N,butyric acid,0.5,0.35,0.35,0.15,0.7692307692307693
1,0.1,211001,221001,1.0,1.0,1.0,HIGQPQRQIQDZMP-DHZHZOJOSA-N,geranyl acetate,0.35,0.5,0.5,0.15,0.7
1,0.1,211001,221001,1.0,1.0,1.0,MBDOYVRWFFCFHM-SNAWJCMRSA-N,E2-hexenal,0.9,0.0,0.0,0.1,0.9
1,0.1,211001,221001,1.0,1.0,1.0,CSCPPACGZOOCGX-UHFFFAOYSA-N,acetone,1.0,1.0,0.0,0.0,
1,0.1,211001,221001,1.0,1.0,1.0,ZWEHNKRNPOVVGH-UHFFFAOYSA-N,2-butanone,0.85,0.1,0.1,0.05,0.9444444444444444
1,0.1,211001,221001,1.0,1.0,1.0,CATSNJVOTSVZJV-UHFFFAOYSA-N,2-heptanone,0.9,0.0,0.0,0.1,0.9
1,0.1,211001,221001,1.0,1.0,1.0,QSJXEFYPDANLFS-UHFFFAOYSA-N,"2,3-butanedione",1.0,0.0,0.0,0.0,1.0
1,0.1,211001,221001,1.0,1.0,1.0,WRMNZCZEMHIOCP-UHFFFAOYSA-N,phenethyl alcohol,0.6,0.0,0.0,0.4,0.6
1,0.1,211001,221001,1.0,1.0,1.0,OSWPMRLSEDHDFF-UHFFFAOYSA-N,methyl salicylate,0.3,0.65,0.65,0.05,0.8571428571428571
1,0.1,211001,221001,1.0,1.0,1.0,HUMNYLRZRPPJDN-UHFFFAOYSA-N,benzaldehyde,0.65,0.0,0.0,0.35,0.65
1,0.1,211001,221001,1.0,1.0,1.0,RRAFCDWBNXTKKO-UHFFFAOYSA-N,eugenol,0.4,0.45,0.45,0.15,0.7272727272727273
1,0.1,211001,221001,1.0,1.0,1.0,LRHPLDYGYMQRHN-UHFFFAOYSA-N,1-butanol,0.35,0.15,0.15,0.5,0.4117647058823529
1,0.1,211001,221001,1.0,1.0,1.0,ZSIAUFGUXNUGDI-UHFFFAOYSA-N,1-hexanol,0.8,0.0,0.0,0.2,0.8
1,0.1,211001,221001,1.0,1.0,1.0,PHTQWCKDNZKARW-UHFFFAOYSA-N,3-methyl-butanol,0.25,0.35,0.35,0.4,0.38461538461538464
1,0.1,211001,221001,1.0,1.0,1.0,VSMOENVRRABVKN-UHFFFAOYSA-N,1-octen-3-ol,0.95,0.0,0.0,0.05,0.95
1,0.1,211001,221001,1.0,1.0,1.0,XEKOWRVHYACXOJ-UHFFFAOYSA-N,ethyl acetate,0.95,0.0,0.0,0.05,0.95
1,0.1,211001,221001,1.0,1.0,1.0,MLFHJEHSLIIPHL-UHFFFAOYSA-N,isopentyl acetate,0.9,0.0,0.0,0.1,0.9
1,0.1,211001,221001,1.0,1.0,1.0,OBNCKNCVKJNDBV-UHFFFAOYSA-N,ethyl butyrate,0.95,0.0,0.0,0.05,0.95
1,0.1,211001,221001,4.0,0.0,0.0,FERIUCNNQQJTOY-UHFFFAOYSA-N,butyric acid,0.95,0.0,0.0,0.05,0.95
1,0.1,211001,221001,4.0,0.0,0.0,HIGQPQRQIQDZMP-DHZHZOJOSA-N,geranyl acetate,1.0,0.0,0.0,0.0,1.0
1,0.1,211001,221001,4.0,0.0,0.0,MBDOYVRWFFCFHM-SNAWJCMRSA-N,E2-hexenal,1.0,0.0,0.0,0.0,1.0
1,0.1,211001,221001,4.0,0.0,0.0,CSCPPACGZOOCGX-UHFFFAOYSA-N,acetone,0.95,0.0,0.0,0.05,0.95
1,0.1,211001,221001,4.0,0.0,0.0,ZWEHNKRNPOVVGH-UHFFFAOYSA-N,2-butanone,1.0,0.0,0.0,0.0,1.0
1,0.1,211001,221001,4.0,0.0,0.0,CATSNJVOTSVZJV-UHFFFAOYSA-N,2-heptanone,0.9,0.0,0.0,0.1,0.9
1,0.1,211001,221001,4.0,0.0,0.0,QSJXEFYPDANLFS-UHFFFAOYSA-N,"2,3-butanedione",0.95,0.0,0.0,0.05,0.95
1,0.1,211001,221001,4.0,0.0,0.0,WRMNZCZEMHIOCP-UHFFFAOYSA-N,phenethyl alcohol,1.0,0.0,0.0,0.0,1.0
1,0.1,211001,221001,4.0,0.0,0.0,OSWPMRLSEDHDFF-UHFFFAOYSA-N,methyl salicylate,1.0,0.0,0.0,0.0,1.0
1,0.1,211001,221001,4.0,0.0,0.0,HUMNYLRZRPPJDN-UHFFFAOYSA-N,benzaldehyde,0.95,0.0,0.0,0.05,0.95
1,0.1,211001,221001,4.0,0.0,0.0,RRAFCDWBNXTKKO-UHFFFAOYSA-N,eugenol,0.95,0.0,0.0,0.05,0.95
1,0.1,211001,221001,4.0,0.0,0.0,LRHPLDYGYMQRHN-UHFFFAOYSA-N,1-butanol,0.9,0.0,0.0,0.1,0.9
1,0.1,211001,221001,4.0,0.0,0.0,ZSIAUFGUXNUGDI-UHFFFAOYSA-N,1-hexanol,0.9,0.0,0.0,0.1,0.9
1,0.1,211001,221001,4.0,0.0,0.0,PHTQWCKDNZKARW-UHFFFAOYSA-N,3-methyl-butanol,0.9,0.0,0.0,0.1,0.9
1,0.1,211001,221001,4.0,0.0,0.0,VSMOENVRRABVKN-UHFFFAOYSA-N,1-octen-3-ol,0.95,0.0,0.0,0.05,0.95
1,0.1,211001,221001,4.0,0.0,0.0,XEKOWRVHYACXOJ-UHFFFAOYSA-N,ethyl acetate,1.0,0.0,0.0,0.0,1.0
1,0.1,211001,221001,4.0,0.0,0.0,MLFHJEHSLIIPHL-UHFFFAOYSA-N,isopentyl acetate,1.0,0.0,0.0,0.0,1.0
1,0.1,211001,221001,4.0,0.0,0.0,OBNCKNCVKJNDBV-UHFFFAOYSA-N,ethyl butyrate,1.0,0.0,0.0,0.0,1.0
1,0.1,211001,221001,4.0,0.0,1.0,FERIUCNNQQJTOY-UHFFFAOYSA-N,butyric acid,0.95,0.0,0.0,0.05,0.95
1,0.1,211001,221001,4.0,0.0,1.0,HIGQPQRQIQDZMP-DHZHZOJOSA-N,geranyl acetate,1.0,0.0,0.0,0.0,1.0
1,0.1,211001,221001,4.0,0.0,1.0,MBDOYVRWFFCFHM-SNAWJCMRSA-N,E2-hexenal,1.0,0.0,0.0,0.0,1.0
1,0.1,211001,221001,4.0,0.0,1.0,CSCPPACGZOOCGX-UHFFFAOYSA-N,acetone,0.95,0.0,0.0,0.05,0.95
1,0.1,211001,221001,4.0,0.0,1.0,ZWEHNKRNPOVVGH-UHFFFAOYSA-N,2-butanone,1.0,0.0,0.0,0.0,1.0
1,0.1,211001,221001,4.0,0.0,1.0,CATSNJVOTSVZJV-UHFFFAOYSA-N,2-heptanone,0.95,0.0,0.0,0.05,0.95
1,0.1,211001,221001,4.0,0.0,1.0,QSJXEFYPDANLFS-UHFFFAOYSA-N,"2,3-butanedione",1.0,0.0,0.0,0.0,1.0
1,0.1,211001,221001,4.0,0.0,1.0,WRMNZCZEMHIOCP-UHFFFAOYSA-N,phenethyl alcohol,1.0,0.0,0.0,0.0,1.0
1,0.1,211001,221001,4.0,0.0,1.0,OSWPMRLSEDHDFF-UHFFFAOYSA-N,methyl salicylate,1.0,0.0,0.0,0.0,1.0
1,0.1,211001,221001,4.0,0.0,1.0,HUMNYLRZRPPJDN-UHFFFAOYSA-N,benzaldehyde,0.9,0.0,0.0,0.1,0.9
1,0.1,211001,221001,4.0,0.0,1.0,RRAFCDWBNXTKKO-UHFFFAOYSA-N,eugenol,1.0,0.0,0.0,0.0,1.0
1,0.1,211001,221001,4.0,0.0,1.0,LRHPLDYGYMQRHN-UHFFFAOYSA-N,1-butanol,0.95,0.0,0.0,0.05,0.95
1,0.1,211001,221001,4.0,0.0,1.0,ZSIAUFGUXNUGDI-UHFFFAOYSA-N,1-hexanol,0.95,0.0,0.0,0.05,0.95
1,0.1,211001,221001,4.0,0.0,1.0,PHTQWCKDNZKARW-UHFFFAOYSA-N,3-methyl-butanol,0.8,0.0,0.0,0.2,0.8
1,0.1,211001,221001,4.0,0.0,1.0,VSMOENVRRABVKN-UHFFFAOYSA-N,1-octen-3-ol,1.0,0.0,0.0,0.0,1.0
1,0.1,211001,221001,4.0,0.0,1.0,XEKOWRVHYACXOJ-UHFFFAOYSA-N,ethyl acetate,1.0,0.0,0.0,0.0,1.0
1,0.1,211001,221001,4.0,0.0,1.0,MLFHJEHSLIIPHL-UHFFFAOYSA-N,isopentyl acetate,1.0,0.0,0.0,0.0,1.0
1,0.1,211001,221001,4.0,0.0,1.0,OBNCKNCVKJNDBV-UHFFFAOYSA-N,ethyl butyrate,1.0,0.0,0.0,0.0,1.0
1,0.1,211001,221001,4.0,0.25,0.0,FERIUCNNQQJTOY-UHFFFAOYSA-N,butyric acid,0.95,0.0,0.0,0.05,0.95
1,0.1,211001,221001,4.0,0.25,0.0,HIGQPQRQIQDZMP-DHZHZOJOSA-N,geranyl acetate,1.0,0.0,0.0,0.0,1.0
1,0.1,211001,221001,4.0,0.25,0.0,MBDOYVRWFFCFHM-SNAWJCMRSA-N,E2-hexenal,1.0,0.0,0.0,0.0,1.0
1,0.1,211001,221001,4.0,0.25,0.0,CSCPPACGZOOCGX-UHFFFAOYSA-N,acetone,1.0,0.0,0.0,0.0,1.0
1,0.1,211001,221001,4.0,0.25,0.0,ZWEHNKRNPOVVGH-UHFFFAOYSA-N,2-butanone,1.0,0.0,0.0,0.0,1.0
1,0.1,211001,221001,4.0,0.25,0.0,CATSNJVOTSVZJV-UHFFFAOYSA-N,2-heptanone,0.9,0.0,0.0,0.1,0.9
1,0.1,211001,221001,4.0,0.25,0.0,QSJXEFYPDANLFS-UHFFFAOYSA-N,"2,3-butanedione",0.95,0.0,0.0,0.05,0.95
1,0.1,211001,221001,4.0,0.25,0.0,WRMNZCZEMHIOCP-UHFFFAOYSA-N,phenethyl alcohol,1.0,0.0,0.0,0.0,1.0
1,0.1,211001,221001,4.0,0.25,0.0,OSWPMRLSEDHDFF-UHFFFAOYSA-N,methyl salicylate,1.0,0.0,0.0,0.0,1.0
1,0.1,211001,221001,4.0,0.25,0.0,HUMNYLRZRPPJDN-UHFFFAOYSA-N,benzaldehyde,0.95,0.0,0.0,0.05,0.95
1,0.1,211001,221001,4.0,0.25,0.0,RRAFCDWBNXTKKO-UHFFFAOYSA-N,eugenol,1.0,0.0,0.0,0.0,1.0
1,0.1,211001,221001,4.0,0.25,0.0,LRHPLDYGYMQRHN-UHFFFAOYSA-N,1-butanol,0.95,0.0,0.0,0.05,0.95
1,0.1,211001,221001,4.0,0.25,0.0,ZSIAUFGUXNUGDI-UHFFFAOYSA-N,1-hexanol,0.95,0.0,0.0,0.05,0.95
1,0.1,211001,221001,4.0,0.25,0.0,PHTQWCKDNZKARW-UHFFFAOYSA-N,3-methyl-butanol,0.85,0.0,0.0,0.15,0.85
1,0.1,211001,221001,4.0,0.25,0.0,VSMOENVRRABVKN-UHFFFAOYSA-N,1-octen-3-ol,1.0,0.0,0.0,0.0,1.0
1,0.1,211001,221001,4.0,0.25,0.0,XEKOWRVHYACXOJ-UHFFFAOYSA-N,ethyl acetate,1.0,0.0,0.0,0.0,1.0
1,0.1,211001,221001,4.0,0.25,0.0,MLFHJEHSLIIPHL-UHFFFAOYSA-N,isopentyl acetate,1.0,0.0,0.0,0.0,1.0
1,0.1,211001,221001,4.0,0.25,0.0,OBNCKNCVKJNDBV-UHFFFAOYSA-N,ethyl butyrate,1.0,0.0,0.0,0.0,1.0
1,0.1,211001,221001,4.0,0.25,1.0,FERIUCNNQQJTOY-UHFFFAOYSA-N,butyric acid,0.95,0.0,0.0,0.05,0.95
1,0.1,211001,221001,4.0,0.25,1.0,HIGQPQRQIQDZMP-DHZHZOJOSA-N,geranyl acetate,1.0,0.0,0.0,0.0,1.0
1,0.1,211001,221001,4.0,0.25,1.0,MBDOYVRWFFCFHM-SNAWJCMRSA-N,E2-hexenal,1.0,0.0,0.0,0.0,1.0
1,0.1,211001,221001,4.0,0.25,1.0,CSCPPACGZOOCGX-UHFFFAOYSA-N,acetone,0.95,0.0,0.0,0.05,0.95
1,0.1,211001,221001,4.0,0.25,1.0,ZWEHNKRNPOVVGH-UHFFFAOYSA-N,2-butanone,1.0,0.0,0.0,0.0,1.0
1,0.1,211001,221001,4.0,0.25,1.0,CATSNJVOTSVZJV-UHFFFAOYSA-N,2-heptanone,0.95,0.0,0.0,0.05,0.95
1,0.1,211001,221001,4.0,0.25,1.0,QSJXEFYPDANLFS-UHFFFAOYSA-N,"2,3-butanedione",1.0,0.0,0.0,0.0,1.0
1,0.1,211001,221001,4.0,0.25,1.0,WRMNZCZEMHIOCP-UHFFFAOYSA-N,phenethyl alcohol,1.0,0.0,0.0,0.0,1.0
1,0.1,211001,221001,4.0,0.25,1.0,OSWPMRLSEDHDFF-UHFFFAOYSA-N,methyl salicylate,1.0,0.0,0.0,0.0,1.0
1,0.1,211001,221001,4.0,0.25,1.0,HUMNYLRZRPPJDN-UHFFFAOYSA-N,benzaldehyde,0.9,0.0,0.0,0.1,0.9
1,0.1,211001,221001,4.0,0.25,1.0,RRAFCDWBNXTKKO-UHFFFAOYSA-N,eugenol,1.0,0.0,0.0,0.0,1.0
1,0.1,211001,221001,4.0,0.25,1.0,LRHPLDYGYMQRHN-UHFFFAOYSA-N,1-butanol,0.9,0.0,0.0,0.1,0.9
1,0.1,211001,221001,4.0,0.25,1.0,ZSIAUFGUXNUGDI-UHFFFAOYSA-N,1-hexanol,0.95,0.0,0.0,0.05,0.95
1,0.1,211001,221001,4.0,0.25,1.0,PHTQWCKDNZKARW-UHFFFAOYSA-N,3-methyl-butanol,0.75,0.0,0.0,0.25,0.75
1,0.1,211001,221001,4.0,0.25,1.0,VSMOENVRRABVKN-UHFFFAOYSA-N,1-octen-3-ol,1.0,0.0,0.0,0.0,1.0
1,0.1,211001,221001,4.0,0.25,1.0,XEKOWRVHYACXOJ-UHFFFAOYSA-N,ethyl acetate,1.0,0.0,0.0,0.0,1.0
1,0.1,211001,221001,4.0,0.25,1.0,MLFHJEHSLIIPHL-UHFFFAOYSA-N,isopentyl acetate,1.0,0.0,0.0,0.0,1.0
1,0.1,211001,221001,4.0,0.25,1.0,OBNCKNCVKJNDBV-UHFFFAOYSA-N,ethyl butyrate,1.0,0.0,0.0,0.0,1.0
1,0.1,211001,221001,4.0,0.5,0.0,FERIUCNNQQJTOY-UHFFFAOYSA-N,butyric acid,0.95,0.0,0.0,0.05,0.95
1,0.1,211001,221001,4.0,0.5,0.0,HIGQPQRQIQDZMP-DHZHZOJOSA-N,geranyl acetate,1.0,0.0,0.0,0.0,1.0
1,0.1,211001,221001,4.0,0.5,0.0,MBDOYVRWFFCFHM-SNAWJCMRSA-N,E2-hexenal,1.0,0.0,0.0,0.0,1.0
1,0.1,211001,221001,4.0,0.5,0.0,CSCPPACGZOOCGX-UHFFFAOYSA-N,acetone,1.0,0.0,0.0,0.0,1.0
1,0.1,211001,221001,4.0,0.5,0.0,ZWEHNKRNPOVVGH-UHFFFAOYSA-N,2-butanone,1.0,0.0,0.0,0.0,1.0
1,0.1,211001,221001,4.0,0.5,0.0,CATSNJVOTSVZJV-UHFFFAOYSA-N,2-heptanone,0.95,0.0,0.0,0.05,0.95
1,0.1,211001,221001,4.0,0.5,0.0,QSJXEFYPDANLFS-UHFFFAOYSA-N,"2,3-butanedione",1.0,0.0,0.0,0.0,1.0
1,0.1,211001,221001,4.0,0.5,0.0,WRMNZCZEMHIOCP-UHFFFAOYSA-N,phenethyl alcohol,1.0,0.0,0.0,0.0,1.0
1,0.1,211001,221001,4.0,0.5,0.0,OSWPMRLSEDHDFF-UHFFFAOYSA-N,methyl salicylate,1.0,0.0,0.0,0.0,1.0
1,0.1,211001,221001,4.0,0.5,0.0,HUMNYLRZRPPJDN-UHFFFAOYSA-N,benzaldehyde,0.95,0.0,0.0,0.05,0.95
1,0.1,211001,221001,4.0,0.5,0.0,RRAFCDWBNXTKKO-UHFFFAOYSA-N,eugenol,1.0,0.0,0.0,0.0,1.0
1,0.1,211001,221001,4.0,0.5,0.0,LRHPLDYGYMQRHN-UHFFFAOYSA-N,1-butanol,0.9,0.0,0.0,0.1,0.9
1,0.1,211001,221001,4.0,0.5,0.0,ZSIAUFGUXNUGDI-UHFFFAOYSA-N,1-hexanol,0.95,0.0,0.0,0.05,0.95
1,0.1,211001,221001,4.0,0.5,0.0,PHTQWCKDNZKARW-UHFFFAOYSA-N,3-methyl-butanol,0.85,0.0,0.0,0.15,0.85
1,0.1,211001,221001,4.0,0.5,0.0,VSMOENVRRABVKN-UHFFFAOYSA-N,1-octen-3-ol,1.0,0.0,0.0,0.0,1.0
1,0.1,211001,221001,4.0,0.5,0.0,XEKOWRVHYACXOJ-UHFFFAOYSA-N,ethyl acetate,1.0,0.0,0.0,0.0,1.0
1,0.1,211001,221001,4.0,0.5,0.0,MLFHJEHSLIIPHL-UHFFFAOYSA-N,isopentyl acetate,1.0,0.0,0.0,0.0,1.0
1,0.1,211001,221001,4.0,0.5,0.0,OBNCKNCVKJNDBV-UHFFFAOYSA-N,ethyl butyrate,1.0,0.0,0.0,0.0,1.0
1,0.1,211001,221001,4.0,0.5,1.0,FERIUCNNQQJTOY-UHFFFAOYSA-N,butyric acid,0.95,0.0,0.0,0.05,0.95
1,0.1,211001,221001,4.0,0.5,1.0,HIGQPQRQIQDZMP-DHZHZOJOSA-N,geranyl acetate,1.0,0.0,0.0,0.0,1.0
1,0.1,211001,221001,4.0,0.5,1.0,MBDOYVRWFFCFHM-SNAWJCMRSA-N,E2-hexenal,1.0,0.0,0.0,0.0,1.0
1,0.1,211001,221001,4.0,0.5,1.0,CSCPPACGZOOCGX-UHFFFAOYSA-N,acetone,0.95,0.0,0.0,0.05,0.95
1,0.1,211001,221001,4.0,0.5,1.0,ZWEHNKRNPOVVGH-UHFFFAOYSA-N,2-butanone,1.0,0.0,0.0,0.0,1.0
1,0.1,211001,221001,4.0,0.5,1.0,CATSNJVOTSVZJV-UHFFFAOYSA-N,2-heptanone,0.95,0.0,0.0,0.05,0.95
1,0.1,211001,221001,4.0,0.5,1.0,QSJXEFYPDANLFS-UHFFFAOYSA-N,"2,3-butanedione",1.0,0.0,0.0,0.0,1.0
1,0.1,211001,221001,4.0,0.5,1.0,WRMNZCZEMHIOCP-UHFFFAOYSA-N,phenethyl alcohol,1.0,0.0,0.0,0.0,1.0
1,0.1,211001,221001,4.0,0.5,1.0,OSWPMRLSEDHDFF-UHFFFAOYSA-N,methyl salicylate,1.0,0.0,0.0,0.0,1.0
1,0.1,211001,221001,4.0,0.5,1.0,HUMNYLRZRPPJDN-UHFFFAOYSA-N,benzaldehyde,0.95,0.0,0.0,0.05,0.95
1,0.1,211001,221001,4.0,0.5,1.0,RRAFCDWBNXTKKO-UHFFFAOYSA-N,eugenol,1.0,0.0,0.0,0.0,1.0
1,0.1,211001,221001,4.0,0.5,1.0,LRHPLDYGYMQRHN-UHFFFAOYSA-N,1-butanol,0.9,0.0,0.0,0.1,0.9
1,0.1,211001,221001,4.0,0.5,1.0,ZSIAUFGUXNUGDI-UHFFFAOYSA-N,1-hexanol,0.95,0.0,0.0,0.05,0.95
1,0.1,211001,221001,4.0,0.5,1.0,PHTQWCKDNZKARW-UHFFFAOYSA-N,3-methyl-butanol,0.75,0.0,0.0,0.25,0.75
1,0.1,211001,221001,4.0,0.5,1.0,VSMOENVRRABVKN-UHFFFAOYSA-N,1-octen-3-ol,1.0,0.0,0.0,0.0,1.0
1,0.1,211001,221001,4.0,0.5,1.0,XEKOWRVHYACXOJ-UHFFFAOYSA-N,ethyl acetate,1.0,0.0,0.0,0.0,1.0
1,0.1,211001,221001,4.0,0.5,1.0,MLFHJEHSLIIPHL-UHFFFAOYSA-N,isopentyl acetate,1.0,0.0,0.0,0.0,1.0
1,0.1,211001,221001,4.0,0.5,1.0,OBNCKNCVKJNDBV-UHFFFAOYSA-N,ethyl butyrate,1.0,0.0,0.0,0.0,1.0
1,0.1,211001,221001,4.0,1.0,0.0,FERIUCNNQQJTOY-UHFFFAOYSA-N,butyric acid,0.9,0.0,0.0,0.1,0.9
1,0.1,211001,221001,4.0,1.0,0.0,HIGQPQRQIQDZMP-DHZHZOJOSA-N,geranyl acetate,1.0,0.0,0.0,0.0,1.0
1,0.1,211001,221001,4.0,1.0,0.0,MBDOYVRWFFCFHM-SNAWJCMRSA-N,E2-hexenal,1.0,0.0,0.0,0.0,1.0
1,0.1,211001,221001,4.0,1.0,0.0,CSCPPACGZOOCGX-UHFFFAOYSA-N,acetone,1.0,0.0,0.0,0.0,1.0
1,0.1,211001,221001,4.0,1.0,0.0,ZWEHNKRNPOVVGH-UHFFFAOYSA-N,2-butanone,0.9,0.0,0.0,0.1,0.9
1,0.1,211001,221001,4.0,1.0,0.0,CATSNJVOTSVZJV-UHFFFAOYSA-N,2-heptanone,0.95,0.0,0.0,0.05,0.95
1,0.1,211001,221001,4.0,1.0,0.0,QSJXEFYPDANLFS-UHFFFAOYSA-N,"2,3-butanedione",1.0,0.0,0.0,0.0,1.0
1,0.1,211001,221001,4.0,1.0,0.0,WRMNZCZEMHIOCP-UHFFFAOYSA-N,phenethyl alcohol,1.0,0.0,0.0,0.0,1.0
1,0.1,211001,221001,4.0,1.0,0.0,OSWPMRLSEDHDFF-UHFFFAOYSA-N,methyl salicylate,1.0,0.0,0.0,0.0,1.0
1,0.1,211001,221001,4.0,1.0,0.0,HUMNYLRZRPPJDN-UHFFFAOYSA-N,benzaldehyde,0.95,0.0,0.0,0.05,0.95
1,0.1,211001,221001,4.0,1.0,0.0,RRAFCDWBNXTKKO-UHFFFAOYSA-N,eugenol,1.0,0.0,0.0,0.0,1.0
1,0.1,211001,221001,4.0,1.0,0.0,LRHPLDYGYMQRHN-UHFFFAOYSA-N,1-butanol,0.85,0.0,0.0,0.15,0.85
1,0.1,211001,221001,4.0,1.0,0.0,ZSIAUFGUXNUGDI-UHFFFAOYSA-N,1-hexanol,0.95,0.0,0.0,0.05,0.95
1,0.1,211001,221001,4.0,1.0,0.0,PHTQWCKDNZKARW-UHFFFAOYSA-N,3-methyl-butanol,0.8,0.0,0.0,0.2,0.8
1,0.1,211001,221001,4.0,1.0,0.0,VSMOENVRRABVKN-UHFFFAOYSA-N,1-octen-3-ol,1.0,0.0,0.0,0.0,1.0
1,0.1,211001,221001,4.0,1.0,0.0,XEKOWRVHYACXOJ-UHFFFAOYSA-N,ethyl acetate,1.0,0.0,0.0,0.0,1.0
1,0.1,211001,221001,4.0,1.0,0.0,MLFHJEHSLIIPHL-UHFFFAOYSA-N,isopentyl acetate,1.0,0.0,0.0,0.0,1.0
1,0.1,211001,221001,4.0,1.0,0.0,OBNCKNCVKJNDBV-UHFFFAOYSA-N,ethyl butyrate,1.0,0.0,0.0,0.0,1.0
1,0.1,211001,221001,4.0,1.0,1.0,FERIUCNNQQJTOY-UHFFFAOYSA-N,butyric acid,0.9,0.0,0.0,0.1,0.9
1,0.1,211001,221001,4.0,1.0,1.0,HIGQPQRQIQDZMP-DHZHZOJOSA-N,geranyl acetate,1.0,0.0,0.0,0.0,1.0
1,0.1,211001,221001,4.0,1.0,1.0,MBDOYVRWFFCFHM-SNAWJCMRSA-N,E2-hexenal,1.0,0.0,0.0,0.0,1.0
1,0.1,211001,221001,4.0,1.0,1.0,CSCPPACGZOOCGX-UHFFFAOYSA-N,acetone,1.0,0.0,0.0,0.0,1.0
1,0.1,211001,221001,4.0,1.0,1.0,ZWEHNKRNPOVVGH-UHFFFAOYSA-N,2-butanone,0.95,0.0,0.0,0.05,0.95
1,0.1,211001,221001,4.0,1.0,1.0,CATSNJVOTSVZJV-UHFFFAOYSA-N,2-heptanone,0.95,0.0,0.0,0.05,0.95
1,0.1,211001,221001,4.0,1.0,1.0,QSJXEFYPDANLFS-UHFFFAOYSA-N,"2,3-butanedione",1.0,0.0,0.0,0.0,1.0
1,0.1,211001,221001,4.0,1.0,1.0,WRMNZCZEMHIOCP-UHFFFAOYSA-N,phenethyl alcohol,1.0,0.0,0.0,0.0,1.0
1,0.1,211001,221001,4.0,1.0,1.0,OSWPMRLSEDHDFF-UHFFFAOYSA-N,methyl salicylate,1.0,0.0,0.0,0.0,1.0
1,0.1,211001,221001,4.0,1.0,1.0,HUMNYLRZRPPJDN-UHFFFAOYSA-N,benzaldehyde,0.95,0.0,0.0,0.05,0.95
1,0.1,211001,221001,4.0,1.0,1.0,RRAFCDWBNXTKKO-UHFFFAOYSA-N,eugenol,1.0,0.0,0.0,0.0,1.0
1,0.1,211001,221001,4.0,1.0,1.0,LRHPLDYGYMQRHN-UHFFFAOYSA-N,1-butanol,0.85,0.0,0.0,0.15,0.85
1,0.1,211001,221001,4.0,1.0,1.0,ZSIAUFGUXNUGDI-UHFFFAOYSA-N,1-hexanol,0.95,0.0,0.0,0.05,0.95
1,0.1,211001,221001,4.0,1.0,1.0,PHTQWCKDNZKARW-UHFFFAOYSA-N,3-methyl-butanol,0.7,0.0,0.0,0.3,0.7
1,0.1,211001,221001,4.0,1.0,1.0,VSMOENVRRABVKN-UHFFFAOYSA-N,1-octen-3-ol,1.0,0.0,0.0,0.0,1.0
1,0.1,211001,221001,4.0,1.0,1.0,XEKOWRVHYACXOJ-UHFFFAOYSA-N,ethyl acetate,1.0,0.0,0.0,0.0,1.0
1,0.1,211001,221001,4.0,1.0,1.0,MLFHJEHSLIIPHL-UHFFFAOYSA-N,isopentyl acetate,1.0,0.0,0.0,0.0,1.0
1,0.1,211001,221001,4.0,1.0,1.0,OBNCKNCVKJNDBV-UHFFFAOYSA-N,ethyl butyrate,1.0,0.0,0.0,0.0,1.0
2,0.02,212000,222000,1.0,0.0,0.0,FERIUCNNQQJTOY-UHFFFAOYSA-N,butyric acid,1.0,0.0,0.0,0.0,1.0
2,0.02,212000,222000,1.0,0.0,0.0,HIGQPQRQIQDZMP-DHZHZOJOSA-N,geranyl acetate,1.0,0.0,0.0,0.0,1.0
2,0.02,212000,222000,1.0,0.0,0.0,MBDOYVRWFFCFHM-SNAWJCMRSA-N,E2-hexenal,1.0,0.0,0.0,0.0,1.0
2,0.02,212000,222000,1.0,0.0,0.0,CSCPPACGZOOCGX-UHFFFAOYSA-N,acetone,1.0,0.0,0.0,0.0,1.0
2,0.02,212000,222000,1.0,0.0,0.0,ZWEHNKRNPOVVGH-UHFFFAOYSA-N,2-butanone,1.0,0.0,0.0,0.0,1.0
2,0.02,212000,222000,1.0,0.0,0.0,CATSNJVOTSVZJV-UHFFFAOYSA-N,2-heptanone,1.0,0.0,0.0,0.0,1.0
2,0.02,212000,222000,1.0,0.0,0.0,QSJXEFYPDANLFS-UHFFFAOYSA-N,"2,3-butanedione",1.0,0.0,0.0,0.0,1.0
2,0.02,212000,222000,1.0,0.0,0.0,WRMNZCZEMHIOCP-UHFFFAOYSA-N,phenethyl alcohol,1.0,0.0,0.0,0.0,1.0
2,0.02,212000,222000,1.0,0.0,0.0,OSWPMRLSEDHDFF-UHFFFAOYSA-N,methyl salicylate,1.0,0.0,0.0,0.0,1.0
2,0.02,212000,222000,1.0,0.0,0.0,HUMNYLRZRPPJDN-UHFFFAOYSA-N,benzaldehyde,1.0,0.0,0.0,0.0,1.0
2,0.02,212000,222000,1.0,0.0,0.0,RRAFCDWBNXTKKO-UHFFFAOYSA-N,eugenol,1.0,0.0,0.0,0.0,1.0
2,0.02,212000,222000,1.0,0.0,0.0,LRHPLDYGYMQRHN-UHFFFAOYSA-N,1-butanol,1.0,0.0,0.0,0.0,1.0
2,0.02,212000,222000,1.0,0.0,0.0,ZSIAUFGUXNUGDI-UHFFFAOYSA-N,1-hexanol,1.0,0.0,0.0,0.0,1.0
2,0.02,212000,222000,1.0,0.0,0.0,PHTQWCKDNZKARW-UHFFFAOYSA-N,3-methyl-butanol,1.0,0.0,0.0,0.0,1.0
2,0.02,212000,222000,1.0,0.0,0.0,VSMOENVRRABVKN-UHFFFAOYSA-N,1-octen-3-ol,1.0,0.0,0.0,0.0,1.0
2,0.02,212000,222000,1.0,0.0,0.0,XEKOWRVHYACXOJ-UHFFFAOYSA-N,ethyl acetate,1.0,0.0,0.0,0.0,1.0
2,0.02,212000,222000,1.0,0.0,0.0,MLFHJEHSLIIPHL-UHFFFAOYSA-N,isopentyl acetate,1.0,0.0,0.0,0.0,1.0
2,0.02,212000,222000,1.0,0.0,0.0,OBNCKNCVKJNDBV-UHFFFAOYSA-N,ethyl butyrate,1.0,0.0,0.0,0.0,1.0
2,0.02,212000,222000,1.0,0.0,1.0,FERIUCNNQQJTOY-UHFFFAOYSA-N,butyric acid,1.0,0.0,0.0,0.0,1.0
2,0.02,212000,222000,1.0,0.0,1.0,HIGQPQRQIQDZMP-DHZHZOJOSA-N,geranyl acetate,1.0,0.0,0.0,0.0,1.0
2,0.02,212000,222000,1.0,0.0,1.0,MBDOYVRWFFCFHM-SNAWJCMRSA-N,E2-hexenal,1.0,0.0,0.0,0.0,1.0
2,0.02,212000,222000,1.0,0.0,1.0,CSCPPACGZOOCGX-UHFFFAOYSA-N,acetone,1.0,0.0,0.0,0.0,1.0
2,0.02,212000,222000,1.0,0.0,1.0,ZWEHNKRNPOVVGH-UHFFFAOYSA-N,2-butanone,1.0,0.0,0.0,0.0,1.0
2,0.02,212000,222000,1.0,0.0,1.0,CATSNJVOTSVZJV-UHFFFAOYSA-N,2-heptanone,1.0,0.0,0.0,0.0,1.0
2,0.02,212000,222000,1.0,0.0,1.0,QSJXEFYPDANLFS-UHFFFAOYSA-N,"2,3-butanedione",1.0,0.0,0.0,0.0,1.0
2,0.02,212000,222000,1.0,0.0,1.0,WRMNZCZEMHIOCP-UHFFFAOYSA-N,phenethyl alcohol,1.0,0.0,0.0,0.0,1.0
2,0.02,212000,222000,1.0,0.0,1.0,OSWPMRLSEDHDFF-UHFFFAOYSA-N,methyl salicylate,1.0,0.0,0.0,0.0,1.0
2,0.02,212000,222000,1.0,0.0,1.0,HUMNYLRZRPPJDN-UHFFFAOYSA-N,benzaldehyde,1.0,0.0,0.0,0.0,1.0
2,0.02,212000,222000,1.0,0.0,1.0,RRAFCDWBNXTKKO-UHFFFAOYSA-N,eugenol,1.0,0.0,0.0,0.0,1.0
2,0.02,212000,222000,1.0,0.0,1.0,LRHPLDYGYMQRHN-UHFFFAOYSA-N,1-butanol,1.0,0.0,0.0,0.0,1.0
2,0.02,212000,222000,1.0,0.0,1.0,ZSIAUFGUXNUGDI-UHFFFAOYSA-N,1-hexanol,1.0,0.0,0.0,0.0,1.0
2,0.02,212000,222000,1.0,0.0,1.0,PHTQWCKDNZKARW-UHFFFAOYSA-N,3-methyl-butanol,1.0,0.0,0.0,0.0,1.0
2,0.02,212000,222000,1.0,0.0,1.0,VSMOENVRRABVKN-UHFFFAOYSA-N,1-octen-3-ol,1.0,0.0,0.0,0.0,1.0
2,0.02,212000,222000,1.0,0.0,1.0,XEKOWRVHYACXOJ-UHFFFAOYSA-N,ethyl acetate,1.0,0.0,0.0,0.0,1.0
2,0.02,212000,222000,1.0,0.0,1.0,MLFHJEHSLIIPHL-UHFFFAOYSA-N,isopentyl acetate,1.0,0.0,0.0,0.0,1.0
2,0.02,212000,222000,1.0,0.0,1.0,OBNCKNCVKJNDBV-UHFFFAOYSA-N,ethyl butyrate,1.0,0.0,0.0,0.0,1.0
2,0.02,212000,222000,1.0,0.25,0.0,FERIUCNNQQJTOY-UHFFFAOYSA-N,butyric acid,1.0,0.0,0.0,0.0,1.0
2,0.02,212000,222000,1.0,0.25,0.0,HIGQPQRQIQDZMP-DHZHZOJOSA-N,geranyl acetate,1.0,0.0,0.0,0.0,1.0
2,0.02,212000,222000,1.0,0.25,0.0,MBDOYVRWFFCFHM-SNAWJCMRSA-N,E2-hexenal,1.0,0.0,0.0,0.0,1.0
2,0.02,212000,222000,1.0,0.25,0.0,CSCPPACGZOOCGX-UHFFFAOYSA-N,acetone,1.0,0.0,0.0,0.0,1.0
2,0.02,212000,222000,1.0,0.25,0.0,ZWEHNKRNPOVVGH-UHFFFAOYSA-N,2-butanone,1.0,0.0,0.0,0.0,1.0
2,0.02,212000,222000,1.0,0.25,0.0,CATSNJVOTSVZJV-UHFFFAOYSA-N,2-heptanone,1.0,0.0,0.0,0.0,1.0
2,0.02,212000,222000,1.0,0.25,0.0,QSJXEFYPDANLFS-UHFFFAOYSA-N,"2,3-butanedione",1.0,0.0,0.0,0.0,1.0
2,0.02,212000,222000,1.0,0.25,0.0,WRMNZCZEMHIOCP-UHFFFAOYSA-N,phenethyl alcohol,1.0,0.0,0.0,0.0,1.0
2,0.02,212000,222000,1.0,0.25,0.0,OSWPMRLSEDHDFF-UHFFFAOYSA-N,methyl salicylate,1.0,0.0,0.0,0.0,1.0
2,0.02,212000,222000,1.0,0.25,0.0,HUMNYLRZRPPJDN-UHFFFAOYSA-N,benzaldehyde,1.0,0.0,0.0,0.0,1.0
2,0.02,212000,222000,1.0,0.25,0.0,RRAFCDWBNXTKKO-UHFFFAOYSA-N,eugenol,1.0,0.0,0.0,0.0,1.0
2,0.02,212000,222000,1.0,0.25,0.0,LRHPLDYGYMQRHN-UHFFFAOYSA-N,1-butanol,1.0,0.0,0.0,0.0,1.0
2,0.02,212000,222000,1.0,0.25,0.0,ZSIAUFGUXNUGDI-UHFFFAOYSA-N,1-hexanol,1.0,0.0,0.0,0.0,1.0
2,0.02,212000,222000,1.0,0.25,0.0,PHTQWCKDNZKARW-UHFFFAOYSA-N,3-methyl-butanol,1.0,0.0,0.0,0.0,1.0
2,0.02,212000,222000,1.0,0.25,0.0,VSMOENVRRABVKN-UHFFFAOYSA-N,1-octen-3-ol,1.0,0.0,0.0,0.0,1.0
2,0.02,212000,222000,1.0,0.25,0.0,XEKOWRVHYACXOJ-UHFFFAOYSA-N,ethyl acetate,1.0,0.0,0.0,0.0,1.0
2,0.02,212000,222000,1.0,0.25,0.0,MLFHJEHSLIIPHL-UHFFFAOYSA-N,isopentyl acetate,1.0,0.0,0.0,0.0,1.0
2,0.02,212000,222000,1.0,0.25,0.0,OBNCKNCVKJNDBV-UHFFFAOYSA-N,ethyl butyrate,1.0,0.0,0.0,0.0,1.0
2,0.02,212000,222000,1.0,0.25,1.0,FERIUCNNQQJTOY-UHFFFAOYSA-N,butyric acid,1.0,0.0,0.0,0.0,1.0
2,0.02,212000,222000,1.0,0.25,1.0,HIGQPQRQIQDZMP-DHZHZOJOSA-N,geranyl acetate,1.0,0.0,0.0,0.0,1.0
2,0.02,212000,222000,1.0,0.25,1.0,MBDOYVRWFFCFHM-SNAWJCMRSA-N,E2-hexenal,1.0,0.0,0.0,0.0,1.0
2,0.02,212000,222000,1.0,0.25,1.0,CSCPPACGZOOCGX-UHFFFAOYSA-N,acetone,1.0,0.0,0.0,0.0,1.0
2,0.02,212000,222000,1.0,0.25,1.0,ZWEHNKRNPOVVGH-UHFFFAOYSA-N,2-butanone,1.0,0.0,0.0,0.0,1.0
2,0.02,212000,222000,1.0,0.25,1.0,CATSNJVOTSVZJV-UHFFFAOYSA-N,2-heptanone,1.0,0.0,0.0,0.0,1.0
2,0.02,212000,222000,1.0,0.25,1.0,QSJXEFYPDANLFS-UHFFFAOYSA-N,"2,3-butanedione",1.0,0.0,0.0,0.0,1.0
2,0.02,212000,222000,1.0,0.25,1.0,WRMNZCZEMHIOCP-UHFFFAOYSA-N,phenethyl alcohol,1.0,0.0,0.0,0.0,1.0
2,0.02,212000,222000,1.0,0.25,1.0,OSWPMRLSEDHDFF-UHFFFAOYSA-N,methyl salicylate,1.0,0.0,0.0,0.0,1.0
2,0.02,212000,222000,1.0,0.25,1.0,HUMNYLRZRPPJDN-UHFFFAOYSA-N,benzaldehyde,1.0,0.0,0.0,0.0,1.0
2,0.02,212000,222000,1.0,0.25,1.0,RRAFCDWBNXTKKO-UHFFFAOYSA-N,eugenol,1.0,0.0,0.0,0.0,1.0
2,0.02,212000,222000,1.0,0.25,1.0,LRHPLDYGYMQRHN-UHFFFAOYSA-N,1-butanol,1.0,0.0,0.0,0.0,1.0
2,0.02,212000,222000,1.0,0.25,1.0,ZSIAUFGUXNUGDI-UHFFFAOYSA-N,1-hexanol,1.0,0.0,0.0,0.0,1.0
2,0.02,212000,222000,1.0,0.25,1.0,PHTQWCKDNZKARW-UHFFFAOYSA-N,3-methyl-butanol,1.0,0.0,0.0,0.0,1.0
2,0.02,212000,222000,1.0,0.25,1.0,VSMOENVRRABVKN-UHFFFAOYSA-N,1-octen-3-ol,1.0,0.0,0.0,0.0,1.0
2,0.02,212000,222000,1.0,0.25,1.0,XEKOWRVHYACXOJ-UHFFFAOYSA-N,ethyl acetate,1.0,0.0,0.0,0.0,1.0
2,0.02,212000,222000,1.0,0.25,1.0,MLFHJEHSLIIPHL-UHFFFAOYSA-N,isopentyl acetate,1.0,0.0,0.0,0.0,1.0
2,0.02,212000,222000,1.0,0.25,1.0,OBNCKNCVKJNDBV-UHFFFAOYSA-N,ethyl butyrate,1.0,0.0,0.0,0.0,1.0
2,0.02,212000,222000,1.0,0.5,0.0,FERIUCNNQQJTOY-UHFFFAOYSA-N,butyric acid,1.0,0.0,0.0,0.0,1.0
2,0.02,212000,222000,1.0,0.5,0.0,HIGQPQRQIQDZMP-DHZHZOJOSA-N,geranyl acetate,1.0,0.0,0.0,0.0,1.0
2,0.02,212000,222000,1.0,0.5,0.0,MBDOYVRWFFCFHM-SNAWJCMRSA-N,E2-hexenal,1.0,0.0,0.0,0.0,1.0
2,0.02,212000,222000,1.0,0.5,0.0,CSCPPACGZOOCGX-UHFFFAOYSA-N,acetone,1.0,0.1,0.0,0.0,1.0
2,0.02,212000,222000,1.0,0.5,0.0,ZWEHNKRNPOVVGH-UHFFFAOYSA-N,2-butanone,1.0,0.0,0.0,0.0,1.0
2,0.02,212000,222000,1.0,0.5,0.0,CATSNJVOTSVZJV-UHFFFAOYSA-N,2-heptanone,1.0,0.0,0.0,0.0,1.0
2,0.02,212000,222000,1.0,0.5,0.0,QSJXEFYPDANLFS-UHFFFAOYSA-N,"2,3-butanedione",1.0,0.0,0.0,0.0,1.0
2,0.02,212000,222000,1.0,0.5,0.0,WRMNZCZEMHIOCP-UHFFFAOYSA-N,phenethyl alcohol,1.0,0.0,0.0,0.0,1.0
2,0.02,212000,222000,1.0,0.5,0.0,OSWPMRLSEDHDFF-UHFFFAOYSA-N,methyl salicylate,1.0,0.0,0.0,0.0,1.0
2,0.02,212000,222000,1.0,0.5,0.0,HUMNYLRZRPPJDN-UHFFFAOYSA-N,benzaldehyde,1.0,0.0,0.0,0.0,1.0
2,0.02,212000,222000,1.0,0.5,0.0,RRAFCDWBNXTKKO-UHFFFAOYSA-N,eugenol,1.0,0.0,0.0,0.0,1.0
2,0.02,212000,222000,1.0,0.5,0.0,LRHPLDYGYMQRHN-UHFFFAOYSA-N,1-butanol,1.0,0.0,0.0,0.0,1.0
2,0.02,212000,222000,1.0,0.5,0.0,ZSIAUFGUXNUGDI-UHFFFAOYSA-N,1-hexanol,1.0,0.0,0.0,0.0,1.0
2,0.02,212000,222000,1.0,0.5,0.0,PHTQWCKDNZKARW-UHFFFAOYSA-N,3-methyl-butanol,1.0,0.0,0.0,0.0,1.0
2,0.02,212000,222000,1.0,0.5,0.0,VSMOENVRRABVKN-UHFFFAOYSA-N,1-octen-3-ol,1.0,0.0,0.0,0.0,1.0
2,0.02,212000,222000,1.0,0.5,0.0,XEKOWRVHYACXOJ-UHFFFAOYSA-N,ethyl acetate,1.0,0.0,0.0,0.0,1.0
2,0.02,212000,222000,1.0,0.5,0.0,MLFHJEHSLIIPHL-UHFFFAOYSA-N,isopentyl acetate,1.0,0.0,0.0,0.0,1.0
2,0.02,212000,222000,1.0,0.5,0.0,OBNCKNCVKJNDBV-UHFFFAOYSA-N,ethyl butyrate,1.0,0.0,0.0,0.0,1.0
2,0.02,212000,222000,1.0,0.5,1.0,FERIUCNNQQJTOY-UHFFFAOYSA-N,butyric acid,1.0,0.0,0.0,0.0,1.0
2,0.02,212000,222000,1.0,0.5,1.0,HIGQPQRQIQDZMP-DHZHZOJOSA-N,geranyl acetate,1.0,0.0,0.0,0.0,1.0
2,0.02,212000,222000,1.0,0.5,1.0,MBDOYVRWFFCFHM-SNAWJCMRSA-N,E2-hexenal,1.0,0.0,0.0,0.0,1.0
2,0.02,212000,222000,1.0,0.5,1.0,CSCPPACGZOOCGX-UHFFFAOYSA-N,acetone,1.0,0.1,0.0,0.0,1.0
2,0.02,212000,222000,1.0,0.5,1.0,ZWEHNKRNPOVVGH-UHFFFAOYSA-N,2-butanone,1.0,0.0,0.0,0.0,1.0
2,0.02,212000,222000,1.0,0.5,1.0,CATSNJVOTSVZJV-UHFFFAOYSA-N,2-heptanone,1.0,0.0,0.0,0.0,1.0
2,0.02,212000,222000,1.0,0.5,1.0,QSJXEFYPDANLFS-UHFFFAOYSA-N,"2,3-butanedione",1.0,0.0,0.0,0.0,1.0
2,0.02,212000,222000,1.0,0.5,1.0,WRMNZCZEMHIOCP-UHFFFAOYSA-N,phenethyl alcohol,1.0,0.0,0.0,0.0,1.0
2,0.02,212000,222000,1.0,0.5,1.0,OSWPMRLSEDHDFF-UHFFFAOYSA-N,methyl salicylate,1.0,0.0,0.0,0.0,1.0
2,0.02,212000,222000,1.0,0.5,1.0,HUMNYLRZRPPJDN-UHFFFAOYSA-N,benzaldehyde,1.0,0.0,0.0,0.0,1.0
2,0.02,212000,222000,1.0,0.5,1.0,RRAFCDWBNXTKKO-UHFFFAOYSA-N,eugenol,1.0,0.0,0.0,0.0,1.0
2,0.02,212000,222000,1.0,0.5,1.0,LRHPLDYGYMQRHN-UHFFFAOYSA-N,1-butanol,1.0,0.0,0.0,0.0,1.0
2,0.02,212000,222000,1.0,0.5,1.0,ZSIAUFGUXNUGDI-UHFFFAOYSA-N,1-hexanol,1.0,0.0,0.0,0.0,1.0
2,0.02,212000,222000,1.0,0.5,1.0,PHTQWCKDNZKARW-UHFFFAOYSA-N,3-methyl-butanol,1.0,0.0,0.0,0.0,1.0
2,0.02,212000,222000,1.0,0.5,1.0,VSMOENVRRABVKN-UHFFFAOYSA-N,1-octen-3-ol,1.0,0.0,0.0,0.0,1.0
2,0.02,212000,222000,1.0,0.5,1.0,XEKOWRVHYACXOJ-UHFFFAOYSA-N,ethyl acetate,1.0,0.0,0.0,0.0,1.0
2,0.02,212000,222000,1.0,0.5,1.0,MLFHJEHSLIIPHL-UHFFFAOYSA-N,isopentyl acetate,1.0,0.0,0.0,0.0,1.0
2,0.02,212000,222000,1.0,0.5,1.0,OBNCKNCVKJNDBV-UHFFFAOYSA-N,ethyl butyrate,1.0,0.0,0.0,0.0,1.0
2,0.02,212000,222000,1.0,1.0,0.0,FERIUCNNQQJTOY-UHFFFAOYSA-N,butyric acid,0.25,0.75,0.75,0.0,1.0
2,0.02,212000,222000,1.0,1.0,0.0,HIGQPQRQIQDZMP-DHZHZOJOSA-N,geranyl acetate,0.05,0.85,0.85,0.1,0.3333333333333333
2,0.02,212000,222000,1.0,1.0,0.0,MBDOYVRWFFCFHM-SNAWJCMRSA-N,E2-hexenal,1.0,0.0,0.0,0.0,1.0
2,0.02,212000,222000,1.0,1.0,0.0,CSCPPACGZOOCGX-UHFFFAOYSA-N,acetone,0.5,1.0,0.5,0.0,
2,0.02,212000,222000,1.0,1.0,0.0,ZWEHNKRNPOVVGH-UHFFFAOYSA-N,2-butanone,1.0,0.0,0.0,0.0,1.0
2,0.02,212000,222000,1.0,1.0,0.0,CATSNJVOTSVZJV-UHFFFAOYSA-N,2-heptanone,1.0,0.0,0.0,0.0,1.0
2,0.02,212000,222000,1.0,1.0,0.0,QSJXEFYPDANLFS-UHFFFAOYSA-N,"2,3-butanedione",1.0,0.0,0.0,0.0,1.0
2,0.02,212000,222000,1.0,1.0,0.0,WRMNZCZEMHIOCP-UHFFFAOYSA-N,phenethyl alcohol,1.0,0.0,0.0,0.0,1.0
2,0.02,212000,222000,1.0,1.0,0.0,OSWPMRLSEDHDFF-UHFFFAOYSA-N,methyl salicylate,0.5,0.9,0.45,0.05,0.5
2,0.02,212000,222000,1.0,1.0,0.0,HUMNYLRZRPPJDN-UHFFFAOYSA-N,benzaldehyde,1.0,0.0,0.0,0.0,1.0
2,0.02,212000,222000,1.0,1.0,0.0,RRAFCDWBNXTKKO-UHFFFAOYSA-N,eugenol,0.9,0.0,0.0,0.1,0.9
2,0.02,212000,222000,1.0,1.0,0.0,LRHPLDYGYMQRHN-UHFFFAOYSA-N,1-butanol,0.95,0.0,0.0,0.05,0.95
2,0.02,212000,222000,1.0,1.0,0.0,ZSIAUFGUXNUGDI-UHFFFAOYSA-N,1-hexanol,1.0,0.0,0.0,0.0,1.0
2,0.02,212000,222000,1.0,1.0,0.0,PHTQWCKDNZKARW-UHFFFAOYSA-N,3-methyl-butanol,0.6,0.3,0.3,0.1,0.8571428571428571
2,0.02,212000,222000,1.0,1.0,0.0,VSMOENVRRABVKN-UHFFFAOYSA-N,1-octen-3-ol,1.0,0.0,0.0,0.0,1.0
2,0.02,212000,222000,1.0,1.0,0.0,XEKOWRVHYACXOJ-UHFFFAOYSA-N,ethyl acetate,1.0,0.0,0.0,0.0,1.0
2,0.02,212000,222000,1.0,1.0,0.0,MLFHJEHSLIIPHL-UHFFFAOYSA-N,isopentyl acetate,1.0,0.0,0.0,0.0,1.0
2,0.02,212000,222000,1.0,1.0,0.0,OBNCKNCVKJNDBV-UHFFFAOYSA-N,ethyl butyrate,1.0,0.0,0.0,0.0,1.0
2,0.02,212000,222000,1.0,1.0,1.0,FERIUCNNQQJTOY-UHFFFAOYSA-N,butyric acid,0.25,0.75,0.75,0.0,1.0
2,0.02,212000,222000,1.0,1.0,1.0,HIGQPQRQIQDZMP-DHZHZOJOSA-N,geranyl acetate,0.05,0.85,0.85,0.1,0.3333333333333333
2,0.02,212000,222000,1.0,1.0,1.0,MBDOYVRWFFCFHM-SNAWJCMRSA-N,E2-hexenal,1.0,0.0,0.0,0.0,1.0
2,0.02,212000,222000,1.0,1.0,1.0,CSCPPACGZOOCGX-UHFFFAOYSA-N,acetone,0.5,1.0,0.5,0.0,
2,0.02,212000,222000,1.0,1.0,1.0,ZWEHNKRNPOVVGH-UHFFFAOYSA-N,2-butanone,1.0,0.0,0.0,0.0,1.0
2,0.02,212000,222000,1.0,1.0,1.0,CATSNJVOTSVZJV-UHFFFAOYSA-N,2-heptanone,1.0,0.0,0.0,0.0,1.0
2,0.02,212000,222000,1.0,1.0,1.0,QSJXEFYPDANLFS-UHFFFAOYSA-N,"2,3-butanedione",1.0,0.0,0.0,0.0,1.0
2,0.02,212000,222000,1.0,1.0,1.0,WRMNZCZEMHIOCP-UHFFFAOYSA-N,phenethyl alcohol,1.0,0.0,0.0,0.0,1.0
2,0.02,212000,222000,1.0,1.0,1.0,OSWPMRLSEDHDFF-UHFFFAOYSA-N,methyl salicylate,0.5,0.9,0.45,0.05,0.5
2,0.02,212000,222000,1.0,1.0,1.0,HUMNYLRZRPPJDN-UHFFFAOYSA-N,benzaldehyde,1.0,0.0,0.0,0.0,1.0
2,0.02,212000,222000,1.0,1.0,1.0,RRAFCDWBNXTKKO-UHFFFAOYSA-N,eugenol,0.9,0.0,0.0,0.1,0.9
2,0.02,212000,222000,1.0,1.0,1.0,LRHPLDYGYMQRHN-UHFFFAOYSA-N,1-butanol,0.95,0.0,0.0,0.05,0.95
2,0.02,212000,222000,1.0,1.0,1.0,ZSIAUFGUXNUGDI-UHFFFAOYSA-N,1-hexanol,1.0,0.0,0.0,0.0,1.0
2,0.02,212000,222000,1.0,1.0,1.0,PHTQWCKDNZKARW-UHFFFAOYSA-N,3-methyl-butanol,0.6,0.3,0.3,0.1,0.8571428571428571
2,0.02,212000,222000,1.0,1.0,1.0,VSMOENVRRABVKN-UHFFFAOYSA-N,1-octen-3-ol,1.0,0.0,0.0,0.0,1.0
2,0.02,212000,222000,1.0,1.0,1.0,XEKOWRVHYACXOJ-UHFFFAOYSA-N,ethyl acetate,1.0,0.0,0.0,0.0,1.0
2,0.02,212000,222000,1.0,1.0,1.0,MLFHJEHSLIIPHL-UHFFFAOYSA-N,isopentyl acetate,1.0,0.0,0.0,0.0,1.0
2,0.02,212000,222000,1.0,1.0,1.0,OBNCKNCVKJNDBV-UHFFFAOYSA-N,ethyl butyrate,1.0,0.0,0.0,0.0,1.0
2,0.02,212000,222000,4.0,0.0,0.0,FERIUCNNQQJTOY-UHFFFAOYSA-N,butyric acid,1.0,0.0,0.0,0.0,1.0
2,0.02,212000,222000,4.0,0.0,0.0,HIGQPQRQIQDZMP-DHZHZOJOSA-N,geranyl acetate,1.0,0.0,0.0,0.0,1.0
2,0.02,212000,222000,4.0,0.0,0.0,MBDOYVRWFFCFHM-SNAWJCMRSA-N,E2-hexenal,1.0,0.0,0.0,0.0,1.0
2,0.02,212000,222000,4.0,0.0,0.0,CSCPPACGZOOCGX-UHFFFAOYSA-N,acetone,1.0,0.0,0.0,0.0,1.0
2,0.02,212000,222000,4.0,0.0,0.0,ZWEHNKRNPOVVGH-UHFFFAOYSA-N,2-butanone,1.0,0.0,0.0,0.0,1.0
2,0.02,212000,222000,4.0,0.0,0.0,CATSNJVOTSVZJV-UHFFFAOYSA-N,2-heptanone,1.0,0.0,0.0,0.0,1.0
2,0.02,212000,222000,4.0,0.0,0.0,QSJXEFYPDANLFS-UHFFFAOYSA-N,"2,3-butanedione",1.0,0.0,0.0,0.0,1.0
2,0.02,212000,222000,4.0,0.0,0.0,WRMNZCZEMHIOCP-UHFFFAOYSA-N,phenethyl alcohol,1.0,0.0,0.0,0.0,1.0
2,0.02,212000,222000,4.0,0.0,0.0,OSWPMRLSEDHDFF-UHFFFAOYSA-N,methyl salicylate,1.0,0.0,0.0,0.0,1.0
2,0.02,212000,222000,4.0,0.0,0.0,HUMNYLRZRPPJDN-UHFFFAOYSA-N,benzaldehyde,1.0,0.0,0.0,0.0,1.0
2,0.02,212000,222000,4.0,0.0,0.0,RRAFCDWBNXTKKO-UHFFFAOYSA-N,eugenol,1.0,0.0,0.0,0.0,1.0
2,0.02,212000,222000,4.0,0.0,0.0,LRHPLDYGYMQRHN-UHFFFAOYSA-N,1-butanol,1.0,0.0,0.0,0.0,1.0
2,0.02,212000,222000,4.0,0.0,0.0,ZSIAUFGUXNUGDI-UHFFFAOYSA-N,1-hexanol,1.0,0.0,0.0,0.0,1.0
2,0.02,212000,222000,4.0,0.0,0.0,PHTQWCKDNZKARW-UHFFFAOYSA-N,3-methyl-butanol,1.0,0.0,0.0,0.0,1.0
2,0.02,212000,222000,4.0,0.0,0.0,VSMOENVRRABVKN-UHFFFAOYSA-N,1-octen-3-ol,1.0,0.0,0.0,0.0,1.0
2,0.02,212000,222000,4.0,0.0,0.0,XEKOWRVHYACXOJ-UHFFFAOYSA-N,ethyl acetate,1.0,0.0,0.0,0.0,1.0
2,0.02,212000,222000,4.0,0.0,0.0,MLFHJEHSLIIPHL-UHFFFAOYSA-N,isopentyl acetate,1.0,0.0,0.0,0.0,1.0
2,0.02,212000,222000,4.0,0.0,0.0,OBNCKNCVKJNDBV-UHFFFAOYSA-N,ethyl butyrate,1.0,0.0,0.0,0.0,1.0
2,0.02,212000,222000,4.0,0.0,1.0,FERIUCNNQQJTOY-UHFFFAOYSA-N,butyric acid,1.0,0.0,0.0,0.0,1.0
2,0.02,212000,222000,4.0,0.0,1.0,HIGQPQRQIQDZMP-DHZHZOJOSA-N,geranyl acetate,1.0,0.0,0.0,0.0,1.0
2,0.02,212000,222000,4.0,0.0,1.0,MBDOYVRWFFCFHM-SNAWJCMRSA-N,E2-hexenal,1.0,0.0,0.0,0.0,1.0
2,0.02,212000,222000,4.0,0.0,1.0,CSCPPACGZOOCGX-UHFFFAOYSA-N,acetone,1.0,0.0,0.0,0.0,1.0
2,0.02,212000,222000,4.0,0.0,1.0,ZWEHNKRNPOVVGH-UHFFFAOYSA-N,2-butanone,1.0,0.0,0.0,0.0,1.0
2,0.02,212000,222000,4.0,0.0,1.0,CATSNJVOTSVZJV-UHFFFAOYSA-N,2-heptanone,1.0,0.0,0.0,0.0,1.0
2,0.02,212000,222000,4.0,0.0,1.0,QSJXEFYPDANLFS-UHFFFAOYSA-N,"2,3-butanedione",1.0,0.0,0.0,0.0,1.0
2,0.02,212000,222000,4.0,0.0,1.0,WRMNZCZEMHIOCP-UHFFFAOYSA-N,phenethyl alcohol,1.0,0.0,0.0,0.0,1.0
2,0.02,212000,222000,4.0,0.0,1.0,OSWPMRLSEDHDFF-UHFFFAOYSA-N,methyl salicylate,1.0,0.0,0.0,0.0,1.0
2,0.02,212000,222000,4.0,0.0,1.0,HUMNYLRZRPPJDN-UHFFFAOYSA-N,benzaldehyde,1.0,0.0,0.0,0.0,1.0
2,0.02,212000,222000,4.0,0.0,1.0,RRAFCDWBNXTKKO-UHFFFAOYSA-N,eugenol,1.0,0.0,0.0,0.0,1.0
2,0.02,212000,222000,4.0,0.0,1.0,LRHPLDYGYMQRHN-UHFFFAOYSA-N,1-butanol,1.0,0.0,0.0,0.0,1.0
2,0.02,212000,222000,4.0,0.0,1.0,ZSIAUFGUXNUGDI-UHFFFAOYSA-N,1-hexanol,1.0,0.0,0.0,0.0,1.0
2,0.02,212000,222000,4.0,0.0,1.0,PHTQWCKDNZKARW-UHFFFAOYSA-N,3-methyl-butanol,1.0,0.0,0.0,0.0,1.0
2,0.02,212000,222000,4.0,0.0,1.0,VSMOENVRRABVKN-UHFFFAOYSA-N,1-octen-3-ol,1.0,0.0,0.0,0.0,1.0
2,0.02,212000,222000,4.0,0.0,1.0,XEKOWRVHYACXOJ-UHFFFAOYSA-N,ethyl acetate,1.0,0.0,0.0,0.0,1.0
2,0.02,212000,222000,4.0,0.0,1.0,MLFHJEHSLIIPHL-UHFFFAOYSA-N,isopentyl acetate,1.0,0.0,0.0,0.0,1.0
2,0.02,212000,222000,4.0,0.0,1.0,OBNCKNCVKJNDBV-UHFFFAOYSA-N,ethyl butyrate,1.0,0.0,0.0,0.0,1.0
2,0.02,212000,222000,4.0,0.25,0.0,FERIUCNNQQJTOY-UHFFFAOYSA-N,butyric acid,1.0,0.0,0.0,0.0,1.0
2,0.02,212000,222000,4.0,0.25,0.0,HIGQPQRQIQDZMP-DHZHZOJOSA-N,geranyl acetate,1.0,0.0,0.0,0.0,1.0
2,0.02,212000,222000,4.0,0.25,0.0,MBDOYVRWFFCFHM-SNAWJCMRSA-N,E2-hexenal,1.0,0.0,0.0,0.0,1.0
2,0.02,212000,222000,4.0,0.25,0.0,CSCPPACGZOOCGX-UHFFFAOYSA-N,acetone,1.0,0.0,0.0,0.0,1.0
2,0.02,212000,222000,4.0,0.25,0.0,ZWEHNKRNPOVVGH-UHFFFAOYSA-N,2-butanone,1.0,0.0,0.0,0.0,1.0
2,0.02,212000,222000,4.0,0.25,0.0,CATSNJVOTSVZJV-UHFFFAOYSA-N,2-heptanone,1.0,0.0,0.0,0.0,1.0
2,0.02,212000,222000,4.0,0.25,0.0,QSJXEFYPDANLFS-UHFFFAOYSA-N,"2,3-butanedione",1.0,0.0,0.0,0.0,1.0
2,0.02,212000,222000,4.0,0.25,0.0,WRMNZCZEMHIOCP-UHFFFAOYSA-N,phenethyl alcohol,1.0,0.0,0.0,0.0,1.0
2,0.02,212000,222000,4.0,0.25,0.0,OSWPMRLSEDHDFF-UHFFFAOYSA-N,methyl salicylate,1.0,0.0,0.0,0.0,1.0
2,0.02,212000,222000,4.0,0.25,0.0,HUMNYLRZRPPJDN-UHFFFAOYSA-N,benzaldehyde,1.0,0.0,0.0,0.0,1.0
2,0.02,212000,222000,4.0,0.25,0.0,RRAFCDWBNXTKKO-UHFFFAOYSA-N,eugenol,1.0,0.0,0.0,0.0,1.0
2,0.02,212000,222000,4.0,0.25,0.0,LRHPLDYGYMQRHN-UHFFFAOYSA-N,1-butanol,1.0,0.0,0.0,0.0,1.0
2,0.02,212000,222000,4.0,0.25,0.0,ZSIAUFGUXNUGDI-UHFFFAOYSA-N,1-hexanol,1.0,0.0,0.0,0.0,1.0
2,0.02,212000,222000,4.0,0.25,0.0,PHTQWCKDNZKARW-UHFFFAOYSA-N,3-methyl-butanol,1.0,0.0,0.0,0.0,1.0
2,0.02,212000,222000,4.0,0.25,0.0,VSMOENVRRABVKN-UHFFFAOYSA-N,1-octen-3-ol,1.0,0.0,0.0,0.0,1.0
2,0.02,212000,222000,4.0,0.25,0.0,XEKOWRVHYACXOJ-UHFFFAOYSA-N,ethyl acetate,1.0,0.0,0.0,0.0,1.0
2,0.02,212000,222000,4.0,0.25,0.0,MLFHJEHSLIIPHL-UHFFFAOYSA-N,isopentyl acetate,1.0,0.0,0.0,0.0,1.0
2,0.02,212000,222000,4.0,0.25,0.0,OBNCKNCVKJNDBV-UHFFFAOYSA-N,ethyl butyrate,1.0,0.0,0.0,0.0,1.0
2,0.02,212000,222000,4.0,0.25,1.0,FERIUCNNQQJTOY-UHFFFAOYSA-N,butyric acid,1.0,0.0,0.0,0.0,1.0
2,0.02,212000,222000,4.0,0.25,1.0,HIGQPQRQIQDZMP-DHZHZOJOSA-N,geranyl acetate,1.0,0.0,0.0,0.0,1.0
2,0.02,212000,222000,4.0,0.25,1.0,MBDOYVRWFFCFHM-SNAWJCMRSA-N,E2-hexenal,1.0,0.0,0.0,0.0,1.0
2,0.02,212000,222000,4.0,0.25,1.0,CSCPPACGZOOCGX-UHFFFAOYSA-N,acetone,1.0,0.0,0.0,0.0,1.0
2,0.02,212000,222000,4.0,0.25,1.0,ZWEHNKRNPOVVGH-UHFFFAOYSA-N,2-butanone,1.0,0.0,0.0,0.0,1.0
2,0.02,212000,222000,4.0,0.25,1.0,CATSNJVOTSVZJV-UHFFFAOYSA-N,2-heptanone,1.0,0.0,0.0,0.0,1.0
2,0.02,212000,222000,4.0,0.25,1.0,QSJXEFYPDANLFS-UHFFFAOYSA-N,"2,3-butanedione",1.0,0.0,0.0,0.0,1.0
2,0.02,212000,222000,4.0,0.25,1.0,WRMNZCZEMHIOCP-UHFFFAOYSA-N,phenethyl alcohol,1.0,0.0,0.0,0.0,1.0
2,0.02,212000,222000,4.0,0.25,1.0,OSWPMRLSEDHDFF-UHFFFAOYSA-N,methyl salicylate,1.0,0.0,0.0,0.0,1.0
2,0.02,212000,222000,4.0,0.25,1.0,HUMNYLRZRPPJDN-UHFFFAOYSA-N,benzaldehyde,1.0,0.0,0.0,0.0,1.0
2,0.02,212000,222000,4.0,0.25,1.0,RRAFCDWBNXTKKO-UHFFFAOYSA-N,eugenol,1.0,0.0,0.0,0.0,1.0
2,0.02,212000,222000,4.0,0.25,1.0,LRHPLDYGYMQRHN-UHFFFAOYSA-N,1-butanol,1.0,0.0,0.0,0.0,1.0
2,0.02,212000,222000,4.0,0.25,1.0,ZSIAUFGUXNUGDI-UHFFFAOYSA-N,1-hexanol,1.0,0.0,0.0,0.0,1.0
2,0.02,212000,222000,4.0,0.25,1.0,PHTQWCKDNZKARW-UHFFFAOYSA-N,3-methyl-butanol,1.0,0.0,0.0,0.0,1.0
2,0.02,212000,222000,4.0,0.25,1.0,VSMOENVRRABVKN-UHFFFAOYSA-N,1-octen-3-ol,1.0,0.0,0.0,0.0,1.0
2,0.02,212000,222000,4.0,0.25,1.0,XEKOWRVHYACXOJ-UHFFFAOYSA-N,ethyl acetate,1.0,0.0,0.0,0.0,1.0
2,0.02,212000,222000,4.0,0.25,1.0,MLFHJEHSLIIPHL-UHFFFAOYSA-N,isopentyl acetate,1.0,0.0,0.0,0.0,1.0
2,0.02,212000,222000,4.0,0.25,1.0,OBNCKNCVKJNDBV-UHFFFAOYSA-N,ethyl butyrate,1.0,0.0,0.0,0.0,1.0
2,0.02,212000,222000,4.0,0.5,0.0,FERIUCNNQQJTOY-UHFFFAOYSA-N,butyric acid,1.0,0.0,0.0,0.0,1.0
2,0.02,212000,222000,4.0,0.5,0.0,HIGQPQRQIQDZMP-DHZHZOJOSA-N,geranyl acetate,1.0,0.0,0.0,0.0,1.0
2,0.02,212000,222000,4.0,0.5,0.0,MBDOYVRWFFCFHM-SNAWJCMRSA-N,E2-hexenal,1.0,0.0,0.0,0.0,1.0
2,0.02,212000,222000,4.0,0.5,0.0,CSCPPACGZOOCGX-UHFFFAOYSA-N,acetone,1.0,0.0,0.0,0.0,1.0
2,0.02,212000,222000,4.0,0.5,0.0,ZWEHNKRNPOVVGH-UHFFFAOYSA-N,2-butanone,1.0,0.0,0.0,0.0,1.0
2,0.02,212000,222000,4.0,0.5,0.0,CATSNJVOTSVZJV-UHFFFAOYSA-N,2-heptanone,1.0,0.0,0.0,0.0,1.0
2,0.02,212000,222000,4.0,0.5,0.0,QSJXEFYPDANLFS-UHFFFAOYSA-N,"2,3-butanedione",1.0,0.0,0.0,0.0,1.0
2,0.02,212000,222000,4.0,0.5,0.0,WRMNZCZEMHIOCP-UHFFFAOYSA-N,phenethyl alcohol,1.0,0.0,0.0,0.0,1.0
2,0.02,212000,222000,4.0,0.5,0.0,OSWPMRLSEDHDFF-UHFFFAOYSA-N,methyl salicylate,1.0,0.0,0.0,0.0,1.0
2,0.02,212000,222000,4.0,0.5,0.0,HUMNYLRZRPPJDN-UHFFFAOYSA-N,benzaldehyde,1.0,0.0,0.0,0.0,1.0
2,0.02,212000,222000,4.0,0.5,0.0,RRAFCDWBNXTKKO-UHFFFAOYSA-N,eugenol,1.0,0.0,0.0,0.0,1.0
2,0.02,212000,222000,4.0,0.5,0.0,LRHPLDYGYMQRHN-UHFFFAOYSA-N,1-butanol,1.0,0.0,0.0,0.0,1.0
2,0.02,212000,222000,4.0,0.5,0.0,ZSIAUFGUXNUGDI-UHFFFAOYSA-N,1-hexanol,1.0,0.0,0.0,0.0,1.0
2,0.02,212000,222000,4.0,0.5,0.0,PHTQWCKDNZKARW-UHFFFAOYSA-N,3-methyl-butanol,1.0,0.0,0.0,0.0,1.0
2,0.02,212000,222000,4.0,0.5,0.0,VSMOENVRRABVKN-UHFFFAOYSA-N,1-octen-3-ol,1.0,0.0,0.0,0.0,1.0
2,0.02,212000,222000,4.0,0.5,0.0,XEKOWRVHYACXOJ-UHFFFAOYSA-N,ethyl acetate,1.0,0.0,0.0,0.0,1.0
2,0.02,212000,222000,4.0,0.5,0.0,MLFHJEHSLIIPHL-UHFFFAOYSA-N,isopentyl acetate,1.0,0.0,0.0,0.0,1.0
2,0.02,212000,222000,4.0,0.5,0.0,OBNCKNCVKJNDBV-UHFFFAOYSA-N,ethyl butyrate,1.0,0.0,0.0,0.0,1.0
2,0.02,212000,222000,4.0,0.5,1.0,FERIUCNNQQJTOY-UHFFFAOYSA-N,butyric acid,1.0,0.0,0.0,0.0,1.0
2,0.02,212000,222000,4.0,0.5,1.0,HIGQPQRQIQDZMP-DHZHZOJOSA-N,geranyl acetate,1.0,0.0,0.0,0.0,1.0
2,0.02,212000,222000,4.0,0.5,1.0,MBDOYVRWFFCFHM-SNAWJCMRSA-N,E2-hexenal,1.0,0.0,0.0,0.0,1.0
2,0.02,212000,222000,4.0,0.5,1.0,CSCPPACGZOOCGX-UHFFFAOYSA-N,acetone,1.0,0.0,0.0,0.0,1.0
2,0.02,212000,222000,4.0,0.5,1.0,ZWEHNKRNPOVVGH-UHFFFAOYSA-N,2-butanone,1.0,0.0,0.0,0.0,1.0
2,0.02,212000,222000,4.0,0.5,1.0,CATSNJVOTSVZJV-UHFFFAOYSA-N,2-heptanone,1.0,0.0,0.0,0.0,1.0
2,0.02,212000,222000,4.0,0.5,1.0,QSJXEFYPDANLFS-UHFFFAOYSA-N,"2,3-butanedione",1.0,0.0,0.0,0.0,1.0
2,0.02,212000,222000,4.0,0.5,1.0,WRMNZCZEMHIOCP-UHFFFAOYSA-N,phenethyl alcohol,1.0,0.0,0.0,0.0,1.0
2,0.02,212000,222000,4.0,0.5,1.0,OSWPMRLSEDHDFF-UHFFFAOYSA-N,methyl salicylate,1.0,0.0,0.0,0.0,1.0
2,0.02,212000,222000,4.0,0.5,1.0,HUMNYLRZRPPJDN-UHFFFAOYSA-N,benzaldehyde,1.0,0.0,0.0,0.0,1.0
2,0.02,212000,222000,4.0,0.5,1.0,RRAFCDWBNXTKKO-UHFFFAOYSA-N,eugenol,1.0,0.0,0.0,0.0,1.0
2,0.02,212000,222000,4.0,0.5,1.0,LRHPLDYGYMQRHN-UHFFFAOYSA-N,1-butanol,1.0,0.0,0.0,0.0,1.0
2,0.02,212000,222000,4.0,0.5,1.0,ZSIAUFGUXNUGDI-UHFFFAOYSA-N,1-hexanol,1.0,0.0,0.0,0.0,1.0
2,0.02,212000,222000,4.0,0.5,1.0,PHTQWCKDNZKARW-UHFFFAOYSA-N,3-methyl-butanol,1.0,0.0,0.0,0.0,1.0
2,0.02,212000,222000,4.0,0.5,1.0,VSMOENVRRABVKN-UHFFFAOYSA-N,1-octen-3-ol,1.0,0.0,0.0,0.0,1.0
2,0.02,212000,222000,4.0,0.5,1.0,XEKOWRVHYACXOJ-UHFFFAOYSA-N,ethyl acetate,1.0,0.0,0.0,0.0,1.0
2,0.02,212000,222000,4.0,0.5,1.0,MLFHJEHSLIIPHL-UHFFFAOYSA-N,isopentyl acetate,1.0,0.0,0.0,0.0,1.0
2,0.02,212000,222000,4.0,0.5,1.0,OBNCKNCVKJNDBV-UHFFFAOYSA-N,ethyl butyrate,1.0,0.0,0.0,0.0,1.0
2,0.02,212000,222000,4.0,1.0,0.0,FERIUCNNQQJTOY-UHFFFAOYSA-N,butyric acid,1.0,0.0,0.0,0.0,1.0
2,0.02,212000,222000,4.0,1.0,0.0,HIGQPQRQIQDZMP-DHZHZOJOSA-N,geranyl acetate,1.0,0.0,0.0,0.0,1.0
2,0.02,212000,222000,4.0,1.0,0.0,MBDOYVRWFFCFHM-SNAWJCMRSA-N,E2-hexenal,1.0,0.0,0.0,0.0,1.0
2,0.02,212000,222000,4.0,1.0,0.0,CSCPPACGZOOCGX-UHFFFAOYSA-N,acetone,1.0,0.0,0.0,0.0,1.0
2,0.02,212000,222000,4.0,1.0,0.0,ZWEHNKRNPOVVGH-UHFFFAOYSA-N,2-butanone,1.0,0.0,0.0,0.0,1.0
2,0.02,212000,222000,4.0,1.0,0.0,CATSNJVOTSVZJV-UHFFFAOYSA-N,2-heptanone,1.0,0.0,0.0,0.0,1.0
2,0.02,212000,222000,4.0,1.0,0.0,QSJXEFYPDANLFS-UHFFFAOYSA-N,"2,3-butanedione",1.0,0.0,0.0,0.0,1.0
2,0.02,212000,222000,4.0,1.0,0.0,WRMNZCZEMHIOCP-UHFFFAOYSA-N,phenethyl alcohol,1.0,0.0,0.0,0.0,1.0
2,0.02,212000,222000,4.0,1.0,0.0,OSWPMRLSEDHDFF-UHFFFAOYSA-N,methyl salicylate,1.0,0.0,0.0,0.0,1.0
2,0.02,212000,222000,4.0,1.0,0.0,HUMNYLRZRPPJDN-UHFFFAOYSA-N,benzaldehyde,1.0,0.0,0.0,0.0,1.0
2,0.02,212000,222000,4.0,1.0,0.0,RRAFCDWBNXTKKO-UHFFFAOYSA-N,eugenol,1.0,0.0,0.0,0.0,1.0
2,0.02,212000,222000,4.0,1.0,0.0,LRHPLDYGYMQRHN-UHFFFAOYSA-N,1-butanol,1.0,0.0,0.0,0.0,1.0
2,0.02,212000,222000,4.0,1.0,0.0,ZSIAUFGUXNUGDI-UHFFFAOYSA-N,1-hexanol,1.0,0.0,0.0,0.0,1.0
2,0.02,212000,222000,4.0,1.0,0.0,PHTQWCKDNZKARW-UHFFFAOYSA-N,3-methyl-butanol,1.0,0.0,0.0,0.0,1.0
2,0.02,212000,222000,4.0,1.0,0.0,VSMOENVRRABVKN-UHFFFAOYSA-N,1-octen-3-ol,1.0,0.0,0.0,0.0,1.0
2,0.02,212000,222000,4.0,1.0,0.0,XEKOWRVHYACXOJ-UHFFFAOYSA-N,ethyl acetate,1.0,0.0,0.0,0.0,1.0
2,0.02,212000,222000,4.0,1.0,0.0,MLFHJEHSLIIPHL-UHFFFAOYSA-N,isopentyl acetate,1.0,0.0,0.0,0.0,1.0
2,0.02,212000,222000,4.0,1.0,0.0,OBNCKNCVKJNDBV-UHFFFAOYSA-N,ethyl butyrate,1.0,0.0,0.0,0.0,1.0
2,0.02,212000,222000,4.0,1.0,1.0,FERIUCNNQQJTOY-UHFFFAOYSA-N,butyric acid,1.0,0.0,0.0,0.0,1.0
2,0.02,212000,222000,4.0,1.0,1.0,HIGQPQRQIQDZMP-DHZHZOJOSA-N,geranyl acetate,1.0,0.0,0.0,0.0,1.0
2,0.02,212000,222000,4.0,1.0,1.0,MBDOYVRWFFCFHM-SNAWJCMRSA-N,E2-hexenal,1.0,0.0,0.0,0.0,1.0
2,0.02,212000,222000,4.0,1.0,1.0,CSCPPACGZOOCGX-UHFFFAOYSA-N,acetone,1.0,0.0,0.0,0.0,1.0
2,0.02,212000,222000,4.0,1.0,1.0,ZWEHNKRNPOVVGH-UHFFFAOYSA-N,2-butanone,1.0,0.0,0.0,0.0,1.0
2,0.02,212000,222000,4.0,1.0,1.0,CATSNJVOTSVZJV-UHFFFAOYSA-N,2-heptanone,1.0,0.0,0.0,0.0,1.0
2,0.02,212000,222000,4.0,1.0,1.0,QSJXEFYPDANLFS-UHFFFAOYSA-N,"2,3-butanedione",1.0,0.0,0.0,0.0,1.0
2,0.02,212000,222000,4.0,1.0,1.0,WRMNZCZEMHIOCP-UHFFFAOYSA-N,phenethyl alcohol,1.0,0.0,0.0,0.0,1.0
2,0.02,212000,222000,4.0,1.0,1.0,OSWPMRLSEDHDFF-UHFFFAOYSA-N,methyl salicylate,1.0,0.0,0.0,0.0,1.0
2,0.02,212000,222000,4.0,1.0,1.0,HUMNYLRZRPPJDN-UHFFFAOYSA-N,benzaldehyde,1.0,0.0,0.0,0.0,1.0
2,0.02,212000,222000,4.0,1.0,1.0,RRAFCDWBNXTKKO-UHFFFAOYSA-N,eugenol,1.0,0.0,0.0,0.0,1.0
2,0.02,212000,222000,4.0,1.0,1.0,LRHPLDYGYMQRHN-UHFFFAOYSA-N,1-butanol,1.0,0.0,0.0,0.0,1.0
2,0.02,212000,222000,4.0,1.0,1.0,ZSIAUFGUXNUGDI-UHFFFAOYSA-N,1-hexanol,1.0,0.0,0.0,0.0,1.0
2,0.02,212000,222000,4.0,1.0,1.0,PHTQWCKDNZKARW-UHFFFAOYSA-N,3-methyl-butanol,1.0,0.0,0.0,0.0,1.0
2,0.02,212000,222000,4.0,1.0,1.0,VSMOENVRRABVKN-UHFFFAOYSA-N,1-octen-3-ol,1.0,0.0,0.0,0.0,1.0
2,0.02,212000,222000,4.0,1.0,1.0,XEKOWRVHYACXOJ-UHFFFAOYSA-N,ethyl acetate,1.0,0.0,0.0,0.0,1.0
2,0.02,212000,222000,4.0,1.0,1.0,MLFHJEHSLIIPHL-UHFFFAOYSA-N,isopentyl acetate,1.0,0.0,0.0,0.0,1.0
2,0.02,212000,222000,4.0,1.0,1.0,OBNCKNCVKJNDBV-UHFFFAOYSA-N,ethyl butyrate,1.0,0.0,0.0,0.0,1.0
2,0.1,212001,222001,1.0,0.0,0.0,FERIUCNNQQJTOY-UHFFFAOYSA-N,butyric acid,0.95,0.0,0.0,0.05,0.95
2,0.1,212001,222001,1.0,0.0,0.0,HIGQPQRQIQDZMP-DHZHZOJOSA-N,geranyl acetate,1.0,0.0,0.0,0.0,1.0
2,0.1,212001,222001,1.0,0.0,0.0,MBDOYVRWFFCFHM-SNAWJCMRSA-N,E2-hexenal,0.95,0.0,0.0,0.05,0.95
2,0.1,212001,222001,1.0,0.0,0.0,CSCPPACGZOOCGX-UHFFFAOYSA-N,acetone,1.0,0.0,0.0,0.0,1.0
2,0.1,212001,222001,1.0,0.0,0.0,ZWEHNKRNPOVVGH-UHFFFAOYSA-N,2-butanone,1.0,0.0,0.0,0.0,1.0
2,0.1,212001,222001,1.0,0.0,0.0,CATSNJVOTSVZJV-UHFFFAOYSA-N,2-heptanone,0.85,0.0,0.0,0.15,0.85
2,0.1,212001,222001,1.0,0.0,0.0,QSJXEFYPDANLFS-UHFFFAOYSA-N,"2,3-butanedione",1.0,0.0,0.0,0.0,1.0
2,0.1,212001,222001,1.0,0.0,0.0,WRMNZCZEMHIOCP-UHFFFAOYSA-N,phenethyl alcohol,1.0,0.0,0.0,0.0,1.0
2,0.1,212001,222001,1.0,0.0,0.0,OSWPMRLSEDHDFF-UHFFFAOYSA-N,methyl salicylate,1.0,0.0,0.0,0.0,1.0
2,0.1,212001,222001,1.0,0.0,0.0,HUMNYLRZRPPJDN-UHFFFAOYSA-N,benzaldehyde,1.0,0.0,0.0,0.0,1.0
2,0.1,212001,222001,1.0,0.0,0.0,RRAFCDWBNXTKKO-UHFFFAOYSA-N,eugenol,1.0,0.0,0.0,0.0,1.0
2,0.1,212001,222001,1.0,0.0,0.0,LRHPLDYGYMQRHN-UHFFFAOYSA-N,1-butanol,0.8,0.0,0.0,0.2,0.8
2,0.1,212001,222001,1.0,0.0,0.0,ZSIAUFGUXNUGDI-UHFFFAOYSA-N,1-hexanol,0.85,0.0,0.0,0.15,0.85
2,0.1,212001,222001,1.0,0.0,0.0,PHTQWCKDNZKARW-UHFFFAOYSA-N,3-methyl-butanol,0.85,0.0,0.0,0.15,0.85
2,0.1,212001,222001,1.0,0.0,0.0,VSMOENVRRABVKN-UHFFFAOYSA-N,1-octen-3-ol,0.95,0.0,0.0,0.05,0.95
2,0.1,212001,222001,1.0,0.0,0.0,XEKOWRVHYACXOJ-UHFFFAOYSA-N,ethyl acetate,0.95,0.0,0.0,0.05,0.95
2,0.1,212001,222001,1.0,0.0,0.0,MLFHJEHSLIIPHL-UHFFFAOYSA-N,isopentyl acetate,1.0,0.0,0.0,0.0,1.0
2,0.1,212001,222001,1.0,0.0,0.0,OBNCKNCVKJNDBV-UHFFFAOYSA-N,ethyl butyrate,1.0,0.0,0.0,0.0,1.0
2,0.1,212001,222001,1.0,0.0,1.0,FERIUCNNQQJTOY-UHFFFAOYSA-N,butyric acid,0.95,0.0,0.0,0.05,0.95
2,0.1,212001,222001,1.0,0.0,1.0,HIGQPQRQIQDZMP-DHZHZOJOSA-N,geranyl acetate,1.0,0.0,0.0,0.0,1.0
2,0.1,212001,222001,1.0,0.0,1.0,MBDOYVRWFFCFHM-SNAWJCMRSA-N,E2-hexenal,0.95,0.0,0.0,0.05,0.95
2,0.1,212001,222001,1.0,0.0,1.0,CSCPPACGZOOCGX-UHFFFAOYSA-N,acetone,1.0,0.0,0.0,0.0,1.0
2,0.1,212001,222001,1.0,0.0,1.0,ZWEHNKRNPOVVGH-UHFFFAOYSA-N,2-butanone,1.0,0.0,0.0,0.0,1.0
2,0.1,212001,222001,1.0,0.0,1.0,CATSNJVOTSVZJV-UHFFFAOYSA-N,2-heptanone,0.85,0.0,0.0,0.15,0.85
2,0.1,212001,222001,1.0,0.0,1.0,QSJXEFYPDANLFS-UHFFFAOYSA-N,"2,3-butanedione",1.0,0.0,0.0,0.0,1.0
2,0.1,212001,222001,1.0,0.0,1.0,WRMNZCZEMHIOCP-UHFFFAOYSA-N,phenethyl alcohol,1.0,0.0,0.0,0.0,1.0
2,0.1,212001,222001,1.0,0.0,1.0,OSWPMRLSEDHDFF-UHFFFAOYSA-N,methyl salicylate,1.0,0.0,0.0,0.0,1.0
2,0.1,212001,222001,1.0,0.0,1.0,HUMNYLRZRPPJDN-UHFFFAOYSA-N,benzaldehyde,1.0,0.0,0.0,0.0,1.0
2,0.1,212001,222001,1.0,0.0,1.0,RRAFCDWBNXTKKO-UHFFFAOYSA-N,eugenol,1.0,0.0,0.0,0.0,1.0
2,0.1,212001,222001,1.0,0.0,1.0,LRHPLDYGYMQRHN-UHFFFAOYSA-N,1-butanol,0.75,0.0,0.0,0.25,0.75
2,0.1,212001,222001,1.0,0.0,1.0,ZSIAUFGUXNUGDI-UHFFFAOYSA-N,1-hexanol,0.9,0.0,0.0,0.1,0.9
2,0.1,212001,222001,1.0,0.0,1.0,PHTQWCKDNZKARW-UHFFFAOYSA-N,3-methyl-butanol,0.85,0.0,0.0,0.15,0.85
2,0.1,212001,222001,1.0,0.0,1.0,VSMOENVRRABVKN-UHFFFAOYSA-N,1-octen-3-ol,1.0,0.0,0.0,0.0,1.0
2,0.1,212001,222001,1.0,0.0,1.0,XEKOWRVHYACXOJ-UHFFFAOYSA-N,ethyl acetate,0.95,0.0,0.0,0.05,0.95
2,0.1,212001,222001,1.0,0.0,1.0,MLFHJEHSLIIPHL-UHFFFAOYSA-N,isopentyl acetate,1.0,0.0,0.0,0.0,1.0
2,0.1,212001,222001,1.0,0.0,1.0,OBNCKNCVKJNDBV-UHFFFAOYSA-N,ethyl butyrate,1.0,0.0,0.0,0.0,1.0
2,0.1,212001,222001,1.0,0.25,0.0,FERIUCNNQQJTOY-UHFFFAOYSA-N,butyric acid,0.95,0.0,0.0,0.05,0.95
2,0.1,212001,222001,1.0,0.25,0.0,HIGQPQRQIQDZMP-DHZHZOJOSA-N,geranyl acetate,1.0,0.0,0.0,0.0,1.0
2,0.1,212001,222001,1.0,0.25,0.0,MBDOYVRWFFCFHM-SNAWJCMRSA-N,E2-hexenal,0.95,0.0,0.0,0.05,0.95
2,0.1,212001,222001,1.0,0.25,0.0,CSCPPACGZOOCGX-UHFFFAOYSA-N,acetone,1.0,0.0,0.0,0.0,1.0
2,0.1,212001,222001,1.0,0.25,0.0,ZWEHNKRNPOVVGH-UHFFFAOYSA-N,2-butanone,0.95,0.0,0.0,0.05,0.95
2,0.1,212001,222001,1.0,0.25,0.0,CATSNJVOTSVZJV-UHFFFAOYSA-N,2-heptanone,0.8,0.0,0.0,0.2,0.8
2,0.1,212001,222001,1.0,0.25,0.0,QSJXEFYPDANLFS-UHFFFAOYSA-N,"2,3-butanedione",1.0,0.0,0.0,0.0,1.0
2,0.1,212001,222001,1.0,0.25,0.0,WRMNZCZEMHIOCP-UHFFFAOYSA-N,phenethyl alcohol,1.0,0.0,0.0,0.0,1.0
2,0.1,212001,222001,1.0,0.25,0.0,OSWPMRLSEDHDFF-UHFFFAOYSA-N,methyl salicylate,1.0,0.0,0.0,0.0,1.0
2,0.1,212001,222001,1.0,0.25,0.0,HUMNYLRZRPPJDN-UHFFFAOYSA-N,benzaldehyde,1.0,0.0,0.0,0.0,1.0
2,0.1,212001,222001,1.0,0.25,0.0,RRAFCDWBNXTKKO-UHFFFAOYSA-N,eugenol,1.0,0.0,0.0,0.0,1.0
2,0.1,212001,222001,1.0,0.25,0.0,LRHPLDYGYMQRHN-UHFFFAOYSA-N,1-butanol,0.75,0.0,0.0,0.25,0.75
2,0.1,212001,222001,1.0,0.25,0.0,ZSIAUFGUXNUGDI-UHFFFAOYSA-N,1-hexanol,0.9,0.0,0.0,0.1,0.9
2,0.1,212001,222001,1.0,0.25,0.0,PHTQWCKDNZKARW-UHFFFAOYSA-N,3-methyl-butanol,0.75,0.0,0.0,0.25,0.75
2,0.1,212001,222001,1.0,0.25,0.0,VSMOENVRRABVKN-UHFFFAOYSA-N,1-octen-3-ol,1.0,0.0,0.0,0.0,1.0
2,0.1,212001,222001,1.0,0.25,0.0,XEKOWRVHYACXOJ-UHFFFAOYSA-N,ethyl acetate,0.95,0.0,0.0,0.05,0.95
2,0.1,212001,222001,1.0,0.25,0.0,MLFHJEHSLIIPHL-UHFFFAOYSA-N,isopentyl acetate,1.0,0.0,0.0,0.0,1.0
2,0.1,212001,222001,1.0,0.25,0.0,OBNCKNCVKJNDBV-UHFFFAOYSA-N,ethyl butyrate,0.95,0.0,0.0,0.05,0.95
2,0.1,212001,222001,1.0,0.25,1.0,FERIUCNNQQJTOY-UHFFFAOYSA-N,butyric acid,0.95,0.0,0.0,0.05,0.95
2,0.1,212001,222001,1.0,0.25,1.0,HIGQPQRQIQDZMP-DHZHZOJOSA-N,geranyl acetate,1.0,0.0,0.0,0.0,1.0
2,0.1,212001,222001,1.0,0.25,1.0,MBDOYVRWFFCFHM-SNAWJCMRSA-N,E2-hexenal,0.95,0.0,0.0,0.05,0.95
2,0.1,212001,222001,1.0,0.25,1.0,CSCPPACGZOOCGX-UHFFFAOYSA-N,acetone,1.0,0.0,0.0,0.0,1.0
2,0.1,212001,222001,1.0,0.25,1.0,ZWEHNKRNPOVVGH-UHFFFAOYSA-N,2-butanone,0.95,0.0,0.0,0.05,0.95
2,0.1,212001,222001,1.0,0.25,1.0,CATSNJVOTSVZJV-UHFFFAOYSA-N,2-heptanone,0.85,0.0,0.0,0.15,0.85
2,0.1,212001,222001,1.0,0.25,1.0,QSJXEFYPDANLFS-UHFFFAOYSA-N,"2,3-butanedione",1.0,0.0,0.0,0.0,1.0
2,0.1,212001,222001,1.0,0.25,1.0,WRMNZCZEMHIOCP-UHFFFAOYSA-N,phenethyl alcohol,1.0,0.0,0.0,0.0,1.0
2,0.1,212001,222001,1.0,0.25,1.0,OSWPMRLSEDHDFF-UHFFFAOYSA-N,methyl salicylate,1.0,0.0,0.0,0.0,1.0
2,0.1,212001,222001,1.0,0.25,1.0,HUMNYLRZRPPJDN-UHFFFAOYSA-N,benzaldehyde,1.0,0.0,0.0,0.0,1.0
2,0.1,212001,222001,1.0,0.25,1.0,RRAFCDWBNXTKKO-UHFFFAOYSA-N,eugenol,1.0,0.0,0.0,0.0,1.0
2,0.1,212001,222001,1.0,0.25,1.0,LRHPLDYGYMQRHN-UHFFFAOYSA-N,1-butanol,0.75,0.0,0.0,0.25,0.75
2,0.1,212001,222001,1.0,0.25,1.0,ZSIAUFGUXNUGDI-UHFFFAOYSA-N,1-hexanol,0.85,0.0,0.0,0.15,0.85
2,0.1,212001,222001,1.0,0.25,1.0,PHTQWCKDNZKARW-UHFFFAOYSA-N,3-methyl-butanol,0.75,0.0,0.0,0.25,0.75
2,0.1,212001,222001,1.0,0.25,1.0,VSMOENVRRABVKN-UHFFFAOYSA-N,1-octen-3-ol,1.0,0.0,0.0,0.0,1.0
2,0.1,212001,222001,1.0,0.25,1.0,XEKOWRVHYACXOJ-UHFFFAOYSA-N,ethyl acetate,0.95,0.0,0.0,0.05,0.95
2,0.1,212001,222001,1.0,0.25,1.0,MLFHJEHSLIIPHL-UHFFFAOYSA-N,isopentyl acetate,1.0,0.0,0.0,0.0,1.0
2,0.1,212001,222001,1.0,0.25,1.0,OBNCKNCVKJNDBV-UHFFFAOYSA-N,ethyl butyrate,0.95,0.0,0.0,0.05,0.95
2,0.1,212001,222001,1.0,0.5,0.0,FERIUCNNQQJTOY-UHFFFAOYSA-N,butyric acid,0.9,0.0,0.0,0.1,0.9
2,0.1,212001,222001,1.0,0.5,0.0,HIGQPQRQIQDZMP-DHZHZOJOSA-N,geranyl acetate,0.85,0.0,0.0,0.15,0.85
2,0.1,212001,222001,1.0,0.5,0.0,MBDOYVRWFFCFHM-SNAWJCMRSA-N,E2-hexenal,0.95,0.0,0.0,0.05,0.95
2,0.1,212001,222001,1.0,0.5,0.0,CSCPPACGZOOCGX-UHFFFAOYSA-N,acetone,0.95,0.1,0.0,0.05,0.9444444444444444
2,0.1,212001,222001,1.0,0.5,0.0,ZWEHNKRNPOVVGH-UHFFFAOYSA-N,2-butanone,0.95,0.0,0.0,0.05,0.95
2,0.1,212001,222001,1.0,0.5,0.0,CATSNJVOTSVZJV-UHFFFAOYSA-N,2-heptanone,0.75,0.0,0.0,0.25,0.75
2,0.1,212001,222001,1.0,0.5,0.0,QSJXEFYPDANLFS-UHFFFAOYSA-N,"2,3-butanedione",1.0,0.0,0.0,0.0,1.0
2,0.1,212001,222001,1.0,0.5,0.0,WRMNZCZEMHIOCP-UHFFFAOYSA-N,phenethyl alcohol,1.0,0.0,0.0,0.0,1.0
2,0.1,212001,222001,1.0,0.5,0.0,OSWPMRLSEDHDFF-UHFFFAOYSA-N,methyl salicylate,1.0,0.0,0.0,0.0,1.0
2,0.1,212001,222001,1.0,0.5,0.0,HUMNYLRZRPPJDN-UHFFFAOYSA-N,benzaldehyde,0.8,0.0,0.0,0.2,0.8
2,0.1,212001,222001,1.0,0.5,0.0,RRAFCDWBNXTKKO-UHFFFAOYSA-N,eugenol,1.0,0.0,0.0,0.0,1.0
2,0.1,212001,222001,1.0,0.5,0.0,LRHPLDYGYMQRHN-UHFFFAOYSA-N,1-butanol,0.75,0.0,0.0,0.25,0.75
2,0.1,212001,222001,1.0,0.5,0.0,ZSIAUFGUXNUGDI-UHFFFAOYSA-N,1-hexanol,0.85,0.0,0.0,0.15,0.85
2,0.1,212001,222001,1.0,0.5,0.0,PHTQWCKDNZKARW-UHFFFAOYSA-N,3-methyl-butanol,0.55,0.0,0.0,0.45,0.55
2,0.1,212001,222001,1.0,0.5,0.0,VSMOENVRRABVKN-UHFFFAOYSA-N,1-octen-3-ol,0.95,0.0,0.0,0.05,0.95
2,0.1,212001,222001,1.0,0.5,0.0,XEKOWRVHYACXOJ-UHFFFAOYSA-N,ethyl acetate,0.95,0.0,0.0,0.05,0.95
2,0.1,212001,222001,1.0,0.5,0.0,MLFHJEHSLIIPHL-UHFFFAOYSA-N,isopentyl acetate,1.0,0.0,0.0,0.0,1.0
2,0.1,212001,222001,1.0,0.5,0.0,OBNCKNCVKJNDBV-UHFFFAOYSA-N,ethyl butyrate,1.0,0.0,0.0,0.0,1.0
2,0.1,212001,222001,1.0,0.5,1.0,FERIUCNNQQJTOY-UHFFFAOYSA-N,butyric acid,0.9,0.0,0.0,0.1,0.9
2,0.1,212001,222001,1.0,0.5,1.0,HIGQPQRQIQDZMP-DHZHZOJOSA-N,geranyl acetate,0.85,0.0,0.0,0.15,0.85
2,0.1,212001,222001,1.0,0.5,1.0,MBDOYVRWFFCFHM-SNAWJCMRSA-N,E2-hexenal,0.95,0.0,0.0,0.05,0.95
2,0.1,212001,222001,1.0,0.5,1.0,CSCPPACGZOOCGX-UHFFFAOYSA-N,acetone,0.95,0.1,0.0,0.05,0.9444444444444444
2,0.1,212001,222001,1.0,0.5,1.0,ZWEHNKRNPOVVGH-UHFFFAOYSA-N,2-butanone,0.95,0.0,0.0,0.05,0.95
2,0.1,212001,222001,1.0,0.5,1.0,CATSNJVOTSVZJV-UHFFFAOYSA-N,2-heptanone,0.8,0.0,0.0,0.2,0.8
2,0.1,212001,222001,1.0,0.5,1.0,QSJXEFYPDANLFS-UHFFFAOYSA-N,"2,3-butanedione",1.0,0.0,0.0,0.0,1.0
2,0.1,212001,222001,1.0,0.5,1.0,WRMNZCZEMHIOCP-UHFFFAOYSA-N,phenethyl alcohol,1.0,0.0,0.0,0.0,1.0
2,0.1,212001,222001,1.0,0.5,1.0,OSWPMRLSEDHDFF-UHFFFAOYSA-N,methyl salicylate,1.0,0.0,0.0,0.0,1.0
2,0.1,212001,222001,1.0,0.5,1.0,HUMNYLRZRPPJDN-UHFFFAOYSA-N,benzaldehyde,0.8,0.0,0.0,0.2,0.8
2,0.1,212001,222001,1.0,0.5,1.0,RRAFCDWBNXTKKO-UHFFFAOYSA-N,eugenol,1.0,0.0,0.0,0.0,1.0
2,0.1,212001,222001,1.0,0.5,1.0,LRHPLDYGYMQRHN-UHFFFAOYSA-N,1-butanol,0.75,0.0,0.0,0.25,0.75
2,0.1,212001,222001,1.0,0.5,1.0,ZSIAUFGUXNUGDI-UHFFFAOYSA-N,1-hexanol,0.85,0.0,0.0,0.15,0.85
2,0.1,212001,222001,1.0,0.5,1.0,PHTQWCKDNZKARW-UHFFFAOYSA-N,3-methyl-butanol,0.55,0.0,0.0,0.45,0.55
2,0.1,212001,222001,1.0,0.5,1.0,VSMOENVRRABVKN-UHFFFAOYSA-N,1-octen-3-ol,1.0,0.0,0.0,0.0,1.0
2,0.1,212001,222001,1.0,0.5,1.0,XEKOWRVHYACXOJ-UHFFFAOYSA-N,ethyl acetate,0.95,0.0,0.0,0.05,0.95
2,0.1,212001,222001,1.0,0.5,1.0,MLFHJEHSLIIPHL-UHFFFAOYSA-N,isopentyl acetate,1.0,0.0,0.0,0.0,1.0
2,0.1,212001,222001,1.0,0.5,1.0,OBNCKNCVKJNDBV-UHFFFAOYSA-N,ethyl butyrate,1.0,0.0,0.0,0.0,1.0
2,0.1,212001,222001,1.0,1.0,0.0,FERIUCNNQQJTOY-UHFFFAOYSA-N,butyric acid,0.5,0.3,0.3,0.2,0.7142857142857143
2,0.1,212001,222001,1.0,1.0,0.0,HIGQPQRQIQDZMP-DHZHZOJOSA-N,geranyl acetate,0.6,0.35,0.35,0.05,0.9230769230769231
2,0.1,212001,222001,1.0,1.0,0.0,MBDOYVRWFFCFHM-SNAWJCMRSA-N,E2-hexenal,0.8,0.0,0.0,0.2,0.8
2,0.1,212001,222001,1.0,1.0,0.0,CSCPPACGZOOCGX-UHFFFAOYSA-N,acetone,1.0,1.0,0.0,0.0,
2,0.1,212001,222001,1.0,1.0,0.0,ZWEHNKRNPOVVGH-UHFFFAOYSA-N,2-butanone,0.95,0.0,0.0,0.05,0.95
2,0.1,212001,222001,1.0,1.0,0.0,CATSNJVOTSVZJV-UHFFFAOYSA-N,2-heptanone,0.75,0.0,0.0,0.25,0.75
2,0.1,212001,222001,1.0,1.0,0.0,QSJXEFYPDANLFS-UHFFFAOYSA-N,"2,3-butanedione",0.85,0.0,0.0,0.15,0.85
2,0.1,212001,222001,1.0,1.0,0.0,WRMNZCZEMHIOCP-UHFFFAOYSA-N,phenethyl alcohol,0.7,0.0,0.0,0.3,0.7
2,0.1,212001,222001,1.0,1.0,0.0,OSWPMRLSEDHDFF-UHFFFAOYSA-N,methyl salicylate,0.5,0.4,0.4,0.1,0.8333333333333334
2,0.1,212001,222001,1.0,1.0,0.0,HUMNYLRZRPPJDN-UHFFFAOYSA-N,benzaldehyde,0.6,0.0,0.0,0.4,0.6
2,0.1,212001,222001,1.0,1.0,0.0,RRAFCDWBNXTKKO-UHFFFAOYSA-N,eugenol,0.7,0.25,0.25,0.05,0.9333333333333333
2,0.1,212001,222001,1.0,1.0,0.0,LRHPLDYGYMQRHN-UHFFFAOYSA-N,1-butanol,0.7,0.1,0.1,0.2,0.7777777777777778
2,0.1,212001,222001,1.0,1.0,0.0,ZSIAUFGUXNUGDI-UHFFFAOYSA-N,1-hexanol,0.85,0.0,0.0,0.15,0.85
2,0.1,212001,222001,1.0,1.0,0.0,PHTQWCKDNZKARW-UHFFFAOYSA-N,3-methyl-butanol,0.25,0.4,0.4,0.35,0.4166666666666667
2,0.1,212001,222001,1.0,1.0,0.0,VSMOENVRRABVKN-UHFFFAOYSA-N,1-octen-3-ol,0.75,0.0,0.0,0.25,0.75
2,0.1,212001,222001,1.0,1.0,0.0,XEKOWRVHYACXOJ-UHFFFAOYSA-N,ethyl acetate,0.85,0.0,0.0,0.15,0.85
2,0.1,212001,222001,1.0,1.0,0.0,MLFHJEHSLIIPHL-UHFFFAOYSA-N,isopentyl acetate,0.85,0.0,0.0,0.15,0.85
2,0.1,212001,222001,1.0,1.0,0.0,OBNCKNCVKJNDBV-UHFFFAOYSA-N,ethyl butyrate,0.95,0.0,0.0,0.05,0.95
2,0.1,212001,222001,1.0,1.0,1.0,FERIUCNNQQJTOY-UHFFFAOYSA-N,butyric acid,0.5,0.3,0.3,0.2,0.7142857142857143
2,0.1,212001,222001,1.0,1.0,1.0,HIGQPQRQIQDZMP-DHZHZOJOSA-N,geranyl acetate,0.6,0.35,0.35,0.05,0.9230769230769231
2,0.1,212001,222001,1.0,1.0,1.0,MBDOYVRWFFCFHM-SNAWJCMRSA-N,E2-hexenal,0.8,0.0,0.0,0.2,0.8
2,0.1,212001,222001,1.0,1.0,1.0,CSCPPACGZOOCGX-UHFFFAOYSA-N,acetone,1.0,1.0,0.0,0.0,
2,0.1,212001,222001,1.0,1.0,1.0,ZWEHNKRNPOVVGH-UHFFFAOYSA-N,2-butanone,0.95,0.0,0.0,0.05,0.95
2,0.1,212001,222001,1.0,1.0,1.0,CATSNJVOTSVZJV-UHFFFAOYSA-N,2-heptanone,0.75,0.0,0.0,0.25,0.75
2,0.1,212001,222001,1.0,1.0,1.0,QSJXEFYPDANLFS-UHFFFAOYSA-N,"2,3-butanedione",0.85,0.0,0.0,0.15,0.85
2,0.1,212001,222001,1.0,1.0,1.0,WRMNZCZEMHIOCP-UHFFFAOYSA-N,phenethyl alcohol,0.7,0.0,0.0,0.3,0.7
2,0.1,212001,222001,1.0,1.0,1.0,OSWPMRLSEDHDFF-UHFFFAOYSA-N,methyl salicylate,0.5,0.4,0.4,0.1,0.8333333333333334
2,0.1,212001,222001,1.0,1.0,1.0,HUMNYLRZRPPJDN-UHFFFAOYSA-N,benzaldehyde,0.6,0.0,0.0,0.4,0.6
2,0.1,212001,222001,1.0,1.0,1.0,RRAFCDWBNXTKKO-UHFFFAOYSA-N,eugenol,0.7,0.25,0.25,0.05,0.9333333333333333
2,0.1,212001,222001,1.0,1.0,1.0,LRHPLDYGYMQRHN-UHFFFAOYSA-N,1-butanol,0.7,0.1,0.1,0.2,0.7777777777777778
2,0.1,212001,222001,1.0,1.0,1.0,ZSIAUFGUXNUGDI-UHFFFAOYSA-N,1-hexanol,0.85,0.0,0.0,0.15,0.85
2,0.1,212001,222001,1.0,1.0,1.0,PHTQWCKDNZKARW-UHFFFAOYSA-N,3-methyl-butanol,0.25,0.4,0.4,0.35,0.4166666666666667
2,0.1,212001,222001,1.0,1.0,1.0,VSMOENVRRABVKN-UHFFFAOYSA-N,1-octen-3-ol,0.75,0.0,0.0,0.25,0.75
2,0.1,212001,222001,1.0,1.0,1.0,XEKOWRVHYACXOJ-UHFFFAOYSA-N,ethyl acetate,0.85,0.0,0.0,0.15,0.85
2,0.1,212001,222001,1.0,1.0,1.0,MLFHJEHSLIIPHL-UHFFFAOYSA-N,isopentyl acetate,0.85,0.0,0.0,0.15,0.85
2,0.1,212001,222001,1.0,1.0,1.0,OBNCKNCVKJNDBV-UHFFFAOYSA-N,ethyl butyrate,0.95,0.0,0.0,0.05,0.95
2,0.1,212001,222001,4.0,0.0,0.0,FERIUCNNQQJTOY-UHFFFAOYSA-N,butyric acid,0.95,0.0,0.0,0.05,0.95
2,0.1,212001,222001,4.0,0.0,0.0,HIGQPQRQIQDZMP-DHZHZOJOSA-N,geranyl acetate,1.0,0.0,0.0,0.0,1.0
2,0.1,212001,222001,4.0,0.0,0.0,MBDOYVRWFFCFHM-SNAWJCMRSA-N,E2-hexenal,1.0,0.0,0.0,0.0,1.0
2,0.1,212001,222001,4.0,0.0,0.0,CSCPPACGZOOCGX-UHFFFAOYSA-N,acetone,1.0,0.0,0.0,0.0,1.0
2,0.1,212001,222001,4.0,0.0,0.0,ZWEHNKRNPOVVGH-UHFFFAOYSA-N,2-butanone,1.0,0.0,0.0,0.0,1.0
2,0.1,212001,222001,4.0,0.0,0.0,CATSNJVOTSVZJV-UHFFFAOYSA-N,2-heptanone,0.9,0.0,0.0,0.1,0.9
2,0.1,212001,222001,4.0,0.0,0.0,QSJXEFYPDANLFS-UHFFFAOYSA-N,"2,3-butanedione",1.0,0.0,0.0,0.0,1.0
2,0.1,212001,222001,4.0,0.0,0.0,WRMNZCZEMHIOCP-UHFFFAOYSA-N,phenethyl alcohol,0.95,0.0,0.0,0.05,0.95
2,0.1,212001,222001,4.0,0.0,0.0,OSWPMRLSEDHDFF-UHFFFAOYSA-N,methyl salicylate,1.0,0.0,0.0,0.0,1.0
2,0.1,212001,222001,4.0,0.0,0.0,HUMNYLRZRPPJDN-UHFFFAOYSA-N,benzaldehyde,1.0,0.0,0.0,0.0,1.0
2,0.1,212001,222001,4.0,0.0,0.0,RRAFCDWBNXTKKO-UHFFFAOYSA-N,eugenol,1.0,0.0,0.0,0.0,1.0
2,0.1,212001,222001,4.0,0.0,0.0,LRHPLDYGYMQRHN-UHFFFAOYSA-N,1-butanol,0.85,0.0,0.0,0.15,0.85
2,0.1,212001,222001,4.0,0.0,0.0,ZSIAUFGUXNUGDI-UHFFFAOYSA-N,1-hexanol,0.75,0.0,0.0,0.25,0.75
2,0.1,212001,222001,4.0,0.0,0.0,PHTQWCKDNZKARW-UHFFFAOYSA-N,3-methyl-butanol,0.8,0.0,0.0,0.2,0.8
2,0.1,212001,222001,4.0,0.0,0.0,VSMOENVRRABVKN-UHFFFAOYSA-N,1-octen-3-ol,0.9,0.0,0.0,0.1,0.9
2,0.1,212001,222001,4.0,0.0,0.0,XEKOWRVHYACXOJ-UHFFFAOYSA-N,ethyl acetate,1.0,0.0,0.0,0.0,1.0
2,0.1,212001,222001,4.0,0.0,0.0,MLFHJEHSLIIPHL-UHFFFAOYSA-N,isopentyl acetate,0.95,0.0,0.0,0.05,0.95
2,0.1,212001,222001,4.0,0.0,0.0,OBNCKNCVKJNDBV-UHFFFAOYSA-N,ethyl butyrate,1.0,0.0,0.0,0.0,1.0
2,0.1,212001,222001,4.0,0.0,1.0,FERIUCNNQQJTOY-UHFFFAOYSA-N,butyric acid,0.95,0.0,0.0,0.05,0.95
2,0.1,212001,222001,4.0,0.0,1.0,HIGQPQRQIQDZMP-DHZHZOJOSA-N,geranyl acetate,1.0,0.0,0.0,0.0,1.0
2,0.1,212001,222001,4.0,0.0,1.0,MBDOYVRWFFCFHM-SNAWJCMRSA-N,E2-hexenal,1.0,0.0,0.0,0.0,1.0
2,0.1,212001,222001,4.0,0.0,1.0,CSCPPACGZOOCGX-UHFFFAOYSA-N,acetone,1.0,0.0,0.0,0.0,1.0
2,0.1,212001,222001,4.0,0.0,1.0,ZWEHNKRNPOVVGH-UHFFFAOYSA-N,2-butanone,1.0,0.0,0.0,0.0,1.0
2,0.1,212001,222001,4.0,0.0,1.0,CATSNJVOTSVZJV-UHFFFAOYSA-N,2-heptanone,0.9,0.0,0.0,0.1,0.9
2,0.1,212001,222001,4.0,0.0,1.0,QSJXEFYPDANLFS-UHFFFAOYSA-N,"2,3-butanedione",1.0,0.0,0.0,0.0,1.0
2,0.1,212001,222001,4.0,0.0,1.0,WRMNZCZEMHIOCP-UHFFFAOYSA-N,phenethyl alcohol,1.0,0.0,0.0,0.0,1.0
2,0.1,212001,222001,4.0,0.0,1.0,OSWPMRLSEDHDFF-UHFFFAOYSA-N,methyl salicylate,1.0,0.0,0.0,0.0,1.0
2,0.1,212001,222001,4.0,0.0,1.0,HUMNYLRZRPPJDN-UHFFFAOYSA-N,benzaldehyde,1.0,0.0,0.0,0.0,1.0
2,0.1,212001,222001,4.0,0.0,1.0,RRAFCDWBNXTKKO-UHFFFAOYSA-N,eugenol,1.0,0.0,0.0,0.0,1.0
2,0.1,212001,222001,4.0,0.0,1.0,LRHPLDYGYMQRHN-UHFFFAOYSA-N,1-butanol,0.8,0.0,0.0,0.2,0.8
2,0.1,212001,222001,4.0,0.0,1.0,ZSIAUFGUXNUGDI-UHFFFAOYSA-N,1-hexanol,0.85,0.0,0.0,0.15,0.85
2,0.1,212001,222001,4.0,0.0,1.0,PHTQWCKDNZKARW-UHFFFAOYSA-N,3-methyl-butanol,0.9,0.0,0.0,0.1,0.9
2,0.1,212001,222001,4.0,0.0,1.0,VSMOENVRRABVKN-UHFFFAOYSA-N,1-octen-3-ol,1.0,0.0,0.0,0.0,1.0
2,0.1,212001,222001,4.0,0.0,1.0,XEKOWRVHYACXOJ-UHFFFAOYSA-N,ethyl acetate,1.0,0.0,0.0,0.0,1.0
2,0.1,212001,222001,4.0,0.0,1.0,MLFHJEHSLIIPHL-UHFFFAOYSA-N,isopentyl acetate,1.0,0.0,0.0,0.0,1.0
2,0.1,212001,222001,4.0,0.0,1.0,OBNCKNCVKJNDBV-UHFFFAOYSA-N,ethyl butyrate,0.95,0.0,0.0,0.05,0.95
2,0.1,212001,222001,4.0,0.25,0.0,FERIUCNNQQJTOY-UHFFFAOYSA-N,butyric acid,0.95,0.0,0.0,0.05,0.95
2,0.1,212001,222001,4.0,0.25,0.0,HIGQPQRQIQDZMP-DHZHZOJOSA-N,geranyl acetate,1.0,0.0,0.0,0.0,1.0
2,0.1,212001,222001,4.0,0.25,0.0,MBDOYVRWFFCFHM-SNAWJCMRSA-N,E2-hexenal,1.0,0.0,0.0,0.0,1.0
2,0.1,212001,222001,4.0,0.25,0.0,CSCPPACGZOOCGX-UHFFFAOYSA-N,acetone,1.0,0.0,0.0,0.0,1.0
2,0.1,212001,222001,4.0,0.25,0.0,ZWEHNKRNPOVVGH-UHFFFAOYSA-N,2-butanone,1.0,0.0,0.0,0.0,1.0
2,0.1,212001,222001,4.0,0.25,0.0,CATSNJVOTSVZJV-UHFFFAOYSA-N,2-heptanone,0.9,0.0,0.0,0.1,0.9
2,0.1,212001,222001,4.0,0.25,0.0,QSJXEFYPDANLFS-UHFFFAOYSA-N,"2,3-butanedione",1.0,0.0,0.0,0.0,1.0
2,0.1,212001,222001,4.0,0.25,0.0,WRMNZCZEMHIOCP-UHFFFAOYSA-N,phenethyl alcohol,1.0,0.0,0.0,0.0,1.0
2,0.1,212001,222001,4.0,0.25,0.0,OSWPMRLSEDHDFF-UHFFFAOYSA-N,methyl salicylate,1.0,0.0,0.0,0.0,1.0
2,0.1,212001,222001,4.0,0.25,0.0,HUMNYLRZRPPJDN-UHFFFAOYSA-N,benzaldehyde,1.0,0.0,0.0,0.0,1.0
2,0.1,212001,222001,4.0,0.25,0.0,RRAFCDWBNXTKKO-UHFFFAOYSA-N,eugenol,1.0,0.0,0.0,0.0,1.0
2,0.1,212001,222001,4.0,0.25,0.0,LRHPLDYGYMQRHN-UHFFFAOYSA-N,1-butanol,0.85,0.0,0.0,0.15,0.85
2,0.1,212001,222001,4.0,0.25,0.0,ZSIAUFGUXNUGDI-UHFFFAOYSA-N,1-hexanol,0.75,0.0,0.0,0.25,0.75
2,0.1,212001,222001,4.0,0.25,0.0,PHTQWCKDNZKARW-UHFFFAOYSA-N,3-methyl-butanol,0.75,0.0,0.0,0.25,0.75
2,0.1,212001,222001,4.0,0.25,0.0,VSMOENVRRABVKN-UHFFFAOYSA-N,1-octen-3-ol,0.95,0.0,0.0,0.05,0.95
2,0.1,212001,222001,4.0,0.25,0.0,XEKOWRVHYACXOJ-UHFFFAOYSA-N,ethyl acetate,1.0,0.0,0.0,0.0,1.0
2,0.1,212001,222001,4.0,0.25,0.0,MLFHJEHSLIIPHL-UHFFFAOYSA-N,isopentyl acetate,0.95,0.0,0.0,0.05,0.95
2,0.1,212001,222001,4.0,0.25,0.0,OBNCKNCVKJNDBV-UHFFFAOYSA-N,ethyl butyrate,1.0,0.0,0.0,0.0,1.0
2,0.1,212001,222001,4.0,0.25,1.0,FERIUCNNQQJTOY-UHFFFAOYSA-N,butyric acid,0.95,0.0,0.0,0.05,0.95
2,0.1,212001,222001,4.0,0.25,1.0,HIGQPQRQIQDZMP-DHZHZOJOSA-N,geranyl acetate,1.0,0.0,0.0,0.0,1.0
2,0.1,212001,222001,4.0,0.25,1.0,MBDOYVRWFFCFHM-SNAWJCMRSA-N,E2-hexenal,1.0,0.0,0.0,0.0,1.0
2,0.1,212001,222001,4.0,0.25,1.0,CSCPPACGZOOCGX-UHFFFAOYSA-N,acetone,1.0,0.0,0.0,0.0,1.0
2,0.1,212001,222001,4.0,0.25,1.0,ZWEHNKRNPOVVGH-UHFFFAOYSA-N,2-butanone,1.0,0.0,0.0,0.0,1.0
2,0.1,212001,222001,4.0,0.25,1.0,CATSNJVOTSVZJV-UHFFFAOYSA-N,2-heptanone,0.9,0.0,0.0,0.1,0.9
2,0.1,212001,222001,4.0,0.25,1.0,QSJXEFYPDANLFS-UHFFFAOYSA-N,"2,3-butanedione",1.0,0.0,0.0,0.0,1.0
2,0.1,212001,222001,4.0,0.25,1.0,WRMNZCZEMHIOCP-UHFFFAOYSA-N,phenethyl alcohol,1.0,0.0,0.0,0.0,1.0
2,0.1,212001,222001,4.0,0.25,1.0,OSWPMRLSEDHDFF-UHFFFAOYSA-N,methyl salicylate,1.0,0.0,0.0,0.0,1.0
2,0.1,212001,222001,4.0,0.25,1.0,HUMNYLRZRPPJDN-UHFFFAOYSA-N,benzaldehyde,1.0,0.0,0.0,0.0,1.0
2,0.1,212001,222001,4.0,0.25,1.0,RRAFCDWBNXTKKO-UHFFFAOYSA-N,eugenol,1.0,0.0,0.0,0.0,1.0
2,0.1,212001,222001,4.0,0.25,1.0,LRHPLDYGYMQRHN-UHFFFAOYSA-N,1-butanol,0.75,0.0,0.0,0.25,0.75
2,0.1,212001,222001,4.0,0.25,1.0,ZSIAUFGUXNUGDI-UHFFFAOYSA-N,1-hexanol,0.9,0.0,0.0,0.1,0.9
2,0.1,212001,222001,4.0,0.25,1.0,PHTQWCKDNZKARW-UHFFFAOYSA-N,3-methyl-butanol,0.85,0.0,0.0,0.15,0.85
2,0.1,212001,222001,4.0,0.25,1.0,VSMOENVRRABVKN-UHFFFAOYSA-N,1-octen-3-ol,1.0,0.0,0.0,0.0,1.0
2,0.1,212001,222001,4.0,0.25,1.0,XEKOWRVHYACXOJ-UHFFFAOYSA-N,ethyl acetate,1.0,0.0,0.0,0.0,1.0
2,0.1,212001,222001,4.0,0.25,1.0,MLFHJEHSLIIPHL-UHFFFAOYSA-N,isopentyl acetate,1.0,0.0,0.0,0.0,1.0
2,0.1,212001,222001,4.0,0.25,1.0,OBNCKNCVKJNDBV-UHFFFAOYSA-N,ethyl butyrate,0.95,0.0,0.0,0.05,0.95
2,0.1,212001,222001,4.0,0.5,0.0,FERIUCNNQQJTOY-UHFFFAOYSA-N,butyric acid,0.95,0.0,0.0,0.05,0.95
2,0.1,212001,222001,4.0,0.5,0.0,HIGQPQRQIQDZMP-DHZHZOJOSA-N,geranyl acetate,1.0,0.0,0.0,0.0,1.0
2,0.1,212001,222001,4.0,0.5,0.0,MBDOYVRWFFCFHM-SNAWJCMRSA-N,E2-hexenal,0.95,0.0,0.0,0.05,0.95
2,0.1,212001,222001,4.0,0.5,0.0,CSCPPACGZOOCGX-UHFFFAOYSA-N,acetone,1.0,0.0,0.0,0.0,1.0
2,0.1,212001,222001,4.0,0.5,0.0,ZWEHNKRNPOVVGH-UHFFFAOYSA-N,2-butanone,1.0,0.0,0.0,0.0,1.0
2,0.1,212001,222001,4.0,0.5,0.0,CATSNJVOTSVZJV-UHFFFAOYSA-N,2-heptanone,0.85,0.0,0.0,0.15,0.85
2,0.1,212001,222001,4.0,0.5,0.0,QSJXEFYPDANLFS-UHFFFAOYSA-N,"2,3-butanedione",1.0,0.0,0.0,0.0,1.0
2,0.1,212001,222001,4.0,0.5,0.0,WRMNZCZEMHIOCP-UHFFFAOYSA-N,phenethyl alcohol,1.0,0.0,0.0,0.0,1.0
2,0.1,212001,222001,4.0,0.5,0.0,OSWPMRLSEDHDFF-UHFFFAOYSA-N,methyl salicylate,1.0,0.0,0.0,0.0,1.0
2,0.1,212001,222001,4.0,0.5,0.0,HUMNYLRZRPPJDN-UHFFFAOYSA-N,benzaldehyde,1.0,0.0,0.0,0.0,1.0
2,0.1,212001,222001,4.0,0.5,0.0,RRAFCDWBNXTKKO-UHFFFAOYSA-N,eugenol,1.0,0.0,0.0,0.0,1.0
2,0.1,212001,222001,4.0,0.5,0.0,LRHPLDYGYMQRHN-UHFFFAOYSA-N,1-butanol,0.8,0.0,0.0,0.2,0.8
2,0.1,212001,222001,4.0,0.5,0.0,ZSIAUFGUXNUGDI-UHFFFAOYSA-N,1-hexanol,0.9,0.0,0.0,0.1,0.9
2,0.1,212001,222001,4.0,0.5,0.0,PHTQWCKDNZKARW-UHFFFAOYSA-N,3-methyl-butanol,0.75,0.0,0.0,0.25,0.75
2,0.1,212001,222001,4.0,0.5,0.0,VSMOENVRRABVKN-UHFFFAOYSA-N,1-octen-3-ol,0.95,0.0,0.0,0.05,0.95
2,0.1,212001,222001,4.0,0.5,0.0,XEKOWRVHYACXOJ-UHFFFAOYSA-N,ethyl acetate,1.0,0.0,0.0,0.0,1.0
2,0.1,212001,222001,4.0,0.5,0.0,MLFHJEHSLIIPHL-UHFFFAOYSA-N,isopentyl acetate,1.0,0.0,0.0,0.0,1.0
2,0.1,212001,222001,4.0,0.5,0.0,OBNCKNCVKJNDBV-UHFFFAOYSA-N,ethyl butyrate,0.95,0.0,0.0,0.05,0.95
2,0.1,212001,222001,4.0,0.5,1.0,FERIUCNNQQJTOY-UHFFFAOYSA-N,butyric acid,0.95,0.0,0.0,0.05,0.95
2,0.1,212001,222001,4.0,0.5,1.0,HIGQPQRQIQDZMP-DHZHZOJOSA-N,geranyl acetate,1.0,0.0,0.0,0.0,1.0
2,0.1,212001,222001,4.0,0.5,1.0,MBDOYVRWFFCFHM-SNAWJCMRSA-N,E2-hexenal,0.95,0.0,0.0,0.05,0.95
2,0.1,212001,222001,4.0,0.5,1.0,CSCPPACGZOOCGX-UHFFFAOYSA-N,acetone,1.0,0.0,0.0,0.0,1.0
2,0.1,212001,222001,4.0,0.5,1.0,ZWEHNKRNPOVVGH-UHFFFAOYSA-N,2-butanone,1.0,0.0,0.0,0.0,1.0
2,0.1,212001,222001,4.0,0.5,1.0,CATSNJVOTSVZJV-UHFFFAOYSA-N,2-heptanone,0.9,0.0,0.0,0.1,0.9
2,0.1,212001,222001,4.0,0.5,1.0,QSJXEFYPDANLFS-UHFFFAOYSA-N,"2,3-butanedione",1.0,0.0,0.0,0.0,1.0
2,0.1,212001,222001,4.0,0.5,1.0,WRMNZCZEMHIOCP-UHFFFAOYSA-N,phenethyl alcohol,1.0,0.0,0.0,0.0,1.0
2,0.1,212001,222001,4.0,0.5,1.0,OSWPMRLSEDHDFF-UHFFFAOYSA-N,methyl salicylate,1.0,0.0,0.0,0.0,1.0
2,0.1,212001,222001,4.0,0.5,1.0,HUMNYLRZRPPJDN-UHFFFAOYSA-N,benzaldehyde,1.0,0.0,0.0,0.0,1.0
2,0.1,212001,222001,4.0,0.5,1.0,RRAFCDWBNXTKKO-UHFFFAOYSA-N,eugenol,1.0,0.0,0.0,0.0,1.0
2,0.1,212001,222001,4.0,0.5,1.0,LRHPLDYGYMQRHN-UHFFFAOYSA-N,1-butanol,0.75,0.0,0.0,0.25,0.75
2,0.1,212001,222001,4.0,0.5,1.0,ZSIAUFGUXNUGDI-UHFFFAOYSA-N,1-hexanol,0.9,0.0,0.0,0.1,0.9
2,0.1,212001,222001,4.0,0.5,1.0,PHTQWCKDNZKARW-UHFFFAOYSA-N,3-methyl-butanol,0.85,0.0,0.0,0.15,0.85
2,0.1,212001,222001,4.0,0.5,1.0,VSMOENVRRABVKN-UHFFFAOYSA-N,1-octen-3-ol,1.0,0.0,0.0,0.0,1.0
2,0.1,212001,222001,4.0,0.5,1.0,XEKOWRVHYACXOJ-UHFFFAOYSA-N,ethyl acetate,1.0,0.0,0.0,0.0,1.0
2,0.1,212001,222001,4.0,0.5,1.0,MLFHJEHSLIIPHL-UHFFFAOYSA-N,isopentyl acetate,1.0,0.0,0.0,0.0,1.0
2,0.1,212001,222001,4.0,0.5,1.0,OBNCKNCVKJNDBV-UHFFFAOYSA-N,ethyl butyrate,0.9,0.0,0.0,0.1,0.9
2,0.1,212001,222001,4.0,1.0,0.0,FERIUCNNQQJTOY-UHFFFAOYSA-N,butyric acid,0.95,0.0,0.0,0.05,0.95
2,0.1,212001,222001,4.0,1.0,0.0,HIGQPQRQIQDZMP-DHZHZOJOSA-N,geranyl acetate,1.0,0.0,0.0,0.0,1.0
2,0.1,212001,222001,4.0,1.0,0.0,MBDOYVRWFFCFHM-SNAWJCMRSA-N,E2-hexenal,0.95,0.0,0.0,0.05,0.95
2,0.1,212001,222001,4.0,1.0,0.0,CSCPPACGZOOCGX-UHFFFAOYSA-N,acetone,1.0,0.0,0.0,0.0,1.0
2,0.1,212001,222001,4.0,1.0,0.0,ZWEHNKRNPOVVGH-UHFFFAOYSA-N,2-butanone,0.95,0.0,0.0,0.05,0.95
2,0.1,212001,222001,4.0,1.0,0.0,CATSNJVOTSVZJV-UHFFFAOYSA-N,2-heptanone,0.85,0.0,0.0,0.15,0.85
2,0.1,212001,222001,4.0,1.0,0.0,QSJXEFYPDANLFS-UHFFFAOYSA-N,"2,3-butanedione",1.0,0.0,0.0,0.0,1.0
2,0.1,212001,222001,4.0,1.0,0.0,WRMNZCZEMHIOCP-UHFFFAOYSA-N,phenethyl alcohol,1.0,0.0,0.0,0.0,1.0
2,0.1,212001,222001,4.0,1.0,0.0,OSWPMRLSEDHDFF-UHFFFAOYSA-N,methyl salicylate,1.0,0.0,0.0,0.0,1.0
2,0.1,212001,222001,4.0,1.0,0.0,HUMNYLRZRPPJDN-UHFFFAOYSA-N,benzaldehyde,0.95,0.0,0.0,0.05,0.95
2,0.1,212001,222001,4.0,1.0,0.0,RRAFCDWBNXTKKO-UHFFFAOYSA-N,eugenol,1.0,0.0,0.0,0.0,1.0
2,0.1,212001,222001,4.0,1.0,0.0,LRHPLDYGYMQRHN-UHFFFAOYSA-N,1-butanol,0.75,0.0,0.0,0.25,0.75
2,0.1,212001,222001,4.0,1.0,0.0,ZSIAUFGUXNUGDI-UHFFFAOYSA-N,1-hexanol,0.95,0.0,0.0,0.05,0.95
2,0.1,212001,222001,4.0,1.0,0.0,PHTQWCKDNZKARW-UHFFFAOYSA-N,3-methyl-butanol,0.75,0.0,0.0,0.25,0.75
2,0.1,212001,222001,4.0,1.0,0.0,VSMOENVRRABVKN-UHFFFAOYSA-N,1-octen-3-ol,1.0,0.0,0.0,0.0,1.0
2,0.1,212001,222001,4.0,1.0,0.0,XEKOWRVHYACXOJ-UHFFFAOYSA-N,ethyl acetate,0.95,0.0,0.0,0.05,0.95
2,0.1,212001,222001,4.0,1.0,0.0,MLFHJEHSLIIPHL-UHFFFAOYSA-N,isopentyl acetate,1.0,0.0,0.0,0.0,1.0
2,0.1,212001,222001,4.0,1.0,0.0,OBNCKNCVKJNDBV-UHFFFAOYSA-N,ethyl butyrate,0.9,0.0,0.0,0.1,0.9
2,0.1,212001,222001,4.0,1.0,1.0,FERIUCNNQQJTOY-UHFFFAOYSA-N,butyric acid,0.95,0.0,0.0,0.05,0.95
2,0.1,212001,222001,4.0,1.0,1.0,HIGQPQRQIQDZMP-DHZHZOJOSA-N,geranyl acetate,1.0,0.0,0.0,0.0,1.0
2,0.1,212001,222001,4.0,1.0,1.0,MBDOYVRWFFCFHM-SNAWJCMRSA-N,E2-hexenal,0.95,0.0,0.0,0.05,0.95
2,0.1,212001,222001,4.0,1.0,1.0,CSCPPACGZOOCGX-UHFFFAOYSA-N,acetone,1.0,0.0,0.0,0.0,1.0
2,0.1,212001,222001,4.0,1.0,1.0,ZWEHNKRNPOVVGH-UHFFFAOYSA-N,2-butanone,0.95,0.0,0.0,0.05,0.95
2,0.1,212001,222001,4.0,1.0,1.0,CATSNJVOTSVZJV-UHFFFAOYSA-N,2-heptanone,0.75,0.0,0.0,0.25,0.75
2,0.1,212001,222001,4.0,1.0,1.0,QSJXEFYPDANLFS-UHFFFAOYSA-N,"2,3-butanedione",1.0,0.0,0.0,0.0,1.0
2,0.1,212001,222001,4.0,1.0,1.0,WRMNZCZEMHIOCP-UHFFFAOYSA-N,phenethyl alcohol,1.0,0.0,0.0,0.0,1.0
2,0.1,212001,222001,4.0,1.0,1.0,OSWPMRLSEDHDFF-UHFFFAOYSA-N,methyl salicylate,1.0,0.0,0.0,0.0,1.0
2,0.1,212001,222001,4.0,1.0,1.0,HUMNYLRZRPPJDN-UHFFFAOYSA-N,benzaldehyde,1.0,0.0,0.0,0.0,1.0
2,0.1,212001,222001,4.0,1.0,1.0,RRAFCDWBNXTKKO-UHFFFAOYSA-N,eugenol,1.0,0.0,0.0,0.0,1.0
2,0.1,212001,222001,4.0,1.0,1.0,LRHPLDYGYMQRHN-UHFFFAOYSA-N,1-butanol,0.75,0.0,0.0,0.25,0.75
2,0.1,212001,222001,4.0,1.0,1.0,ZSIAUFGUXNUGDI-UHFFFAOYSA-N,1-hexanol,0.9,0.0,0.0,0.1,0.9
2,0.1,212001,222001,4.0,1.0,1.0,PHTQWCKDNZKARW-UHFFFAOYSA-N,3-methyl-butanol,0.8,0.0,0.0,0.2,0.8
2,0.1,212001,222001,4.0,1.0,1.0,VSMOENVRRABVKN-UHFFFAOYSA-N,1-octen-3-ol,1.0,0.0,0.0,0.0,1.0
2,0.1,212001,222001,4.0,1.0,1.0,XEKOWRVHYACXOJ-UHFFFAOYSA-N,ethyl acetate,0.95,0.0,0.0,0.05,0.95
2,0.1,212001,222001,4.0,1.0,1.0,MLFHJEHSLIIPHL-UHFFFAOYSA-N,isopentyl acetate,1.0,0.0,0.0,0.0,1.0
2,0.1,212001,222001,4.0,1.0,1.0,OBNCKNCVKJNDBV-UHFFFAOYSA-N,ethyl butyrate,0.9,0.0,0.0,0.1,0.9
3,0.02,213000,223000,1.0,0.0,0.0,FERIUCNNQQJTOY-UHFFFAOYSA-N,butyric acid,1.0,0.0,0.0,0.0,1.0
3,0.02,213000,223000,1.0,0.0,0.0,HIGQPQRQIQDZMP-DHZHZOJOSA-N,geranyl acetate,1.0,0.0,0.0,0.0,1.0
3,0.02,213000,223000,1.0,0.0,0.0,MBDOYVRWFFCFHM-SNAWJCMRSA-N,E2-hexenal,1.0,0.0,0.0,0.0,1.0
3,0.02,213000,223000,1.0,0.0,0.0,CSCPPACGZOOCGX-UHFFFAOYSA-N,acetone,1.0,0.0,0.0,0.0,1.0
3,0.02,213000,223000,1.0,0.0,0.0,ZWEHNKRNPOVVGH-UHFFFAOYSA-N,2-butanone,1.0,0.0,0.0,0.0,1.0
3,0.02,213000,223000,1.0,0.0,0.0,CATSNJVOTSVZJV-UHFFFAOYSA-N,2-heptanone,1.0,0.0,0.0,0.0,1.0
3,0.02,213000,223000,1.0,0.0,0.0,QSJXEFYPDANLFS-UHFFFAOYSA-N,"2,3-butanedione",1.0,0.0,0.0,0.0,1.0
3,0.02,213000,223000,1.0,0.0,0.0,WRMNZCZEMHIOCP-UHFFFAOYSA-N,phenethyl alcohol,1.0,0.0,0.0,0.0,1.0
3,0.02,213000,223000,1.0,0.0,0.0,OSWPMRLSEDHDFF-UHFFFAOYSA-N,methyl salicylate,1.0,0.0,0.0,0.0,1.0
3,0.02,213000,223000,1.0,0.0,0.0,HUMNYLRZRPPJDN-UHFFFAOYSA-N,benzaldehyde,1.0,0.0,0.0,0.0,1.0
3,0.02,213000,223000,1.0,0.0,0.0,RRAFCDWBNXTKKO-UHFFFAOYSA-N,eugenol,1.0,0.0,0.0,0.0,1.0
3,0.02,213000,223000,1.0,0.0,0.0,LRHPLDYGYMQRHN-UHFFFAOYSA-N,1-butanol,1.0,0.0,0.0,0.0,1.0
3,0.02,213000,223000,1.0,0.0,0.0,ZSIAUFGUXNUGDI-UHFFFAOYSA-N,1-hexanol,1.0,0.0,0.0,0.0,1.0
3,0.02,213000,223000,1.0,0.0,0.0,PHTQWCKDNZKARW-UHFFFAOYSA-N,3-methyl-butanol,1.0,0.0,0.0,0.0,1.0
3,0.02,213000,223000,1.0,0.0,0.0,VSMOENVRRABVKN-UHFFFAOYSA-N,1-octen-3-ol,1.0,0.0,0.0,0.0,1.0
3,0.02,213000,223000,1.0,0.0,0.0,XEKOWRVHYACXOJ-UHFFFAOYSA-N,ethyl acetate,1.0,0.0,0.0,0.0,1.0
3,0.02,213000,223000,1.0,0.0,0.0,MLFHJEHSLIIPHL-UHFFFAOYSA-N,isopentyl acetate,1.0,0.0,0.0,0.0,1.0
3,0.02,213000,223000,1.0,0.0,0.0,OBNCKNCVKJNDBV-UHFFFAOYSA-N,ethyl butyrate,1.0,0.0,0.0,0.0,1.0
3,0.02,213000,223000,1.0,0.0,1.0,FERIUCNNQQJTOY-UHFFFAOYSA-N,butyric acid,1.0,0.0,0.0,0.0,1.0
3,0.02,213000,223000,1.0,0.0,1.0,HIGQPQRQIQDZMP-DHZHZOJOSA-N,geranyl acetate,1.0,0.0,0.0,0.0,1.0
3,0.02,213000,223000,1.0,0.0,1.0,MBDOYVRWFFCFHM-SNAWJCMRSA-N,E2-hexenal,1.0,0.0,0.0,0.0,1.0
3,0.02,213000,223000,1.0,0.0,1.0,CSCPPACGZOOCGX-UHFFFAOYSA-N,acetone,1.0,0.0,0.0,0.0,1.0
3,0.02,213000,223000,1.0,0.0,1.0,ZWEHNKRNPOVVGH-UHFFFAOYSA-N,2-butanone,1.0,0.0,0.0,0.0,1.0
3,0.02,213000,223000,1.0,0.0,1.0,CATSNJVOTSVZJV-UHFFFAOYSA-N,2-heptanone,1.0,0.0,0.0,0.0,1.0
3,0.02,213000,223000,1.0,0.0,1.0,QSJXEFYPDANLFS-UHFFFAOYSA-N,"2,3-butanedione",1.0,0.0,0.0,0.0,1.0
3,0.02,213000,223000,1.0,0.0,1.0,WRMNZCZEMHIOCP-UHFFFAOYSA-N,phenethyl alcohol,1.0,0.0,0.0,0.0,1.0
3,0.02,213000,223000,1.0,0.0,1.0,OSWPMRLSEDHDFF-UHFFFAOYSA-N,methyl salicylate,1.0,0.0,0.0,0.0,1.0
3,0.02,213000,223000,1.0,0.0,1.0,HUMNYLRZRPPJDN-UHFFFAOYSA-N,benzaldehyde,1.0,0.0,0.0,0.0,1.0
3,0.02,213000,223000,1.0,0.0,1.0,RRAFCDWBNXTKKO-UHFFFAOYSA-N,eugenol,1.0,0.0,0.0,0.0,1.0
3,0.02,213000,223000,1.0,0.0,1.0,LRHPLDYGYMQRHN-UHFFFAOYSA-N,1-butanol,1.0,0.0,0.0,0.0,1.0
3,0.02,213000,223000,1.0,0.0,1.0,ZSIAUFGUXNUGDI-UHFFFAOYSA-N,1-hexanol,1.0,0.0,0.0,0.0,1.0
3,0.02,213000,223000,1.0,0.0,1.0,PHTQWCKDNZKARW-UHFFFAOYSA-N,3-methyl-butanol,1.0,0.0,0.0,0.0,1.0
3,0.02,213000,223000,1.0,0.0,1.0,VSMOENVRRABVKN-UHFFFAOYSA-N,1-octen-3-ol,1.0,0.0,0.0,0.0,1.0
3,0.02,213000,223000,1.0,0.0,1.0,XEKOWRVHYACXOJ-UHFFFAOYSA-N,ethyl acetate,1.0,0.0,0.0,0.0,1.0
3,0.02,213000,223000,1.0,0.0,1.0,MLFHJEHSLIIPHL-UHFFFAOYSA-N,isopentyl acetate,1.0,0.0,0.0,0.0,1.0
3,0.02,213000,223000,1.0,0.0,1.0,OBNCKNCVKJNDBV-UHFFFAOYSA-N,ethyl butyrate,1.0,0.0,0.0,0.0,1.0
3,0.02,213000,223000,1.0,0.25,0.0,FERIUCNNQQJTOY-UHFFFAOYSA-N,butyric acid,1.0,0.0,0.0,0.0,1.0
3,0.02,213000,223000,1.0,0.25,0.0,HIGQPQRQIQDZMP-DHZHZOJOSA-N,geranyl acetate,1.0,0.0,0.0,0.0,1.0
3,0.02,213000,223000,1.0,0.25,0.0,MBDOYVRWFFCFHM-SNAWJCMRSA-N,E2-hexenal,1.0,0.0,0.0,0.0,1.0
3,0.02,213000,223000,1.0,0.25,0.0,CSCPPACGZOOCGX-UHFFFAOYSA-N,acetone,1.0,0.0,0.0,0.0,1.0
3,0.02,213000,223000,1.0,0.25,0.0,ZWEHNKRNPOVVGH-UHFFFAOYSA-N,2-butanone,1.0,0.0,0.0,0.0,1.0
3,0.02,213000,223000,1.0,0.25,0.0,CATSNJVOTSVZJV-UHFFFAOYSA-N,2-heptanone,1.0,0.0,0.0,0.0,1.0
3,0.02,213000,223000,1.0,0.25,0.0,QSJXEFYPDANLFS-UHFFFAOYSA-N,"2,3-butanedione",1.0,0.0,0.0,0.0,1.0
3,0.02,213000,223000,1.0,0.25,0.0,WRMNZCZEMHIOCP-UHFFFAOYSA-N,phenethyl alcohol,1.0,0.0,0.0,0.0,1.0
3,0.02,213000,223000,1.0,0.25,0.0,OSWPMRLSEDHDFF-UHFFFAOYSA-N,methyl salicylate,1.0,0.0,0.0,0.0,1.0
3,0.02,213000,223000,1.0,0.25,0.0,HUMNYLRZRPPJDN-UHFFFAOYSA-N,benzaldehyde,1.0,0.0,0.0,0.0,1.0
3,0.02,213000,223000,1.0,0.25,0.0,RRAFCDWBNXTKKO-UHFFFAOYSA-N,eugenol,1.0,0.0,0.0,0.0,1.0
3,0.02,213000,223000,1.0,0.25,0.0,LRHPLDYGYMQRHN-UHFFFAOYSA-N,1-butanol,1.0,0.0,0.0,0.0,1.0
3,0.02,213000,223000,1.0,0.25,0.0,ZSIAUFGUXNUGDI-UHFFFAOYSA-N,1-hexanol,1.0,0.0,0.0,0.0,1.0
3,0.02,213000,223000,1.0,0.25,0.0,PHTQWCKDNZKARW-UHFFFAOYSA-N,3-methyl-butanol,1.0,0.0,0.0,0.0,1.0
3,0.02,213000,223000,1.0,0.25,0.0,VSMOENVRRABVKN-UHFFFAOYSA-N,1-octen-3-ol,1.0,0.0,0.0,0.0,1.0
3,0.02,213000,223000,1.0,0.25,0.0,XEKOWRVHYACXOJ-UHFFFAOYSA-N,ethyl acetate,1.0,0.0,0.0,0.0,1.0
3,0.02,213000,223000,1.0,0.25,0.0,MLFHJEHSLIIPHL-UHFFFAOYSA-N,isopentyl acetate,1.0,0.0,0.0,0.0,1.0
3,0.02,213000,223000,1.0,0.25,0.0,OBNCKNCVKJNDBV-UHFFFAOYSA-N,ethyl butyrate,1.0,0.0,0.0,0.0,1.0
3,0.02,213000,223000,1.0,0.25,1.0,FERIUCNNQQJTOY-UHFFFAOYSA-N,butyric acid,1.0,0.0,0.0,0.0,1.0
3,0.02,213000,223000,1.0,0.25,1.0,HIGQPQRQIQDZMP-DHZHZOJOSA-N,geranyl acetate,1.0,0.0,0.0,0.0,1.0
3,0.02,213000,223000,1.0,0.25,1.0,MBDOYVRWFFCFHM-SNAWJCMRSA-N,E2-hexenal,1.0,0.0,0.0,0.0,1.0
3,0.02,213000,223000,1.0,0.25,1.0,CSCPPACGZOOCGX-UHFFFAOYSA-N,acetone,1.0,0.0,0.0,0.0,1.0
3,0.02,213000,223000,1.0,0.25,1.0,ZWEHNKRNPOVVGH-UHFFFAOYSA-N,2-butanone,1.0,0.0,0.0,0.0,1.0
3,0.02,213000,223000,1.0,0.25,1.0,CATSNJVOTSVZJV-UHFFFAOYSA-N,2-heptanone,1.0,0.0,0.0,0.0,1.0
3,0.02,213000,223000,1.0,0.25,1.0,QSJXEFYPDANLFS-UHFFFAOYSA-N,"2,3-butanedione",1.0,0.0,0.0,0.0,1.0
3,0.02,213000,223000,1.0,0.25,1.0,WRMNZCZEMHIOCP-UHFFFAOYSA-N,phenethyl alcohol,1.0,0.0,0.0,0.0,1.0
3,0.02,213000,223000,1.0,0.25,1.0,OSWPMRLSEDHDFF-UHFFFAOYSA-N,methyl salicylate,1.0,0.0,0.0,0.0,1.0
3,0.02,213000,223000,1.0,0.25,1.0,HUMNYLRZRPPJDN-UHFFFAOYSA-N,benzaldehyde,1.0,0.0,0.0,0.0,1.0
3,0.02,213000,223000,1.0,0.25,1.0,RRAFCDWBNXTKKO-UHFFFAOYSA-N,eugenol,1.0,0.0,0.0,0.0,1.0
3,0.02,213000,223000,1.0,0.25,1.0,LRHPLDYGYMQRHN-UHFFFAOYSA-N,1-butanol,1.0,0.0,0.0,0.0,1.0
3,0.02,213000,223000,1.0,0.25,1.0,ZSIAUFGUXNUGDI-UHFFFAOYSA-N,1-hexanol,1.0,0.0,0.0,0.0,1.0
3,0.02,213000,223000,1.0,0.25,1.0,PHTQWCKDNZKARW-UHFFFAOYSA-N,3-methyl-butanol,1.0,0.0,0.0,0.0,1.0
3,0.02,213000,223000,1.0,0.25,1.0,VSMOENVRRABVKN-UHFFFAOYSA-N,1-octen-3-ol,1.0,0.0,0.0,0.0,1.0
3,0.02,213000,223000,1.0,0.25,1.0,XEKOWRVHYACXOJ-UHFFFAOYSA-N,ethyl acetate,1.0,0.0,0.0,0.0,1.0
3,0.02,213000,223000,1.0,0.25,1.0,MLFHJEHSLIIPHL-UHFFFAOYSA-N,isopentyl acetate,1.0,0.0,0.0,0.0,1.0
3,0.02,213000,223000,1.0,0.25,1.0,OBNCKNCVKJNDBV-UHFFFAOYSA-N,ethyl butyrate,1.0,0.0,0.0,0.0,1.0
3,0.02,213000,223000,1.0,0.5,0.0,FERIUCNNQQJTOY-UHFFFAOYSA-N,butyric acid,1.0,0.0,0.0,0.0,1.0
3,0.02,213000,223000,1.0,0.5,0.0,HIGQPQRQIQDZMP-DHZHZOJOSA-N,geranyl acetate,1.0,0.0,0.0,0.0,1.0
3,0.02,213000,223000,1.0,0.5,0.0,MBDOYVRWFFCFHM-SNAWJCMRSA-N,E2-hexenal,1.0,0.0,0.0,0.0,1.0
3,0.02,213000,223000,1.0,0.5,0.0,CSCPPACGZOOCGX-UHFFFAOYSA-N,acetone,1.0,0.15,0.0,0.0,1.0
3,0.02,213000,223000,1.0,0.5,0.0,ZWEHNKRNPOVVGH-UHFFFAOYSA-N,2-butanone,1.0,0.0,0.0,0.0,1.0
3,0.02,213000,223000,1.0,0.5,0.0,CATSNJVOTSVZJV-UHFFFAOYSA-N,2-heptanone,1.0,0.0,0.0,0.0,1.0
3,0.02,213000,223000,1.0,0.5,0.0,QSJXEFYPDANLFS-UHFFFAOYSA-N,"2,3-butanedione",1.0,0.0,0.0,0.0,1.0
3,0.02,213000,223000,1.0,0.5,0.0,WRMNZCZEMHIOCP-UHFFFAOYSA-N,phenethyl alcohol,1.0,0.0,0.0,0.0,1.0
3,0.02,213000,223000,1.0,0.5,0.0,OSWPMRLSEDHDFF-UHFFFAOYSA-N,methyl salicylate,1.0,0.0,0.0,0.0,1.0
3,0.02,213000,223000,1.0,0.5,0.0,HUMNYLRZRPPJDN-UHFFFAOYSA-N,benzaldehyde,1.0,0.0,0.0,0.0,1.0
3,0.02,213000,223000,1.0,0.5,0.0,RRAFCDWBNXTKKO-UHFFFAOYSA-N,eugenol,1.0,0.0,0.0,0.0,1.0
3,0.02,213000,223000,1.0,0.5,0.0,LRHPLDYGYMQRHN-UHFFFAOYSA-N,1-butanol,1.0,0.0,0.0,0.0,1.0
3,0.02,213000,223000,1.0,0.5,0.0,ZSIAUFGUXNUGDI-UHFFFAOYSA-N,1-hexanol,1.0,0.0,0.0,0.0,1.0
3,0.02,213000,223000,1.0,0.5,0.0,PHTQWCKDNZKARW-UHFFFAOYSA-N,3-methyl-butanol,1.0,0.0,0.0,0.0,1.0
3,0.02,213000,223000,1.0,0.5,0.0,VSMOENVRRABVKN-UHFFFAOYSA-N,1-octen-3-ol,1.0,0.0,0.0,0.0,1.0
3,0.02,213000,223000,1.0,0.5,0.0,XEKOWRVHYACXOJ-UHFFFAOYSA-N,ethyl acetate,1.0,0.0,0.0,0.0,1.0
3,0.02,213000,223000,1.0,0.5,0.0,MLFHJEHSLIIPHL-UHFFFAOYSA-N,isopentyl acetate,1.0,0.0,0.0,0.0,1.0
3,0.02,213000,223000,1.0,0.5,0.0,OBNCKNCVKJNDBV-UHFFFAOYSA-N,ethyl butyrate,1.0,0.0,0.0,0.0,1.0
3,0.02,213000,223000,1.0,0.5,1.0,FERIUCNNQQJTOY-UHFFFAOYSA-N,butyric acid,1.0,0.0,0.0,0.0,1.0
3,0.02,213000,223000,1.0,0.5,1.0,HIGQPQRQIQDZMP-DHZHZOJOSA-N,geranyl acetate,1.0,0.0,0.0,0.0,1.0
3,0.02,213000,223000,1.0,0.5,1.0,MBDOYVRWFFCFHM-SNAWJCMRSA-N,E2-hexenal,1.0,0.0,0.0,0.0,1.0
3,0.02,213000,223000,1.0,0.5,1.0,CSCPPACGZOOCGX-UHFFFAOYSA-N,acetone,1.0,0.15,0.0,0.0,1.0
3,0.02,213000,223000,1.0,0.5,1.0,ZWEHNKRNPOVVGH-UHFFFAOYSA-N,2-butanone,1.0,0.0,0.0,0.0,1.0
3,0.02,213000,223000,1.0,0.5,1.0,CATSNJVOTSVZJV-UHFFFAOYSA-N,2-heptanone,1.0,0.0,0.0,0.0,1.0
3,0.02,213000,223000,1.0,0.5,1.0,QSJXEFYPDANLFS-UHFFFAOYSA-N,"2,3-butanedione",1.0,0.0,0.0,0.0,1.0
3,0.02,213000,223000,1.0,0.5,1.0,WRMNZCZEMHIOCP-UHFFFAOYSA-N,phenethyl alcohol,1.0,0.0,0.0,0.0,1.0
3,0.02,213000,223000,1.0,0.5,1.0,OSWPMRLSEDHDFF-UHFFFAOYSA-N,methyl salicylate,1.0,0.0,0.0,0.0,1.0
3,0.02,213000,223000,1.0,0.5,1.0,HUMNYLRZRPPJDN-UHFFFAOYSA-N,benzaldehyde,1.0,0.0,0.0,0.0,1.0
3,0.02,213000,223000,1.0,0.5,1.0,RRAFCDWBNXTKKO-UHFFFAOYSA-N,eugenol,1.0,0.0,0.0,0.0,1.0
3,0.02,213000,223000,1.0,0.5,1.0,LRHPLDYGYMQRHN-UHFFFAOYSA-N,1-butanol,1.0,0.0,0.0,0.0,1.0
3,0.02,213000,223000,1.0,0.5,1.0,ZSIAUFGUXNUGDI-UHFFFAOYSA-N,1-hexanol,1.0,0.0,0.0,0.0,1.0
3,0.02,213000,223000,1.0,0.5,1.0,PHTQWCKDNZKARW-UHFFFAOYSA-N,3-methyl-butanol,1.0,0.0,0.0,0.0,1.0
3,0.02,213000,223000,1.0,0.5,1.0,VSMOENVRRABVKN-UHFFFAOYSA-N,1-octen-3-ol,1.0,0.0,0.0,0.0,1.0
3,0.02,213000,223000,1.0,0.5,1.0,XEKOWRVHYACXOJ-UHFFFAOYSA-N,ethyl acetate,1.0,0.0,0.0,0.0,1.0
3,0.02,213000,223000,1.0,0.5,1.0,MLFHJEHSLIIPHL-UHFFFAOYSA-N,isopentyl acetate,1.0,0.0,0.0,0.0,1.0
3,0.02,213000,223000,1.0,0.5,1.0,OBNCKNCVKJNDBV-UHFFFAOYSA-N,ethyl butyrate,1.0,0.0,0.0,0.0,1.0
3,0.02,213000,223000,1.0,1.0,0.0,FERIUCNNQQJTOY-UHFFFAOYSA-N,butyric acid,0.2,0.8,0.8,0.0,1.0
3,0.02,213000,223000,1.0,1.0,0.0,HIGQPQRQIQDZMP-DHZHZOJOSA-N,geranyl acetate,0.25,0.75,0.75,0.0,1.0
3,0.02,213000,223000,1.0,1.0,0.0,MBDOYVRWFFCFHM-SNAWJCMRSA-N,E2-hexenal,1.0,0.0,0.0,0.0,1.0
3,0.02,213000,223000,1.0,1.0,0.0,CSCPPACGZOOCGX-UHFFFAOYSA-N,acetone,0.5,1.0,0.5,0.0,
3,0.02,213000,223000,1.0,1.0,0.0,ZWEHNKRNPOVVGH-UHFFFAOYSA-N,2-butanone,1.0,0.0,0.0,0.0,1.0
3,0.02,213000,223000,1.0,1.0,0.0,CATSNJVOTSVZJV-UHFFFAOYSA-N,2-heptanone,1.0,0.0,0.0,0.0,1.0
3,0.02,213000,223000,1.0,1.0,0.0,QSJXEFYPDANLFS-UHFFFAOYSA-N,"2,3-butanedione",1.0,0.0,0.0,0.0,1.0
3,0.02,213000,223000,1.0,1.0,0.0,WRMNZCZEMHIOCP-UHFFFAOYSA-N,phenethyl alcohol,1.0,0.0,0.0,0.0,1.0
3,0.02,213000,223000,1.0,1.0,0.0,OSWPMRLSEDHDFF-UHFFFAOYSA-N,methyl salicylate,0.5,0.95,0.475,0.025,0.5
3,0.02,213000,223000,1.0,1.0,0.0,HUMNYLRZRPPJDN-UHFFFAOYSA-N,benzaldehyde,1.0,0.0,0.0,0.0,1.0
3,0.02,213000,223000,1.0,1.0,0.0,RRAFCDWBNXTKKO-UHFFFAOYSA-N,eugenol,0.95,0.0,0.0,0.05,0.95
3,0.02,213000,223000,1.0,1.0,0.0,LRHPLDYGYMQRHN-UHFFFAOYSA-N,1-butanol,0.9,0.0,0.0,0.1,0.9
3,0.02,213000,223000,1.0,1.0,0.0,ZSIAUFGUXNUGDI-UHFFFAOYSA-N,1-hexanol,1.0,0.0,0.0,0.0,1.0
3,0.02,213000,223000,1.0,1.0,0.0,PHTQWCKDNZKARW-UHFFFAOYSA-N,3-methyl-butanol,0.5,0.35,0.35,0.15,0.7692307692307693
3,0.02,213000,223000,1.0,1.0,0.0,VSMOENVRRABVKN-UHFFFAOYSA-N,1-octen-3-ol,1.0,0.0,0.0,0.0,1.0
3,0.02,213000,223000,1.0,1.0,0.0,XEKOWRVHYACXOJ-UHFFFAOYSA-N,ethyl acetate,1.0,0.0,0.0,0.0,1.0
3,0.02,213000,223000,1.0,1.0,0.0,MLFHJEHSLIIPHL-UHFFFAOYSA-N,isopentyl acetate,1.0,0.0,0.0,0.0,1.0
3,0.02,213000,223000,1.0,1.0,0.0,OBNCKNCVKJNDBV-UHFFFAOYSA-N,ethyl butyrate,1.0,0.0,0.0,0.0,1.0
3,0.02,213000,223000,1.0,1.0,1.0,FERIUCNNQQJTOY-UHFFFAOYSA-N,butyric acid,0.2,0.8,0.8,0.0,1.0
3,0.02,213000,223000,1.0,1.0,1.0,HIGQPQRQIQDZMP-DHZHZOJOSA-N,geranyl acetate,0.25,0.75,0.75,0.0,1.0
3,0.02,213000,223000,1.0,1.0,1.0,MBDOYVRWFFCFHM-SNAWJCMRSA-N,E2-hexenal,1.0,0.0,0.0,0.0,1.0
3,0.02,213000,223000,1.0,1.0,1.0,CSCPPACGZOOCGX-UHFFFAOYSA-N,acetone,0.5,1.0,0.5,0.0,
3,0.02,213000,223000,1.0,1.0,1.0,ZWEHNKRNPOVVGH-UHFFFAOYSA-N,2-butanone,1.0,0.0,0.0,0.0,1.0
3,0.02,213000,223000,1.0,1.0,1.0,CATSNJVOTSVZJV-UHFFFAOYSA-N,2-heptanone,1.0,0.0,0.0,0.0,1.0
3,0.02,213000,223000,1.0,1.0,1.0,QSJXEFYPDANLFS-UHFFFAOYSA-N,"2,3-butanedione",1.0,0.0,0.0,0.0,1.0
3,0.02,213000,223000,1.0,1.0,1.0,WRMNZCZEMHIOCP-UHFFFAOYSA-N,phenethyl alcohol,1.0,0.0,0.0,0.0,1.0
3,0.02,213000,223000,1.0,1.0,1.0,OSWPMRLSEDHDFF-UHFFFAOYSA-N,methyl salicylate,0.5,0.95,0.475,0.025,0.5
3,0.02,213000,223000,1.0,1.0,1.0,HUMNYLRZRPPJDN-UHFFFAOYSA-N,benzaldehyde,1.0,0.0,0.0,0.0,1.0
3,0.02,213000,223000,1.0,1.0,1.0,RRAFCDWBNXTKKO-UHFFFAOYSA-N,eugenol,0.95,0.0,0.0,0.05,0.95
3,0.02,213000,223000,1.0,1.0,1.0,LRHPLDYGYMQRHN-UHFFFAOYSA-N,1-butanol,0.9,0.0,0.0,0.1,0.9
3,0.02,213000,223000,1.0,1.0,1.0,ZSIAUFGUXNUGDI-UHFFFAOYSA-N,1-hexanol,1.0,0.0,0.0,0.0,1.0
3,0.02,213000,223000,1.0,1.0,1.0,PHTQWCKDNZKARW-UHFFFAOYSA-N,3-methyl-butanol,0.5,0.35,0.35,0.15,0.7692307692307693
3,0.02,213000,223000,1.0,1.0,1.0,VSMOENVRRABVKN-UHFFFAOYSA-N,1-octen-3-ol,1.0,0.0,0.0,0.0,1.0
3,0.02,213000,223000,1.0,1.0,1.0,XEKOWRVHYACXOJ-UHFFFAOYSA-N,ethyl acetate,1.0,0.0,0.0,0.0,1.0
3,0.02,213000,223000,1.0,1.0,1.0,MLFHJEHSLIIPHL-UHFFFAOYSA-N,isopentyl acetate,1.0,0.0,0.0,0.0,1.0
3,0.02,213000,223000,1.0,1.0,1.0,OBNCKNCVKJNDBV-UHFFFAOYSA-N,ethyl butyrate,1.0,0.0,0.0,0.0,1.0
3,0.02,213000,223000,4.0,0.0,0.0,FERIUCNNQQJTOY-UHFFFAOYSA-N,butyric acid,1.0,0.0,0.0,0.0,1.0
3,0.02,213000,223000,4.0,0.0,0.0,HIGQPQRQIQDZMP-DHZHZOJOSA-N,geranyl acetate,1.0,0.0,0.0,0.0,1.0
3,0.02,213000,223000,4.0,0.0,0.0,MBDOYVRWFFCFHM-SNAWJCMRSA-N,E2-hexenal,1.0,0.0,0.0,0.0,1.0
3,0.02,213000,223000,4.0,0.0,0.0,CSCPPACGZOOCGX-UHFFFAOYSA-N,acetone,1.0,0.0,0.0,0.0,1.0
3,0.02,213000,223000,4.0,0.0,0.0,ZWEHNKRNPOVVGH-UHFFFAOYSA-N,2-butanone,1.0,0.0,0.0,0.0,1.0
3,0.02,213000,223000,4.0,0.0,0.0,CATSNJVOTSVZJV-UHFFFAOYSA-N,2-heptanone,1.0,0.0,0.0,0.0,1.0
3,0.02,213000,223000,4.0,0.0,0.0,QSJXEFYPDANLFS-UHFFFAOYSA-N,"2,3-butanedione",1.0,0.0,0.0,0.0,1.0
3,0.02,213000,223000,4.0,0.0,0.0,WRMNZCZEMHIOCP-UHFFFAOYSA-N,phenethyl alcohol,1.0,0.0,0.0,0.0,1.0
3,0.02,213000,223000,4.0,0.0,0.0,OSWPMRLSEDHDFF-UHFFFAOYSA-N,methyl salicylate,1.0,0.0,0.0,0.0,1.0
3,0.02,213000,223000,4.0,0.0,0.0,HUMNYLRZRPPJDN-UHFFFAOYSA-N,benzaldehyde,1.0,0.0,0.0,0.0,1.0
3,0.02,213000,223000,4.0,0.0,0.0,RRAFCDWBNXTKKO-UHFFFAOYSA-N,eugenol,1.0,0.0,0.0,0.0,1.0
3,0.02,213000,223000,4.0,0.0,0.0,LRHPLDYGYMQRHN-UHFFFAOYSA-N,1-butanol,1.0,0.0,0.0,0.0,1.0
3,0.02,213000,223000,4.0,0.0,0.0,ZSIAUFGUXNUGDI-UHFFFAOYSA-N,1-hexanol,1.0,0.0,0.0,0.0,1.0
3,0.02,213000,223000,4.0,0.0,0.0,PHTQWCKDNZKARW-UHFFFAOYSA-N,3-methyl-butanol,1.0,0.0,0.0,0.0,1.0
3,0.02,213000,223000,4.0,0.0,0.0,VSMOENVRRABVKN-UHFFFAOYSA-N,1-octen-3-ol,1.0,0.0,0.0,0.0,1.0
3,0.02,213000,223000,4.0,0.0,0.0,XEKOWRVHYACXOJ-UHFFFAOYSA-N,ethyl acetate,1.0,0.0,0.0,0.0,1.0
3,0.02,213000,223000,4.0,0.0,0.0,MLFHJEHSLIIPHL-UHFFFAOYSA-N,isopentyl acetate,1.0,0.0,0.0,0.0,1.0
3,0.02,213000,223000,4.0,0.0,0.0,OBNCKNCVKJNDBV-UHFFFAOYSA-N,ethyl butyrate,1.0,0.0,0.0,0.0,1.0
3,0.02,213000,223000,4.0,0.0,1.0,FERIUCNNQQJTOY-UHFFFAOYSA-N,butyric acid,1.0,0.0,0.0,0.0,1.0
3,0.02,213000,223000,4.0,0.0,1.0,HIGQPQRQIQDZMP-DHZHZOJOSA-N,geranyl acetate,1.0,0.0,0.0,0.0,1.0
3,0.02,213000,223000,4.0,0.0,1.0,MBDOYVRWFFCFHM-SNAWJCMRSA-N,E2-hexenal,1.0,0.0,0.0,0.0,1.0
3,0.02,213000,223000,4.0,0.0,1.0,CSCPPACGZOOCGX-UHFFFAOYSA-N,acetone,1.0,0.0,0.0,0.0,1.0
3,0.02,213000,223000,4.0,0.0,1.0,ZWEHNKRNPOVVGH-UHFFFAOYSA-N,2-butanone,1.0,0.0,0.0,0.0,1.0
3,0.02,213000,223000,4.0,0.0,1.0,CATSNJVOTSVZJV-UHFFFAOYSA-N,2-heptanone,1.0,0.0,0.0,0.0,1.0
3,0.02,213000,223000,4.0,0.0,1.0,QSJXEFYPDANLFS-UHFFFAOYSA-N,"2,3-butanedione",1.0,0.0,0.0,0.0,1.0
3,0.02,213000,223000,4.0,0.0,1.0,WRMNZCZEMHIOCP-UHFFFAOYSA-N,phenethyl alcohol,1.0,0.0,0.0,0.0,1.0
3,0.02,213000,223000,4.0,0.0,1.0,OSWPMRLSEDHDFF-UHFFFAOYSA-N,methyl salicylate,1.0,0.0,0.0,0.0,1.0
3,0.02,213000,223000,4.0,0.0,1.0,HUMNYLRZRPPJDN-UHFFFAOYSA-N,benzaldehyde,1.0,0.0,0.0,0.0,1.0
3,0.02,213000,223000,4.0,0.0,1.0,RRAFCDWBNXTKKO-UHFFFAOYSA-N,eugenol,1.0,0.0,0.0,0.0,1.0
3,0.02,213000,223000,4.0,0.0,1.0,LRHPLDYGYMQRHN-UHFFFAOYSA-N,1-butanol,1.0,0.0,0.0,0.0,1.0
3,0.02,213000,223000,4.0,0.0,1.0,ZSIAUFGUXNUGDI-UHFFFAOYSA-N,1-hexanol,1.0,0.0,0.0,0.0,1.0
3,0.02,213000,223000,4.0,0.0,1.0,PHTQWCKDNZKARW-UHFFFAOYSA-N,3-methyl-butanol,1.0,0.0,0.0,0.0,1.0
3,0.02,213000,223000,4.0,0.0,1.0,VSMOENVRRABVKN-UHFFFAOYSA-N,1-octen-3-ol,1.0,0.0,0.0,0.0,1.0
3,0.02,213000,223000,4.0,0.0,1.0,XEKOWRVHYACXOJ-UHFFFAOYSA-N,ethyl acetate,1.0,0.0,0.0,0.0,1.0
3,0.02,213000,223000,4.0,0.0,1.0,MLFHJEHSLIIPHL-UHFFFAOYSA-N,isopentyl acetate,1.0,0.0,0.0,0.0,1.0
3,0.02,213000,223000,4.0,0.0,1.0,OBNCKNCVKJNDBV-UHFFFAOYSA-N,ethyl butyrate,1.0,0.0,0.0,0.0,1.0
3,0.02,213000,223000,4.0,0.25,0.0,FERIUCNNQQJTOY-UHFFFAOYSA-N,butyric acid,1.0,0.0,0.0,0.0,1.0
3,0.02,213000,223000,4.0,0.25,0.0,HIGQPQRQIQDZMP-DHZHZOJOSA-N,geranyl acetate,1.0,0.0,0.0,0.0,1.0
3,0.02,213000,223000,4.0,0.25,0.0,MBDOYVRWFFCFHM-SNAWJCMRSA-N,E2-hexenal,1.0,0.0,0.0,0.0,1.0
3,0.02,213000,223000,4.0,0.25,0.0,CSCPPACGZOOCGX-UHFFFAOYSA-N,acetone,1.0,0.0,0.0,0.0,1.0
3,0.02,213000,223000,4.0,0.25,0.0,ZWEHNKRNPOVVGH-UHFFFAOYSA-N,2-butanone,1.0,0.0,0.0,0.0,1.0
3,0.02,213000,223000,4.0,0.25,0.0,CATSNJVOTSVZJV-UHFFFAOYSA-N,2-heptanone,1.0,0.0,0.0,0.0,1.0
3,0.02,213000,223000,4.0,0.25,0.0,QSJXEFYPDANLFS-UHFFFAOYSA-N,"2,3-butanedione",1.0,0.0,0.0,0.0,1.0
3,0.02,213000,223000,4.0,0.25,0.0,WRMNZCZEMHIOCP-UHFFFAOYSA-N,phenethyl alcohol,1.0,0.0,0.0,0.0,1.0
3,0.02,213000,223000,4.0,0.25,0.0,OSWPMRLSEDHDFF-UHFFFAOYSA-N,methyl salicylate,1.0,0.0,0.0,0.0,1.0
3,0.02,213000,223000,4.0,0.25,0.0,HUMNYLRZRPPJDN-UHFFFAOYSA-N,benzaldehyde,1.0,0.0,0.0,0.0,1.0
3,0.02,213000,223000,4.0,0.25,0.0,RRAFCDWBNXTKKO-UHFFFAOYSA-N,eugenol,1.0,0.0,0.0,0.0,1.0
3,0.02,213000,223000,4.0,0.25,0.0,LRHPLDYGYMQRHN-UHFFFAOYSA-N,1-butanol,1.0,0.0,0.0,0.0,1.0
3,0.02,213000,223000,4.0,0.25,0.0,ZSIAUFGUXNUGDI-UHFFFAOYSA-N,1-hexanol,1.0,0.0,0.0,0.0,1.0
3,0.02,213000,223000,4.0,0.25,0.0,PHTQWCKDNZKARW-UHFFFAOYSA-N,3-methyl-butanol,1.0,0.0,0.0,0.0,1.0
3,0.02,213000,223000,4.0,0.25,0.0,VSMOENVRRABVKN-UHFFFAOYSA-N,1-octen-3-ol,1.0,0.0,0.0,0.0,1.0
3,0.02,213000,223000,4.0,0.25,0.0,XEKOWRVHYACXOJ-UHFFFAOYSA-N,ethyl acetate,1.0,0.0,0.0,0.0,1.0
3,0.02,213000,223000,4.0,0.25,0.0,MLFHJEHSLIIPHL-UHFFFAOYSA-N,isopentyl acetate,1.0,0.0,0.0,0.0,1.0
3,0.02,213000,223000,4.0,0.25,0.0,OBNCKNCVKJNDBV-UHFFFAOYSA-N,ethyl butyrate,1.0,0.0,0.0,0.0,1.0
3,0.02,213000,223000,4.0,0.25,1.0,FERIUCNNQQJTOY-UHFFFAOYSA-N,butyric acid,1.0,0.0,0.0,0.0,1.0
3,0.02,213000,223000,4.0,0.25,1.0,HIGQPQRQIQDZMP-DHZHZOJOSA-N,geranyl acetate,1.0,0.0,0.0,0.0,1.0
3,0.02,213000,223000,4.0,0.25,1.0,MBDOYVRWFFCFHM-SNAWJCMRSA-N,E2-hexenal,1.0,0.0,0.0,0.0,1.0
3,0.02,213000,223000,4.0,0.25,1.0,CSCPPACGZOOCGX-UHFFFAOYSA-N,acetone,1.0,0.0,0.0,0.0,1.0
3,0.02,213000,223000,4.0,0.25,1.0,ZWEHNKRNPOVVGH-UHFFFAOYSA-N,2-butanone,1.0,0.0,0.0,0.0,1.0
3,0.02,213000,223000,4.0,0.25,1.0,CATSNJVOTSVZJV-UHFFFAOYSA-N,2-heptanone,1.0,0.0,0.0,0.0,1.0
3,0.02,213000,223000,4.0,0.25,1.0,QSJXEFYPDANLFS-UHFFFAOYSA-N,"2,3-butanedione",1.0,0.0,0.0,0.0,1.0
3,0.02,213000,223000,4.0,0.25,1.0,WRMNZCZEMHIOCP-UHFFFAOYSA-N,phenethyl alcohol,1.0,0.0,0.0,0.0,1.0
3,0.02,213000,223000,4.0,0.25,1.0,OSWPMRLSEDHDFF-UHFFFAOYSA-N,methyl salicylate,1.0,0.0,0.0,0.0,1.0
3,0.02,213000,223000,4.0,0.25,1.0,HUMNYLRZRPPJDN-UHFFFAOYSA-N,benzaldehyde,1.0,0.0,0.0,0.0,1.0
3,0.02,213000,223000,4.0,0.25,1.0,RRAFCDWBNXTKKO-UHFFFAOYSA-N,eugenol,1.0,0.0,0.0,0.0,1.0
3,0.02,213000,223000,4.0,0.25,1.0,LRHPLDYGYMQRHN-UHFFFAOYSA-N,1-butanol,1.0,0.0,0.0,0.0,1.0
3,0.02,213000,223000,4.0,0.25,1.0,ZSIAUFGUXNUGDI-UHFFFAOYSA-N,1-hexanol,1.0,0.0,0.0,0.0,1.0
3,0.02,213000,223000,4.0,0.25,1.0,PHTQWCKDNZKARW-UHFFFAOYSA-N,3-methyl-butanol,1.0,0.0,0.0,0.0,1.0
3,0.02,213000,223000,4.0,0.25,1.0,VSMOENVRRABVKN-UHFFFAOYSA-N,1-octen-3-ol,1.0,0.0,0.0,0.0,1.0
3,0.02,213000,223000,4.0,0.25,1.0,XEKOWRVHYACXOJ-UHFFFAOYSA-N,ethyl acetate,1.0,0.0,0.0,0.0,1.0
3,0.02,213000,223000,4.0,0.25,1.0,MLFHJEHSLIIPHL-UHFFFAOYSA-N,isopentyl acetate,1.0,0.0,0.0,0.0,1.0
3,0.02,213000,223000,4.0,0.25,1.0,OBNCKNCVKJNDBV-UHFFFAOYSA-N,ethyl butyrate,1.0,0.0,0.0,0.0,1.0
3,0.02,213000,223000,4.0,0.5,0.0,FERIUCNNQQJTOY-UHFFFAOYSA-N,butyric acid,1.0,0.0,0.0,0.0,1.0
3,0.02,213000,223000,4.0,0.5,0.0,HIGQPQRQIQDZMP-DHZHZOJOSA-N,geranyl acetate,1.0,0.0,0.0,0.0,1.0
3,0.02,213000,223000,4.0,0.5,0.0,MBDOYVRWFFCFHM-SNAWJCMRSA-N,E2-hexenal,1.0,0.0,0.0,0.0,1.0
3,0.02,213000,223000,4.0,0.5,0.0,CSCPPACGZOOCGX-UHFFFAOYSA-N,acetone,1.0,0.0,0.0,0.0,1.0
3,0.02,213000,223000,4.0,0.5,0.0,ZWEHNKRNPOVVGH-UHFFFAOYSA-N,2-butanone,1.0,0.0,0.0,0.0,1.0
3,0.02,213000,223000,4.0,0.5,0.0,CATSNJVOTSVZJV-UHFFFAOYSA-N,2-heptanone,1.0,0.0,0.0,0.0,1.0
3,0.02,213000,223000,4.0,0.5,0.0,QSJXEFYPDANLFS-UHFFFAOYSA-N,"2,3-butanedione",1.0,0.0,0.0,0.0,1.0
3,0.02,213000,223000,4.0,0.5,0.0,WRMNZCZEMHIOCP-UHFFFAOYSA-N,phenethyl alcohol,1.0,0.0,0.0,0.0,1.0
3,0.02,213000,223000,4.0,0.5,0.0,OSWPMRLSEDHDFF-UHFFFAOYSA-N,methyl salicylate,1.0,0.0,0.0,0.0,1.0
3,0.02,213000,223000,4.0,0.5,0.0,HUMNYLRZRPPJDN-UHFFFAOYSA-N,benzaldehyde,1.0,0.0,0.0,0.0,1.0
3,0.02,213000,223000,4.0,0.5,0.0,RRAFCDWBNXTKKO-UHFFFAOYSA-N,eugenol,1.0,0.0,0.0,0.0,1.0
3,0.02,213000,223000,4.0,0.5,0.0,LRHPLDYGYMQRHN-UHFFFAOYSA-N,1-butanol,1.0,0.0,0.0,0.0,1.0
3,0.02,213000,223000,4.0,0.5,0.0,ZSIAUFGUXNUGDI-UHFFFAOYSA-N,1-hexanol,1.0,0.0,0.0,0.0,1.0
3,0.02,213000,223000,4.0,0.5,0.0,PHTQWCKDNZKARW-UHFFFAOYSA-N,3-methyl-butanol,1.0,0.0,0.0,0.0,1.0
3,0.02,213000,223000,4.0,0.5,0.0,VSMOENVRRABVKN-UHFFFAOYSA-N,1-octen-3-ol,1.0,0.0,0.0,0.0,1.0
3,0.02,213000,223000,4.0,0.5,0.0,XEKOWRVHYACXOJ-UHFFFAOYSA-N,ethyl acetate,1.0,0.0,0.0,0.0,1.0
3,0.02,213000,223000,4.0,0.5,0.0,MLFHJEHSLIIPHL-UHFFFAOYSA-N,isopentyl acetate,1.0,0.0,0.0,0.0,1.0
3,0.02,213000,223000,4.0,0.5,0.0,OBNCKNCVKJNDBV-UHFFFAOYSA-N,ethyl butyrate,1.0,0.0,0.0,0.0,1.0
3,0.02,213000,223000,4.0,0.5,1.0,FERIUCNNQQJTOY-UHFFFAOYSA-N,butyric acid,1.0,0.0,0.0,0.0,1.0
3,0.02,213000,223000,4.0,0.5,1.0,HIGQPQRQIQDZMP-DHZHZOJOSA-N,geranyl acetate,1.0,0.0,0.0,0.0,1.0
3,0.02,213000,223000,4.0,0.5,1.0,MBDOYVRWFFCFHM-SNAWJCMRSA-N,E2-hexenal,1.0,0.0,0.0,0.0,1.0
3,0.02,213000,223000,4.0,0.5,1.0,CSCPPACGZOOCGX-UHFFFAOYSA-N,acetone,1.0,0.0,0.0,0.0,1.0
3,0.02,213000,223000,4.0,0.5,1.0,ZWEHNKRNPOVVGH-UHFFFAOYSA-N,2-butanone,1.0,0.0,0.0,0.0,1.0
3,0.02,213000,223000,4.0,0.5,1.0,CATSNJVOTSVZJV-UHFFFAOYSA-N,2-heptanone,1.0,0.0,0.0,0.0,1.0
3,0.02,213000,223000,4.0,0.5,1.0,QSJXEFYPDANLFS-UHFFFAOYSA-N,"2,3-butanedione",1.0,0.0,0.0,0.0,1.0
3,0.02,213000,223000,4.0,0.5,1.0,WRMNZCZEMHIOCP-UHFFFAOYSA-N,phenethyl alcohol,1.0,0.0,0.0,0.0,1.0
3,0.02,213000,223000,4.0,0.5,1.0,OSWPMRLSEDHDFF-UHFFFAOYSA-N,methyl salicylate,1.0,0.0,0.0,0.0,1.0
3,0.02,213000,223000,4.0,0.5,1.0,HUMNYLRZRPPJDN-UHFFFAOYSA-N,benzaldehyde,1.0,0.0,0.0,0.0,1.0
3,0.02,213000,223000,4.0,0.5,1.0,RRAFCDWBNXTKKO-UHFFFAOYSA-N,eugenol,1.0,0.0,0.0,0.0,1.0
3,0.02,213000,223000,4.0,0.5,1.0,LRHPLDYGYMQRHN-UHFFFAOYSA-N,1-butanol,1.0,0.0,0.0,0.0,1.0
3,0.02,213000,223000,4.0,0.5,1.0,ZSIAUFGUXNUGDI-UHFFFAOYSA-N,1-hexanol,1.0,0.0,0.0,0.0,1.0
3,0.02,213000,223000,4.0,0.5,1.0,PHTQWCKDNZKARW-UHFFFAOYSA-N,3-methyl-butanol,1.0,0.0,0.0,0.0,1.0
3,0.02,213000,223000,4.0,0.5,1.0,VSMOENVRRABVKN-UHFFFAOYSA-N,1-octen-3-ol,1.0,0.0,0.0,0.0,1.0
3,0.02,213000,223000,4.0,0.5,1.0,XEKOWRVHYACXOJ-UHFFFAOYSA-N,ethyl acetate,1.0,0.0,0.0,0.0,1.0
3,0.02,213000,223000,4.0,0.5,1.0,MLFHJEHSLIIPHL-UHFFFAOYSA-N,isopentyl acetate,1.0,0.0,0.0,0.0,1.0
3,0.02,213000,223000,4.0,0.5,1.0,OBNCKNCVKJNDBV-UHFFFAOYSA-N,ethyl butyrate,1.0,0.0,0.0,0.0,1.0
3,0.02,213000,223000,4.0,1.0,0.0,FERIUCNNQQJTOY-UHFFFAOYSA-N,butyric acid,1.0,0.0,0.0,0.0,1.0
3,0.02,213000,223000,4.0,1.0,0.0,HIGQPQRQIQDZMP-DHZHZOJOSA-N,geranyl acetate,1.0,0.0,0.0,0.0,1.0
3,0.02,213000,223000,4.0,1.0,0.0,MBDOYVRWFFCFHM-SNAWJCMRSA-N,E2-hexenal,1.0,0.0,0.0,0.0,1.0
3,0.02,213000,223000,4.0,1.0,0.0,CSCPPACGZOOCGX-UHFFFAOYSA-N,acetone,1.0,0.0,0.0,0.0,1.0
3,0.02,213000,223000,4.0,1.0,0.0,ZWEHNKRNPOVVGH-UHFFFAOYSA-N,2-butanone,1.0,0.0,0.0,0.0,1.0
3,0.02,213000,223000,4.0,1.0,0.0,CATSNJVOTSVZJV-UHFFFAOYSA-N,2-heptanone,1.0,0.0,0.0,0.0,1.0
3,0.02,213000,223000,4.0,1.0,0.0,QSJXEFYPDANLFS-UHFFFAOYSA-N,"2,3-butanedione",1.0,0.0,0.0,0.0,1.0
3,0.02,213000,223000,4.0,1.0,0.0,WRMNZCZEMHIOCP-UHFFFAOYSA-N,phenethyl alcohol,1.0,0.0,0.0,0.0,1.0
3,0.02,213000,223000,4.0,1.0,0.0,OSWPMRLSEDHDFF-UHFFFAOYSA-N,methyl salicylate,1.0,0.0,0.0,0.0,1.0
3,0.02,213000,223000,4.0,1.0,0.0,HUMNYLRZRPPJDN-UHFFFAOYSA-N,benzaldehyde,1.0,0.0,0.0,0.0,1.0
3,0.02,213000,223000,4.0,1.0,0.0,RRAFCDWBNXTKKO-UHFFFAOYSA-N,eugenol,1.0,0.0,0.0,0.0,1.0
3,0.02,213000,223000,4.0,1.0,0.0,LRHPLDYGYMQRHN-UHFFFAOYSA-N,1-butanol,1.0,0.0,0.0,0.0,1.0
3,0.02,213000,223000,4.0,1.0,0.0,ZSIAUFGUXNUGDI-UHFFFAOYSA-N,1-hexanol,1.0,0.0,0.0,0.0,1.0
3,0.02,213000,223000,4.0,1.0,0.0,PHTQWCKDNZKARW-UHFFFAOYSA-N,3-methyl-butanol,1.0,0.0,0.0,0.0,1.0
3,0.02,213000,223000,4.0,1.0,0.0,VSMOENVRRABVKN-UHFFFAOYSA-N,1-octen-3-ol,1.0,0.0,0.0,0.0,1.0
3,0.02,213000,223000,4.0,1.0,0.0,XEKOWRVHYACXOJ-UHFFFAOYSA-N,ethyl acetate,1.0,0.0,0.0,0.0,1.0
3,0.02,213000,223000,4.0,1.0,0.0,MLFHJEHSLIIPHL-UHFFFAOYSA-N,isopentyl acetate,1.0,0.0,0.0,0.0,1.0
3,0.02,213000,223000,4.0,1.0,0.0,OBNCKNCVKJNDBV-UHFFFAOYSA-N,ethyl butyrate,1.0,0.0,0.0,0.0,1.0
3,0.02,213000,223000,4.0,1.0,1.0,FERIUCNNQQJTOY-UHFFFAOYSA-N,butyric acid,1.0,0.0,0.0,0.0,1.0
3,0.02,213000,223000,4.0,1.0,1.0,HIGQPQRQIQDZMP-DHZHZOJOSA-N,geranyl acetate,1.0,0.0,0.0,0.0,1.0
3,0.02,213000,223000,4.0,1.0,1.0,MBDOYVRWFFCFHM-SNAWJCMRSA-N,E2-hexenal,1.0,0.0,0.0,0.0,1.0
3,0.02,213000,223000,4.0,1.0,1.0,CSCPPACGZOOCGX-UHFFFAOYSA-N,acetone,1.0,0.0,0.0,0.0,1.0
3,0.02,213000,223000,4.0,1.0,1.0,ZWEHNKRNPOVVGH-UHFFFAOYSA-N,2-butanone,1.0,0.0,0.0,0.0,1.0
3,0.02,213000,223000,4.0,1.0,1.0,CATSNJVOTSVZJV-UHFFFAOYSA-N,2-heptanone,1.0,0.0,0.0,0.0,1.0
3,0.02,213000,223000,4.0,1.0,1.0,QSJXEFYPDANLFS-UHFFFAOYSA-N,"2,3-butanedione",1.0,0.0,0.0,0.0,1.0
3,0.02,213000,223000,4.0,1.0,1.0,WRMNZCZEMHIOCP-UHFFFAOYSA-N,phenethyl alcohol,1.0,0.0,0.0,0.0,1.0
3,0.02,213000,223000,4.0,1.0,1.0,OSWPMRLSEDHDFF-UHFFFAOYSA-N,methyl salicylate,1.0,0.0,0.0,0.0,1.0
3,0.02,213000,223000,4.0,1.0,1.0,HUMNYLRZRPPJDN-UHFFFAOYSA-N,benzaldehyde,1.0,0.0,0.0,0.0,1.0
3,0.02,213000,223000,4.0,1.0,1.0,RRAFCDWBNXTKKO-UHFFFAOYSA-N,eugenol,1.0,0.0,0.0,0.0,1.0
3,0.02,213000,223000,4.0,1.0,1.0,LRHPLDYGYMQRHN-UHFFFAOYSA-N,1-butanol,1.0,0.0,0.0,0.0,1.0
3,0.02,213000,223000,4.0,1.0,1.0,ZSIAUFGUXNUGDI-UHFFFAOYSA-N,1-hexanol,1.0,0.0,0.0,0.0,1.0
3,0.02,213000,223000,4.0,1.0,1.0,PHTQWCKDNZKARW-UHFFFAOYSA-N,3-methyl-butanol,1.0,0.0,0.0,0.0,1.0
3,0.02,213000,223000,4.0,1.0,1.0,VSMOENVRRABVKN-UHFFFAOYSA-N,1-octen-3-ol,1.0,0.0,0.0,0.0,1.0
3,0.02,213000,223000,4.0,1.0,1.0,XEKOWRVHYACXOJ-UHFFFAOYSA-N,ethyl acetate,1.0,0.0,0.0,0.0,1.0
3,0.02,213000,223000,4.0,1.0,1.0,MLFHJEHSLIIPHL-UHFFFAOYSA-N,isopentyl acetate,1.0,0.0,0.0,0.0,1.0
3,0.02,213000,223000,4.0,1.0,1.0,OBNCKNCVKJNDBV-UHFFFAOYSA-N,ethyl butyrate,1.0,0.0,0.0,0.0,1.0
3,0.1,213001,223001,1.0,0.0,0.0,FERIUCNNQQJTOY-UHFFFAOYSA-N,butyric acid,0.95,0.0,0.0,0.05,0.95
3,0.1,213001,223001,1.0,0.0,0.0,HIGQPQRQIQDZMP-DHZHZOJOSA-N,geranyl acetate,1.0,0.0,0.0,0.0,1.0
3,0.1,213001,223001,1.0,0.0,0.0,MBDOYVRWFFCFHM-SNAWJCMRSA-N,E2-hexenal,1.0,0.0,0.0,0.0,1.0
3,0.1,213001,223001,1.0,0.0,0.0,CSCPPACGZOOCGX-UHFFFAOYSA-N,acetone,1.0,0.0,0.0,0.0,1.0
3,0.1,213001,223001,1.0,0.0,0.0,ZWEHNKRNPOVVGH-UHFFFAOYSA-N,2-butanone,1.0,0.0,0.0,0.0,1.0
3,0.1,213001,223001,1.0,0.0,0.0,CATSNJVOTSVZJV-UHFFFAOYSA-N,2-heptanone,0.9,0.0,0.0,0.1,0.9
3,0.1,213001,223001,1.0,0.0,0.0,QSJXEFYPDANLFS-UHFFFAOYSA-N,"2,3-butanedione",1.0,0.0,0.0,0.0,1.0
3,0.1,213001,223001,1.0,0.0,0.0,WRMNZCZEMHIOCP-UHFFFAOYSA-N,phenethyl alcohol,1.0,0.0,0.0,0.0,1.0
3,0.1,213001,223001,1.0,0.0,0.0,OSWPMRLSEDHDFF-UHFFFAOYSA-N,methyl salicylate,1.0,0.0,0.0,0.0,1.0
3,0.1,213001,223001,1.0,0.0,0.0,HUMNYLRZRPPJDN-UHFFFAOYSA-N,benzaldehyde,1.0,0.0,0.0,0.0,1.0
3,0.1,213001,223001,1.0,0.0,0.0,RRAFCDWBNXTKKO-UHFFFAOYSA-N,eugenol,1.0,0.0,0.0,0.0,1.0
3,0.1,213001,223001,1.0,0.0,0.0,LRHPLDYGYMQRHN-UHFFFAOYSA-N,1-butanol,0.45,0.0,0.0,0.55,0.45
3,0.1,213001,223001,1.0,0.0,0.0,ZSIAUFGUXNUGDI-UHFFFAOYSA-N,1-hexanol,0.9,0.0,0.0,0.1,0.9
3,0.1,213001,223001,1.0,0.0,0.0,PHTQWCKDNZKARW-UHFFFAOYSA-N,3-methyl-butanol,0.85,0.0,0.0,0.15,0.85
3,0.1,213001,223001,1.0,0.0,0.0,VSMOENVRRABVKN-UHFFFAOYSA-N,1-octen-3-ol,0.95,0.0,0.0,0.05,0.95
3,0.1,213001,223001,1.0,0.0,0.0,XEKOWRVHYACXOJ-UHFFFAOYSA-N,ethyl acetate,1.0,0.0,0.0,0.0,1.0
3,0.1,213001,223001,1.0,0.0,0.0,MLFHJEHSLIIPHL-UHFFFAOYSA-N,isopentyl acetate,1.0,0.0,0.0,0.0,1.0
3,0.1,213001,223001,1.0,0.0,0.0,OBNCKNCVKJNDBV-UHFFFAOYSA-N,ethyl butyrate,1.0,0.0,0.0,0.0,1.0
3,0.1,213001,223001,1.0,0.0,1.0,FERIUCNNQQJTOY-UHFFFAOYSA-N,butyric acid,0.9,0.0,0.0,0.1,0.9
3,0.1,213001,223001,1.0,0.0,1.0,HIGQPQRQIQDZMP-DHZHZOJOSA-N,geranyl acetate,1.0,0.0,0.0,0.0,1.0
3,0.1,213001,223001,1.0,0.0,1.0,MBDOYVRWFFCFHM-SNAWJCMRSA-N,E2-hexenal,1.0,0.0,0.0,0.0,1.0
3,0.1,213001,223001,1.0,0.0,1.0,CSCPPACGZOOCGX-UHFFFAOYSA-N,acetone,1.0,0.0,0.0,0.0,1.0
3,0.1,213001,223001,1.0,0.0,1.0,ZWEHNKRNPOVVGH-UHFFFAOYSA-N,2-butanone,1.0,0.0,0.0,0.0,1.0
3,0.1,213001,223001,1.0,0.0,1.0,CATSNJVOTSVZJV-UHFFFAOYSA-N,2-heptanone,0.95,0.0,0.0,0.05,0.95
3,0.1,213001,223001,1.0,0.0,1.0,QSJXEFYPDANLFS-UHFFFAOYSA-N,"2,3-butanedione",1.0,0.0,0.0,0.0,1.0
3,0.1,213001,223001,1.0,0.0,1.0,WRMNZCZEMHIOCP-UHFFFAOYSA-N,phenethyl alcohol,1.0,0.0,0.0,0.0,1.0
3,0.1,213001,223001,1.0,0.0,1.0,OSWPMRLSEDHDFF-UHFFFAOYSA-N,methyl salicylate,1.0,0.0,0.0,0.0,1.0
3,0.1,213001,223001,1.0,0.0,1.0,HUMNYLRZRPPJDN-UHFFFAOYSA-N,benzaldehyde,1.0,0.0,0.0,0.0,1.0
3,0.1,213001,223001,1.0,0.0,1.0,RRAFCDWBNXTKKO-UHFFFAOYSA-N,eugenol,1.0,0.0,0.0,0.0,1.0
3,0.1,213001,223001,1.0,0.0,1.0,LRHPLDYGYMQRHN-UHFFFAOYSA-N,1-butanol,0.45,0.0,0.0,0.55,0.45
3,0.1,213001,223001,1.0,0.0,1.0,ZSIAUFGUXNUGDI-UHFFFAOYSA-N,1-hexanol,0.85,0.0,0.0,0.15,0.85
3,0.1,213001,223001,1.0,0.0,1.0,PHTQWCKDNZKARW-UHFFFAOYSA-N,3-methyl-butanol,0.85,0.0,0.0,0.15,0.85
3,0.1,213001,223001,1.0,0.0,1.0,VSMOENVRRABVKN-UHFFFAOYSA-N,1-octen-3-ol,0.95,0.0,0.0,0.05,0.95
3,0.1,213001,223001,1.0,0.0,1.0,XEKOWRVHYACXOJ-UHFFFAOYSA-N,ethyl acetate,1.0,0.0,0.0,0.0,1.0
3,0.1,213001,223001,1.0,0.0,1.0,MLFHJEHSLIIPHL-UHFFFAOYSA-N,isopentyl acetate,1.0,0.0,0.0,0.0,1.0
3,0.1,213001,223001,1.0,0.0,1.0,OBNCKNCVKJNDBV-UHFFFAOYSA-N,ethyl butyrate,1.0,0.0,0.0,0.0,1.0
3,0.1,213001,223001,1.0,0.25,0.0,FERIUCNNQQJTOY-UHFFFAOYSA-N,butyric acid,0.9,0.0,0.0,0.1,0.9
3,0.1,213001,223001,1.0,0.25,0.0,HIGQPQRQIQDZMP-DHZHZOJOSA-N,geranyl acetate,1.0,0.0,0.0,0.0,1.0
3,0.1,213001,223001,1.0,0.25,0.0,MBDOYVRWFFCFHM-SNAWJCMRSA-N,E2-hexenal,1.0,0.0,0.0,0.0,1.0
3,0.1,213001,223001,1.0,0.25,0.0,CSCPPACGZOOCGX-UHFFFAOYSA-N,acetone,1.0,0.0,0.0,0.0,1.0
3,0.1,213001,223001,1.0,0.25,0.0,ZWEHNKRNPOVVGH-UHFFFAOYSA-N,2-butanone,0.95,0.0,0.0,0.05,0.95
3,0.1,213001,223001,1.0,0.25,0.0,CATSNJVOTSVZJV-UHFFFAOYSA-N,2-heptanone,0.95,0.0,0.0,0.05,0.95
3,0.1,213001,223001,1.0,0.25,0.0,QSJXEFYPDANLFS-UHFFFAOYSA-N,"2,3-butanedione",1.0,0.0,0.0,0.0,1.0
3,0.1,213001,223001,1.0,0.25,0.0,WRMNZCZEMHIOCP-UHFFFAOYSA-N,phenethyl alcohol,1.0,0.0,0.0,0.0,1.0
3,0.1,213001,223001,1.0,0.25,0.0,OSWPMRLSEDHDFF-UHFFFAOYSA-N,methyl salicylate,1.0,0.0,0.0,0.0,1.0
3,0.1,213001,223001,1.0,0.25,0.0,HUMNYLRZRPPJDN-UHFFFAOYSA-N,benzaldehyde,0.95,0.0,0.0,0.05,0.95
3,0.1,213001,223001,1.0,0.25,0.0,RRAFCDWBNXTKKO-UHFFFAOYSA-N,eugenol,1.0,0.0,0.0,0.0,1.0
3,0.1,213001,223001,1.0,0.25,0.0,LRHPLDYGYMQRHN-UHFFFAOYSA-N,1-butanol,0.45,0.0,0.0,0.55,0.45
3,0.1,213001,223001,1.0,0.25,0.0,ZSIAUFGUXNUGDI-UHFFFAOYSA-N,1-hexanol,0.9,0.0,0.0,0.1,0.9
3,0.1,213001,223001,1.0,0.25,0.0,PHTQWCKDNZKARW-UHFFFAOYSA-N,3-methyl-butanol,0.75,0.0,0.0,0.25,0.75
3,0.1,213001,223001,1.0,0.25,0.0,VSMOENVRRABVKN-UHFFFAOYSA-N,1-octen-3-ol,1.0,0.0,0.0,0.0,1.0
3,0.1,213001,223001,1.0,0.25,0.0,XEKOWRVHYACXOJ-UHFFFAOYSA-N,ethyl acetate,1.0,0.0,0.0,0.0,1.0
3,0.1,213001,223001,1.0,0.25,0.0,MLFHJEHSLIIPHL-UHFFFAOYSA-N,isopentyl acetate,1.0,0.0,0.0,0.0,1.0
3,0.1,213001,223001,1.0,0.25,0.0,OBNCKNCVKJNDBV-UHFFFAOYSA-N,ethyl butyrate,0.95,0.0,0.0,0.05,0.95
3,0.1,213001,223001,1.0,0.25,1.0,FERIUCNNQQJTOY-UHFFFAOYSA-N,butyric acid,0.9,0.0,0.0,0.1,0.9
3,0.1,213001,223001,1.0,0.25,1.0,HIGQPQRQIQDZMP-DHZHZOJOSA-N,geranyl acetate,1.0,0.0,0.0,0.0,1.0
3,0.1,213001,223001,1.0,0.25,1.0,MBDOYVRWFFCFHM-SNAWJCMRSA-N,E2-hexenal,1.0,0.0,0.0,0.0,1.0
3,0.1,213001,223001,1.0,0.25,1.0,CSCPPACGZOOCGX-UHFFFAOYSA-N,acetone,1.0,0.0,0.0,0.0,1.0
3,0.1,213001,223001,1.0,0.25,1.0,ZWEHNKRNPOVVGH-UHFFFAOYSA-N,2-butanone,1.0,0.0,0.0,0.0,1.0
3,0.1,213001,223001,1.0,0.25,1.0,CATSNJVOTSVZJV-UHFFFAOYSA-N,2-heptanone,0.95,0.0,0.0,0.05,0.95
3,0.1,213001,223001,1.0,0.25,1.0,QSJXEFYPDANLFS-UHFFFAOYSA-N,"2,3-butanedione",1.0,0.0,0.0,0.0,1.0
3,0.1,213001,223001,1.0,0.25,1.0,WRMNZCZEMHIOCP-UHFFFAOYSA-N,phenethyl alcohol,1.0,0.0,0.0,0.0,1.0
3,0.1,213001,223001,1.0,0.25,1.0,OSWPMRLSEDHDFF-UHFFFAOYSA-N,methyl salicylate,1.0,0.0,0.0,0.0,1.0
3,0.1,213001,223001,1.0,0.25,1.0,HUMNYLRZRPPJDN-UHFFFAOYSA-N,benzaldehyde,0.95,0.0,0.0,0.05,0.95
3,0.1,213001,223001,1.0,0.25,1.0,RRAFCDWBNXTKKO-UHFFFAOYSA-N,eugenol,1.0,0.0,0.0,0.0,1.0
3,0.1,213001,223001,1.0,0.25,1.0,LRHPLDYGYMQRHN-UHFFFAOYSA-N,1-butanol,0.4,0.0,0.0,0.6,0.4
3,0.1,213001,223001,1.0,0.25,1.0,ZSIAUFGUXNUGDI-UHFFFAOYSA-N,1-hexanol,0.85,0.0,0.0,0.15,0.85
3,0.1,213001,223001,1.0,0.25,1.0,PHTQWCKDNZKARW-UHFFFAOYSA-N,3-methyl-butanol,0.85,0.0,0.0,0.15,0.85
3,0.1,213001,223001,1.0,0.25,1.0,VSMOENVRRABVKN-UHFFFAOYSA-N,1-octen-3-ol,1.0,0.0,0.0,0.0,1.0
3,0.1,213001,223001,1.0,0.25,1.0,XEKOWRVHYACXOJ-UHFFFAOYSA-N,ethyl acetate,1.0,0.0,0.0,0.0,1.0
3,0.1,213001,223001,1.0,0.25,1.0,MLFHJEHSLIIPHL-UHFFFAOYSA-N,isopentyl acetate,1.0,0.0,0.0,0.0,1.0
3,0.1,213001,223001,1.0,0.25,1.0,OBNCKNCVKJNDBV-UHFFFAOYSA-N,ethyl butyrate,1.0,0.0,0.0,0.0,1.0
3,0.1,213001,223001,1.0,0.5,0.0,FERIUCNNQQJTOY-UHFFFAOYSA-N,butyric acid,0.85,0.0,0.0,0.15,0.85
3,0.1,213001,223001,1.0,0.5,0.0,HIGQPQRQIQDZMP-DHZHZOJOSA-N,geranyl acetate,0.9,0.0,0.0,0.1,0.9
3,0.1,213001,223001,1.0,0.5,0.0,MBDOYVRWFFCFHM-SNAWJCMRSA-N,E2-hexenal,1.0,0.0,0.0,0.0,1.0
3,0.1,213001,223001,1.0,0.5,0.0,CSCPPACGZOOCGX-UHFFFAOYSA-N,acetone,1.0,0.0,0.0,0.0,1.0
3,0.1,213001,223001,1.0,0.5,0.0,ZWEHNKRNPOVVGH-UHFFFAOYSA-N,2-butanone,0.85,0.0,0.0,0.15,0.85
3,0.1,213001,223001,1.0,0.5,0.0,CATSNJVOTSVZJV-UHFFFAOYSA-N,2-heptanone,0.9,0.0,0.0,0.1,0.9
3,0.1,213001,223001,1.0,0.5,0.0,QSJXEFYPDANLFS-UHFFFAOYSA-N,"2,3-butanedione",1.0,0.0,0.0,0.0,1.0
3,0.1,213001,223001,1.0,0.5,0.0,WRMNZCZEMHIOCP-UHFFFAOYSA-N,phenethyl alcohol,1.0,0.0,0.0,0.0,1.0
3,0.1,213001,223001,1.0,0.5,0.0,OSWPMRLSEDHDFF-UHFFFAOYSA-N,methyl salicylate,1.0,0.0,0.0,0.0,1.0
3,0.1,213001,223001,1.0,0.5,0.0,HUMNYLRZRPPJDN-UHFFFAOYSA-N,benzaldehyde,0.9,0.0,0.0,0.1,0.9
3,0.1,213001,223001,1.0,0.5,0.0,RRAFCDWBNXTKKO-UHFFFAOYSA-N,eugenol,1.0,0.0,0.0,0.0,1.0
3,0.1,213001,223001,1.0,0.5,0.0,LRHPLDYGYMQRHN-UHFFFAOYSA-N,1-butanol,0.45,0.0,0.0,0.55,0.45
3,0.1,213001,223001,1.0,0.5,0.0,ZSIAUFGUXNUGDI-UHFFFAOYSA-N,1-hexanol,0.85,0.0,0.0,0.15,0.85
3,0.1,213001,223001,1.0,0.5,0.0,PHTQWCKDNZKARW-UHFFFAOYSA-N,3-methyl-butanol,0.55,0.0,0.0,0.45,0.55
3,0.1,213001,223001,1.0,0.5,0.0,VSMOENVRRABVKN-UHFFFAOYSA-N,1-octen-3-ol,1.0,0.0,0.0,0.0,1.0
3,0.1,213001,223001,1.0,0.5,0.0,XEKOWRVHYACXOJ-UHFFFAOYSA-N,ethyl acetate,0.9,0.0,0.0,0.1,0.9
3,0.1,213001,223001,1.0,0.5,0.0,MLFHJEHSLIIPHL-UHFFFAOYSA-N,isopentyl acetate,1.0,0.0,0.0,0.0,1.0
3,0.1,213001,223001,1.0,0.5,0.0,OBNCKNCVKJNDBV-UHFFFAOYSA-N,ethyl butyrate,0.95,0.0,0.0,0.05,0.95
3,0.1,213001,223001,1.0,0.5,1.0,FERIUCNNQQJTOY-UHFFFAOYSA-N,butyric acid,0.8,0.0,0.0,0.2,0.8
3,0.1,213001,223001,1.0,0.5,1.0,HIGQPQRQIQDZMP-DHZHZOJOSA-N,geranyl acetate,0.95,0.0,0.0,0.05,0.95
3,0.1,213001,223001,1.0,0.5,1.0,MBDOYVRWFFCFHM-SNAWJCMRSA-N,E2-hexenal,1.0,0.0,0.0,0.0,1.0
3,0.1,213001,223001,1.0,0.5,1.0,CSCPPACGZOOCGX-UHFFFAOYSA-N,acetone,1.0,0.0,0.0,0.0,1.0
3,0.1,213001,223001,1.0,0.5,1.0,ZWEHNKRNPOVVGH-UHFFFAOYSA-N,2-butanone,0.85,0.0,0.0,0.15,0.85
3,0.1,213001,223001,1.0,0.5,1.0,CATSNJVOTSVZJV-UHFFFAOYSA-N,2-heptanone,0.9,0.0,0.0,0.1,0.9
3,0.1,213001,223001,1.0,0.5,1.0,QSJXEFYPDANLFS-UHFFFAOYSA-N,"2,3-butanedione",1.0,0.0,0.0,0.0,1.0
3,0.1,213001,223001,1.0,0.5,1.0,WRMNZCZEMHIOCP-UHFFFAOYSA-N,phenethyl alcohol,1.0,0.0,0.0,0.0,1.0
3,0.1,213001,223001,1.0,0.5,1.0,OSWPMRLSEDHDFF-UHFFFAOYSA-N,methyl salicylate,1.0,0.0,0.0,0.0,1.0
3,0.1,213001,223001,1.0,0.5,1.0,HUMNYLRZRPPJDN-UHFFFAOYSA-N,benzaldehyde,0.9,0.0,0.0,0.1,0.9
3,0.1,213001,223001,1.0,0.5,1.0,RRAFCDWBNXTKKO-UHFFFAOYSA-N,eugenol,1.0,0.0,0.0,0.0,1.0
3,0.1,213001,223001,1.0,0.5,1.0,LRHPLDYGYMQRHN-UHFFFAOYSA-N,1-butanol,0.45,0.0,0.0,0.55,0.45
3,0.1,213001,223001,1.0,0.5,1.0,ZSIAUFGUXNUGDI-UHFFFAOYSA-N,1-hexanol,0.85,0.0,0.0,0.15,0.85
3,0.1,213001,223001,1.0,0.5,1.0,PHTQWCKDNZKARW-UHFFFAOYSA-N,3-methyl-butanol,0.55,0.0,0.0,0.45,0.55
3,0.1,213001,223001,1.0,0.5,1.0,VSMOENVRRABVKN-UHFFFAOYSA-N,1-octen-3-ol,1.0,0.0,0.0,0.0,1.0
3,0.1,213001,223001,1.0,0.5,1.0,XEKOWRVHYACXOJ-UHFFFAOYSA-N,ethyl acetate,0.95,0.0,0.0,0.05,0.95
3,0.1,213001,223001,1.0,0.5,1.0,MLFHJEHSLIIPHL-UHFFFAOYSA-N,isopentyl acetate,1.0,0.0,0.0,0.0,1.0
3,0.1,213001,223001,1.0,0.5,1.0,OBNCKNCVKJNDBV-UHFFFAOYSA-N,ethyl butyrate,0.95,0.0,0.0,0.05,0.95
3,0.1,213001,223001,1.0,1.0,0.0,FERIUCNNQQJTOY-UHFFFAOYSA-N,butyric acid,0.4,0.3,0.3,0.3,0.5714285714285714
3,0.1,213001,223001,1.0,1.0,0.0,HIGQPQRQIQDZMP-DHZHZOJOSA-N,geranyl acetate,0.35,0.35,0.35,0.3,0.5384615384615384
3,0.1,213001,223001,1.0,1.0,0.0,MBDOYVRWFFCFHM-SNAWJCMRSA-N,E2-hexenal,0.85,0.0,0.0,0.15,0.85
3,0.1,213001,223001,1.0,1.0,0.0,CSCPPACGZOOCGX-UHFFFAOYSA-N,acetone,1.0,1.0,0.0,0.0,
3,0.1,213001,223001,1.0,1.0,0.0,ZWEHNKRNPOVVGH-UHFFFAOYSA-N,2-butanone,0.7,0.0,0.0,0.3,0.7
3,0.1,213001,223001,1.0,1.0,0.0,CATSNJVOTSVZJV-UHFFFAOYSA-N,2-heptanone,0.75,0.0,0.0,0.25,0.75
3,0.1,213001,223001,1.0,1.0,0.0,QSJXEFYPDANLFS-UHFFFAOYSA-N,"2,3-butanedione",0.85,0.0,0.0,0.15,0.85
3,0.1,213001,223001,1.0,1.0,0.0,WRMNZCZEMHIOCP-UHFFFAOYSA-N,phenethyl alcohol,0.7,0.0,0.0,0.3,0.7
3,0.1,213001,223001,1.0,1.0,0.0,OSWPMRLSEDHDFF-UHFFFAOYSA-N,methyl salicylate,0.35,0.6,0.6,0.05,0.875
3,0.1,213001,223001,1.0,1.0,0.0,HUMNYLRZRPPJDN-UHFFFAOYSA-N,benzaldehyde,0.55,0.0,0.0,0.45,0.55
3,0.1,213001,223001,1.0,1.0,0.0,RRAFCDWBNXTKKO-UHFFFAOYSA-N,eugenol,0.65,0.2,0.2,0.15,0.8125
3,0.1,213001,223001,1.0,1.0,0.0,LRHPLDYGYMQRHN-UHFFFAOYSA-N,1-butanol,0.25,0.05,0.05,0.7,0.2631578947368421
3,0.1,213001,223001,1.0,1.0,0.0,ZSIAUFGUXNUGDI-UHFFFAOYSA-N,1-hexanol,0.75,0.0,0.0,0.25,0.75
3,0.1,213001,223001,1.0,1.0,0.0,PHTQWCKDNZKARW-UHFFFAOYSA-N,3-methyl-butanol,0.35,0.2,0.2,0.45,0.4375
3,0.1,213001,223001,1.0,1.0,0.0,VSMOENVRRABVKN-UHFFFAOYSA-N,1-octen-3-ol,0.95,0.0,0.0,0.05,0.95
3,0.1,213001,223001,1.0,1.0,0.0,XEKOWRVHYACXOJ-UHFFFAOYSA-N,ethyl acetate,0.9,0.0,0.0,0.1,0.9
3,0.1,213001,223001,1.0,1.0,0.0,MLFHJEHSLIIPHL-UHFFFAOYSA-N,isopentyl acetate,0.85,0.0,0.0,0.15,0.85
3,0.1,213001,223001,1.0,1.0,0.0,OBNCKNCVKJNDBV-UHFFFAOYSA-N,ethyl butyrate,0.95,0.0,0.0,0.05,0.95
3,0.1,213001,223001,1.0,1.0,1.0,FERIUCNNQQJTOY-UHFFFAOYSA-N,butyric acid,0.4,0.3,0.3,0.3,0.5714285714285714
3,0.1,213001,223001,1.0,1.0,1.0,HIGQPQRQIQDZMP-DHZHZOJOSA-N,geranyl acetate,0.35,0.35,0.35,0.3,0.5384615384615384
3,0.1,213001,223001,1.0,1.0,1.0,MBDOYVRWFFCFHM-SNAWJCMRSA-N,E2-hexenal,0.85,0.0,0.0,0.15,0.85
3,0.1,213001,223001,1.0,1.0,1.0,CSCPPACGZOOCGX-UHFFFAOYSA-N,acetone,1.0,1.0,0.0,0.0,
3,0.1,213001,223001,1.0,1.0,1.0,ZWEHNKRNPOVVGH-UHFFFAOYSA-N,2-butanone,0.7,0.0,0.0,0.3,0.7
3,0.1,213001,223001,1.0,1.0,1.0,CATSNJVOTSVZJV-UHFFFAOYSA-N,2-heptanone,0.85,0.0,0.0,0.15,0.85
3,0.1,213001,223001,1.0,1.0,1.0,QSJXEFYPDANLFS-UHFFFAOYSA-N,"2,3-butanedione",0.85,0.0,0.0,0.15,0.85
3,0.1,213001,223001,1.0,1.0,1.0,WRMNZCZEMHIOCP-UHFFFAOYSA-N,phenethyl alcohol,0.7,0.0,0.0,0.3,0.7
3,0.1,213001,223001,1.0,1.0,1.0,OSWPMRLSEDHDFF-UHFFFAOYSA-N,methyl salicylate,0.35,0.6,0.6,0.05,0.875
3,0.1,213001,223001,1.0,1.0,1.0,HUMNYLRZRPPJDN-UHFFFAOYSA-N,benzaldehyde,0.55,0.0,0.0,0.45,0.55
3,0.1,213001,223001,1.0,1.0,1.0,RRAFCDWBNXTKKO-UHFFFAOYSA-N,eugenol,0.65,0.2,0.2,0.15,0.8125
3,0.1,213001,223001,1.0,1.0,1.0,LRHPLDYGYMQRHN-UHFFFAOYSA-N,1-butanol,0.25,0.05,0.05,0.7,0.2631578947368421
3,0.1,213001,223001,1.0,1.0,1.0,ZSIAUFGUXNUGDI-UHFFFAOYSA-N,1-hexanol,0.8,0.0,0.0,0.2,0.8
3,0.1,213001,223001,1.0,1.0,1.0,PHTQWCKDNZKARW-UHFFFAOYSA-N,3-methyl-butanol,0.35,0.2,0.2,0.45,0.4375
3,0.1,213001,223001,1.0,1.0,1.0,VSMOENVRRABVKN-UHFFFAOYSA-N,1-octen-3-ol,0.95,0.0,0.0,0.05,0.95
3,0.1,213001,223001,1.0,1.0,1.0,XEKOWRVHYACXOJ-UHFFFAOYSA-N,ethyl acetate,0.9,0.0,0.0,0.1,0.9
3,0.1,213001,223001,1.0,1.0,1.0,MLFHJEHSLIIPHL-UHFFFAOYSA-N,isopentyl acetate,0.85,0.0,0.0,0.15,0.85
3,0.1,213001,223001,1.0,1.0,1.0,OBNCKNCVKJNDBV-UHFFFAOYSA-N,ethyl butyrate,0.95,0.0,0.0,0.05,0.95
3,0.1,213001,223001,4.0,0.0,0.0,FERIUCNNQQJTOY-UHFFFAOYSA-N,butyric acid,0.9,0.0,0.0,0.1,0.9
3,0.1,213001,223001,4.0,0.0,0.0,HIGQPQRQIQDZMP-DHZHZOJOSA-N,geranyl acetate,1.0,0.0,0.0,0.0,1.0
3,0.1,213001,223001,4.0,0.0,0.0,MBDOYVRWFFCFHM-SNAWJCMRSA-N,E2-hexenal,1.0,0.0,0.0,0.0,1.0
3,0.1,213001,223001,4.0,0.0,0.0,CSCPPACGZOOCGX-UHFFFAOYSA-N,acetone,1.0,0.0,0.0,0.0,1.0
3,0.1,213001,223001,4.0,0.0,0.0,ZWEHNKRNPOVVGH-UHFFFAOYSA-N,2-butanone,1.0,0.0,0.0,0.0,1.0
3,0.1,213001,223001,4.0,0.0,0.0,CATSNJVOTSVZJV-UHFFFAOYSA-N,2-heptanone,0.85,0.0,0.0,0.15,0.85
3,0.1,213001,223001,4.0,0.0,0.0,QSJXEFYPDANLFS-UHFFFAOYSA-N,"2,3-butanedione",0.95,0.0,0.0,0.05,0.95
3,0.1,213001,223001,4.0,0.0,0.0,WRMNZCZEMHIOCP-UHFFFAOYSA-N,phenethyl alcohol,1.0,0.0,0.0,0.0,1.0
3,0.1,213001,223001,4.0,0.0,0.0,OSWPMRLSEDHDFF-UHFFFAOYSA-N,methyl salicylate,1.0,0.0,0.0,0.0,1.0
3,0.1,213001,223001,4.0,0.0,0.0,HUMNYLRZRPPJDN-UHFFFAOYSA-N,benzaldehyde,1.0,0.0,0.0,0.0,1.0
3,0.1,213001,223001,4.0,0.0,0.0,RRAFCDWBNXTKKO-UHFFFAOYSA-N,eugenol,0.95,0.0,0.0,0.05,0.95
3,0.1,213001,223001,4.0,0.0,0.0,LRHPLDYGYMQRHN-UHFFFAOYSA-N,1-butanol,0.5,0.0,0.0,0.5,0.5
3,0.1,213001,223001,4.0,0.0,0.0,ZSIAUFGUXNUGDI-UHFFFAOYSA-N,1-hexanol,0.85,0.0,0.0,0.15,0.85
3,0.1,213001,223001,4.0,0.0,0.0,PHTQWCKDNZKARW-UHFFFAOYSA-N,3-methyl-butanol,0.8,0.0,0.0,0.2,0.8
3,0.1,213001,223001,4.0,0.0,0.0,VSMOENVRRABVKN-UHFFFAOYSA-N,1-octen-3-ol,0.9,0.0,0.0,0.1,0.9
3,0.1,213001,223001,4.0,0.0,0.0,XEKOWRVHYACXOJ-UHFFFAOYSA-N,ethyl acetate,1.0,0.0,0.0,0.0,1.0
3,0.1,213001,223001,4.0,0.0,0.0,MLFHJEHSLIIPHL-UHFFFAOYSA-N,isopentyl acetate,1.0,0.0,0.0,0.0,1.0
3,0.1,213001,223001,4.0,0.0,0.0,OBNCKNCVKJNDBV-UHFFFAOYSA-N,ethyl butyrate,1.0,0.0,0.0,0.0,1.0
3,0.1,213001,223001,4.0,0.0,1.0,FERIUCNNQQJTOY-UHFFFAOYSA-N,butyric acid,0.9,0.0,0.0,0.1,0.9
3,0.1,213001,223001,4.0,0.0,1.0,HIGQPQRQIQDZMP-DHZHZOJOSA-N,geranyl acetate,1.0,0.0,0.0,0.0,1.0
3,0.1,213001,223001,4.0,0.0,1.0,MBDOYVRWFFCFHM-SNAWJCMRSA-N,E2-hexenal,1.0,0.0,0.0,0.0,1.0
3,0.1,213001,223001,4.0,0.0,1.0,CSCPPACGZOOCGX-UHFFFAOYSA-N,acetone,1.0,0.0,0.0,0.0,1.0
3,0.1,213001,223001,4.0,0.0,1.0,ZWEHNKRNPOVVGH-UHFFFAOYSA-N,2-butanone,0.95,0.0,0.0,0.05,0.95
3,0.1,213001,223001,4.0,0.0,1.0,CATSNJVOTSVZJV-UHFFFAOYSA-N,2-heptanone,0.9,0.0,0.0,0.1,0.9
3,0.1,213001,223001,4.0,0.0,1.0,QSJXEFYPDANLFS-UHFFFAOYSA-N,"2,3-butanedione",1.0,0.0,0.0,0.0,1.0
3,0.1,213001,223001,4.0,0.0,1.0,WRMNZCZEMHIOCP-UHFFFAOYSA-N,phenethyl alcohol,1.0,0.0,0.0,0.0,1.0
3,0.1,213001,223001,4.0,0.0,1.0,OSWPMRLSEDHDFF-UHFFFAOYSA-N,methyl salicylate,1.0,0.0,0.0,0.0,1.0
3,0.1,213001,223001,4.0,0.0,1.0,HUMNYLRZRPPJDN-UHFFFAOYSA-N,benzaldehyde,1.0,0.0,0.0,0.0,1.0
3,0.1,213001,223001,4.0,0.0,1.0,RRAFCDWBNXTKKO-UHFFFAOYSA-N,eugenol,1.0,0.0,0.0,0.0,1.0
3,0.1,213001,223001,4.0,0.0,1.0,LRHPLDYGYMQRHN-UHFFFAOYSA-N,1-butanol,0.5,0.0,0.0,0.5,0.5
3,0.1,213001,223001,4.0,0.0,1.0,ZSIAUFGUXNUGDI-UHFFFAOYSA-N,1-hexanol,0.9,0.0,0.0,0.1,0.9
3,0.1,213001,223001,4.0,0.0,1.0,PHTQWCKDNZKARW-UHFFFAOYSA-N,3-methyl-butanol,0.8,0.0,0.0,0.2,0.8
3,0.1,213001,223001,4.0,0.0,1.0,VSMOENVRRABVKN-UHFFFAOYSA-N,1-octen-3-ol,0.95,0.0,0.0,0.05,0.95
3,0.1,213001,223001,4.0,0.0,1.0,XEKOWRVHYACXOJ-UHFFFAOYSA-N,ethyl acetate,1.0,0.0,0.0,0.0,1.0
3,0.1,213001,223001,4.0,0.0,1.0,MLFHJEHSLIIPHL-UHFFFAOYSA-N,isopentyl acetate,1.0,0.0,0.0,0.0,1.0
3,0.1,213001,223001,4.0,0.0,1.0,OBNCKNCVKJNDBV-UHFFFAOYSA-N,ethyl butyrate,1.0,0.0,0.0,0.0,1.0
3,0.1,213001,223001,4.0,0.25,0.0,FERIUCNNQQJTOY-UHFFFAOYSA-N,butyric acid,0.9,0.0,0.0,0.1,0.9
3,0.1,213001,223001,4.0,0.25,0.0,HIGQPQRQIQDZMP-DHZHZOJOSA-N,geranyl acetate,1.0,0.0,0.0,0.0,1.0
3,0.1,213001,223001,4.0,0.25,0.0,MBDOYVRWFFCFHM-SNAWJCMRSA-N,E2-hexenal,1.0,0.0,0.0,0.0,1.0
3,0.1,213001,223001,4.0,0.25,0.0,CSCPPACGZOOCGX-UHFFFAOYSA-N,acetone,1.0,0.0,0.0,0.0,1.0
3,0.1,213001,223001,4.0,0.25,0.0,ZWEHNKRNPOVVGH-UHFFFAOYSA-N,2-butanone,1.0,0.0,0.0,0.0,1.0
3,0.1,213001,223001,4.0,0.25,0.0,CATSNJVOTSVZJV-UHFFFAOYSA-N,2-heptanone,0.9,0.0,0.0,0.1,0.9
3,0.1,213001,223001,4.0,0.25,0.0,QSJXEFYPDANLFS-UHFFFAOYSA-N,"2,3-butanedione",1.0,0.0,0.0,0.0,1.0
3,0.1,213001,223001,4.0,0.25,0.0,WRMNZCZEMHIOCP-UHFFFAOYSA-N,phenethyl alcohol,1.0,0.0,0.0,0.0,1.0
3,0.1,213001,223001,4.0,0.25,0.0,OSWPMRLSEDHDFF-UHFFFAOYSA-N,methyl salicylate,1.0,0.0,0.0,0.0,1.0
3,0.1,213001,223001,4.0,0.25,0.0,HUMNYLRZRPPJDN-UHFFFAOYSA-N,benzaldehyde,1.0,0.0,0.0,0.0,1.0
3,0.1,213001,223001,4.0,0.25,0.0,RRAFCDWBNXTKKO-UHFFFAOYSA-N,eugenol,1.0,0.0,0.0,0.0,1.0
3,0.1,213001,223001,4.0,0.25,0.0,LRHPLDYGYMQRHN-UHFFFAOYSA-N,1-butanol,0.45,0.0,0.0,0.55,0.45
3,0.1,213001,223001,4.0,0.25,0.0,ZSIAUFGUXNUGDI-UHFFFAOYSA-N,1-hexanol,0.9,0.0,0.0,0.1,0.9
3,0.1,213001,223001,4.0,0.25,0.0,PHTQWCKDNZKARW-UHFFFAOYSA-N,3-methyl-butanol,0.75,0.0,0.0,0.25,0.75
3,0.1,213001,223001,4.0,0.25,0.0,VSMOENVRRABVKN-UHFFFAOYSA-N,1-octen-3-ol,0.9,0.0,0.0,0.1,0.9
3,0.1,213001,223001,4.0,0.25,0.0,XEKOWRVHYACXOJ-UHFFFAOYSA-N,ethyl acetate,1.0,0.0,0.0,0.0,1.0
3,0.1,213001,223001,4.0,0.25,0.0,MLFHJEHSLIIPHL-UHFFFAOYSA-N,isopentyl acetate,1.0,0.0,0.0,0.0,1.0
3,0.1,213001,223001,4.0,0.25,0.0,OBNCKNCVKJNDBV-UHFFFAOYSA-N,ethyl butyrate,1.0,0.0,0.0,0.0,1.0
3,0.1,213001,223001,4.0,0.25,1.0,FERIUCNNQQJTOY-UHFFFAOYSA-N,butyric acid,0.9,0.0,0.0,0.1,0.9
3,0.1,213001,223001,4.0,0.25,1.0,HIGQPQRQIQDZMP-DHZHZOJOSA-N,geranyl acetate,1.0,0.0,0.0,0.0,1.0
3,0.1,213001,223001,4.0,0.25,1.0,MBDOYVRWFFCFHM-SNAWJCMRSA-N,E2-hexenal,1.0,0.0,0.0,0.0,1.0
3,0.1,213001,223001,4.0,0.25,1.0,CSCPPACGZOOCGX-UHFFFAOYSA-N,acetone,1.0,0.0,0.0,0.0,1.0
3,0.1,213001,223001,4.0,0.25,1.0,ZWEHNKRNPOVVGH-UHFFFAOYSA-N,2-butanone,0.95,0.0,0.0,0.05,0.95
3,0.1,213001,223001,4.0,0.25,1.0,CATSNJVOTSVZJV-UHFFFAOYSA-N,2-heptanone,0.9,0.0,0.0,0.1,0.9
3,0.1,213001,223001,4.0,0.25,1.0,QSJXEFYPDANLFS-UHFFFAOYSA-N,"2,3-butanedione",1.0,0.0,0.0,0.0,1.0
3,0.1,213001,223001,4.0,0.25,1.0,WRMNZCZEMHIOCP-UHFFFAOYSA-N,phenethyl alcohol,1.0,0.0,0.0,0.0,1.0
3,0.1,213001,223001,4.0,0.25,1.0,OSWPMRLSEDHDFF-UHFFFAOYSA-N,methyl salicylate,1.0,0.0,0.0,0.0,1.0
3,0.1,213001,223001,4.0,0.25,1.0,HUMNYLRZRPPJDN-UHFFFAOYSA-N,benzaldehyde,1.0,0.0,0.0,0.0,1.0
3,0.1,213001,223001,4.0,0.25,1.0,RRAFCDWBNXTKKO-UHFFFAOYSA-N,eugenol,1.0,0.0,0.0,0.0,1.0
3,0.1,213001,223001,4.0,0.25,1.0,LRHPLDYGYMQRHN-UHFFFAOYSA-N,1-butanol,0.45,0.0,0.0,0.55,0.45
3,0.1,213001,223001,4.0,0.25,1.0,ZSIAUFGUXNUGDI-UHFFFAOYSA-N,1-hexanol,0.9,0.0,0.0,0.1,0.9
3,0.1,213001,223001,4.0,0.25,1.0,PHTQWCKDNZKARW-UHFFFAOYSA-N,3-methyl-butanol,0.8,0.0,0.0,0.2,0.8
3,0.1,213001,223001,4.0,0.25,1.0,VSMOENVRRABVKN-UHFFFAOYSA-N,1-octen-3-ol,0.95,0.0,0.0,0.05,0.95
3,0.1,213001,223001,4.0,0.25,1.0,XEKOWRVHYACXOJ-UHFFFAOYSA-N,ethyl acetate,1.0,0.0,0.0,0.0,1.0
3,0.1,213001,223001,4.0,0.25,1.0,MLFHJEHSLIIPHL-UHFFFAOYSA-N,isopentyl acetate,1.0,0.0,0.0,0.0,1.0
3,0.1,213001,223001,4.0,0.25,1.0,OBNCKNCVKJNDBV-UHFFFAOYSA-N,ethyl butyrate,1.0,0.0,0.0,0.0,1.0
3,0.1,213001,223001,4.0,0.5,0.0,FERIUCNNQQJTOY-UHFFFAOYSA-N,butyric acid,0.95,0.0,0.0,0.05,0.95
3,0.1,213001,223001,4.0,0.5,0.0,HIGQPQRQIQDZMP-DHZHZOJOSA-N,geranyl acetate,1.0,0.0,0.0,0.0,1.0
3,0.1,213001,223001,4.0,0.5,0.0,MBDOYVRWFFCFHM-SNAWJCMRSA-N,E2-hexenal,1.0,0.0,0.0,0.0,1.0
3,0.1,213001,223001,4.0,0.5,0.0,CSCPPACGZOOCGX-UHFFFAOYSA-N,acetone,1.0,0.0,0.0,0.0,1.0
3,0.1,213001,223001,4.0,0.5,0.0,ZWEHNKRNPOVVGH-UHFFFAOYSA-N,2-butanone,1.0,0.0,0.0,0.0,1.0
3,0.1,213001,223001,4.0,0.5,0.0,CATSNJVOTSVZJV-UHFFFAOYSA-N,2-heptanone,0.9,0.0,0.0,0.1,0.9
3,0.1,213001,223001,4.0,0.5,0.0,QSJXEFYPDANLFS-UHFFFAOYSA-N,"2,3-butanedione",1.0,0.0,0.0,0.0,1.0
3,0.1,213001,223001,4.0,0.5,0.0,WRMNZCZEMHIOCP-UHFFFAOYSA-N,phenethyl alcohol,1.0,0.0,0.0,0.0,1.0
3,0.1,213001,223001,4.0,0.5,0.0,OSWPMRLSEDHDFF-UHFFFAOYSA-N,methyl salicylate,1.0,0.0,0.0,0.0,1.0
3,0.1,213001,223001,4.0,0.5,0.0,HUMNYLRZRPPJDN-UHFFFAOYSA-N,benzaldehyde,1.0,0.0,0.0,0.0,1.0
3,0.1,213001,223001,4.0,0.5,0.0,RRAFCDWBNXTKKO-UHFFFAOYSA-N,eugenol,1.0,0.0,0.0,0.0,1.0
3,0.1,213001,223001,4.0,0.5,0.0,LRHPLDYGYMQRHN-UHFFFAOYSA-N,1-butanol,0.45,0.0,0.0,0.55,0.45
3,0.1,213001,223001,4.0,0.5,0.0,ZSIAUFGUXNUGDI-UHFFFAOYSA-N,1-hexanol,0.95,0.0,0.0,0.05,0.95
3,0.1,213001,223001,4.0,0.5,0.0,PHTQWCKDNZKARW-UHFFFAOYSA-N,3-methyl-butanol,0.75,0.0,0.0,0.25,0.75
3,0.1,213001,223001,4.0,0.5,0.0,VSMOENVRRABVKN-UHFFFAOYSA-N,1-octen-3-ol,0.95,0.0,0.0,0.05,0.95
3,0.1,213001,223001,4.0,0.5,0.0,XEKOWRVHYACXOJ-UHFFFAOYSA-N,ethyl acetate,1.0,0.0,0.0,0.0,1.0
3,0.1,213001,223001,4.0,0.5,0.0,MLFHJEHSLIIPHL-UHFFFAOYSA-N,isopentyl acetate,1.0,0.0,0.0,0.0,1.0
3,0.1,213001,223001,4.0,0.5,0.0,OBNCKNCVKJNDBV-UHFFFAOYSA-N,ethyl butyrate,1.0,0.0,0.0,0.0,1.0
3,0.1,213001,223001,4.0,0.5,1.0,FERIUCNNQQJTOY-UHFFFAOYSA-N,butyric acid,0.9,0.0,0.0,0.1,0.9
3,0.1,213001,223001,4.0,0.5,1.0,HIGQPQRQIQDZMP-DHZHZOJOSA-N,geranyl acetate,1.0,0.0,0.0,0.0,1.0
3,0.1,213001,223001,4.0,0.5,1.0,MBDOYVRWFFCFHM-SNAWJCMRSA-N,E2-hexenal,1.0,0.0,0.0,0.0,1.0
3,0.1,213001,223001,4.0,0.5,1.0,CSCPPACGZOOCGX-UHFFFAOYSA-N,acetone,1.0,0.0,0.0,0.0,1.0
3,0.1,213001,223001,4.0,0.5,1.0,ZWEHNKRNPOVVGH-UHFFFAOYSA-N,2-butanone,0.95,0.0,0.0,0.05,0.95
3,0.1,213001,223001,4.0,0.5,1.0,CATSNJVOTSVZJV-UHFFFAOYSA-N,2-heptanone,0.9,0.0,0.0,0.1,0.9
3,0.1,213001,223001,4.0,0.5,1.0,QSJXEFYPDANLFS-UHFFFAOYSA-N,"2,3-butanedione",1.0,0.0,0.0,0.0,1.0
3,0.1,213001,223001,4.0,0.5,1.0,WRMNZCZEMHIOCP-UHFFFAOYSA-N,phenethyl alcohol,1.0,0.0,0.0,0.0,1.0
3,0.1,213001,223001,4.0,0.5,1.0,OSWPMRLSEDHDFF-UHFFFAOYSA-N,methyl salicylate,1.0,0.0,0.0,0.0,1.0
3,0.1,213001,223001,4.0,0.5,1.0,HUMNYLRZRPPJDN-UHFFFAOYSA-N,benzaldehyde,1.0,0.0,0.0,0.0,1.0
3,0.1,213001,223001,4.0,0.5,1.0,RRAFCDWBNXTKKO-UHFFFAOYSA-N,eugenol,1.0,0.0,0.0,0.0,1.0
3,0.1,213001,223001,4.0,0.5,1.0,LRHPLDYGYMQRHN-UHFFFAOYSA-N,1-butanol,0.4,0.0,0.0,0.6,0.4
3,0.1,213001,223001,4.0,0.5,1.0,ZSIAUFGUXNUGDI-UHFFFAOYSA-N,1-hexanol,0.9,0.0,0.0,0.1,0.9
3,0.1,213001,223001,4.0,0.5,1.0,PHTQWCKDNZKARW-UHFFFAOYSA-N,3-methyl-butanol,0.8,0.0,0.0,0.2,0.8
3,0.1,213001,223001,4.0,0.5,1.0,VSMOENVRRABVKN-UHFFFAOYSA-N,1-octen-3-ol,0.95,0.0,0.0,0.05,0.95
3,0.1,213001,223001,4.0,0.5,1.0,XEKOWRVHYACXOJ-UHFFFAOYSA-N,ethyl acetate,1.0,0.0,0.0,0.0,1.0
3,0.1,213001,223001,4.0,0.5,1.0,MLFHJEHSLIIPHL-UHFFFAOYSA-N,isopentyl acetate,1.0,0.0,0.0,0.0,1.0
3,0.1,213001,223001,4.0,0.5,1.0,OBNCKNCVKJNDBV-UHFFFAOYSA-N,ethyl butyrate,1.0,0.0,0.0,0.0,1.0
3,0.1,213001,223001,4.0,1.0,0.0,FERIUCNNQQJTOY-UHFFFAOYSA-N,butyric acid,0.9,0.0,0.0,0.1,0.9
3,0.1,213001,223001,4.0,1.0,0.0,HIGQPQRQIQDZMP-DHZHZOJOSA-N,geranyl acetate,1.0,0.0,0.0,0.0,1.0
3,0.1,213001,223001,4.0,1.0,0.0,MBDOYVRWFFCFHM-SNAWJCMRSA-N,E2-hexenal,1.0,0.0,0.0,0.0,1.0
3,0.1,213001,223001,4.0,1.0,0.0,CSCPPACGZOOCGX-UHFFFAOYSA-N,acetone,1.0,0.0,0.0,0.0,1.0
3,0.1,213001,223001,4.0,1.0,0.0,ZWEHNKRNPOVVGH-UHFFFAOYSA-N,2-butanone,0.95,0.0,0.0,0.05,0.95
3,0.1,213001,223001,4.0,1.0,0.0,CATSNJVOTSVZJV-UHFFFAOYSA-N,2-heptanone,0.95,0.0,0.0,0.05,0.95
3,0.1,213001,223001,4.0,1.0,0.0,QSJXEFYPDANLFS-UHFFFAOYSA-N,"2,3-butanedione",1.0,0.0,0.0,0.0,1.0
3,0.1,213001,223001,4.0,1.0,0.0,WRMNZCZEMHIOCP-UHFFFAOYSA-N,phenethyl alcohol,1.0,0.0,0.0,0.0,1.0
3,0.1,213001,223001,4.0,1.0,0.0,OSWPMRLSEDHDFF-UHFFFAOYSA-N,methyl salicylate,1.0,0.0,0.0,0.0,1.0
3,0.1,213001,223001,4.0,1.0,0.0,HUMNYLRZRPPJDN-UHFFFAOYSA-N,benzaldehyde,1.0,0.0,0.0,0.0,1.0
3,0.1,213001,223001,4.0,1.0,0.0,RRAFCDWBNXTKKO-UHFFFAOYSA-N,eugenol,1.0,0.0,0.0,0.0,1.0
3,0.1,213001,223001,4.0,1.0,0.0,LRHPLDYGYMQRHN-UHFFFAOYSA-N,1-butanol,0.45,0.0,0.0,0.55,0.45
3,0.1,213001,223001,4.0,1.0,0.0,ZSIAUFGUXNUGDI-UHFFFAOYSA-N,1-hexanol,0.95,0.0,0.0,0.05,0.95
3,0.1,213001,223001,4.0,1.0,0.0,PHTQWCKDNZKARW-UHFFFAOYSA-N,3-methyl-butanol,0.7,0.0,0.0,0.3,0.7
3,0.1,213001,223001,4.0,1.0,0.0,VSMOENVRRABVKN-UHFFFAOYSA-N,1-octen-3-ol,0.95,0.0,0.0,0.05,0.95
3,0.1,213001,223001,4.0,1.0,0.0,XEKOWRVHYACXOJ-UHFFFAOYSA-N,ethyl acetate,1.0,0.0,0.0,0.0,1.0
3,0.1,213001,223001,4.0,1.0,0.0,MLFHJEHSLIIPHL-UHFFFAOYSA-N,isopentyl acetate,1.0,0.0,0.0,0.0,1.0
3,0.1,213001,223001,4.0,1.0,0.0,OBNCKNCVKJNDBV-UHFFFAOYSA-N,ethyl butyrate,1.0,0.0,0.0,0.0,1.0
3,0.1,213001,223001,4.0,1.0,1.0,FERIUCNNQQJTOY-UHFFFAOYSA-N,butyric acid,0.9,0.0,0.0,0.1,0.9
3,0.1,213001,223001,4.0,1.0,1.0,HIGQPQRQIQDZMP-DHZHZOJOSA-N,geranyl acetate,1.0,0.0,0.0,0.0,1.0
3,0.1,213001,223001,4.0,1.0,1.0,MBDOYVRWFFCFHM-SNAWJCMRSA-N,E2-hexenal,1.0,0.0,0.0,0.0,1.0
3,0.1,213001,223001,4.0,1.0,1.0,CSCPPACGZOOCGX-UHFFFAOYSA-N,acetone,1.0,0.0,0.0,0.0,1.0
3,0.1,213001,223001,4.0,1.0,1.0,ZWEHNKRNPOVVGH-UHFFFAOYSA-N,2-butanone,1.0,0.0,0.0,0.0,1.0
3,0.1,213001,223001,4.0,1.0,1.0,CATSNJVOTSVZJV-UHFFFAOYSA-N,2-heptanone,0.85,0.0,0.0,0.15,0.85
3,0.1,213001,223001,4.0,1.0,1.0,QSJXEFYPDANLFS-UHFFFAOYSA-N,"2,3-butanedione",1.0,0.0,0.0,0.0,1.0
3,0.1,213001,223001,4.0,1.0,1.0,WRMNZCZEMHIOCP-UHFFFAOYSA-N,phenethyl alcohol,1.0,0.0,0.0,0.0,1.0
3,0.1,213001,223001,4.0,1.0,1.0,OSWPMRLSEDHDFF-UHFFFAOYSA-N,methyl salicylate,1.0,0.0,0.0,0.0,1.0
3,0.1,213001,223001,4.0,1.0,1.0,HUMNYLRZRPPJDN-UHFFFAOYSA-N,benzaldehyde,1.0,0.0,0.0,0.0,1.0
3,0.1,213001,223001,4.0,1.0,1.0,RRAFCDWBNXTKKO-UHFFFAOYSA-N,eugenol,1.0,0.0,0.0,0.0,1.0
3,0.1,213001,223001,4.0,1.0,1.0,LRHPLDYGYMQRHN-UHFFFAOYSA-N,1-butanol,0.45,0.0,0.0,0.55,0.45
3,0.1,213001,223001,4.0,1.0,1.0,ZSIAUFGUXNUGDI-UHFFFAOYSA-N,1-hexanol,0.9,0.0,0.0,0.1,0.9
3,0.1,213001,223001,4.0,1.0,1.0,PHTQWCKDNZKARW-UHFFFAOYSA-N,3-methyl-butanol,0.85,0.0,0.0,0.15,0.85
3,0.1,213001,223001,4.0,1.0,1.0,VSMOENVRRABVKN-UHFFFAOYSA-N,1-octen-3-ol,0.95,0.0,0.0,0.05,0.95
3,0.1,213001,223001,4.0,1.0,1.0,XEKOWRVHYACXOJ-UHFFFAOYSA-N,ethyl acetate,1.0,0.0,0.0,0.0,1.0
3,0.1,213001,223001,4.0,1.0,1.0,MLFHJEHSLIIPHL-UHFFFAOYSA-N,isopentyl acetate,1.0,0.0,0.0,0.0,1.0
3,0.1,213001,223001,4.0,1.0,1.0,OBNCKNCVKJNDBV-UHFFFAOYSA-N,ethyl butyrate,1.0,0.0,0.0,0.0,1.0
