side,graph,residual,apl,conc,FA,H,AUC,dprime,c_sdt,criterion,noise_mean,signal_mean
right,0,9.472284068223757e-13,1.0,0.05,0.071,0.5082191780821917,0.809586301369863,1.4889876801210296,0.7238899581851452,2.453631561878532,0.6790987901749566,4.3536308350319395
right,0,9.472284068223757e-13,1.0,0.1,0.071,0.7363013698630136,0.9180777397260274,2.1003679085151967,0.4181998439880617,2.453631561878532,0.6790987901749566,10.462529782469522
right,0,9.472284068223757e-13,1.0,0.2,0.071,0.9116438356164384,0.9790308219178082,2.8193310549070203,0.05871827079214986,2.453631561878532,0.6790987901749566,19.956351416000693
right,0,9.472284068223757e-13,0.5,0.05,0.075,0.5184931506849315,0.8097376712328768,1.485903539480753,0.6965797011980799,2.453631561878532,0.7023318940925328,4.728761136178236
right,0,9.472284068223757e-13,0.5,0.1,0.075,0.7465753424657534,0.918179794520548,2.1032830595644922,0.3878899411562103,2.453631561878532,0.7023318940925328,11.737310842601763
right,0,9.472284068223757e-13,0.5,0.2,0.075,0.915068493150685,0.9790945205479452,2.81217557541184,0.033443683232536325,2.453631561878532,0.7023318940925328,22.932608436800017
right,0,9.472284068223757e-13,0.0,0.05,0.08,0.5280821917808219,0.8098917808219178,1.4755214087749073,0.6673108559221792,2.453631561878532,0.7296318472131529,5.273942748549836
right,0,9.472284068223757e-13,0.0,0.1,0.08,0.7534246575342466,0.9182996575342466,2.0903778162663036,0.359882652176481,2.453631561878532,0.7296318472131529,13.875298183385738
right,0,9.472284068223757e-13,0.0,0.2,0.08,0.9191780821917809,0.979191095890411,2.80463584416157,0.0027536382288476657,2.453631561878532,0.7296318472131529,28.545682080626186
left,0,7.854411565588748e-13,1.0,0.05,0.056,0.41575342465753423,0.7955589041095891,1.3764981786194541,0.901018467741665,4.2020040026516705,1.0724977873423307,4.831156240509097
left,0,7.854411565588748e-13,1.0,0.1,0.056,0.6808219178082192,0.9031917808219178,2.05926595187682,0.5596345811129823,4.2020040026516705,1.0724977873423307,10.858367789670458
left,0,7.854411565588748e-13,1.0,0.2,0.056,0.8931506849315068,0.9753321917808219,2.83272685652862,0.17290412878708206,4.2020040026516705,1.0724977873423307,20.760625051199867
left,0,7.854411565588748e-13,0.5,0.05,0.06,0.42534246575342466,0.7956006849315068,1.3665290199360431,0.8715090846288319,4.2020040026516705,1.1003565268909485,5.117128357182444
left,0,7.854411565588748e-13,0.5,0.1,0.06,0.684931506849315,0.9032356164383561,2.0363076436326164,0.5366197727805453,4.2020040026516705,1.1003565268909485,11.82225468850363
left,0,7.854411565588748e-13,0.5,0.2,0.06,0.8965753424657534,0.9753383561643836,2.8170500797354703,0.14624855472911835,4.2020040026516705,1.1003565268909485,23.17426636400175
left,0,7.854411565588748e-13,0.0,0.05,0.065,0.4363013698630137,0.7955945205479452,1.35374854321292,0.8372276160128236,4.2020040026516705,1.1322793857919977,5.495872842608394
left,0,7.854411565588748e-13,0.0,0.1,0.065,0.6931506849315069,0.9032513698630137,2.0189028637716193,0.5046504557334739,4.2020040026516705,1.1322793857919977,13.252421139302923
left,0,7.854411565588748e-13,0.0,0.2,0.065,0.9027397260273973,0.9753472602739726,2.811423509237252,0.1083901330006577,4.2020040026516705,1.1322793857919977,27.158968534628965
right,1,8.793105132909318e-13,1.0,0.05,0.062,0.5089041095890411,0.8099647260273972,1.560520004825914,0.7579388561711072,2.4571661056262144,0.6836842214627348,4.099946889955654
right,1,8.793105132909318e-13,1.0,0.1,0.062,0.7397260273972602,0.9194705479452054,2.1806998509175033,0.44784893312531265,2.4571661056262144,0.6836842214627348,9.66629658697039
right,1,8.793105132909318e-13,1.0,0.2,0.062,0.9205479452054794,0.9816342465753425,2.9469657451216236,0.06471598602325246,2.4571661056262144,0.6836842214627348,18.518721899619564
right,1,8.793105132909318e-13,0.5,0.05,0.072,0.5136986301369864,0.8101325342465754,1.4954003932079178,0.7133560725829475,2.4571661056262144,0.702501050992918,4.410442235352289
right,1,8.793105132909318e-13,0.5,0.1,0.072,0.7458904109589041,0.9195938356164384,2.1226694187233788,0.3997215598252171,2.4571661056262144,0.702501050992918,10.753590394801224
right,1,8.793105132909318e-13,0.5,0.2,0.072,0.923972602739726,0.981708904109589,2.893367415590341,0.014372561391736038,2.4571661056262144,0.702501050992918,21.165530820620003
right,1,8.793105132909318e-13,0.0,0.05,0.081,0.5232876712328767,0.8102866438356164,1.4567833465626168,0.6699849475161871,2.4571661056262144,0.7238215564408012,4.853011945366402
right,1,8.793105132909318e-13,0.0,0.1,0.081,0.7506849315068493,0.9197109589041096,2.0750233279645727,0.36086495681520925,2.4571661056262144,0.7238215564408012,12.560893080730727
right,1,8.793105132909318e-13,0.0,0.2,0.081,0.9301369863013699,0.9818027397260274,2.8751886639923914,-0.03921771119870021,2.4571661056262144,0.7238215564408012,26.172977447430267
right,2,1.0322749599556147e-12,1.0,0.05,0.071,0.4952054794520548,0.8056383561643835,1.4563654281584777,0.7402010841664212,2.428516845057891,0.6788820373991469,4.030500775889291
right,2,1.0322749599556147e-12,1.0,0.1,0.071,0.7315068493150685,0.9158729452054795,2.085760476150749,0.4255035601702854,2.428516845057891,0.6788820373991469,9.677424948775066
right,2,1.0322749599556147e-12,1.0,0.2,0.071,0.9157534246575343,0.9800684931506849,2.845445569477273,0.04566101350702345,2.428516845057891,0.6788820373991469,18.687931961969696
right,2,1.0322749599556147e-12,0.5,0.05,0.075,0.5047945205479452,0.8058356164383562,1.4515498410256387,0.713756550425637,2.428516845057891,0.6978327783266901,4.357747553106128
right,2,1.0322749599556147e-12,0.5,0.1,0.075,0.7376712328767123,0.9160352739726028,2.075713884681273,0.40167452859781977,2.428516845057891,0.6978327783266901,10.823556846071531
right,2,1.0322749599556147e-12,0.5,0.2,0.075,0.9198630136986301,0.9801712328767124,2.843682191836633,0.017690375020139926,2.428516845057891,0.6978327783266901,21.459184623822082
right,2,1.0322749599556147e-12,0.0,0.05,0.08,0.5136986301369864,0.8060260273972603,1.4394156843306443,0.6853637181443107,2.428516845057891,0.7193262793517738,4.83329453623808
right,2,1.0322749599556147e-12,0.0,0.1,0.08,0.7465753424657534,0.9162030821917808,2.0688231489356688,0.37065998584179854,2.428516845057891,0.7193262793517738,12.756361811757596
right,2,1.0322749599556147e-12,0.0,0.2,0.08,0.9246575342465754,0.9803027397260274,2.8421879268750834,-0.016022403127908702,2.428516845057891,0.7193262793517738,26.757037917170518
right,3,8.796505190922232e-13,1.0,0.05,0.069,0.5068493150684932,0.8087308219178082,1.5004496576864368,0.7330552984924023,2.4321198214118533,0.7004812215061306,4.161828988985387
right,3,8.796505190922232e-13,1.0,0.1,0.069,0.7445205479452055,0.9186804794520548,2.140625444161752,0.41296740525474485,2.4321198214118533,0.7004812215061306,9.851741116196413
right,3,8.796505190922232e-13,1.0,0.2,0.069,0.9232876712328767,0.980941095890411,2.9108189000917246,0.02787067728975845,2.4321198214118533,0.7004812215061306,18.858794870287507
right,3,8.796505190922232e-13,0.5,0.05,0.077,0.5198630136986301,0.8088006849315068,1.4753538176365337,0.6878671282621847,2.4321198214118533,0.7204084128260854,4.484762424543534
right,3,8.796505190922232e-13,0.5,0.1,0.077,0.7527397260273972,0.9187695205479453,2.108680608736555,0.37120373271217405,2.4321198214118533,0.7204084128260854,10.977653952780992
right,3,8.796505190922232e-13,0.5,0.2,0.077,0.9253424657534246,0.9810315068493151,2.867499038102891,-0.008205481970994022,2.4321198214118533,0.7204084128260854,21.58288907669872
right,3,8.796505190922232e-13,0.0,0.05,0.08,0.5287671232876713,0.8089143835616438,1.4772426485174714,0.6664502360508971,2.4321198214118533,0.7430580521659206,4.949397126341434
right,3,8.796505190922232e-13,0.0,0.1,0.08,0.7616438356164383,0.9188791095890411,2.1166718481237803,0.34673563624774284,2.4321198214118533,0.7430580521659206,12.863132171944164
right,3,8.796505190922232e-13,0.0,0.2,0.08,0.9273972602739726,0.9811260273972603,2.8617488575995673,-0.025802868490150788,2.4321198214118533,0.7430580521659206,26.75477876981866
right,4,9.434605874325541e-13,1.0,0.05,0.063,0.4986301369863014,0.8107986301369863,1.5266338440276828,0.7667506661239873,2.4584131273455716,0.6522029328872875,4.090856077583717
right,4,9.434605874325541e-13,1.0,0.1,0.063,0.7424657534246575,0.9225482876712329,2.1810334980077286,0.4395508391339644,2.4584131273455716,0.6522029328872875,9.780140474937514
right,4,9.434605874325541e-13,1.0,0.2,0.063,0.9219178082191781,0.9814986301369863,2.9481579542599503,0.05598861100785357,2.4584131273455716,0.6522029328872875,18.75181835669391
right,4,9.434605874325541e-13,0.5,0.05,0.067,0.5061643835616438,0.8109150684931506,1.5139655009386093,0.7415303174106705,2.4584131273455716,0.6699595347682459,4.394977877919801
right,4,9.434605874325541e-13,0.5,0.1,0.067,0.75,0.9226058219178083,2.173002818076057,0.41201165884194674,2.4584131273455716,0.6699595347682459,10.863937785380667
right,4,9.434605874325541e-13,0.5,0.2,0.067,0.9253424657534246,0.9815753424657534,2.9404680689024145,0.028279033428767808,2.4584131273455716,0.6699595347682459,21.407025015014487
right,4,9.434605874325541e-13,0.0,0.05,0.076,0.513013698630137,0.8110253424657534,1.4651290131573536,0.6999382142471349,2.4584131273455716,0.6901319647727514,4.830339335878429
right,4,9.434605874325541e-13,0.0,0.1,0.076,0.7541095890410959,0.9227092465753425,2.1199818919912206,0.3725117748302014,2.4584131273455716,0.6901319647727514,12.676254818233797
right,4,9.434605874325541e-13,0.0,0.2,0.076,0.928082191780822,0.9816698630136986,2.8941582972537265,-0.014576427801051728,2.4584131273455716,0.6901319647727514,26.439974607344922
right,5,8.701095399743508e-13,1.0,0.05,0.061,0.48698630136986304,0.8066821917808219,1.5138068299252063,0.7895297072941448,2.545878602760925,0.6906758170928226,3.9673676816358987
right,5,8.701095399743508e-13,1.0,0.1,0.061,0.7335616438356164,0.9194472602739726,2.1700538232292734,0.46140621064211124,2.545878602760925,0.6906758170928226,9.566167345888863
right,5,8.701095399743508e-13,1.0,0.2,0.061,0.9143835616438356,0.9807452054794521,2.914686186939077,0.08909002878720951,2.545878602760925,0.6906758170928226,18.487969299206895
right,5,8.701095399743508e-13,0.5,0.05,0.065,0.5,0.8069054794520548,1.5141018876192835,0.7570509438096418,2.545878602760925,0.7085219365291276,4.2639534291531085
right,5,8.701095399743508e-13,0.5,0.1,0.065,0.7383561643835617,0.9195869863013698,2.152387660911659,0.4379080571634542,2.545878602760925,0.7085219365291276,10.634287912640165
right,5,8.701095399743508e-13,0.5,0.2,0.065,0.9184931506849315,0.9808616438356165,2.909108987304239,0.05954739396716391,2.545878602760925,0.7085219365291276,21.111559786638185
right,5,8.701095399743508e-13,0.0,0.05,0.068,0.5054794520547945,0.8071438356164383,1.5045887365722483,0.7385589869605368,2.545878602760925,0.7285686938997463,4.687515887390972
right,5,8.701095399743508e-13,0.0,0.1,0.068,0.7431506849315068,0.9197630136986301,2.143942779076265,0.4188819657085285,2.545878602760925,0.7285686938997463,12.423724651536958
right,5,8.701095399743508e-13,0.0,0.2,0.068,0.9232876712328767,0.9809924657534247,2.9183921280027647,0.03165729124527861,2.545878602760925,0.7285686938997463,26.119019029113087
right,6,8.204756318797024e-13,1.0,0.05,0.069,0.4965753424657534,0.8063571917808219,1.4746956784952248,0.7459322880880083,2.440683443262351,0.6920166693004769,4.048429010451599
right,6,8.204756318797024e-13,1.0,0.1,0.069,0.7445205479452055,0.9169900684931507,2.140625444161752,0.41296740525474485,2.440683443262351,0.6920166693004769,9.70706653262727
right,6,8.204756318797024e-13,1.0,0.2,0.069,0.9205479452054794,0.9806174657534247,2.8920470138731798,0.03725662039903066,2.440683443262351,0.6920166693004769,18.68396845116898
right,6,8.204756318797024e-13,0.5,0.05,0.073,0.5041095890410959,0.8065948630136986,1.4641077532203357,0.7217524823304069,2.440683443262351,0.7089867723844643,4.3583343316197025
right,6,8.204756318797024e-13,0.5,0.1,0.073,0.75,0.917175,2.1282961091366563,0.3896583043722465,2.440683443262351,0.7089867723844643,10.817759007559191
right,6,8.204756318797024e-13,0.5,0.2,0.073,0.9267123287671233,0.9807304794520548,2.905541218771002,0.001035749555073684,2.440683443262351,0.7089867723844643,21.39014516646676
right,6,8.204756318797024e-13,0.0,0.05,0.079,0.5178082191780822,0.8068695205479453,1.4564834980602168,0.6835883284707004,2.440683443262351,0.7282690856595118,4.801598920449925
right,6,8.204756318797024e-13,0.0,0.1,0.079,0.7568493150684932,0.9173530821917808,2.108033619400643,0.3578132678004872,2.440683443262351,0.7282690856595118,12.672750521374196
right,6,8.204756318797024e-13,0.0,0.2,0.079,0.928082191780822,0.9808359589041096,2.873485653928724,-0.024912749463553152,2.440683443262351,0.7282690856595118,26.515554877345505
right,7,9.478494378267754e-13,1.0,0.05,0.067,0.5,0.8089301369863013,1.4985130678799752,0.7492565339399876,2.4867847060826707,0.7019070811497007,4.129731842671631
right,7,9.478494378267754e-13,1.0,0.1,0.067,0.7397260273972602,0.9196342465753424,2.141014060213414,0.4280060377732681,2.4867847060826707,0.7019070811497007,9.815217085300793
right,7,9.478494378267754e-13,1.0,0.2,0.067,0.9164383561643835,0.9806547945205479,2.8800195450103585,0.05850329537479604,2.4867847060826707,0.7019070811497007,18.79794934547991
right,7,9.478494378267754e-13,0.5,0.05,0.071,0.5089041095890411,0.8091945205479452,1.4907049444875098,0.7230313260019051,2.4867847060826707,0.7184789998752852,4.432810392456117
right,7,9.478494378267754e-13,0.5,0.1,0.071,0.7465753424657534,0.9198164383561643,2.132135386871696,0.4023161048098121,2.4867847060826707,0.7184789998752852,10.901985839207581
right,7,9.478494378267754e-13,0.5,0.2,0.071,0.9178082191780822,0.980808904109589,2.8588625023967573,0.03895254704728135,2.4867847060826707,0.7184789998752852,21.459658012411435
right,7,9.478494378267754e-13,0.0,0.05,0.076,0.5184931506849315,0.80945,1.4788747893681082,0.6930653261417575,2.4867847060826707,0.736983475707209,4.8659018608527465
right,7,9.478494378267754e-13,0.0,0.1,0.076,0.7534246575342466,0.9200164383561644,2.1178089767824826,0.3735982324345704,2.4867847060826707,0.736983475707209,12.728022361902031
right,7,9.478494378267754e-13,0.0,0.2,0.076,0.9226027397260274,0.9809671232876712,2.8553014132162926,0.004852014217665346,2.4867847060826707,0.736983475707209,26.555017402095586
right,8,8.829222075679155e-13,1.0,0.05,0.07,0.4910958904109589,0.8071027397260274,1.4534698819373209,0.7490560872105102,2.5311092475686157,0.6923289426495892,4.11343367973151
right,8,8.829222075679155e-13,1.0,0.1,0.07,0.7356164383561644,0.9172907534246575,2.105680161149093,0.422950947604624,2.5311092475686157,0.6923289426495892,9.812362708552712
right,8,8.829222075679155e-13,1.0,0.2,0.07,0.9136986301369863,0.9801982876712328,2.839679277320461,0.05595138951894019,2.5311092475686157,0.6923289426495892,18.85247861577244
right,8,8.829222075679155e-13,0.5,0.05,0.073,0.4986301369863014,0.8072273972602739,1.4503726148304288,0.7286200515253604,2.5311092475686157,0.7114510338686126,4.435126838455143
right,8,8.829222075679155e-13,0.5,0.1,0.073,0.7417808219178083,0.9174030821917808,2.102651686210503,0.4024805158353233,2.5311092475686157,0.7114510338686126,10.943825550091558
right,8,8.829222075679155e-13,0.5,0.2,0.073,0.9184931506849315,0.9803078767123288,2.8488134586255303,0.02939962962780951,2.5311092475686157,0.7114510338686126,21.598091956126602
right,8,8.829222075679155e-13,0.0,0.05,0.079,0.5102739726027398,0.8074232876712328,1.437585955028552,0.6930370999865328,2.5311092475686157,0.7332654882890147,4.89636600699643
right,8,8.829222075679155e-13,0.0,0.1,0.079,0.7506849315068493,0.9175489726027397,2.0884767846678858,0.3675916851668659,2.5311092475686157,0.7332654882890147,12.843327650324744
right,8,8.829222075679155e-13,0.0,0.2,0.079,0.9205479452054794,0.980425,2.8205969640383683,0.0015315954816247368,2.5311092475686157,0.7332654882890147,26.84051974420024
right,9,9.15639092324838e-13,1.0,0.05,0.062,0.5020547945205479,0.8079554794520548,1.5433494874012217,0.7665241148834534,2.464288818895829,0.6582315220436761,3.988537080178488
right,9,9.15639092324838e-13,1.0,0.1,0.062,0.7328767123287672,0.9194893835616438,2.159735527892029,0.4583310946380497,2.464288818895829,0.6582315220436761,9.641762238983265
right,9,9.15639092324838e-13,1.0,0.2,0.062,0.9191780821917809,0.9807986301369863,2.937763142436002,0.06931728736606335,2.464288818895829,0.6582315220436761,18.632034124155766
right,9,9.15639092324838e-13,0.5,0.05,0.067,0.5075342465753425,0.808104794520548,1.5173997461475435,0.7398131948062034,2.464288818895829,0.6765261717205437,4.295488336098489
right,9,9.15639092324838e-13,0.5,0.1,0.067,0.739041095890411,0.9195270547945206,2.138905028375462,0.4290605536922443,2.464288818895829,0.6765261717205437,10.752540679801351
right,9,9.15639092324838e-13,0.5,0.2,0.067,0.9232876712328767,0.9809054794520548,2.926051840636079,0.03548714756193572,2.464288818895829,0.6765261717205437,21.350711118805894
right,9,9.15639092324838e-13,0.0,0.05,0.079,0.5157534246575343,0.8082595890410958,1.4513283250454423,0.6861659149780877,2.464288818895829,0.6971730562660243,4.731610671797639
right,9,9.15639092324838e-13,0.0,0.1,0.079,0.7452054794520548,0.9196263698630137,2.071307809182324,0.376176172909647,2.464288818895829,0.6971730562660243,12.586560170393145
right,9,9.15639092324838e-13,0.0,0.2,0.079,0.9260273972602739,0.9810349315068493,2.8586577101240893,-0.017498777561235856,2.464288818895829,0.6971730562660243,26.422980227417558
right,10,1.0452853860254407e-12,1.0,0.05,0.063,0.4815068493150685,0.8064945205479452,1.4836955195955321,0.7882198283400627,2.6995465348062053,0.7253022920904888,4.147312389465164
right,10,1.0452853860254407e-12,1.0,0.1,0.063,0.7280821917808219,0.9199205479452055,2.137090636500369,0.46152226988764417,2.6995465348062053,0.7253022920904888,9.83975419917443
right,10,1.0452853860254407e-12,1.0,0.2,0.063,0.9116438356164384,0.9804520547945206,2.8810148447991892,0.08956016573823422,2.6995465348062053,0.7253022920904888,18.82261184391827
right,10,1.0452853860254407e-12,0.5,0.05,0.066,0.4931506849315068,0.8067513698630137,1.4890921929274283,0.7617156268145303,2.6995465348062053,0.745390887412801,4.475215607632268
right,10,1.0452853860254407e-12,0.5,0.1,0.066,0.7356164383561644,0.920108904109589,2.1361508562481673,0.4381862951541609,2.6995465348062053,0.745390887412801,10.985700465312327
right,10,1.0452853860254407e-12,0.5,0.2,0.066,0.9178082191780822,0.9805369863013699,2.896740427429342,0.057891509563573584,2.6995465348062053,0.745390887412801,21.588097319647638
right,10,1.0452853860254407e-12,0.0,0.05,0.071,0.5047945205479452,0.8069972602739726,1.4804021683328423,0.7281827140792388,2.6995465348062053,0.7683276306366054,4.945081974057283
right,10,1.0452853860254407e-12,0.0,0.1,0.071,0.7431506849315068,0.9202945205479452,2.121473222075264,0.407647187208028,2.6995465348062053,0.7683276306366054,12.898749747932886
right,10,1.0452853860254407e-12,0.0,0.2,0.071,0.9212328767123288,0.9806554794520548,2.881797066583313,0.02748526495400372,2.6995465348062053,0.7683276306366054,26.802703436362716
right,11,8.421527364355086e-13,1.0,0.05,0.058,0.4828767123287671,0.8056986301369863,1.5288519120482833,0.8073608604857182,2.5019731017599978,0.6338954354550207,3.97123615312257
right,11,8.421527364355086e-13,1.0,0.1,0.058,0.726027397260274,0.9175986301369863,2.1726288489043757,0.48547239205767195,2.5019731017599978,0.6338954354550207,9.55106249494903
right,11,8.421527364355086e-13,1.0,0.2,0.058,0.9047945205479452,0.9796349315068493,2.881151173906691,0.13121122955651454,2.5019731017599978,0.6338954354550207,18.469895088188895
right,11,8.421527364355086e-13,0.5,0.05,0.065,0.4917808219178082,0.805868493150685,1.493498005743914,0.7673528847473265,2.5019731017599978,0.6507200202484132,4.283383070337802
right,11,8.421527364355086e-13,0.5,0.1,0.065,0.7349315068493151,0.9176972602739726,2.1418988041889655,0.44315248552480074,2.5019731017599978,0.6507200202484132,10.657431366923188
right,11,8.421527364355086e-13,0.5,0.2,0.065,0.915068493150685,0.9797157534246576,2.886745992092667,0.07072889157294993,2.5019731017599978,0.6507200202484132,21.17037441134903
right,11,8.421527364355086e-13,0.0,0.05,0.07,0.49931506849315066,0.8060308219178082,1.4740741586544643,0.7387539488519385,2.5019731017599978,0.6698461406952335,4.730811823527455
right,11,8.421527364355086e-13,0.0,0.1,0.07,0.7410958904109589,0.9178308219178082,2.1225186866171684,0.4145316848705865,2.5019731017599978,0.6698461406952335,12.503171201610021
right,11,8.421527364355086e-13,0.0,0.2,0.07,0.9184931506849315,0.9798315068493151,2.870798127864126,0.04039196424710745,2.5019731017599978,0.6698461406952335,26.28419872846786
right,12,8.158022868354209e-13,1.0,0.05,0.06,0.4897260273972603,0.8054366438356164,1.5290177170691104,0.7902647360622983,2.588133456714989,0.6987460652462559,4.04762404532605
right,12,8.158022868354209e-13,1.0,0.1,0.06,0.7383561643835617,0.9191164383561644,2.1930593678892287,0.4582439106522392,2.588133456714989,0.6987460652462559,9.624273429541015
right,12,8.158022868354209e-13,1.0,0.2,0.06,0.9123287671232877,0.9809260273972603,2.9100093200850896,0.09976893455430869,2.588133456714989,0.6987460652462559,18.453697527270233
right,12,8.158022868354209e-13,0.5,0.05,0.066,0.5013698630136987,0.8055106164383562,1.5096954673883907,0.7514139895840491,2.588133456714989,0.7195156014373307,4.3633497086907465
right,12,8.158022868354209e-13,0.5,0.1,0.066,0.7404109589041096,0.919186301369863,2.1508746091853106,0.43082441868558924,2.588133456714989,0.7195156014373307,10.728473649795573
right,12,8.158022868354209e-13,0.5,0.2,0.066,0.915068493150685,0.9809904109589042,2.878905827751628,0.06680880940243039,2.588133456714989,0.7195156014373307,21.135977824420443
right,12,8.158022868354209e-13,0.0,0.05,0.075,0.5116438356164383,0.8056236301369863,1.4687223836317205,0.7051702791225961,2.588133456714989,0.7432679237261073,4.8161585291668
right,12,8.158022868354209e-13,0.0,0.1,0.075,0.7486301369863013,0.9192568493150685,2.109716688591864,0.3846731266425244,2.588133456714989,0.7432679237261073,12.577150937300264
right,12,8.158022868354209e-13,0.0,0.2,0.075,0.9198630136986301,0.9810719178082192,2.843682191836633,0.017690375020139926,2.588133456714989,0.7432679237261073,26.230386840120858
right,13,8.762990333366361e-13,1.0,0.05,0.068,0.48424657534246573,0.8031167808219178,1.4513551077020275,0.7651758013956472,2.9056815226043473,0.8244159493159103,4.239707108278633
right,13,8.762990333366361e-13,1.0,0.1,0.068,0.7273972602739726,0.9182551369863013,2.0958134987468617,0.44294660587323015,2.9056815226043473,0.8244159493159103,9.824997572990984
right,13,8.762990333366361e-13,1.0,0.2,0.068,0.9082191780821918,0.9790753424657535,2.8207217271851484,0.08049249165408678,2.9056815226043473,0.8244159493159103,18.694259613073456
right,13,8.762990333366361e-13,0.5,0.05,0.077,0.49383561643835616,0.8033921232876712,1.4100916040218174,0.7204982350695428,2.9056815226043473,0.8474392765998439,4.57059300674872
right,13,8.762990333366361e-13,0.5,0.1,0.077,0.7335616438356164,0.9184667808219178,2.049164738052977,0.400961668053963,2.9056815226043473,0.8474392765998439,10.961004503642023
right,13,8.762990333366361e-13,0.5,0.2,0.077,0.913013698630137,0.9791897260273973,2.7850933013790025,0.03299738639095029,2.9056815226043473,0.8474392765998439,21.446547088547632
right,13,8.762990333366361e-13,0.0,0.05,0.08,0.5041095890410959,0.8037044520547946,1.4153729545893938,0.697385083014936,2.9056815226043473,0.8737767698068379,5.0426542879623435
right,13,8.762990333366361e-13,0.0,0.1,0.08,0.7438356164383562,0.9187065068493151,2.0602874471763286,0.37492783672146845,2.9056815226043473,0.8737767698068379,12.86063091948305
right,13,8.762990333366361e-13,0.0,0.2,0.08,0.9178082191780822,0.9793369863013699,2.79555026446073,0.0072964280792677805,2.9056815226043473,0.8737767698068379,26.67881613985429
right,14,9.123639344021939e-13,1.0,0.05,0.065,0.5,0.8078308219178082,1.5141018876192835,0.7570509438096418,2.4507695695438807,0.6587927163746279,4.088293649235945
right,14,9.123639344021939e-13,1.0,0.1,0.065,0.7465753424657534,0.920258904109589,2.1778534762453194,0.4251751494966239,2.4507695695438807,0.6587927163746279,9.750687714055571
right,14,9.123639344021939e-13,1.0,0.2,0.065,0.9171232876712329,0.9814178082191781,2.900080531721014,0.06406162175877661,2.4507695695438807,0.6587927163746279,18.72483117252362
right,14,9.123639344021939e-13,0.5,0.05,0.07,0.5054794520547945,0.8079616438356164,1.489526409504758,0.7310278234267916,2.4507695695438807,0.6770755660574145,4.405657569137999
right,14,9.123639344021939e-13,0.5,0.1,0.07,0.7486301369863013,0.9203184931506849,2.1459762458325784,0.40280290526288154,2.4507695695438807,0.6770755660574145,10.872751285537257
right,14,9.123639344021939e-13,0.5,0.2,0.07,0.9191780821917809,0.9814753424657534,2.8753553120311084,0.03811337216361654,2.4507695695438807,0.6770755660574145,21.451878844430574
right,14,9.123639344021939e-13,0.0,0.05,0.073,0.5157534246575343,0.8080753424657534,1.4933046064852082,0.7071540556979706,2.4507695695438807,0.6977986774850465,4.859845056271336
right,14,9.123639344021939e-13,0.0,0.1,0.073,0.7541095890410959,0.9204328767123288,2.1412855301059834,0.383163593887583,2.4507695695438807,0.6977986774850465,12.736167522914789
right,14,9.123639344021939e-13,0.0,0.2,0.073,0.9232876712328767,0.9815582191780822,2.8813451316966785,0.013133793092235502,2.4507695695438807,0.6977986774850465,26.58945609834034
right,15,8.688119668143202e-13,1.0,0.05,0.061,0.4904109589041096,0.8064791095890411,1.5223946458208548,0.7852357993463206,2.6263144438832278,0.730626879878423,4.1083289950478
right,15,8.688119668143202e-13,1.0,0.1,0.061,0.7308219178082191,0.9208188356164384,2.161733808613042,0.465566217950227,2.6263144438832278,0.730626879878423,9.679172409281474
right,15,8.688119668143202e-13,1.0,0.2,0.061,0.9164383561643835,0.981013698630137,2.9279395993871313,0.08246332256318245,2.6263144438832278,0.730626879878423,18.556317830177942
right,15,8.688119668143202e-13,0.5,0.05,0.063,0.5006849315068493,0.806633904109589,1.531784457662535,0.7641753593065612,2.6263144438832278,0.7492683072350274,4.417473510535109
right,15,8.688119668143202e-13,0.5,0.1,0.063,0.7445205479452055,0.9209496575342466,2.18741290496396,0.4363611356558489,2.6263144438832278,0.7492683072350274,10.760070992191704
right,15,8.688119668143202e-13,0.5,0.2,0.063,0.9219178082191781,0.9811212328767124,2.9481579542599503,0.05598861100785357,2.6263144438832278,0.7492683072350274,21.198347783981966
right,15,8.688119668143202e-13,0.0,0.05,0.07,0.5116438356164383,0.8068558219178082,1.5049819408724348,0.7233000577429533,2.6263144438832278,0.7702318044790741,4.85924527961474
right,15,8.688119668143202e-13,0.0,0.1,0.07,0.7520547945205479,0.9210804794520548,2.1567611266654394,0.3974104648464508,2.6263144438832278,0.7702318044790741,12.578683812170631
right,15,8.688119668143202e-13,0.0,0.2,0.07,0.9253424657534246,0.9812417808219178,2.91774602920161,0.01691801357836553,2.6263144438832278,0.7702318044790741,26.271488348488994
right,16,8.954087471479966e-13,1.0,0.05,0.065,0.4863013698630137,0.8099671232876713,1.4797577635982724,0.7742230058201474,2.317788506161169,0.617021588485572,3.9049374904806404
right,16,8.954087471479966e-13,1.0,0.1,0.065,0.7280821917808219,0.9201287671232876,2.121124935981824,0.4535394196283716,2.317788506161169,0.617021588485572,9.48947224817837
right,16,8.954087471479966e-13,1.0,0.2,0.065,0.9116438356164384,0.9806051369863014,2.865049144280644,0.08157731547896163,2.317788506161169,0.617021588485572,18.506904186625693
right,16,8.954087471479966e-13,0.5,0.05,0.068,0.4986301369863014,0.8100171232876713,1.487419611136515,0.7471435496784035,2.317788506161169,0.6342633461813968,4.190047145621307
right,16,8.954087471479966e-13,0.5,0.1,0.068,0.7383561643835617,0.9201815068493151,2.129139128539036,0.4262837909771429,2.317788506161169,0.6342633461813968,10.526807346118806
right,16,8.954087471479966e-13,0.5,0.2,0.068,0.9143835616438356,0.9806681506849315,2.85910641992899,0.061300145282165985,2.317788506161169,0.6342633461813968,21.077920364449653
right,16,8.954087471479966e-13,0.0,0.05,0.079,0.5068493150684932,0.8101102739726027,1.428999607851625,0.6973302735749963,2.317788506161169,0.6538747959079083,4.595264712205388
right,16,8.954087471479966e-13,0.0,0.1,0.079,0.7452054794520548,0.9202705479452055,2.071307809182324,0.376176172909647,2.317788506161169,0.6538747959079083,12.256339535401995
right,16,8.954087471479966e-13,0.0,0.2,0.079,0.9198630136986301,0.9807304794520548,2.8159807983989853,0.0038396783013161517,2.317788506161169,0.6538747959079083,25.975197431612976
right,17,9.216516438925737e-13,1.0,0.05,0.058,0.4876712328767123,0.8051421232876712,1.5408782595946948,0.8013476867125124,2.5181829880965996,0.6764215751653385,4.109575050984628
right,17,9.216516438925737e-13,1.0,0.1,0.058,0.726027397260274,0.9164027397260274,2.1726288489043757,0.48547239205767195,2.5181829880965996,0.6764215751653385,9.774767646641607
right,17,9.216516438925737e-13,1.0,0.2,0.058,0.9034246575342466,0.979972602739726,2.873101728795028,0.13523595211234596,2.5181829880965996,0.6764215751653385,18.76159692265389
right,17,9.216516438925737e-13,0.5,0.05,0.067,0.5006849315068493,0.8053208904109589,1.5002299374046815,0.7483980991776344,2.5181829880965996,0.6949512116296079,4.431363056260499
right,17,9.216516438925737e-13,0.5,0.1,0.067,0.7335616438356164,0.9165595890410959,2.1221337688525006,0.4374461834537248,2.5181829880965996,0.6949512116296079,10.893261321061733
right,17,9.216516438925737e-13,0.5,0.2,0.067,0.9089041095890411,0.9801,2.8325499154556653,0.08223811015214244,2.5181829880965996,0.6949512116296079,21.45975320811619
right,17,9.216516438925737e-13,0.0,0.05,0.071,0.5082191780821917,0.8055359589041096,1.4889876801210296,0.7238899581851452,2.5181829880965996,0.716064703410274,4.896649913735998
right,17,9.216516438925737e-13,0.0,0.1,0.071,0.7410958904109589,0.9167280821917808,2.1151114566836577,0.4108280699038312,2.5181829880965996,0.716064703410274,12.773214196248446
right,17,9.216516438925737e-13,0.0,0.2,0.071,0.9164383561643835,0.9802095890410959,2.849890275376043,0.04343866055763845,2.5181829880965996,0.716064703410274,26.603293100571157
right,18,8.606969303937007e-13,1.0,0.05,0.07,0.48424657534246573,0.8065304794520548,1.4362927806345371,0.7576446378619021,2.6728087802017724,0.7379942440201546,4.173968379174251
right,18,8.606969303937007e-13,1.0,0.1,0.07,0.7294520547945206,0.9183229452054794,2.0869476610193756,0.43231719766948284,2.6728087802017724,0.7379942440201546,9.890892861424181
right,18,8.606969303937007e-13,1.0,0.2,0.07,0.9143835616438356,0.9805236301369863,2.8440440928614996,0.05376898174842082,2.6728087802017724,0.7379942440201546,19.00440621367139
right,18,8.606969303937007e-13,0.5,0.05,0.074,0.4945205479452055,0.8066941780821918,1.4328966858333911,0.730183724242283,2.6728087802017724,0.7568752369642744,4.489087906621157
right,18,8.606969303937007e-13,0.5,0.1,0.074,0.7383561643835617,0.9184804794520548,2.0849178404513538,0.4041731469333017,2.6728087802017724,0.7568752369642744,11.004383725129001
right,18,8.606969303937007e-13,0.5,0.2,0.074,0.9157534246575343,0.9806222602739726,2.8236938383905916,0.034785147963682705,2.6728087802017724,0.7568752369642744,21.71062924946213
right,18,8.606969303937007e-13,0.0,0.05,0.078,0.5061643835616438,0.8069160958904109,1.4341061392313719,0.7016006365570518,2.6728087802017724,0.7784684880592385,4.940863565561522
right,18,8.606969303937007e-13,0.0,0.1,0.078,0.7486301369863013,0.918620205479452,2.0888389238261453,0.3742342442596651,2.6728087802017724,0.7784684880592385,12.874541381908562
right,18,8.606969303937007e-13,0.0,0.2,0.078,0.9164383561643835,0.9807229452054794,2.800160183303121,0.01857361452117734,2.6728087802017724,0.7784684880592385,26.868187081802112
right,19,8.716846688905378e-13,1.0,0.05,0.068,0.49726027397260275,0.8092780821917808,1.4839858265398735,0.7488604419767242,2.566275446641787,0.7383865102743554,4.106165923837176
right,19,8.716846688905378e-13,1.0,0.1,0.068,0.7431506849315068,0.9210359589041096,2.143942779076265,0.4188819657085285,2.566275446641787,0.7383865102743554,9.692523107050075
right,19,8.716846688905378e-13,1.0,0.2,0.068,0.9191780821917809,0.9813695205479452,2.8904176390985983,0.04564453569736171,2.566275446641787,0.7383865102743554,18.492364741331464
right,19,8.716846688905378e-13,0.5,0.05,0.078,0.5047945205479452,0.8094541095890411,1.43067207625992,0.7033176680427777,2.566275446641787,0.7581222222486379,4.419765211022196
right,19,8.716846688905378e-13,0.5,0.1,0.078,0.7527397260273972,0.9211489726027398,2.101790277828841,0.3677585672583172,2.566275446641787,0.7581222222486379,10.797990513735135
right,19,8.716846688905378e-13,0.5,0.2,0.078,0.9226027397260274,0.9814551369863014,2.8414523985632187,-0.002072493108871587,2.566275446641787,0.7581222222486379,21.17647411059398
right,19,8.716846688905378e-13,0.0,0.05,0.082,0.5150684931506849,0.8096445205479452,1.4295238759400781,0.6769818414262857,2.566275446641787,0.7806793050635188,4.868939495004915
right,19,8.716846688905378e-13,0.0,0.1,0.082,0.7561643835616438,0.9212914383561643,2.0857612816645092,0.34886313856407014,2.566275446641787,0.7806793050635188,12.661168970443232
right,19,8.716846688905378e-13,0.0,0.2,0.082,0.923972602739726,0.9815482876712329,2.824054925799759,-0.020283683503554806,2.566275446641787,0.7806793050635188,26.31518720956644
right,20,9.200210038251555e-13,1.0,0.05,0.068,0.4986301369863014,0.8102767123287671,1.487419611136515,0.7471435496784035,2.46179875819136,0.649553076592616,4.190713011284148
right,20,9.200210038251555e-13,1.0,0.1,0.068,0.739041095890411,0.919847602739726,2.131245315742148,0.42523069737558716,2.46179875819136,0.649553076592616,10.014367539513064
right,20,9.200210038251555e-13,1.0,0.2,0.068,0.9143835616438356,0.9805486301369863,2.85910641992899,0.061300145282165985,2.46179875819136,0.649553076592616,19.118630790339882
right,20,9.200210038251555e-13,0.5,0.05,0.072,0.5034246575342466,0.8104719178082191,1.4696407180273023,0.7262359101732553,2.46179875819136,0.666028714684516,4.517020781746779
right,20,9.200210038251555e-13,0.5,0.1,0.072,0.7458904109589041,0.9199633561643835,2.1226694187233788,0.3997215598252171,2.46179875819136,0.666028714684516,11.157357841789146
right,20,9.200210038251555e-13,0.5,0.2,0.072,0.9184931506849315,0.9806568493150685,2.856063368871862,0.03302458475097536,2.46179875819136,0.666028714684516,21.864287811875524
right,20,9.200210038251555e-13,0.0,0.05,0.074,0.5150684931506849,0.8107006849315068,1.4844121637027319,0.7044259853076126,2.46179875819136,0.6847242605970724,4.983906620013194
right,20,9.200210038251555e-13,0.0,0.1,0.074,0.7493150684931507,0.9201311643835617,2.1189679938683805,0.38714807022478825,2.46179875819136,0.6847242605970724,13.059195005047156
right,20,9.200210038251555e-13,0.0,0.2,0.074,0.9205479452054794,0.9807684931506849,2.855398953696538,0.018932590310709596,2.46179875819136,0.6847242605970724,27.027313554934004
right,21,8.997941280952659e-13,1.0,0.05,0.068,0.5027397260273972,0.8081339041095891,1.4977208839534484,0.7419929132699368,2.2903817439230054,0.6462168904353194,4.036945237525771
right,21,8.997941280952659e-13,1.0,0.1,0.068,0.7417808219178083,0.9175369863013698,2.139698682516589,0.4210040139883664,2.2903817439230054,0.6462168904353194,9.822190433553896
right,21,8.997941280952659e-13,1.0,0.2,0.068,0.9143835616438356,0.9807828767123288,2.85910641992899,0.061300145282165985,2.2903817439230054,0.6462168904353194,19.041192409266518
right,21,8.997941280952659e-13,0.5,0.05,0.076,0.5089041095890411,0.8082955479452055,1.4548238670676614,0.7050907872919809,2.2903817439230054,0.6618013783809608,4.3269257969588
right,21,8.997941280952659e-13,0.5,0.1,0.076,0.7465753424657534,0.9176561643835617,2.0962543094518473,0.38437556609988793,2.2903817439230054,0.6618013783809608,10.88223399181074
right,21,8.997941280952659e-13,0.5,0.2,0.076,0.9178082191780822,0.9808780821917809,2.822981424976909,0.02101200833735717,2.2903817439230054,0.6618013783809608,21.66126187350465
right,21,8.997941280952659e-13,0.0,0.05,0.079,0.5184931506849315,0.8084688356164383,1.4582021460431054,0.6827290044792561,2.2903817439230054,0.6793451352489935,4.737229825814068
right,21,8.997941280952659e-13,0.0,0.1,0.079,0.75,0.9177554794520548,2.0863198276968906,0.36867016365236355,2.2903817439230054,0.6793451352489935,12.642227815305793
right,21,8.997941280952659e-13,0.0,0.2,0.079,0.9219178082191781,0.9810164383561644,2.8299204436229304,-0.003130144310656391,2.2903817439230054,0.6793451352489935,26.61776304932342
right,22,8.560027686677074e-13,1.0,0.05,0.064,0.48835616438356166,0.8031547945205479,1.492845329042592,0.7756135772145601,2.4306491191655413,0.6320108215778711,3.934090249640873
right,22,8.560027686677074e-13,1.0,0.1,0.064,0.7253424657534246,0.9162397260273972,2.12082303773433,0.46162472286869105,2.4306491191655413,0.6320108215778711,9.56163844609719
right,22,8.560027686677074e-13,1.0,0.2,0.064,0.9116438356164384,0.9794287671232876,2.8729834983972165,0.08554449253724794,2.4306491191655413,0.6320108215778711,18.505612037923157
right,22,8.560027686677074e-13,0.5,0.05,0.068,0.49726027397260275,0.8032767123287671,1.4839858265398735,0.7488604419767242,2.4306491191655413,0.6502068722670508,4.238565539736989
right,22,8.560027686677074e-13,0.5,0.1,0.068,0.7356164383561644,0.9163376712328767,2.1207424882165835,0.43048211113836915,2.4306491191655413,0.6502068722670508,10.647082196625018
right,22,8.560027686677074e-13,0.5,0.2,0.068,0.915068493150685,0.97955,2.863497459720045,0.05910462538663863,2.4306491191655413,0.6502068722670508,21.17263680091899
right,22,8.560027686677074e-13,0.0,0.05,0.071,0.5075342465753425,0.8033369863013698,1.4872704765132283,0.7247485599890459,2.4306491191655413,0.6708985370244674,4.675076927417351
right,22,8.560027686677074e-13,0.0,0.1,0.071,0.7431506849315068,0.9164198630136986,2.121473222075264,0.407647187208028,2.4306491191655413,0.6708985370244674,12.46183076728053
right,22,8.560027686677074e-13,0.0,0.2,0.071,0.9219178082191781,0.9796787671232877,2.8864741643677814,0.025146716061769214,2.4306491191655413,0.6708985370244674,26.23001166869807
right,23,9.231816699983852e-13,1.0,0.05,0.067,0.5,0.8088948630136986,1.4985130678799752,0.7492565339399876,2.340717908952604,0.6323216089344532,3.9944514276528547
right,23,9.231816699983852e-13,1.0,0.1,0.067,0.7424657534246575,0.9215174657534246,2.149478977749875,0.42377357900503765,2.340717908952604,0.6323216089344532,9.553910146145599
right,23,9.231816699983852e-13,1.0,0.2,0.067,0.9157534246575343,0.9817530821917808,2.8755748391115885,0.060725648324181036,2.340717908952604,0.6323216089344532,18.439039234686444
right,23,9.231816699983852e-13,0.5,0.05,0.068,0.5095890410958904,0.8090126712328767,1.5148918316825541,0.7334074394053839,2.340717908952604,0.6494113558546653,4.308903966833725
right,23,9.231816699983852e-13,0.5,0.1,0.068,0.7472602739726028,0.9216140410958904,2.1567464225647095,0.41248014396430627,2.340717908952604,0.6494113558546653,10.667337144830611
right,23,9.231816699983852e-13,0.5,0.2,0.068,0.9226027397260274,0.9818318493150685,2.913652047637142,0.03402733142809,2.340717908952604,0.6494113558546653,21.15677840469569
right,23,9.231816699983852e-13,0.0,0.05,0.073,0.5157534246575343,0.8091934931506849,1.4933046064852082,0.7071540556979706,2.340717908952604,0.6689485592492358,4.761583903227063
right,23,9.231816699983852e-13,0.0,0.1,0.073,0.7534246575342466,0.9217421232876712,2.1391126148972455,0.38425005149195196,2.340717908952604,0.6689485592492358,12.533740912934629
right,23,9.231816699983852e-13,0.0,0.2,0.073,0.9267123287671233,0.9819311643835616,2.905541218771002,0.001035749555073684,2.340717908952604,0.6689485592492358,26.329574384213014
right,24,8.714973187551323e-13,1.0,0.05,0.064,0.4958904109589041,0.8081678082191781,1.5117348474560954,0.7661688180078084,2.598504218835745,0.7110265627930558,4.288114723209619
right,24,8.714973187551323e-13,1.0,0.1,0.064,0.736986301369863,0.9196075342465754,2.1561181067196897,0.44397718837601136,2.598504218835745,0.7110265627930558,10.195843104460662
right,24,8.714973187551323e-13,1.0,0.2,0.064,0.910958904109589,0.9805178082191781,2.8687197318628943,0.0876763758044089,2.598504218835745,0.7110265627930558,19.49916467404807
right,24,8.714973187551323e-13,0.5,0.05,0.071,0.5027397260273972,0.808372602739726,1.4752513269524474,0.7307581347694363,2.598504218835745,0.7301462203364669,4.6147479667119615
right,24,8.714973187551323e-13,0.5,0.1,0.071,0.7438356164383562,0.9197821917808219,2.1235996851123558,0.406583955689482,2.598504218835745,0.7301462203364669,11.333601757547347
right,24,8.714973187551323e-13,0.5,0.2,0.071,0.9143835616438356,0.9806595890410958,2.836636862927989,0.05006536678166551,2.598504218835745,0.7301462203364669,22.24882218616297
right,24,8.714973187551323e-13,0.0,0.05,0.075,0.513013698630137,0.8086178082191781,1.4721577632699983,0.7034525893034572,2.598504218835745,0.75177214231588,5.079143532209834
right,24,8.714973187551323e-13,0.0,0.1,0.075,0.7520547945205479,0.9199568493150685,2.120501569424725,0.3792806862260937,2.598504218835745,0.75177214231588,13.210154920525229
right,24,8.714973187551323e-13,0.0,0.2,0.075,0.9178082191780822,0.9808130136986302,2.8300101750895537,0.02452638339367952,2.598504218835745,0.75177214231588,27.380387938960823
right,25,9.209751017369427e-13,1.0,0.05,0.059,0.4876712328767123,0.807827397260274,1.532315089951111,0.7970661018907206,2.5809833152894464,0.6931387289470585,4.08828879714099
right,25,9.209751017369427e-13,1.0,0.1,0.059,0.7280821917808219,0.919145890410959,2.1702466952288164,0.47810029925186787,2.5809833152894464,0.6931387289470585,9.835005857783347
right,25,9.209751017369427e-13,1.0,0.2,0.059,0.9123287671232877,0.9796164383561644,2.918459372354512,0.10399396068902,2.5809833152894464,0.6931387289470585,18.96719895940913
right,25,9.209751017369427e-13,0.5,0.05,0.066,0.4986301369863014,0.8079979452054794,1.5028279791680985,0.7548477336941952,2.5809833152894464,0.7134620116831631,4.400786031378442
right,25,9.209751017369427e-13,0.5,0.1,0.066,0.7342465753424657,0.919258904109589,2.131969167945271,0.4402771393056092,2.5809833152894464,0.7134620116831631,10.949277698585291
right,25,9.209751017369427e-13,0.5,0.2,0.066,0.9164383561643835,0.9797191780821918,2.887768200408628,0.06237762307393069,2.5809833152894464,0.7134620116831631,21.672429163588355
right,25,9.209751017369427e-13,0.0,0.05,0.073,0.5047945205479452,0.8081787671232876,1.465824729027757,0.7208939944266962,2.5809833152894464,0.7367093554481056,4.8451779532794506
right,25,9.209751017369427e-13,0.0,0.1,0.073,0.7438356164383562,0.9194184931506849,2.109022245807271,0.3992952360369394,2.5809833152894464,0.7367093554481056,12.793091310062557
right,25,9.209751017369427e-13,0.0,0.2,0.073,0.9205479452054794,0.9798520547945205,2.862573245478134,0.022519736201507712,2.5809833152894464,0.7367093554481056,26.73382167971549
right,26,9.158507285889073e-13,1.0,0.05,0.074,0.5068493150684932,0.8066941780821918,1.4638015975097947,0.7147312684040812,2.494255210798976,0.684211438816152,4.138156460036286
right,26,9.158507285889073e-13,1.0,0.1,0.074,0.7397260273972602,0.9189763698630137,2.0891330594924176,0.4020655374127698,2.494255210798976,0.684211438816152,9.89281457400915
right,26,9.158507285889073e-13,1.0,0.2,0.074,0.9143835616438356,0.9795205479452055,2.8148851318413075,0.039189501238324764,2.494255210798976,0.684211438816152,18.93798030883822
right,26,9.158507285889073e-13,0.5,0.05,0.075,0.5191780821917809,0.8068544520547946,1.4876223244461984,0.6957203087153572,2.494255210798976,0.7021353088026334,4.455792599670245
right,26,9.158507285889073e-13,0.5,0.1,0.075,0.7493150684931507,0.9191188356164384,2.1118673976478584,0.38359777211452717,2.494255210798976,0.7021353088026334,11.018683790000798
right,26,9.158507285889073e-13,0.5,0.2,0.075,0.9164383561643835,0.9796541095890411,2.8210379480688395,0.029012496904036622,2.494255210798976,0.7021353088026334,21.661251705347958
right,26,9.158507285889073e-13,0.0,0.05,0.081,0.5273972602739726,0.8070784246575342,1.4671054382144426,0.6648239016902742,2.494255210798976,0.722340950903171,4.912250007406718
right,26,9.158507285889073e-13,0.0,0.1,0.081,0.7527397260273972,0.919320205479452,2.081513192453599,0.357620024570696,2.494255210798976,0.722340950903171,12.897352726880564
right,26,9.158507285889073e-13,0.0,0.2,0.081,0.9198630136986301,0.9798095890410959,2.802527341695672,-0.0028870500503405117,2.494255210798976,0.722340950903171,26.822919344682894
right,27,9.274976620066155e-13,1.0,0.05,0.068,0.4910958904109589,0.8035633561643836,1.4685322090048112,0.7565872507442554,2.523360801111167,0.6712762663878311,4.07244122069216
right,27,9.274976620066155e-13,1.0,0.1,0.068,0.7301369863013699,0.9188369863013699,2.1040806984609435,0.43881300601618917,2.523360801111167,0.6712762663878311,9.813366803617075
right,27,9.274976620066155e-13,1.0,0.2,0.068,0.9116438356164384,0.9794636986301369,2.8418006119080212,0.06995304929265034,2.523360801111167,0.6712762663878311,18.942810660640326
right,27,9.274976620066155e-13,0.5,0.05,0.072,0.5041095890410959,0.8037366438356165,1.4713576634666674,0.7253774374535727,2.523360801111167,0.6912861568227241,4.3902973198178525
right,27,9.274976620066155e-13,0.5,0.1,0.072,0.739041095890411,0.918927397260274,2.101448229682393,0.4103321543457099,2.523360801111167,0.6912861568227241,10.92504740619474
right,27,9.274976620066155e-13,0.5,0.2,0.072,0.9157534246575343,0.979545205479452,2.83811804041852,0.04199724897764667,2.523360801111167,0.6912861568227241,21.640311186402396
right,27,9.274976620066155e-13,0.0,0.05,0.077,0.510958904109589,0.8039729452054795,1.453017391669559,0.699035341245672,2.523360801111167,0.7141083801628256,4.843113993936443
right,27,9.274976620066155e-13,0.0,0.1,0.077,0.7438356164383562,0.9190006849315069,2.0807599239471477,0.3851640751068778,2.523360801111167,0.7141083801628256,12.768179118286827
right,27,9.274976620066155e-13,0.0,0.2,0.077,0.9191780821917809,0.9796273972602739,2.8251083209323893,0.01298987661425699,2.523360801111167,0.7141083801628256,26.711374680711245
right,28,9.417813751078086e-13,1.0,0.05,0.068,0.5027397260273972,0.8052767123287671,1.4977208839534484,0.7419929132699368,2.412031584325551,0.6757175112720124,4.0925166185599
right,28,9.417813751078086e-13,1.0,0.1,0.068,0.739041095890411,0.9175856164383561,2.131245315742148,0.42523069737558716,2.412031584325551,0.6757175112720124,9.851307021041928
right,28,9.417813751078086e-13,1.0,0.2,0.068,0.913013698630137,0.9802712328767124,2.850402619545212,0.06565204547405501,2.412031584325551,0.6757175112720124,18.95075106191405
right,28,9.417813751078086e-13,0.5,0.05,0.075,0.5102739726027398,0.8054493150684932,1.4652873484661995,0.7068877967053566,2.412031584325551,0.6920958898894667,4.397829867384155
right,28,9.417813751078086e-13,0.5,0.1,0.075,0.7458904109589041,0.917745205479452,2.1011446204749284,0.38895916070099207,2.412031584325551,0.6920958898894667,10.944701650399697
right,28,9.417813751078086e-13,0.5,0.2,0.075,0.9171232876712329,0.980368493150685,2.8255101150401867,0.02677641341836301,2.412031584325551,0.6920958898894667,21.621522743899693
right,28,9.417813751078086e-13,0.0,0.05,0.077,0.5150684931506849,0.8056397260273973,1.4633241336242049,0.6938819702683491,2.412031584325551,0.7107488687378901,4.8355320677946905
right,28,9.417813751078086e-13,0.0,0.1,0.077,0.7527397260273972,0.9179369863013699,2.108680608736555,0.37120373271217405,2.412031584325551,0.7107488687378901,12.787736832010728
right,28,9.417813751078086e-13,0.0,0.2,0.077,0.9205479452054794,0.9805123287671232,2.834310923618011,0.008388575271446097,2.412031584325551,0.7107488687378901,26.74452094880661
right,29,8.3247644888651e-13,1.0,0.05,0.07,0.49383561643835616,0.8051815068493151,1.4603385951205365,0.7456217306189024,2.456358462751437,0.6874262465037078,3.9697827975254714
right,29,8.3247644888651e-13,1.0,0.1,0.07,0.7315068493150685,0.9182465753424658,2.0931677060842597,0.4292071751370407,2.456358462751437,0.6874262465037078,9.482299296520155
right,29,8.3247644888651e-13,1.0,0.2,0.07,0.9191780821917809,0.9810719178082192,2.8753553120311084,0.03811337216361654,2.456358462751437,0.6874262465037078,18.30714469347094
right,29,8.3247644888651e-13,0.5,0.05,0.075,0.5061643835616438,0.8054438356164384,1.4549839039970904,0.7120395189399111,2.456358462751437,0.7054672242297527,4.2807075097439435
right,29,8.3247644888651e-13,0.5,0.1,0.075,0.7376712328767123,0.9184020547945205,2.075713884681273,0.40167452859781977,2.456358462751437,0.7054672242297527,10.564780985653986
right,29,8.3247644888651e-13,0.5,0.2,0.075,0.9232876712328767,0.9811664383561643,2.86707024369456,0.005996349091176301,2.456358462751437,0.7054672242297527,20.948405551106774
right,29,8.3247644888651e-13,0.0,0.05,0.077,0.5150684931506849,0.8057328767123287,1.4633241336242049,0.6938819702683491,2.456358462751437,0.7260508555552564,4.726448974707688
right,29,8.3247644888651e-13,0.0,0.1,0.077,0.7458904109589041,0.918591095890411,2.0871571866169236,0.38196544377198965,2.456358462751437,0.7260508555552564,12.372906342740745
right,29,8.3247644888651e-13,0.0,0.2,0.077,0.9260273972602739,0.9812650684931506,2.872371669703732,-0.010641797771414496,2.456358462751437,0.7260508555552564,25.985870051985614
right,30,9.188483307553952e-13,1.0,0.05,0.066,0.48561643835616436,0.8064965753424658,1.4701996662140637,0.7711618901712126,2.607306569592643,0.7144385811524742,4.036114842242747
right,30,9.188483307553952e-13,1.0,0.1,0.066,0.7335616438356164,0.9191972602739726,2.12988242425077,0.4413205111528595,2.607306569592643,0.7144385811524742,9.564392060672414
right,30,9.188483307553952e-13,1.0,0.2,0.066,0.913013698630137,0.980104794520548,2.865810987576795,0.07335622948984677,2.607306569592643,0.7144385811524742,18.409419684430222
right,30,9.188483307553952e-13,0.5,0.05,0.072,0.4986301369863014,0.8067671232876712,1.4576225250767605,0.7322450066485262,2.607306569592643,0.7325576546562476,4.344502938910106
right,30,9.188483307553952e-13,0.5,0.1,0.072,0.7417808219178083,0.9193821917808219,2.109901596456835,0.40610547095848915,2.607306569592643,0.7325576546562476,10.668678156466886
right,30,9.188483307553952e-13,0.5,0.2,0.072,0.9178082191780822,0.9802006849315068,2.851534973338004,0.03528878251790457,2.607306569592643,0.7325576546562476,21.125917170608172
right,30,9.188483307553952e-13,0.0,0.05,0.075,0.5041095890410959,0.8070712328767123,1.4498328652182173,0.7146150383293477,2.607306569592643,0.752993307939005,4.788232220840412
right,30,9.188483307553952e-13,0.0,0.1,0.075,0.7472602739726028,0.9195691780821917,2.105424538256505,0.38681920181020396,2.607306569592643,0.752993307939005,12.528467184161528
right,30,9.188483307553952e-13,0.0,0.2,0.075,0.9212328767123288,0.9803239726027397,2.8529447392761087,0.013059101300401887,2.607306569592643,0.752993307939005,26.335443482772682
right,31,8.771663950746245e-13,1.0,0.05,0.064,0.4917808219178082,0.8046431506849315,1.5014323598604866,0.7713200618056129,2.726754844836783,0.745071208250079,4.125494240511272
right,31,8.771663950746245e-13,1.0,0.1,0.064,0.7232876712328767,0.9181071917808219,2.1146724263259737,0.46470002857286924,2.726754844836783,0.745071208250079,9.668739714224078
right,31,8.771663950746245e-13,1.0,0.2,0.064,0.915068493150685,0.9802147260273972,2.89468034620924,0.07469606863123623,2.726754844836783,0.745071208250079,18.426142263752176
right,31,8.771663950746245e-13,0.5,0.05,0.067,0.5020547945205479,0.8048102739726027,1.5036636966971326,0.7466812195314089,2.726754844836783,0.7657271259046015,4.437444919069625
right,31,8.771663950746245e-13,0.5,0.1,0.067,0.7315068493150685,0.9182626712328767,2.1158897457850645,0.440568194987443,2.726754844836783,0.7657271259046015,10.759321246986405
right,31,8.771663950746245e-13,0.5,0.2,0.067,0.9191780821917809,0.9803208904109589,2.8980773517319127,0.04947439201401882,2.726754844836783,0.7657271259046015,21.06608536035325
right,31,8.771663950746245e-13,0.0,0.05,0.073,0.5095890410958904,0.8050239726027397,1.477844835376468,0.7148839412523408,2.726754844836783,0.78923556718702,4.881896948042988
right,31,8.771663950746245e-13,0.0,0.1,0.073,0.7438356164383562,0.9184246575342466,2.109022245807271,0.3992952360369394,2.726754844836783,0.78923556718702,12.58295309883544
right,31,8.771663950746245e-13,0.0,0.2,0.073,0.9246575342465754,0.9804373287671233,2.890922725506025,0.008344996187562237,2.726754844836783,0.78923556718702,26.093591778884132
right,32,8.16614137422178e-13,1.0,0.05,0.061,0.5047945205479452,0.8082678082191781,1.5584514923439303,0.7672073760847828,2.5668831218572956,0.7021654527389556,4.041162555078124
right,32,8.16614137422178e-13,1.0,0.1,0.061,0.7376712328767123,0.9199102739726027,2.182615535999565,0.4551253542569656,2.5668831218572956,0.7021654527389556,9.628350585467146
right,32,8.16614137422178e-13,1.0,0.2,0.061,0.9219178082191781,0.98075,2.9645234883788696,0.06417137806731321,2.5668831218572956,0.7021654527389556,18.447553889847082
right,32,8.16614137422178e-13,0.5,0.05,0.067,0.5123287671232877,0.8085582191780822,1.5294216247951402,0.7338022554824051,2.5668831218572956,0.7206247913276839,4.365773359149228
right,32,8.16614137422178e-13,0.5,0.1,0.067,0.7431506849315068,0.9201342465753425,2.1516024917095793,0.4227118220251856,2.5668831218572956,0.7206247913276839,10.77144361050553
right,32,8.16614137422178e-13,0.5,0.2,0.067,0.9246575342465754,0.9808965753424658,2.9356294344454255,0.030698350657262452,2.5668831218572956,0.7206247913276839,21.220624926769027
right,32,8.16614137422178e-13,0.0,0.05,0.07,0.5191780821917809,0.80885,1.5238818816869126,0.7138500873357143,2.5668831218572956,0.7417863162568963,4.835280844807218
right,32,8.16614137422178e-13,0.0,0.1,0.07,0.7493150684931507,0.9203691780821918,2.1481269548885726,0.4017275507348843,2.5668831218572956,0.7417863162568963,12.702256159705017
right,32,8.16614137422178e-13,0.0,0.2,0.07,0.9253424657534246,0.9810417808219178,2.91774602920161,0.01691801357836553,2.5668831218572956,0.7417863162568963,26.539052660416658
right,33,8.895037484357715e-13,1.0,0.05,0.071,0.5068493150684932,0.8088510273972602,1.4855533285964762,0.7256071339474219,2.372607846960599,0.6476801085761201,4.179352573649025
right,33,8.895037484357715e-13,1.0,0.1,0.071,0.7424657534246575,0.9195010273972603,2.1193497081155597,0.40870894418788006,2.372607846960599,0.6476801085761201,9.996249475564913
right,33,8.895037484357715e-13,1.0,0.2,0.071,0.9212328767123288,0.9805558219178082,2.881797066583313,0.02748526495400372,2.372607846960599,0.6476801085761201,19.15507067582463
right,33,8.895037484357715e-13,0.5,0.05,0.075,0.5143835616438356,0.808961301369863,1.475593528002637,0.7017347069371378,2.372607846960599,0.6654491352400643,4.497402531097608
right,33,8.895037484357715e-13,0.5,0.1,0.075,0.7513698630136987,0.9195845890410959,2.118338287756113,0.3803623270603998,2.372607846960599,0.6654491352400643,11.114265441221683
right,33,8.895037484357715e-13,0.5,0.2,0.075,0.9232876712328767,0.9806434931506849,2.86707024369456,0.005996349091176301,2.372607846960599,0.6654491352400643,21.855844898424742
right,33,8.895037484357715e-13,0.0,0.05,0.076,0.5232876712328767,0.8090263698630137,1.490909446590933,0.6870479975303452,2.372607846960599,0.6856703166167925,4.9507100218242694
right,33,8.895037484357715e-13,0.0,0.1,0.076,0.7568493150684932,0.9196626712328767,2.128706262725646,0.36814958946298865,2.372607846960599,0.6856703166167925,12.978425978837276
right,33,8.895037484357715e-13,0.0,0.2,0.076,0.9260273972602739,0.9807270547945206,2.879330353449092,-0.007162455898734432,2.372607846960599,0.6856703166167925,26.981640351798436
right,34,9.302419945456109e-13,1.0,0.05,0.063,0.4910958904109589,0.8059054794520548,1.507746441895979,0.7761943671898393,2.6529909599233545,0.7475253437965721,4.347336578445012
right,34,9.302419945456109e-13,1.0,0.1,0.063,0.7445205479452055,0.9207383561643836,2.18741290496396,0.4363611356558489,2.6529909599233545,0.7475253437965721,10.280580873168617
right,34,9.302419945456109e-13,1.0,0.2,0.063,0.9164383561643835,0.980327397260274,2.911574065268212,0.07428055550372281,2.6529909599233545,0.7475253437965721,19.57274363324546
right,34,9.302419945456109e-13,0.5,0.05,0.068,0.5013698630136987,0.8061273972602739,1.4942870993568071,0.7437098055682574,2.6529909599233545,0.7675725810248675,4.665913016270363
right,34,9.302419945456109e-13,0.5,0.1,0.068,0.7513698630136987,0.9208890410958904,2.169660172064318,0.4060232692145021,2.6529909599233545,0.7675725810248675,11.39816111660772
right,34,9.302419945456109e-13,0.5,0.2,0.068,0.9198630136986301,0.9804253424657534,2.8950040761448372,0.04335131717424223,2.6529909599233545,0.7675725810248675,22.272064336779454
right,34,9.302419945456109e-13,0.0,0.05,0.077,0.5116438356164383,0.8063568493150685,1.4547349497737156,0.6981765621935937,2.6529909599233545,0.7906170543621707,5.119148479319256
right,34,9.302419945456109e-13,0.0,0.1,0.077,0.7561643835616438,0.9210486301369863,2.119561539348636,0.3657632674061335,2.6529909599233545,0.7906170543621707,13.26372641200161
right,34,9.302419945456109e-13,0.0,0.2,0.077,0.923972602739726,0.9804938356164383,2.8578551834838857,-0.003383554661491428,2.6529909599233545,0.7906170543621707,27.419784227369696
right,35,9.422566893402262e-13,1.0,0.05,0.064,0.5,0.8036654109589041,1.5220362417358562,0.7610181208679281,2.724346919493983,0.7827858746184411,4.205246553071938
right,35,9.422566893402262e-13,1.0,0.1,0.064,0.7356164383561644,0.9182044520547945,2.1519253747057787,0.44607355438296675,2.724346919493983,0.7827858746184411,9.95336515794993
right,35,9.422566893402262e-13,1.0,0.2,0.064,0.9178082191780822,0.9801808219178082,2.9125149458869535,0.06577876879237943,2.724346919493983,0.7827858746184411,19.038964101531963
right,35,9.422566893402262e-13,0.5,0.05,0.071,0.5102739726027398,0.8038784246575342,1.4941396757734031,0.7213139603589585,2.724346919493983,0.805583588229993,4.524148756987313
right,35,9.422566893402262e-13,0.5,0.1,0.071,0.7424657534246575,0.9183681506849315,2.1193497081155597,0.40870894418788006,2.724346919493983,0.805583588229993,11.062557063999297
right,35,9.422566893402262e-13,0.5,0.2,0.071,0.923972602739726,0.980295205479452,2.9006949446490946,0.018036325921112817,2.724346919493983,0.805583588229993,21.734651222156995
right,35,9.422566893402262e-13,0.0,0.05,0.081,0.5219178082191781,0.804061301369863,1.4533440860441544,0.6717045777754183,2.724346919493983,0.831646589084631,4.9768926825013615
right,35,9.422566893402262e-13,0.0,0.1,0.081,0.7493150684931507,0.9185647260273972,2.0707125475068975,0.36302034704404673,2.724346919493983,0.831646589084631,12.891608701764866
right,35,9.422566893402262e-13,0.0,0.2,0.081,0.9287671232876712,0.9804280821917808,2.8650469668724114,-0.03414686263871025,2.724346919493983,0.831646589084631,26.77903789833277
right,36,8.481132462989649e-13,1.0,0.05,0.076,0.5,0.8048804794520548,1.4325027208258116,0.7162513604129058,2.342638408742366,0.6601664383252844,3.9775369854342233
right,36,8.481132462989649e-13,1.0,0.1,0.076,0.7486301369863013,0.9199229452054795,2.102687938479219,0.38115875158620205,2.342638408742366,0.6601664383252844,9.63236704148614
right,36,8.481132462989649e-13,1.0,0.2,0.076,0.9232876712328767,0.9812184931506849,2.8600414935819156,0.002481974034853951,2.342638408742366,0.6601664383252844,18.622577058323156
right,36,8.481132462989649e-13,0.5,0.05,0.078,0.5068493150684932,0.8049784246575342,1.435823236523554,0.7007420879109608,2.342638408742366,0.6806834840859511,4.2910326609877485
right,36,8.481132462989649e-13,0.5,0.1,0.078,0.7561643835616438,0.9199996575342466,2.112671208440922,0.36231810195227665,2.342638408742366,0.6806834840859511,10.739429621987139
right,36,8.481132462989649e-13,0.5,0.2,0.078,0.9260273972602739,0.9812979452054794,2.8654813387960183,-0.014086963225271365,2.342638408742366,0.6806834840859511,21.325236661624228
right,36,8.481132462989649e-13,0.0,0.05,0.083,0.5184931506849315,0.8050962328767123,1.431543676755732,0.6693997698355694,2.342638408742366,0.7042390760207886,4.735859835634183
right,36,8.481132462989649e-13,0.0,0.1,0.083,0.7616438356164383,0.920079109589041,2.0967718960275823,0.33678566019964407,2.342638408742366,0.7042390760207886,12.563695026948734
right,36,8.481132462989649e-13,0.0,0.2,0.083,0.9308219178082192,0.981395205479452,2.8671119696074587,-0.04838437659029393,2.342638408742366,0.7042390760207886,26.363617278326238
right,37,9.35838212479112e-13,1.0,0.05,0.072,0.5054794520547945,0.8060811643835617,1.4747916505124938,0.7236604439306595,2.4532478203824946,0.6896461023518188,4.15723620980656
right,37,9.35838212479112e-13,1.0,0.1,0.072,0.7458904109589041,0.9185267123287671,2.1226694187233788,0.3997215598252171,2.4532478203824946,0.6896461023518188,9.87981431301791
right,37,9.35838212479112e-13,1.0,0.2,0.072,0.9157534246575343,0.9801253424657534,2.83811804041852,0.04199724897764667,2.4532478203824946,0.6896461023518188,18.93829970563793
right,37,9.35838212479112e-13,0.5,0.05,0.073,0.5116438356164383,0.8062339041095891,1.4829972716338389,0.7123077231236553,2.4532478203824946,0.7082228149792805,4.468150076439389
right,37,9.35838212479112e-13,0.5,0.1,0.073,0.7520547945205479,0.9186041095890412,2.1347764574268435,0.3864181302271529,2.4532478203824946,0.7082228149792805,10.976881251812362
right,37,9.35838212479112e-13,0.5,0.2,0.073,0.9219178082191781,0.9801890410958904,2.8718967250626966,0.017857996409226584,2.4532478203824946,0.7082228149792805,21.607413263223084
right,37,9.35838212479112e-13,0.0,0.05,0.076,0.5219178082191781,0.8064119863013699,1.4874701860724706,0.6887676277895763,2.4532478203824946,0.7293297857450901,4.912333933885645
right,37,9.35838212479112e-13,0.0,0.1,0.076,0.7554794520547945,0.9186856164383561,2.124337494992357,0.370333973329633,2.4532478203824946,0.7293297857450901,12.805343866210467
right,37,9.35838212479112e-13,0.0,0.2,0.076,0.9253424657534246,0.9802883561643836,2.874457721848251,-0.004726140098313958,2.4532478203824946,0.7293297857450901,26.692745758043966
right,38,9.43987943369251e-13,1.0,0.05,0.068,0.4965753424657534,0.8035794520547945,1.482268906406265,0.7497189020435284,2.683729759015551,0.7760014386401581,4.180938573506738
right,38,9.43987943369251e-13,1.0,0.1,0.068,0.7349315068493151,0.9173119863013699,2.118650271816343,0.43152821933848945,2.683729759015551,0.7760014386401581,9.790806821046228
right,38,9.43987943369251e-13,1.0,0.2,0.068,0.9178082191780822,0.9795188356164384,2.8813320593977583,0.050187325547781825,2.683729759015551,0.7760014386401581,18.679135032566954
right,38,9.43987943369251e-13,0.5,0.05,0.074,0.5041095890410959,0.8037287671232877,1.4569334614387395,0.7181653364396088,2.683729759015551,0.7975833791316176,4.495412713413588
right,38,9.43987943369251e-13,0.5,0.1,0.074,0.7410958904109589,0.9174366438356164,2.0933597255969763,0.39995220436049045,2.683729759015551,0.7975833791316176,10.884128543870458
right,38,9.43987943369251e-13,0.5,0.2,0.074,0.9212328767123288,0.9795989726027398,2.860045335496631,0.016609399410662973,2.683729759015551,0.7975833791316176,21.33821604962741
right,38,9.43987943369251e-13,0.0,0.05,0.078,0.5157534246575343,0.8038965753424657,1.4581519537173713,0.6895777293140521,2.683729759015551,0.8219592800620169,4.940956080890232
right,38,9.43987943369251e-13,0.0,0.1,0.078,0.7486301369863013,0.9175647260273972,2.0888389238261453,0.3742342442596651,2.683729759015551,0.8219592800620169,12.699506008473467
right,38,9.43987943369251e-13,0.0,0.2,0.078,0.9232876712328767,0.9797126712328768,2.8461924789288418,-0.004442533291682982,2.683729759015551,0.8219592800620169,26.367892222481906
right,39,9.19011394762137e-13,1.0,0.05,0.073,0.5034246575342466,0.8073777397260274,1.4623908077809706,0.7226109550500894,2.4675112816600717,0.6919022854715601,4.134458087462942
right,39,9.19011394762137e-13,1.0,0.1,0.073,0.7376712328767123,0.9179335616438357,2.0899887726833914,0.40881197259887897,2.4675112816600717,0.6919022854715601,9.729676337472856
right,39,9.19011394762137e-13,1.0,0.2,0.073,0.910958904109589,0.9796212328767123,2.8004898490676133,0.053561434406768194,2.4675112816600717,0.6919022854715601,18.512164845506344
right,39,9.19011394762137e-13,0.5,0.05,0.076,0.5095890410958904,0.8075270547945206,1.4565411972617048,0.7042321221949592,2.4675112816600717,0.7135333254591847,4.476150554832035
right,39,9.19011394762137e-13,0.5,0.1,0.076,0.7424657534246575,0.9180732876712329,2.0834686306957115,0.3907684054779559,2.4675112816600717,0.7135333254591847,10.890551161922252
right,39,9.19011394762137e-13,0.5,0.2,0.076,0.9157534246575343,0.9796979452054795,2.809564492057425,0.02772047479709927,2.4675112816600717,0.7135333254591847,21.280220928506928
right,39,9.19011394762137e-13,0.0,0.05,0.082,0.5157534246575343,0.8076606164383562,1.4312420269409583,0.6761227659258456,2.4675112816600717,0.7386164163357869,4.972137402053439
right,39,9.19011394762137e-13,0.0,0.1,0.082,0.7506849315068493,0.9181780821917809,2.068390486563402,0.3575485361146239,2.4675112816600717,0.7386164163357869,12.846295491134029
right,39,9.19011394762137e-13,0.0,0.2,0.082,0.9219178082191781,0.9797993150684932,2.8098341455184466,-0.013173293362898408,2.4675112816600717,0.7386164163357869,26.569154838926742
right,40,9.494141584021065e-13,1.0,0.05,0.058,0.48013698630136986,0.8007229452054795,1.5219770359537776,0.810798298532971,2.809415840497242,0.7780557043434687,4.150998618252948
right,40,9.494141584021065e-13,1.0,0.1,0.058,0.7239726027397261,0.9167356164383562,2.1664707033884145,0.48855146481565265,2.809415840497242,0.7780557043434687,9.752096844866267
right,40,9.494141584021065e-13,1.0,0.2,0.058,0.9082191780821918,0.9796623287671233,2.9016551884483475,0.12095922228568623,2.809415840497242,0.7780557043434687,18.689907657285794
right,40,9.494141584021065e-13,0.5,0.05,0.066,0.48698630136986304,0.8010503424657535,1.4736354309467028,0.7694440078048931,2.809415840497242,0.7981908444181117,4.469075097966359
right,40,9.494141584021065e-13,0.5,0.1,0.066,0.7308219178082191,0.9168746575342466,2.1215624096345387,0.44548051846097525,2.809415840497242,0.7981908444181117,10.867768608793238
right,40,9.494141584021065e-13,0.5,0.2,0.066,0.9136986301369863,0.9797815068493151,2.8701499724195347,0.07118673706847711,2.809415840497242,0.7981908444181117,21.418527518956214
right,40,9.494141584021065e-13,0.0,0.05,0.07,0.5013698630136987,0.8013256849315068,1.4792247722893168,0.7361786420345122,2.809415840497242,0.8210913125897619,4.927884418251882
right,40,9.494141584021065e-13,0.0,0.1,0.07,0.7376712328767123,0.9169849315068493,2.1119734419219873,0.4198043072181769,2.809415840497242,0.8210913125897619,12.749739438334384
right,40,9.494141584021065e-13,0.0,0.2,0.07,0.9178082191780822,0.9799027397260274,2.866269732330268,0.04265616201403666,2.809415840497242,0.8210913125897619,26.6586244673719
right,41,8.573246279564017e-13,1.0,0.05,0.061,0.49794520547945204,0.8062417808219178,1.5412824934395906,0.7757918755369527,2.366724690172887,0.642794510007593,3.9091480024518255
right,41,8.573246279564017e-13,1.0,0.1,0.061,0.7335616438356164,0.9192308219178082,2.1700538232292734,0.46140621064211124,2.366724690172887,0.642794510007593,9.43994129554295
right,41,8.573246279564017e-13,1.0,0.2,0.061,0.915068493150685,0.9807332191780822,2.9190772267301317,0.08689450889168215,2.366724690172887,0.642794510007593,18.348535201516867
right,41,8.573246279564017e-13,0.5,0.05,0.067,0.5041095890410959,0.8063417808219178,1.5088144621597361,0.7441058368001071,2.366724690172887,0.662601570501386,4.205376498718081
right,41,8.573246279564017e-13,0.5,0.1,0.067,0.7397260273972602,0.9193095890410959,2.141014060213414,0.4280060377732681,2.366724690172887,0.662601570501386,10.485092480957217
right,41,8.573246279564017e-13,0.5,0.2,0.067,0.9198630136986301,0.980838698630137,2.9026637887781517,0.04718117349089934,2.366724690172887,0.662601570501386,20.918371767848335
right,41,8.573246279564017e-13,0.0,0.05,0.078,0.5150684931506849,0.8064287671232877,1.4564338027164911,0.6904368048144922,2.366724690172887,0.6852303911854148,4.621317761243226
right,41,8.573246279564017e-13,0.0,0.1,0.078,0.7513698630136987,0.9193794520547945,2.0974605229903944,0.3699234446775405,2.366724690172887,0.6852303911854148,12.19443197747966
right,41,8.573246279564017e-13,0.0,0.2,0.078,0.9246575342465754,0.9809386986301369,2.855770072738188,-0.009231330196356247,2.366724690172887,0.6852303911854148,25.71793306745309
right,42,9.175264714667009e-13,1.0,0.05,0.063,0.5013698630136987,0.8084818493150685,1.533501332247975,0.7633169220138413,2.455354010807416,0.6773581812213042,3.9640277026434263
right,42,9.175264714667009e-13,1.0,0.1,0.063,0.736986301369863,0.9203407534246575,2.164149453121662,0.44799286157699764,2.455354010807416,0.6773581812213042,9.512875924738877
right,42,9.175264714667009e-13,1.0,0.2,0.063,0.9171232876712329,0.9804989726027398,2.916046232239559,0.0720444720180492,2.455354010807416,0.6773581812213042,18.334865190016057
right,42,9.175264714667009e-13,0.5,0.05,0.066,0.5047945205479452,0.8087010273972602,1.5182800933654268,0.7471216765955311,2.455354010807416,0.6953647112374015,4.2744520563572275
right,42,9.175264714667009e-13,0.5,0.1,0.066,0.7479452054794521,0.9204318493150685,2.174299327392832,0.4191120595818285,2.455354010807416,0.6953647112374015,10.623324909169423
right,42,9.175264714667009e-13,0.5,0.2,0.066,0.9212328767123288,0.980592808219178,2.919674991615897,0.04642422747029595,2.455354010807416,0.6953647112374015,21.063483235857593
right,42,9.175264714667009e-13,0.0,0.05,0.07,0.5143835616438356,0.808911301369863,1.5118530852433514,0.7198644855574949,2.455354010807416,0.7159056053530591,4.718580095579545
right,42,9.175264714667009e-13,0.0,0.1,0.07,0.7561643835616438,0.9205647260273973,2.169808530447355,0.3908867629554931,2.455354010807416,0.7159056053530591,12.472832969028788
right,42,9.175264714667009e-13,0.0,0.2,0.07,0.9219178082191781,0.9807366438356164,2.8938813943012924,0.028850331028524523,2.455354010807416,0.7159056053530591,26.224363790199956
right,43,9.557979407937012e-13,1.0,0.05,0.074,0.5054794520547945,0.8028897260273973,1.460367448484566,0.7164483429166956,2.4836793388278244,0.693977318898921,4.125759191441875
right,43,9.557979407937012e-13,1.0,0.1,0.074,0.7328767123287672,0.9184513698630137,2.0681687364669434,0.41254769892550686,2.4836793388278244,0.693977318898921,9.832074911153416
right,43,9.557979407937012e-13,1.0,0.2,0.074,0.9191780821917809,0.9802458904109589,2.8461963510109163,0.02353389165352049,2.4836793388278244,0.693977318898921,18.832925798693687
right,43,9.557979407937012e-13,0.5,0.05,0.078,0.5143835616438356,0.8030561643835616,1.4547157632369185,0.6912958245542785,2.4836793388278244,0.7145456661593265,4.457934811419191
right,43,9.557979407937012e-13,0.5,0.1,0.078,0.7424657534246575,0.9185753424657535,2.0696196160426377,0.38384389815141895,2.4836793388278244,0.7145456661593265,10.993927579776788
right,43,9.557979407937012e-13,0.5,0.2,0.078,0.9226027397260274,0.9803335616438357,2.8414523985632187,-0.002072493108871587,2.4836793388278244,0.7145456661593265,21.632121926470667
right,43,9.557979407937012e-13,0.0,0.05,0.081,0.5226027397260274,0.8032664383561644,1.4550636324879427,0.6708448045535241,2.4836793388278244,0.7381911242680621,4.938201589600902
right,43,9.557979407937012e-13,0.0,0.1,0.081,0.7520547945205479,0.9186993150684931,2.0793467192837642,0.35870326115561324,2.4836793388278244,0.7381911242680621,12.95771055331723
right,43,9.557979407937012e-13,0.0,0.2,0.081,0.9260273972602739,0.9804404109589041,2.8452042534207758,-0.02422550591289252,2.4836793388278244,0.7381911242680621,27.002898202883483
right,44,9.542089340897064e-13,1.0,0.05,0.073,0.5034246575342466,0.8088863013698631,1.4623908077809706,0.7226109550500894,2.2370284420136413,0.6185136588625124,3.889501503711011
right,44,9.542089340897064e-13,1.0,0.1,0.073,0.7465753424657534,0.9209828767123288,2.1175579475666106,0.3950273851572695,2.2370284420136413,0.6185136588625124,9.413584267051332
right,44,9.542089340897064e-13,1.0,0.2,0.073,0.9232876712328767,0.9814859589041096,2.8813451316966785,0.013133793092235502,2.2370284420136413,0.6185136588625124,18.27156217068335
right,44,9.542089340897064e-13,0.5,0.05,0.077,0.5095890410958904,0.8089876712328767,1.4495825135163447,0.7007527803222792,2.2370284420136413,0.6359531723883588,4.183215739583153
right,44,9.542089340897064e-13,0.5,0.1,0.077,0.7513698630136987,0.9210876712328767,2.1043508538981084,0.3733686101313974,2.2370284420136413,0.6359531723883588,10.47159780156483
right,44,9.542089340897064e-13,0.5,0.2,0.077,0.9260273972602739,0.9815215753424658,2.872371669703732,-0.010641797771414496,2.2370284420136413,0.6359531723883588,20.87542648067766
right,44,9.542089340897064e-13,0.0,0.05,0.081,0.5226027397260274,0.8091746575342466,1.4550636324879427,0.6708448045535241,2.2370284420136413,0.6557584620865502,4.603349089379873
right,44,9.542089340897064e-13,0.0,0.1,0.081,0.7554794520547945,0.92115,2.090211394964041,0.35327092331547494,2.2370284420136413,0.6557584620865502,12.247374867418328
right,44,9.542089340897064e-13,0.0,0.2,0.081,0.9294520547945205,0.9815893835616438,2.870098893917305,-0.03667282616115697,2.2370284420136413,0.6557584620865502,25.8664165989673
right,45,9.18265463667467e-13,1.0,0.05,0.069,0.48835616438356166,0.8036479452054794,1.4540892146423565,0.7562355200144424,2.3779893433851127,0.6653192583512142,3.8342922446590544
right,45,9.18265463667467e-13,1.0,0.1,0.069,0.7363013698630136,0.9181712328767123,2.115264237605157,0.425648008533042,2.3779893433851127,0.6653192583512142,9.208317942592037
right,45,9.18265463667467e-13,1.0,0.2,0.069,0.9178082191780822,0.9801041095890412,2.873758831486718,0.04640071159226167,2.3779893433851127,0.6653192583512142,17.858325883626176
right,45,9.18265463667467e-13,0.5,0.05,0.073,0.49931506849315066,0.8038,1.4520894894158685,0.7277616142326405,2.3779893433851127,0.6839709609328654,4.131249488719494
right,45,9.18265463667467e-13,0.5,0.1,0.073,0.7424657534246575,0.9183041095890411,2.104772268810475,0.40142022453533743,2.3779893433851127,0.6839709609328654,10.279602430300876
right,45,9.18265463667467e-13,0.5,0.2,0.073,0.9212328767123288,0.9801856164383561,2.867219627278227,0.02019654530146109,2.3779893433851127,0.6839709609328654,20.512890568984783
right,45,9.18265463667467e-13,0.0,0.05,0.076,0.5123287671232877,0.8039643835616438,1.4634112777409767,0.7007970819553233,2.3779893433851127,0.7049378167448155,4.556626677991464
right,45,9.18265463667467e-13,0.0,0.1,0.076,0.7465753424657534,0.9184561643835616,2.0962543094518473,0.38437556609988793,2.3779893433851127,0.7049378167448155,12.084994209374889
right,45,9.18265463667467e-13,0.0,0.2,0.076,0.9253424657534246,0.9802979452054794,2.874457721848251,-0.004726140098313958,2.3779893433851127,0.7049378167448155,25.612344517852492
right,46,8.275047314043604e-13,1.0,0.05,0.069,0.5054794520547945,0.8084671232876712,1.497015508661208,0.7347723730050166,2.4358029166279316,0.695979825843051,4.1045584798338135
right,46,8.275047314043604e-13,1.0,0.1,0.069,0.7458904109589041,0.9191273972602739,2.144893276872093,0.4108334888995742,2.4358029166279316,0.695979825843051,9.781826117274388
right,46,8.275047314043604e-13,1.0,0.2,0.069,0.9232876712328767,0.981422602739726,2.9108189000917246,0.02787067728975845,2.4358029166279316,0.695979825843051,18.808569208597063
right,46,8.275047314043604e-13,0.5,0.05,0.071,0.5116438356164383,0.8086780821917808,1.4975747109389241,0.7195964427761979,2.4358029166279316,0.7138293955054464,4.422476576562974
right,46,8.275047314043604e-13,0.5,0.1,0.071,0.7486301369863013,0.9192554794520548,2.1385690158990673,0.39909929029612623,2.4358029166279316,0.7138293955054464,10.897090745570697
right,46,8.275047314043604e-13,0.5,0.2,0.071,0.9260273972602739,0.981491095890411,2.9152114308689407,0.010778082811189749,2.4358029166279316,0.7138293955054464,21.513836790913725
right,46,8.275047314043604e-13,0.0,0.05,0.076,0.5198630136986301,0.8089013698630138,1.4823125013818939,0.6913464701348647,2.4358029166279316,0.7340685139172927,4.876116937319467
right,46,8.275047314043604e-13,0.0,0.1,0.076,0.7534246575342466,0.9194089041095891,2.1178089767824826,0.3735982324345704,2.4358029166279316,0.7340685139172927,12.753201437221039
right,46,8.275047314043604e-13,0.0,0.2,0.076,0.9287671232876712,0.9815979452054795,2.899173066900728,-0.017083812624552164,2.4358029166279316,0.7340685139172927,26.64109692529145
right,47,9.019070212890057e-13,1.0,0.05,0.07,0.48904109589041095,0.8008849315068494,1.4483176735900631,0.7516321913841391,2.5554589690161875,0.6911856708419319,4.036504808861768
right,47,9.019070212890057e-13,1.0,0.1,0.07,0.7294520547945206,0.9169739726027397,2.0869476610193756,0.43231719766948284,2.5554589690161875,0.6911856708419319,9.652784902224024
right,47,9.019070212890057e-13,1.0,0.2,0.07,0.9061643835616439,0.9792205479452055,2.7932905749958286,0.07914574068125635,2.5554589690161875,0.6911856708419319,18.5619423415583
right,47,9.019070212890057e-13,0.5,0.05,0.074,0.4958904109589041,0.801158904109589,1.4363306728792178,0.7284667307193696,2.5554589690161875,0.7118752039656617,4.3572016652951815
right,47,9.019070212890057e-13,0.5,0.1,0.074,0.7376712328767123,0.9170897260273972,2.082814480901795,0.40522482670808085,2.5554589690161875,0.7118752039656617,10.7714041126246
right,47,9.019070212890057e-13,0.5,0.2,0.074,0.9123287671232877,0.9793465753424657,2.8018677926472146,0.0456981708353712,2.5554589690161875,0.7118752039656617,21.2667324823725
right,47,9.019070212890057e-13,0.0,0.05,0.079,0.5047945205479452,0.8013904109589041,1.4238484475879911,0.6999058537068132,2.5554589690161875,0.7356694792904175,4.812575658463372
right,47,9.019070212890057e-13,0.0,0.1,0.079,0.7458904109589041,0.9172342465753425,2.073443227037281,0.3751084639821683,2.5554589690161875,0.7356694792904175,12.61530003016618
right,47,9.019070212890057e-13,0.0,0.2,0.079,0.915068493150685,0.9794458904109589,2.7844741819741925,0.01959298651371255,2.5554589690161875,0.7356694792904175,26.324030939585576
right,48,1.0084259816078855e-12,1.0,0.05,0.07,0.5089041095890411,0.8094554794520548,1.4981121744210204,0.7267349409686604,2.4589354436060744,0.6855466777214358,4.205227703892745
right,48,1.0084259816078855e-12,1.0,0.1,0.07,0.7410958904109589,0.9192602739726028,2.1225186866171684,0.4145316848705865,2.4589354436060744,0.6855466777214358,10.046470644500978
right,48,1.0084259816078855e-12,1.0,0.2,0.07,0.9184931506849315,0.9807239726027397,2.870798127864126,0.04039196424710745,2.4589354436060744,0.6855466777214358,19.252869528363945
right,48,1.0084259816078855e-12,0.5,0.05,0.077,0.5178082191780822,0.8095650684931507,1.4701974576398595,0.6904453082605218,2.4589354436060744,0.7051739910573923,4.530414916143258
right,48,1.0084259816078855e-12,0.5,0.1,0.077,0.7506849315068493,0.9193671232876712,2.1021907442475287,0.37444866495668727,2.4589354436060744,0.7051739910573923,11.192237971359217
right,48,1.0084259816078855e-12,0.5,0.2,0.077,0.9198630136986301,0.9808061643835616,2.8296947579786282,0.010696658091137512,2.4589354436060744,0.7051739910573923,22.016746272686554
right,48,1.0084259816078855e-12,0.0,0.05,0.081,0.5246575342465754,0.8097191780821917,1.4602232980866419,0.6682649717541745,2.4589354436060744,0.7277251229341248,4.9949476270837145
right,48,1.0084259816078855e-12,0.0,0.1,0.081,0.7561643835616438,0.919477397260274,2.09239412306568,0.3521795592646555,2.4589354436060744,0.7277251229341248,13.10173214100049
right,48,1.0084259816078855e-12,0.0,0.2,0.081,0.9246575342465754,0.9809219178082191,2.8354929873629455,-0.0193698728839774,2.4589354436060744,0.7277251229341248,27.23430362801367
right,49,9.30450161362728e-13,1.0,0.05,0.063,0.4917808219178082,0.8078195205479453,1.5094637062624592,0.7753357350065991,2.6195314992538044,0.7055947118183271,4.096497790413056
right,49,9.30450161362728e-13,1.0,0.1,0.063,0.7321917808219178,0.9191784246575343,2.149522921743038,0.4553061272663097,2.6195314992538044,0.7055947118183271,9.678667694475783
right,49,9.30450161362728e-13,1.0,0.2,0.063,0.9136986301369863,0.9807869863013698,2.893955837279119,0.08308966949826924,2.6195314992538044,0.7055947118183271,18.514262011701863
right,49,9.30450161362728e-13,0.5,0.05,0.069,0.5020547945205479,0.8079928082191781,1.488430756152778,0.7390647492592316,2.6195314992538044,0.7271397534836239,4.427295390047734
right,49,9.30450161362728e-13,0.5,0.1,0.069,0.7397260273972602,0.9192955479452055,2.1257811196690595,0.42038956750109086,2.6195314992538044,0.7271397534836239,10.82276441283341
right,49,9.30450161362728e-13,0.5,0.2,0.069,0.9157534246575343,0.9808438356164384,2.860341898567234,0.05310917805200377,2.6195314992538044,0.7271397534836239,21.264197690466652
right,49,9.30450161362728e-13,0.0,0.05,0.075,0.5102739726027398,0.8081380136986301,1.4652873484661995,0.7068877967053566,2.6195314992538044,0.7520679582615569,4.90697672558596
right,49,9.30450161362728e-13,0.0,0.1,0.075,0.7458904109589041,0.919443493150685,2.1011446204749284,0.38895916070099207,2.6195314992538044,0.7520679582615569,12.76281297904221
right,49,9.30450161362728e-13,0.0,0.2,0.075,0.9246575342465754,0.9809171232876712,2.8766478375039064,0.0012075521865030359,2.6195314992538044,0.7520679582615569,26.558010944881293
right,50,8.885496505239843e-13,1.0,0.05,0.064,0.49794520547945204,0.806027397260274,1.5168856129186987,0.7635934352765068,2.4728340204821486,0.6784169441400285,4.08114369913607
right,50,8.885496505239843e-13,1.0,0.1,0.064,0.7376712328767123,0.9185965753424657,2.158218655478673,0.4429269139965197,2.4728340204821486,0.6784169441400285,9.780034089193041
right,50,8.885496505239843e-13,1.0,0.2,0.064,0.9143835616438356,0.9807198630136986,2.890289306418185,0.07689158852676359,2.4728340204821486,0.6784169441400285,18.75640909323951
right,50,8.885496505239843e-13,0.5,0.05,0.073,0.5041095890410959,0.8062061643835616,1.4641077532203357,0.7217524823304069,2.4728340204821486,0.6961180541148745,4.390226988076384
right,50,8.885496505239843e-13,0.5,0.1,0.073,0.7410958904109589,0.9187226027397261,2.1005340173785725,0.40353935025128856,2.4728340204821486,0.6961180541148745,10.877106721771373
right,50,8.885496505239843e-13,0.5,0.2,0.073,0.9178082191780822,0.9808178082191781,2.844285063091672,0.03166382739473872,2.4728340204821486,0.6961180541148745,21.428621829477542
right,50,8.885496505239843e-13,0.0,0.05,0.077,0.5136986301369864,0.806422602739726,1.459888161101463,0.6955999565297201,2.4728340204821486,0.7162816589213588,4.833138388519899
right,50,8.885496505239843e-13,0.0,0.1,0.077,0.7465753424657534,0.9188630136986301,2.0892956257064874,0.38089622422720787,2.4728340204821486,0.7162816589213588,12.717279887799279
right,50,8.885496505239843e-13,0.0,0.2,0.077,0.9205479452054794,0.9809061643835616,2.834310923618011,0.008388575271446097,2.4728340204821486,0.7162816589213588,26.52160180197232
right,51,8.64183724580414e-13,1.0,0.05,0.062,0.48424657534246573,0.8048027397260274,1.4987006110394308,0.7888485530643489,2.37233262788708,0.6386741289313048,3.865452570304195
right,51,8.64183724580414e-13,1.0,0.1,0.062,0.7328767123287672,0.9172030821917808,2.159735527892029,0.4583310946380497,2.37233262788708,0.6386741289313048,9.327934787122693
right,51,8.64183724580414e-13,1.0,0.2,0.062,0.915068493150685,0.9806746575342465,2.9108429630574477,0.08277737705534027,2.37233262788708,0.6386741289313048,18.087789213884186
right,51,8.64183724580414e-13,0.5,0.05,0.066,0.4945205479452055,0.8050561643835616,1.492526341952657,0.7599985523019159,2.37233262788708,0.6557451703596141,4.161135159212638
right,51,8.64183724580414e-13,0.5,0.1,0.066,0.7376712328767123,0.9173284246575343,2.1424441370210614,0.43503965476771383,2.37233262788708,0.6557451703596141,10.377773868953913
right,51,8.64183724580414e-13,0.5,0.2,0.066,0.9178082191780822,0.9808130136986302,2.896740427429342,0.057891509563573584,2.37233262788708,0.6557451703596141,20.67720038926044
right,51,8.64183724580414e-13,0.0,0.05,0.073,0.5027397260273972,0.8053,1.4606738876473622,0.7234694151168937,2.37233262788708,0.6750131786468512,4.583245024687909
right,51,8.64183724580414e-13,0.0,0.1,0.073,0.7458904109589041,0.9174606164383562,2.115419508477047,0.39609660470205127,2.37233262788708,0.6750131786468512,12.126797936231528
right,51,8.64183724580414e-13,0.0,0.2,0.073,0.9212328767123288,0.9809534246575342,2.867219627278227,0.02019654530146109,2.37233262788708,0.6750131786468512,25.60307369211948
right,52,9.40705846552703e-13,1.0,0.05,0.067,0.5,0.8085866438356164,1.4985130678799752,0.7492565339399876,2.352219654693496,0.6536086521061524,4.042391823127483
right,52,9.40705846552703e-13,1.0,0.1,0.067,0.7410958904109589,0.9191681506849315,2.1452407263179727,0.4258927047209888,2.352219654693496,0.6536086521061524,9.74890619669108
right,52,9.40705846552703e-13,1.0,0.2,0.067,0.9198630136986301,0.9807013698630137,2.9026637887781517,0.04718117349089934,2.352219654693496,0.6536086521061524,18.768904622210417
right,52,9.40705846552703e-13,0.5,0.05,0.07,0.5095890410958904,0.8088325342465753,1.4998295046150638,0.7258762758716387,2.352219654693496,0.6711458449880664,4.36034367719203
right,52,9.40705846552703e-13,0.5,0.1,0.07,0.7458904109589041,0.9193318493150685,2.1374041777156427,0.4070889393213492,2.352219654693496,0.6711458449880664,10.884372506074618
right,52,9.40705846552703e-13,0.5,0.2,0.07,0.9219178082191781,0.9808102739726028,2.8938813943012924,0.028850331028524523,2.352219654693496,0.6711458449880664,21.51332030961102
right,52,9.40705846552703e-13,0.0,0.05,0.074,0.5253424657534247,0.8090606164383561,1.5101989921475603,0.6915325710851984,2.352219654693496,0.6912217734747097,4.8186679316076235
right,52,9.40705846552703e-13,0.0,0.1,0.074,0.7527397260273972,0.9195243150684932,2.129768638815082,0.38174774775143755,2.352219654693496,0.6912217734747097,12.797064451809556
right,52,9.40705846552703e-13,0.0,0.2,0.074,0.923972602739726,0.9809130136986302,2.8789432135624127,0.007160460377772071,2.352219654693496,0.6912217734747097,26.75432070304618
right,53,9.028472414129851e-13,1.0,0.05,0.053,0.476027397260274,0.8090294520547945,1.5563097585247325,0.8382814918526558,2.650841649821098,0.6810127836318217,4.0375363960923485
right,53,9.028472414129851e-13,1.0,0.1,0.053,0.7253424657534246,0.9208191780821918,2.2152231671134963,0.508824787558274,2.650841649821098,0.6810127836318217,9.71318769653722
right,53,9.028472414129851e-13,1.0,0.2,0.053,0.9123287671232877,0.981354794520548,2.971672096603258,0.13060032281339296,2.650841649821098,0.6810127836318217,18.819809045439683
right,53,9.028472414129851e-13,0.5,0.05,0.058,0.4897260273972603,0.8090602739726027,1.5460309389821167,0.7987713470188015,2.650841649821098,0.7027746192720988,4.368314080358521
right,53,9.028472414129851e-13,0.5,0.1,0.058,0.7301369863013699,0.9208876712328767,2.1850141597241426,0.4792797366477886,2.650841649821098,0.7027746192720988,10.866689222431047
right,53,9.028472414129851e-13,0.5,0.2,0.058,0.9171232876712329,0.981386301369863,2.95776546061159,0.09290408620406476,2.650841649821098,0.7027746192720988,21.605211162971855
right,53,9.028472414129851e-13,0.0,0.05,0.068,0.5027397260273972,0.8091027397260274,1.4977208839534484,0.7419929132699368,2.650841649821098,0.7278395389589364,4.847715633691933
right,53,9.028472414129851e-13,0.0,0.1,0.068,0.7335616438356164,0.9209246575342466,2.1144740562191866,0.4336163271370677,2.650841649821098,0.7278395389589364,12.811767927896401
right,53,9.028472414129851e-13,0.0,0.2,0.068,0.9232876712328767,0.9814260273972603,2.9183921280027647,0.03165729124527861,2.650841649821098,0.7278395389589364,26.925142280012437
right,54,8.812291174553621e-13,1.0,0.05,0.062,0.4849315068493151,0.8026599315068493,1.5004187620403109,0.7879894775639088,2.619197541579865,0.7375271759828219,4.02070851956052
right,54,8.812291174553621e-13,1.0,0.1,0.062,0.7321917808219178,0.9162222602739726,2.1576541921892733,0.45937176248942746,2.619197541579865,0.7375271759828219,9.589389429937661
right,54,8.812291174553621e-13,1.0,0.2,0.062,0.9136986301369863,0.979304794520548,2.9020871077253547,0.087155304721387,2.619197541579865,0.7375271759828219,18.52634125398619
right,54,8.812291174553621e-13,0.5,0.05,0.074,0.49726027397260275,0.8027695205479453,1.439764538452191,0.726749797932883,2.619197541579865,0.7583560778540553,4.324630567851053
right,54,8.812291174553621e-13,0.5,0.1,0.074,0.739041095890411,0.9163030821917808,2.087024027654465,0.40312005333174594,2.619197541579865,0.7583560778540553,10.662923035826184
right,54,8.812291174553621e-13,0.5,0.2,0.074,0.9191780821917809,0.9793931506849315,2.8461963510109163,0.02353389165352049,2.619197541579865,0.7583560778540553,21.15840537803717
right,54,8.812291174553621e-13,0.0,0.05,0.08,0.5061643835616438,0.8029188356164384,1.420523993368267,0.6948095636254994,2.619197541579865,0.78193246110913,4.7541100751566585
right,54,8.812291174553621e-13,0.0,0.1,0.08,0.7424657534246575,0.9164058219178082,2.0560374701795325,0.3770528252198665,2.619197541579865,0.78193246110913,12.435179671520835
right,54,8.812291174553621e-13,0.0,0.2,0.08,0.9232876712328767,0.9794890410958904,2.8326103330657366,-0.011233606223235437,2.619197541579865,0.78193246110913,26.10025324401648
right,55,9.587712568315254e-13,1.0,0.05,0.069,0.5041095890410959,0.8115455479452055,1.4935815216153816,0.7364893665279298,2.328666199171546,0.6441001122465985,4.079519673472527
right,55,9.587712568315254e-13,1.0,0.1,0.069,0.7376712328767123,0.9192606164383562,2.1194625410784376,0.4235488567964019,2.328666199171546,0.6441001122465985,9.759679027738047
right,55,9.587712568315254e-13,1.0,0.2,0.069,0.9191780821917809,0.9814760273972603,2.882844411187558,0.04185792174184155,2.328666199171546,0.6441001122465985,18.776586967128477
right,55,9.587712568315254e-13,0.5,0.05,0.071,0.510958904109589,0.8116791095890411,1.4958571528347675,0.7204552218282763,2.328666199171546,0.6619726659996283,4.39598667756295
right,55,9.587712568315254e-13,0.5,0.1,0.071,0.7438356164383562,0.9193695205479452,2.1235996851123558,0.406583955689482,2.328666199171546,0.6619726659996283,10.87856782957945
right,55,9.587712568315254e-13,0.5,0.2,0.071,0.9212328767123288,0.9815849315068493,2.881797066583313,0.02748526495400372,2.328666199171546,0.6619726659996283,21.48942549520227
right,55,9.587712568315254e-13,0.0,0.05,0.074,0.5164383561643836,0.8118174657534246,1.4878485823130116,0.7027077760024727,2.328666199171546,0.6823822910868454,4.850902455890901
right,55,9.587712568315254e-13,0.0,0.1,0.074,0.7506849315068493,0.9195003424657534,2.1232787743260557,0.38499267999595077,2.328666199171546,0.6823822910868454,12.75771500112596
right,55,9.587712568315254e-13,0.0,0.2,0.074,0.923972602739726,0.9816917808219178,2.8789432135624127,0.007160460377772071,2.328666199171546,0.6823822910868454,26.662159969726602
right,56,8.593473155293907e-13,1.0,0.05,0.066,0.48835616438356166,0.8056198630136986,1.4770708105849804,0.7677263179857543,2.3202223686740338,0.6265368218303388,3.927352668950735
right,56,8.593473155293907e-13,1.0,0.1,0.066,0.7335616438356164,0.9178280821917808,2.12988242425077,0.4413205111528595,2.3202223686740338,0.6265368218303388,9.551789740163214
right,56,8.593473155293907e-13,1.0,0.2,0.066,0.910958904109589,0.9796815068493151,2.852945213405283,0.07978911657560306,2.3202223686740338,0.6265368218303388,18.4794189576852
right,56,8.593473155293907e-13,0.5,0.05,0.068,0.5034246575342466,0.8056746575342466,1.4994378040870568,0.7411344532031325,2.3202223686740338,0.6447483047765483,4.230768915336016
right,56,8.593473155293907e-13,0.5,0.1,0.068,0.7404109589041096,0.9178520547945206,2.135466241153727,0.4231202346697975,2.3202223686740338,0.6447483047765483,10.62625032565032
right,56,8.593473155293907e-13,0.5,0.2,0.068,0.9164383561643835,0.9797246575342465,2.872359832377044,0.05467343905813893,2.3202223686740338,0.6447483047765483,21.104240344334816
right,56,8.593473155293907e-13,0.0,0.05,0.07,0.513013698630137,0.8057486301369863,1.5084173205107125,0.7215823679238144,2.3202223686740338,0.6654394010211611,4.661881367457501
right,56,8.593473155293907e-13,0.0,0.1,0.07,0.7465753424657534,0.9179109589041096,2.1395426168052065,0.4060197197765674,2.3202223686740338,0.6654394010211611,12.404948836094412
right,56,8.593473155293907e-13,0.0,0.2,0.07,0.9191780821917809,0.9797794520547946,2.8753553120311084,0.03811337216361654,2.3202223686740338,0.6654394010211611,26.056667299209117
right,57,8.570366638593896e-13,1.0,0.05,0.061,0.4876712328767123,0.8048092465753425,1.515524565341583,0.7886708395859565,2.467359593923916,0.6547888131432529,3.9723496891131505
right,57,8.570366638593896e-13,1.0,0.1,0.061,0.7239726027397261,0.916493493150685,2.1411170091353027,0.4758746176890967,2.467359593923916,0.6547888131432529,9.613598451225833
right,57,8.570366638593896e-13,1.0,0.2,0.061,0.9143835616438356,0.9805880136986301,2.914686186939077,0.08909002878720951,2.467359593923916,0.6547888131432529,18.622369545115248
right,57,8.570366638593896e-13,0.5,0.05,0.067,0.4986301369863014,0.805025,1.4950793237698292,0.7509734059950606,2.467359593923916,0.6717359583235442,4.265613366471615
right,57,8.570366638593896e-13,0.5,0.1,0.067,0.7328767123287672,0.916711301369863,2.12004973718794,0.4384881992860052,2.467359593923916,0.6717359583235442,10.665645325998335
right,57,8.570366638593896e-13,0.5,0.2,0.067,0.9178082191780822,0.9807071917808219,2.8889917720310727,0.054017181864438935,2.467359593923916,0.6717359583235442,21.215748792348354
right,57,8.570366638593896e-13,0.0,0.05,0.072,0.5068493150684932,0.8052674657534247,1.4782257995377226,0.7219433694180452,2.467359593923916,0.6908328374726533,4.679670467566345
right,57,8.570366638593896e-13,0.0,0.1,0.072,0.7417808219178083,0.9168914383561644,2.109901596456835,0.40610547095848915,2.467359593923916,0.6908328374726533,12.40045078177297
right,57,8.570366638593896e-13,0.0,0.2,0.072,0.9212328767123288,0.9808325342465753,2.874469537524559,0.02382150042462694,2.467359593923916,0.6908328374726533,26.08099315481372
right,58,8.489701996960974e-13,1.0,0.05,0.064,0.5068493150684932,0.8087979452054794,1.5392057720866723,0.75243335569252,2.474433653746673,0.6740927810766694,4.12866249029097
right,58,8.489701996960974e-13,1.0,0.1,0.064,0.7383561643835617,0.9214366438356164,2.1603220150282314,0.4418752342217405,2.474433653746673,0.6740927810766694,9.81900290531849
right,58,8.489701996960974e-13,1.0,0.2,0.064,0.9157534246575343,0.9813996575342466,2.8990980129674693,0.07248723525212153,2.474433653746673,0.6740927810766694,18.773641053729516
right,58,8.489701996960974e-13,0.5,0.05,0.071,0.5150684931506849,0.8088657534246575,1.5061638947894134,0.7153018508509533,2.474433653746673,0.6944191431059157,4.460128289431881
right,58,8.489701996960974e-13,0.5,0.1,0.071,0.7486301369863013,0.9215154109589041,2.1385690158990673,0.39909929029612623,2.474433653746673,0.6944191431059157,10.960480131987628
right,58,8.489701996960974e-13,0.5,0.2,0.071,0.9212328767123288,0.9814503424657535,2.881797066583313,0.02748526495400372,2.474433653746673,0.6944191431059157,21.514627556254283
right,58,8.489701996960974e-13,0.0,0.05,0.075,0.5226027397260274,0.8089205479452055,1.4962184826289036,0.6914222296240046,2.474433653746673,0.7176704130701508,4.938590987825315
right,58,8.489701996960974e-13,0.0,0.1,0.075,0.7547945205479452,0.9216078767123288,2.129186808147761,0.3749380668645758,2.474433653746673,0.7176704130701508,12.882393455059365
right,58,8.489701996960974e-13,0.0,0.2,0.075,0.9253424657534246,0.981525,2.881486471960896,-0.0012117650419916082,2.474433653746673,0.7176704130701508,26.76924565565773
right,59,1.0512597736767049e-12,1.0,0.05,0.07,0.4808219178082192,0.805061301369863,1.4277001746714288,0.7619409408434562,2.6184843049302593,0.7105606913409156,4.025905651444895
right,59,1.0512597736767049e-12,1.0,0.1,0.07,0.7246575342465753,0.9177541095890411,2.072525113949178,0.43952847120458166,2.6184843049302593,0.7105606913409156,9.60081136643114
right,59,1.0512597736767049e-12,1.0,0.2,0.07,0.9075342465753424,0.9791400684931507,2.8015139052879645,0.07503407553518848,2.6184843049302593,0.7105606913409156,18.450385789903063
right,59,1.0512597736767049e-12,0.5,0.05,0.075,0.4863013698630137,0.8052654109589041,1.4051873469174452,0.7369377974797338,2.6184843049302593,0.7288032459639378,4.32123397917212
right,59,1.0512597736767049e-12,0.5,0.1,0.075,0.7321917808219178,0.9179116438356164,2.0589868045436654,0.4100380686666235,2.6184843049302593,0.7288032459639378,10.662414266599606
right,59,1.0512597736767049e-12,0.5,0.2,0.075,0.9116438356164384,0.9793010273972603,2.7904787275998166,0.04429210713854803,2.6184843049302593,0.7288032459639378,21.075190204084617
right,59,1.0512597736767049e-12,0.0,0.05,0.076,0.4958904109589041,0.8055058219178082,1.422201326546051,0.7214020575527862,2.6184843049302593,0.7494214056360765,4.7405635817096
right,59,1.0512597736767049e-12,0.0,0.1,0.076,0.739041095890411,0.9181013698630137,2.0728946813212983,0.3960553801651625,2.6184843049302593,0.7494214056360765,12.430967691046785
right,59,1.0512597736767049e-12,0.0,0.2,0.076,0.9171232876712329,0.9794626712328767,2.8184813649275418,0.02326203836204066,2.6184843049302593,0.7494214056360765,26.0505099203293
right,60,8.671258155956707e-13,1.0,0.05,0.065,0.48904109589041095,0.8036037671232876,1.486628533030176,0.7707876211041955,2.5070526373871505,0.6755496644116317,4.040444412298476
right,60,8.671258155956707e-13,1.0,0.1,0.065,0.7383561643835617,0.9176893835616439,2.152387660911659,0.4379080571634542,2.5070526373871505,0.6755496644116317,9.69136635621051
right,60,8.671258155956707e-13,1.0,0.2,0.065,0.9157534246575343,0.9802719178082192,2.8911636588508967,0.06852005819383522,2.5070526373871505,0.6755496644116317,18.666550118112255
right,60,8.671258155956707e-13,0.5,0.05,0.07,0.49794520547945204,0.8037722602739726,1.4706403993620132,0.740470828498164,2.5070526373871505,0.6936675180116365,4.351242908721741
right,60,8.671258155956707e-13,0.5,0.1,0.07,0.7438356164383562,0.9178544520547945,2.131006915045867,0.41028757065623733,2.5070526373871505,0.6936675180116365,10.797605561578106
right,60,8.671258155956707e-13,0.5,0.2,0.07,0.9184931506849315,0.9803369863013699,2.870798127864126,0.04039196424710745,2.5070526373871505,0.6936675180116365,21.360515219188322
right,60,8.671258155956707e-13,0.0,0.05,0.076,0.5041095890410959,0.8040092465753425,1.4428041151055726,0.7111006632730253,2.5070526373871505,0.7141928844665325,4.799240946630501
right,60,8.671258155956707e-13,0.0,0.1,0.076,0.7527397260273972,0.9180188356164384,2.115639292481915,0.3746830745848541,2.5070526373871505,0.7141928844665325,12.65656261549652
right,60,8.671258155956707e-13,0.0,0.2,0.076,0.9219178082191781,0.980427397260274,2.8505930869479332,0.007206177351845033,2.5070526373871505,0.7141928844665325,26.50739223069187
right,61,9.087348928904504e-13,1.0,0.05,0.074,0.5041095890410959,0.807261301369863,1.4569334614387395,0.7181653364396088,2.5251402688698685,0.7351094115037832,4.210235992135296
right,61,9.087348928904504e-13,1.0,0.1,0.074,0.7438356164383562,0.921327397260274,2.1018479540256747,0.3957080901461413,2.5251402688698685,0.7351094115037832,9.962861971586365
right,61,9.087348928904504e-13,1.0,0.2,0.074,0.9226027397260274,0.9810578767123288,2.8694307595494593,0.01191668738424878,2.5251402688698685,0.7351094115037832,18.99489794371077
right,61,9.087348928904504e-13,0.5,0.05,0.076,0.5136986301369864,0.8074948630136987,1.466846844846823,0.6990792984024001,2.5251402688698685,0.7553127239312831,4.545698850053563
right,61,9.087348928904504e-13,0.5,0.1,0.076,0.7513698630136987,0.9214712328767123,2.1113095376434683,0.37684795200407745,2.5251402688698685,0.7553127239312831,11.119464032649795
right,61,9.087348928904504e-13,0.5,0.2,0.076,0.9273972602739726,0.9811729452054795,2.889180018115746,-0.0120872882320614,2.5251402688698685,0.7553127239312831,21.77905662812566
right,61,9.087348928904504e-13,0.0,0.05,0.083,0.5219178082191781,0.8077311643835616,1.4401390734600943,0.6651020714833882,2.5251402688698685,0.7785441571216144,5.0284868534751554
right,61,9.087348928904504e-13,0.0,0.1,0.083,0.7595890410958904,0.9216,2.0901528371585405,0.340095189634165,2.5251402688698685,0.7785441571216144,13.05457212542665
right,61,9.087348928904504e-13,0.0,0.2,0.083,0.9315068493150684,0.9812784246575342,2.8722795612391128,-0.05096817240612106,2.5251402688698685,0.7785441571216144,27.05364284443676
right,62,8.040304533274423e-13,1.0,0.05,0.066,0.4965753424657534,0.8068647260273972,1.4976772744378486,0.7574230860593202,2.679239415265769,0.7325701021670571,4.220949886929625
right,62,8.040304533274423e-13,1.0,0.1,0.066,0.7363013698630136,0.9212691780821918,2.138245833547781,0.43713880650435394,2.679239415265769,0.7325701021670571,9.8602007344564
right,62,8.040304533274423e-13,1.0,0.2,0.066,0.9205479452054794,0.9812541095890411,2.9150286098158036,0.04874741837034258,2.679239415265769,0.7325701021670571,18.790999424277725
right,62,8.040304533274423e-13,0.5,0.05,0.071,0.5095890410958904,0.8070393835616438,1.4924222746815532,0.7221726609048834,2.679239415265769,0.7531006900245839,4.549360605438108
right,62,8.040304533274423e-13,0.5,0.1,0.071,0.7465753424657534,0.9213657534246575,2.132135386871696,0.4023161048098121,2.679239415265769,0.7531006900245839,10.983287039984123
right,62,8.040304533274423e-13,0.5,0.2,0.071,0.9246575342465754,0.9813102739726027,2.9055001648111105,0.015633715840104867,2.679239415265769,0.7531006900245839,21.506669902102253
right,62,8.040304533274423e-13,0.0,0.05,0.075,0.5171232876712328,0.8071722602739726,1.482466375400033,0.6982982832384399,2.679239415265769,0.7764575729411513,5.019333011870018
right,62,8.040304533274423e-13,0.0,0.1,0.075,0.7527397260273972,0.9214732876712328,2.12266804259456,0.37819744964117646,2.679239415265769,0.7764575729411513,12.860527519541849
right,62,8.040304533274423e-13,0.0,0.2,0.075,0.9273972602739726,0.9813828767123288,2.896208768228391,-0.00857291317573905,2.679239415265769,0.7764575729411513,26.66339290934817
right,63,9.119476007679594e-13,1.0,0.05,0.065,0.49794520547945204,0.8072260273972602,1.508951258802126,0.7596262582182205,2.5487072735586955,0.7206196426777831,4.082353829099992
right,63,9.119476007679594e-13,1.0,0.1,0.065,0.736986301369863,0.9189150684931506,2.148183752603117,0.44001001131772505,2.5487072735586955,0.7206196426777831,9.657274182570374
right,63,9.119476007679594e-13,1.0,0.2,0.065,0.9143835616438356,0.9800712328767124,2.8823549523016125,0.07292441146847728,2.5487072735586955,0.7206196426777831,18.496434416828592
right,63,9.119476007679594e-13,0.5,0.05,0.074,0.5123287671232877,0.8074910958904109,1.4775406240741435,0.7078617551219067,2.5487072735586955,0.7388398276125372,4.402053081960492
right,63,9.119476007679594e-13,0.5,0.1,0.074,0.7438356164383562,0.9191006849315069,2.1018479540256747,0.3957080901461413,2.5487072735586955,0.7388398276125372,10.776382113018599
right,63,9.119476007679594e-13,0.5,0.2,0.074,0.9198630136986301,0.9802280821917808,2.8507827880571552,0.02124067313040101,2.5487072735586955,0.7388398276125372,21.213800394003165
right,63,9.119476007679594e-13,0.0,0.05,0.076,0.5205479452054794,0.8077835616438356,1.4840315756164117,0.6904869330176058,2.5487072735586955,0.7594458653584607,4.859191248930652
right,63,9.119476007679594e-13,0.0,0.1,0.076,0.7506849315068493,0.9193130136986302,2.1091494279928886,0.37792800682936734,2.5487072735586955,0.7594458653584607,12.638073510203595
right,63,9.119476007679594e-13,0.0,0.2,0.076,0.9246575342465754,0.9804376712328767,2.869619087391262,-0.002306822869819314,2.5487072735586955,0.7594458653584607,26.335056659133496
right,64,9.57005308332981e-13,1.0,0.05,0.066,0.4986301369863014,0.8103469178082192,1.5028279791680985,0.7548477336941952,2.429209109860845,0.6631899382903946,4.0462440917631275
right,64,9.57005308332981e-13,1.0,0.1,0.066,0.7417808219178083,0.9198928082191781,2.155107050548173,0.42870819800415816,2.429209109860845,0.6631899382903946,9.651728682954445
right,64,9.57005308332981e-13,1.0,0.2,0.066,0.9198630136986301,0.9816232876712329,2.910412444176421,0.05105550119003399,2.429209109860845,0.6631899382903946,18.613041036106463
right,64,9.57005308332981e-13,0.5,0.05,0.075,0.5123287671232877,0.8104640410958904,1.4704400278536214,0.7043114570116457,2.429209109860845,0.681606920051473,4.358632435727388
right,64,9.57005308332981e-13,0.5,0.1,0.075,0.7465753424657534,0.9199866438356165,2.1032830595644922,0.3878899411562103,2.429209109860845,0.681606920051473,10.75493395859077
right,64,9.57005308332981e-13,0.5,0.2,0.075,0.9226027397260274,0.9816739726027397,2.862330163328937,0.008366389273987695,2.429209109860845,0.681606920051473,21.300365663745012
right,64,9.57005308332981e-13,0.0,0.05,0.081,0.5198630136986301,0.810597602739726,1.4481864013535777,0.6742834201207066,2.429209109860845,0.7026742290872466,4.800374273739409
right,64,9.57005308332981e-13,0.0,0.1,0.081,0.75,0.9200907534246575,2.072866370993577,0.3619434353007069,2.429209109860845,0.7026742290872466,12.57463742085724
right,64,9.57005308332981e-13,0.0,0.2,0.081,0.9267123287671233,0.9817397260273972,2.850111480627923,-0.026679119516465954,2.429209109860845,0.7026742290872466,26.335957021676126
right,65,1.0429226926511603e-12,1.0,0.05,0.072,0.49246575342465754,0.8074342465753425,1.4421695909193384,0.7399714737272373,2.538476713123174,0.6906547069947149,4.166231119544448
right,65,1.0429226926511603e-12,1.0,0.1,0.072,0.736986301369863,0.9180455479452054,2.09513813417074,0.4134872021015365,2.538476713123174,0.6906547069947149,9.857674839429793
right,65,1.0429226926511603e-12,1.0,0.2,0.072,0.9136986301369863,0.9808445205479452,2.8249445183281967,0.0485840100228081,2.538476713123174,0.6906547069947149,18.89911763204304
right,65,1.0429226926511603e-12,0.5,0.05,0.075,0.5047945205479452,0.8076267123287671,1.4515498410256387,0.713756550425637,2.538476713123174,0.7114015719232529,4.499945765285541
right,65,1.0429226926511603e-12,0.5,0.1,0.075,0.7472602739726028,0.9181571917808219,2.105424538256505,0.38681920181020396,2.538476713123174,0.7114015719232529,11.01284741214685
right,65,1.0429226926511603e-12,0.5,0.2,0.075,0.9184931506849315,0.9809287671232877,2.834538570623412,0.022262185626750308,2.538476713123174,0.7114015719232529,21.68585588142256
right,65,1.0429226926511603e-12,0.0,0.05,0.08,0.5157534246575343,0.8078219178082192,1.4445698078542664,0.6827866563824997,2.538476713123174,0.7353168439195219,4.98238780713672
right,65,1.0429226926511603e-12,0.0,0.1,0.08,0.7520547945205479,0.9183106164383562,2.086041658795902,0.36205073091168194,2.538476713123174,0.7353168439195219,12.963123553700578
right,65,1.0429226926511603e-12,0.0,0.2,0.08,0.9260273972602739,0.9810417808219178,2.8518991929329136,-0.02087803615682382,2.538476713123174,0.7353168439195219,27.024655516715427
right,66,8.357342595743944e-13,1.0,0.05,0.07,0.4965753424657534,0.8065109589041096,1.4672065793387747,0.7421877385097833,2.3905018441951964,0.635671625324607,3.9477738169735845
right,66,8.357342595743944e-13,1.0,0.1,0.07,0.7315068493150685,0.9178082191780822,2.0931677060842597,0.4292071751370407,2.3905018441951964,0.635671625324607,9.474722904344294
right,66,8.357342595743944e-13,1.0,0.2,0.07,0.9164383561643835,0.9806232876712329,2.8572975053095537,0.04714227552439376,2.3905018441951964,0.635671625324607,18.298077036302377
right,66,8.357342595743944e-13,0.5,0.05,0.075,0.5034246575342466,0.8065938356164384,1.4481159197788522,0.7154735110490302,2.3905018441951964,0.6532786173201232,4.257403879443706
right,66,8.357342595743944e-13,0.5,0.1,0.075,0.736986301369863,0.9179198630136987,2.07361333592229,0.40272480297731145,2.3905018441951964,0.6532786173201232,10.573600669339905
right,66,8.357342595743944e-13,0.5,0.2,0.075,0.9184931506849315,0.9807013698630137,2.834538570623412,0.022262185626750308,2.3905018441951964,0.6532786173201232,20.993209364583404
right,66,8.357342595743944e-13,0.0,0.05,0.078,0.5116438356164383,0.8067582191780822,1.447844618866002,0.6947313967397368,2.3905018441951964,0.6733313822286459,4.701067973646536
right,66,8.357342595743944e-13,0.0,0.1,0.078,0.7404109589041096,0.9180301369863013,2.063266592079804,0.3870204101328359,2.3905018441951964,0.6733313822286459,12.408524524787405
right,66,8.357342595743944e-13,0.0,0.2,0.078,0.923972602739726,0.9807869863013698,2.850964852576172,-0.006828720115348297,2.3905018441951964,0.6733313822286459,26.11782971993818
right,67,8.218113689562045e-13,1.0,0.05,0.065,0.5,0.8092993150684932,1.5141018876192835,0.7570509438096418,2.378422686847063,0.6597780242621464,4.080700423025868
right,67,8.218113689562045e-13,1.0,0.1,0.065,0.7493150684931507,0.920288698630137,2.1864378143286856,0.42088298045494077,2.378422686847063,0.6597780242621464,9.731824252382733
right,67,8.218113689562045e-13,1.0,0.2,0.065,0.9157534246575343,0.9815130136986301,2.8911636588508967,0.06852005819383522,2.378422686847063,0.6597780242621464,18.686134926374528
right,67,8.218113689562045e-13,0.5,0.05,0.07,0.5061643835616438,0.8093671232876712,1.4912434612378047,0.7301692975602683,2.378422686847063,0.6783105291427562,4.391355797957369
right,67,8.218113689562045e-13,0.5,0.1,0.07,0.7527397260273972,0.9203893835616438,2.158927599835274,0.3963272282615336,2.378422686847063,0.6783105291427562,10.815406519677698
right,67,8.218113689562045e-13,0.5,0.2,0.07,0.9205479452054794,0.9815849315068493,2.88455791471673,0.03351207082080565,2.378422686847063,0.6783105291427562,21.316631170218567
right,67,8.218113689562045e-13,0.0,0.05,0.074,0.5143835616438356,0.8095130136986302,1.4826941242231593,0.7052850050473989,2.378422686847063,0.6994740410659886,4.837953113374515
right,67,8.218113689562045e-13,0.0,0.1,0.074,0.7589041095890411,0.920456506849315,2.149413803344537,0.3719251654867099,2.378422686847063,0.6994740410659886,12.632983996951435
right,67,8.218113689562045e-13,0.0,0.2,0.074,0.9246575342465754,0.9816527397260274,2.8837484337244286,0.004757850296764121,2.378422686847063,0.6994740410659886,26.328039896479126
right,68,9.459932837074803e-13,1.0,0.05,0.072,0.4910958904109589,0.8042318493150685,1.4387351229450567,0.7416887077143781,2.5431194322980484,0.6877876359766881,4.093902613171689
right,68,9.459932837074803e-13,1.0,0.1,0.072,0.7232876712328767,0.9165301369863014,2.0536924537770243,0.4342100422983944,2.5431194322980484,0.6877876359766881,9.655571841749024
right,68,9.459932837074803e-13,1.0,0.2,0.072,0.9089041095890411,0.9792328767123287,2.7950931167625965,0.06350971080560808,2.5431194322980484,0.6877876359766881,18.551642314285154
right,68,9.459932837074803e-13,0.5,0.05,0.075,0.4952054794520548,0.8044907534246576,1.427513100851274,0.7257749205128193,2.5431194322980484,0.7057474066238201,4.406313790827137
right,68,9.459932837074803e-13,0.5,0.1,0.075,0.7349315068493151,0.9166732876712329,2.0673283875081383,0.40586727718438714,2.5431194322980484,0.7057474066238201,10.750322304634413
right,68,9.459932837074803e-13,0.5,0.2,0.075,0.910958904109589,0.9793287671232876,2.786214961065495,0.04642399040570899,2.5431194322980484,0.7057474066238201,21.223110588345204
right,68,9.459932837074803e-13,0.0,0.05,0.077,0.5061643835616438,0.804725,1.4409964701390856,0.7050458020109087,2.5431194322980484,0.7259030236131002,4.855492671922898
right,68,9.459932837074803e-13,0.0,0.1,0.077,0.7404109589041096,0.9168828767123288,2.0701569229875174,0.39046557558669276,2.5431194322980484,0.7259030236131002,12.59783691602019
right,68,9.459932837074803e-13,0.0,0.2,0.077,0.9157534246575343,0.979458904109589,2.8026058083120646,0.024241132924419206,2.5431194322980484,0.7259030236131002,26.34880139066486
right,69,8.245626403891038e-13,1.0,0.05,0.077,0.5006849315068493,0.8037397260273973,1.4272609066051578,0.7119135837778726,2.594686298652826,0.729872685712458,4.146149780579397
right,69,8.245626403891038e-13,1.0,0.1,0.077,0.7376712328767123,0.9180061643835616,2.061726450823268,0.39468081166881736,2.594686298652826,0.729872685712458,9.828663860530604
right,69,8.245626403891038e-13,1.0,0.2,0.077,0.910958904109589,0.9796047945205479,2.77222752720749,0.03943027347670658,2.594686298652826,0.729872685712458,18.782957485633304
right,69,8.245626403891038e-13,0.5,0.05,0.083,0.510958904109589,0.8038979452054794,1.4126449628025428,0.6788491268121639,2.594686298652826,0.7525542699025559,4.466588320402642
right,69,8.245626403891038e-13,0.5,0.1,0.083,0.7452054794520548,0.9180801369863014,2.04464933989495,0.36284693826596026,2.594686298652826,0.7525542699025559,10.942694941015416
right,69,8.245626403891038e-13,0.5,0.2,0.083,0.913013698630137,0.9797315068493151,2.7447208725119863,0.012811171957442191,2.594686298652826,0.7525542699025559,21.4792782153404
right,69,8.245626403891038e-13,0.0,0.05,0.085,0.5232876712328767,0.804082191780822,1.4306105347638474,0.6568985416168024,2.594686298652826,0.7785448406418599,4.923006297423797
right,69,8.245626403891038e-13,0.0,0.1,0.085,0.7561643835616438,0.9182212328767123,2.0662213112669106,0.3390931533652708,2.594686298652826,0.7785448406418599,12.799837890115153
right,69,8.245626403891038e-13,0.0,0.2,0.085,0.9205479452054794,0.9798534246575342,2.7809706955362854,-0.018281538769416628,2.594686298652826,0.7785448406418599,26.574198515473825
right,70,9.478529072737274e-13,1.0,0.05,0.073,0.5150684931506849,0.8090969178082191,1.491586455484328,0.7080131311984107,2.298297066814504,0.6697005154587449,3.9855440430688347
right,70,9.478529072737274e-13,1.0,0.1,0.073,0.7431506849315068,0.9194047945205479,2.1068957827701786,0.4003584675554854,2.298297066814504,0.6697005154587449,9.498025150499222
right,70,9.478529072737274e-13,1.0,0.2,0.073,0.9178082191780822,0.9807780821917809,2.844285063091672,0.03166382739473872,2.298297066814504,0.6697005154587449,18.31064744569609
right,70,9.478529072737274e-13,0.5,0.05,0.078,0.5232876712328767,0.8091489726027398,1.477060431937859,0.6801234902038082,2.298297066814504,0.6884196359338257,4.291561243512572
right,70,9.478529072737274e-13,0.5,0.1,0.078,0.7493150684931507,0.919472602739726,2.09098963288214,0.3731588897316679,2.298297066814504,0.6884196359338257,10.581581616059067
right,70,9.478529072737274e-13,0.5,0.2,0.078,0.9212328767123288,0.9808664383561644,2.8320669745103904,0.002620218917542605,2.298297066814504,0.6884196359338257,20.963287715914756
right,70,9.478529072737274e-13,0.0,0.05,0.085,0.5294520547945205,0.8092215753424657,1.4460963507946991,0.6491556336013765,2.298297066814504,0.7096951955066608,4.7304374295317535
right,70,9.478529072737274e-13,0.0,0.1,0.085,0.7568493150684932,0.9195897260273973,2.0684073508985605,0.33800013354944586,2.298297066814504,0.7096951955066608,12.392927227390025
right,70,9.478529072737274e-13,0.0,0.2,0.085,0.9232876712328767,0.9809602739726028,2.79974258175483,-0.027667481878688838,2.298297066814504,0.7096951955066608,26.02062021639638
right,71,8.416600749683312e-13,1.0,0.05,0.065,0.4965753424657534,0.8082294520547946,1.5055174387788877,0.7613431682298397,2.59950582742413,0.7288841549567004,4.154139664886087
right,71,8.416600749683312e-13,1.0,0.1,0.065,0.7363013698630136,0.921913698630137,2.1460859978888203,0.4410588886748735,2.59950582742413,0.7288841549567004,9.833152381056902
right,71,8.416600749683312e-13,1.0,0.2,0.065,0.9136986301369863,0.9803832191780822,2.877990136760574,0.07510681923899665,2.59950582742413,0.7288841549567004,18.846220917285944
right,71,8.416600749683312e-13,0.5,0.05,0.069,0.5068493150684932,0.808422602739726,1.5004496576864368,0.7330552984924023,2.59950582742413,0.7483507152432357,4.466392559698107
right,71,8.416600749683312e-13,0.5,0.1,0.069,0.7431506849315068,0.9220315068493151,2.1363695511652248,0.4150953517530083,2.59950582742413,0.7483507152432357,10.924317386825575
right,71,8.416600749683312e-13,0.5,0.2,0.069,0.9191780821917809,0.9804852739726028,2.882844411187558,0.04185792174184155,2.59950582742413,0.7483507152432357,21.49890917258675
right,71,8.416600749683312e-13,0.0,0.05,0.074,0.5143835616438356,0.8086205479452054,1.4826941242231593,0.7052850050473989,2.59950582742413,0.770510102075275,4.912756003466759
right,71,8.416600749683312e-13,0.0,0.1,0.074,0.7513698630136987,0.9221541095890411,2.1254388839766354,0.3839126251706609,2.59950582742413,0.770510102075275,12.736481963920903
right,71,8.416600749683312e-13,0.0,0.2,0.074,0.9232876712328767,0.9806119863013698,2.8741708399150823,0.009546647201437386,2.59950582742413,0.770510102075275,26.501965816732287
right,72,9.325387684278041e-13,1.0,0.05,0.069,0.5027397260273972,0.8073897260273972,1.490147656042408,0.7382062993144166,2.5509137290892743,0.7152088743476985,4.115344321722569
right,72,9.325387684278041e-13,1.0,0.1,0.069,0.7356164383561644,0.9192061643835616,2.1131692603055434,0.426695497182849,2.5509137290892743,0.7152088743476985,9.711512968497248
right,72,9.325387684278041e-13,1.0,0.2,0.069,0.9198630136986301,0.9818623287671233,2.887430848233797,0.039564703218722075,2.5509137290892743,0.7152088743476985,18.59222680769805
right,72,9.325387684278041e-13,0.5,0.05,0.072,0.513013698630137,0.8075308219178082,1.4936825615184484,0.7142149884276823,2.5509137290892743,0.7354732743642487,4.432560166861249
right,72,9.325387684278041e-13,0.5,0.1,0.072,0.7431506849315068,0.9193054794520548,2.1141456930165106,0.4039834226786512,2.5509137290892743,0.7354732743642487,10.820159267166016
right,72,9.325387684278041e-13,0.5,0.2,0.072,0.9253424657534246,0.9819513698630137,2.903011270209346,0.009550634082233445,2.5509137290892743,0.7354732743642487,21.27331335794542
right,72,9.325387684278041e-13,0.0,0.05,0.075,0.5226027397260274,0.8076965753424658,1.4962184826289036,0.6914222296240046,2.5509137290892743,0.7585320642912208,4.884504083063905
right,72,9.325387684278041e-13,0.0,0.1,0.075,0.7547945205479452,0.9194164383561644,2.129186808147761,0.3749380668645758,2.5509137290892743,0.7585320642912208,12.65987703257454
right,72,9.325387684278041e-13,0.0,0.2,0.075,0.928082191780822,0.9820684931506849,2.9011870473663715,-0.011062052744729378,2.5509137290892743,0.7585320642912208,26.33175465127825
right,73,9.613906892802504e-13,1.0,0.05,0.062,0.4945205479452055,0.806232191780822,1.5244634772584769,0.7759671199548258,2.6679558433765025,0.731784278316102,4.087888453692178
right,73,9.613906892802504e-13,1.0,0.1,0.062,0.736986301369863,0.9186931506849315,2.172280723567898,0.4520584968001154,2.6679558433765025,0.731784278316102,9.664181653834508
right,73,9.613906892802504e-13,1.0,0.2,0.062,0.9061643835616439,0.9791856164383561,2.855698405400722,0.11034965588370316,2.6679558433765025,0.731784278316102,18.433122296770414
right,73,9.613906892802504e-13,0.5,0.05,0.069,0.5013698630136987,0.8064527397260274,1.4867138714457668,0.7399231916127372,2.6679558433765025,0.7528774569141403,4.409606495747052
right,73,9.613906892802504e-13,0.5,0.1,0.069,0.7397260273972602,0.9188246575342466,2.1257811196690595,0.42038956750109086,2.6679558433765025,0.7528774569141403,10.787866055216341
right,73,9.613906892802504e-13,0.5,0.2,0.069,0.9102739726027397,0.9792849315068494,2.825724193639018,0.07041803051611162,2.6679558433765025,0.7528774569141403,21.13952036348317
right,73,9.613906892802504e-13,0.0,0.05,0.074,0.5082191780821917,0.8066787671232877,1.467235949034348,0.7130140926418045,2.6679558433765025,0.7771167932278672,4.871151994363803
right,73,9.613906892802504e-13,0.0,0.1,0.074,0.7479452054794521,0.9189828767123288,2.1146696712735658,0.38929723152219553,2.6679558433765025,0.7771167932278672,12.674395065253254
right,73,9.613906892802504e-13,0.0,0.2,0.074,0.9171232876712329,0.9794041095890411,2.832610711260709,0.030326711528624095,2.6679558433765025,0.7771167932278672,26.320221288267636
right,74,9.488000662916107e-13,1.0,0.05,0.062,0.5034246575342466,0.8096082191780822,1.5467833074244601,0.7648072048718342,2.387114853940513,0.6627812601132447,4.172082187731374
right,74,9.488000662916107e-13,1.0,0.1,0.062,0.7458904109589041,0.9213126712328767,2.1998120081205363,0.438292854523796,2.387114853940513,0.6627812601132447,9.991863170622755
right,74,9.488000662916107e-13,1.0,0.2,0.062,0.9178082191780822,0.9807534246575342,2.9286775627351616,0.07386007721648347,2.387114853940513,0.6627812601132447,19.14763005424426
right,74,9.488000662916107e-13,0.5,0.05,0.071,0.513013698630137,0.8097541095890411,1.501010090577202,0.717878752957059,2.387114853940513,0.6825530548349776,4.506799258212974
right,74,9.488000662916107e-13,0.5,0.1,0.071,0.7520547945205479,0.9213873287671233,2.1493538967319292,0.3937068498796955,2.387114853940513,0.6825530548349776,11.152296796359302
right,74,9.488000662916107e-13,0.5,0.2,0.071,0.9212328767123288,0.9807938356164384,2.881797066583313,0.02748526495400372,2.387114853940513,0.6825530548349776,21.927741300716598
right,74,9.488000662916107e-13,0.0,0.05,0.081,0.5226027397260274,0.8099157534246575,1.4550636324879427,0.6708448045535241,2.387114853940513,0.7053081671761604,4.986984973879941
right,74,9.488000662916107e-13,0.0,0.1,0.081,0.7561643835616438,0.9214825342465753,2.09239412306568,0.3521795592646555,2.387114853940513,0.7053081671761604,13.092086843416732
right,74,9.488000662916107e-13,0.0,0.2,0.081,0.923972602739726,0.9808438356164384,2.8306877672009296,-0.01696726280296945,2.387114853940513,0.7053081671761604,27.17566743216868
right,75,9.119198451923438e-13,1.0,0.05,0.069,0.49794520547945204,0.8109232876712329,1.4781294985184632,0.744215378076389,2.550386605726012,0.7143231803219756,4.265657051236486
right,75,9.119198451923438e-13,1.0,0.1,0.069,0.7465753424657534,0.9202417808219178,2.1470317159616563,0.40976426935479243,2.550386605726012,0.7143231803219756,10.115646776512119
right,75,9.119198451923438e-13,1.0,0.2,0.069,0.9157534246575343,0.9816821917808219,2.860341898567234,0.05310917805200377,2.550386605726012,0.7143231803219756,19.40053837940126
right,75,9.119198451923438e-13,0.5,0.05,0.075,0.5068493150684932,0.811158904109589,1.4567010012892725,0.7111809702938201,2.550386605726012,0.7328656910057809,4.586643126437253
right,75,9.119198451923438e-13,0.5,0.1,0.075,0.7506849315068493,0.9203650684931507,2.1161781781055335,0.3814423818856897,2.550386605726012,0.7328656910057809,11.240670393693145
right,75,9.119198451923438e-13,0.5,0.2,0.075,0.9219178082191781,0.9817671232876712,2.857621837060578,0.010720552408167383,2.550386605726012,0.7328656910057809,22.12701052358904
right,75,9.119198451923438e-13,0.0,0.05,0.079,0.5164383561643836,0.8114205479452055,1.453046592654842,0.6853067811733878,2.550386605726012,0.7538748601620386,5.041752057975103
right,75,9.119198451923438e-13,0.0,0.1,0.079,0.7561643835616438,0.9205280821917808,2.1058475797689935,0.35890628761631216,2.550386605726012,0.7538748601620386,13.09607844464615
right,75,9.119198451923438e-13,0.0,0.2,0.079,0.9260273972602739,0.9818650684931507,2.8586577101240893,-0.017498777561235856,2.550386605726012,0.7538748601620386,27.207021695992893
right,76,9.638227715935699e-13,1.0,0.05,0.064,0.4794520547945205,0.8098164383561643,1.470507386945256,0.7867825482632281,2.783024111583517,0.7162160372219772,4.248266616767235
right,76,9.638227715935699e-13,1.0,0.1,0.064,0.7335616438356164,0.9216585616438356,2.145656942708382,0.4492077703816653,2.783024111583517,0.7162160372219772,10.140353942753656
right,76,9.638227715935699e-13,1.0,0.2,0.064,0.9102739726027397,0.9804075342465753,2.8644803080392536,0.08979608771622938,2.783024111583517,0.7162160372219772,19.42750835733743
right,76,9.638227715935699e-13,0.5,0.05,0.064,0.48561643835616436,0.8100335616438357,1.4859741846716754,0.7790491494000185,2.783024111583517,0.7342501265969696,4.566417946451965
right,76,9.638227715935699e-13,0.5,0.1,0.064,0.736986301369863,0.9217825342465753,2.1561181067196897,0.44397718837601136,2.783024111583517,0.7342501265969696,11.26659574875613
right,76,9.638227715935699e-13,0.5,0.2,0.064,0.9157534246575343,0.9804801369863013,2.8990980129674693,0.07248723525212153,2.783024111583517,0.7342501265969696,22.165825050506296
right,76,9.638227715935699e-13,0.0,0.05,0.067,0.49383561643835616,0.8103034246575342,1.483060634821341,0.7569827504693046,2.783024111583517,0.754851831308675,5.0251111947092575
right,76,9.638227715935699e-13,0.0,0.1,0.067,0.7438356164383562,0.9219195205479452,2.153728954746671,0.4216485905066396,2.783024111583517,0.754851831308675,13.168608297230005
right,76,9.638227715935699e-13,0.0,0.2,0.067,0.9191780821917809,0.9805965753424658,2.8980773517319127,0.04947439201401882,2.783024111583517,0.754851831308675,27.41771710801969
right,77,8.515237126527353e-13,1.0,0.05,0.068,0.4958904109589041,0.8072328767123288,1.4805519609669002,0.7505773747632108,2.52694490529937,0.7230296065965758,4.098071562907662
right,77,8.515237126527353e-13,1.0,0.1,0.068,0.7349315068493151,0.9170986301369863,2.118650271816343,0.43152821933848945,2.52694490529937,0.7230296065965758,9.762194379473016
right,77,8.515237126527353e-13,1.0,0.2,0.068,0.9136986301369863,0.9803178082191781,2.854741604387951,0.06348255305268535,2.52694490529937,0.7230296065965758,18.801603502473377
right,77,8.515237126527353e-13,0.5,0.05,0.071,0.5068493150684932,0.8075130136986302,1.4855533285964762,0.7256071339474219,2.52694490529937,0.7403439771770586,4.395958853385065
right,77,8.515237126527353e-13,0.5,0.1,0.071,0.7410958904109589,0.9172739726027397,2.1151114566836577,0.4108280699038312,2.52694490529937,0.7403439771770586,10.823313208411653
right,77,8.515237126527353e-13,0.5,0.2,0.071,0.9212328767123288,0.9804828767123288,2.881797066583313,0.02748526495400372,2.52694490529937,0.7403439771770586,21.433598422570597
right,77,8.515237126527353e-13,0.0,0.05,0.075,0.5171232876712328,0.8078445205479452,1.482466375400033,0.6982982832384399,2.52694490529937,0.7599587615821874,4.819586081799941
right,77,8.515237126527353e-13,0.0,0.1,0.075,0.7445205479452055,0.9174527397260274,2.0968767877645873,0.3910930770561627,2.52694490529937,0.7599587615821874,12.58446930264211
right,77,8.515237126527353e-13,0.0,0.2,0.075,0.923972602739726,0.9806205479452055,2.8718426173418905,0.0036101622675109857,2.52694490529937,0.7599587615821874,26.387815211700445
right,78,9.300893388797249e-13,1.0,0.05,0.067,0.4897260273972603,0.8019229452054795,1.472757190352232,0.7621344727038591,2.5832137437637,0.7087003324132143,4.007567897164473
right,78,9.300893388797249e-13,1.0,0.1,0.067,0.7232876712328767,0.9168763698630137,2.091149252470093,0.45293844164492875,2.5832137437637,0.7087003324132143,9.581639308991628
right,78,9.300893388797249e-13,1.0,0.2,0.067,0.913013698630137,0.9802441780821918,2.858062332178526,0.06948190179071212,2.5832137437637,0.7087003324132143,18.509004418935852
right,78,9.300893388797249e-13,0.5,0.05,0.07,0.49726027397260275,0.8020736301369863,1.4689234994723832,0.741329278442979,2.5832137437637,0.7295498999556943,4.32014134285594
right,78,9.300893388797249e-13,0.5,0.1,0.07,0.7273972602739726,0.9169448630136986,2.0807511716793714,0.435415442339485,2.5832137437637,0.7295498999556943,10.681815200696452
right,78,9.300893388797249e-13,0.5,0.2,0.07,0.9191780821917809,0.9802969178082191,2.8753553120311084,0.03811337216361654,2.5832137437637,0.7295498999556943,21.185732232999882
right,78,9.300893388797249e-13,0.0,0.05,0.078,0.5082191780821917,0.8022654109589041,1.4392575880481073,0.6990249121486841,2.5832137437637,0.7534169699367828,4.766943232125257
right,78,9.300893388797249e-13,0.0,0.1,0.078,0.7356164383561644,0.9170393835616438,2.0485428391426606,0.39438228660140756,2.5832137437637,0.7534169699367828,12.51658589835648
right,78,9.300893388797249e-13,0.0,0.2,0.078,0.9219178082191781,0.9803544520547945,2.8367440722948594,0.0002816700253081006,2.5832137437637,0.7534169699367828,26.247746632714296
right,79,8.534215001354539e-13,1.0,0.05,0.065,0.5006849315068493,0.806163698630137,1.5158187571439898,0.7561925090472886,2.558223740351094,0.7032794254218632,4.167565465147517
right,79,8.534215001354539e-13,1.0,0.1,0.065,0.7335616438356164,0.9185534246575342,2.137722588591809,0.445240593323379,2.558223740351094,0.7032794254218632,9.911653541212587
right,79,8.534215001354539e-13,1.0,0.2,0.065,0.9143835616438356,0.9799856164383561,2.8823549523016125,0.07292441146847728,2.558223740351094,0.7032794254218632,18.99963704641887
right,79,8.534215001354539e-13,0.5,0.05,0.069,0.5054794520547945,0.8064493150684932,1.497015508661208,0.7347723730050166,2.558223740351094,0.7214174449530981,4.492064244287949
right,79,8.534215001354539e-13,0.5,0.1,0.069,0.7404109589041096,0.9187157534246575,2.1278930132426868,0.4193336207142773,2.558223740351094,0.7214174449530981,11.041565244830256
right,79,8.534215001354539e-13,0.5,0.2,0.069,0.9191780821917809,0.9800993150684931,2.882844411187558,0.04185792174184155,2.558223740351094,0.7214174449530981,21.724319218551877
right,79,8.534215001354539e-13,0.0,0.05,0.078,0.5136986301369864,0.8067767123287671,1.4529978301937492,0.6921547910758632,2.558223740351094,0.741910897909151,4.951704907273491
right,79,8.534215001354539e-13,0.0,0.1,0.078,0.7479452054794521,0.9189739726027397,2.0866913102873252,0.37530805102907516,2.558223740351094,0.741910897909151,12.896872089323162
right,79,8.534215001354539e-13,0.0,0.2,0.078,0.9219178082191781,0.9802417808219178,2.8367440722948594,0.0002816700253081006,2.558223740351094,0.741910897909151,26.765055501695116
right,80,8.99415958377503e-13,1.0,0.05,0.07,0.5006849315068493,0.8112256849315068,1.477507897703877,0.7370370793272322,2.4112967435988013,0.6646173115610218,4.108647667187615
right,80,8.99415958377503e-13,1.0,0.1,0.07,0.7458904109589041,0.9212167808219178,2.1374041777156427,0.4070889393213492,2.4112967435988013,0.6646173115610218,9.773759364184533
right,80,8.99415958377503e-13,1.0,0.2,0.07,0.9178082191780822,0.9807212328767123,2.866269732330268,0.04265616201403666,2.4112967435988013,0.6646173115610218,18.822407743938136
right,80,8.99415958377503e-13,0.5,0.05,0.073,0.5102739726027398,0.8112982876712329,1.4795622364683179,0.7140252407064158,2.4112967435988013,0.68329583239885,4.426182941958408
right,80,8.99415958377503e-13,0.5,0.1,0.073,0.7534246575342466,0.9212907534246575,2.1391126148972455,0.38425005149195196,2.4112967435988013,0.68329583239885,10.885083905550443
right,80,8.99415958377503e-13,0.5,0.2,0.073,0.9219178082191781,0.9808,2.8718967250626966,0.017857996409226584,2.4112967435988013,0.68329583239885,21.523094729619554
right,80,8.99415958377503e-13,0.0,0.05,0.075,0.5164383561643836,0.8113578767123287,1.4807479860924895,0.6991574778922116,2.4112967435988013,0.7045401962416009,4.877577120803017
right,80,8.99415958377503e-13,0.0,0.1,0.075,0.7602739726027398,0.921375,2.1467156084804437,0.3661736666982344,2.4112967435988013,0.7045401962416009,12.731299963589924
right,80,8.99415958377503e-13,0.0,0.2,0.075,0.923972602739726,0.9808616438356165,2.8718426173418905,0.0036101622675109857,2.4112967435988013,0.7045401962416009,26.606942078256676
right,81,7.92012289085875e-13,1.0,0.05,0.068,0.5013698630136987,0.8059530821917809,1.4942870993568071,0.7437098055682574,2.395533209250306,0.6457300953412392,4.017468921078219
right,81,7.92012289085875e-13,1.0,0.1,0.068,0.7342465753424657,0.9185034246575342,2.116560799913687,0.43257295528981743,2.395533209250306,0.6457300953412392,9.642221606130194
right,81,7.92012289085875e-13,1.0,0.2,0.068,0.9178082191780822,0.9811438356164384,2.8813320593977583,0.050187325547781825,2.395533209250306,0.6457300953412392,18.619407405489778
right,81,7.92012289085875e-13,0.5,0.05,0.073,0.5075342465753425,0.8060996575342466,1.472693037208143,0.7174598403365032,2.395533209250306,0.6635338575359705,4.328890859206531
right,81,7.92012289085875e-13,0.5,0.1,0.073,0.739041095890411,0.9185698630136986,2.094198319436061,0.40670719922254406,2.395533209250306,0.6635338575359705,10.747581912746996
right,81,7.92012289085875e-13,0.5,0.2,0.073,0.9226027397260274,0.9812280821917808,2.8766050513310555,0.015503833275046897,2.395533209250306,0.6635338575359705,21.314238085883698
right,81,7.92012289085875e-13,0.0,0.05,0.077,0.5150684931506849,0.8062674657534247,1.4633241336242049,0.6938819702683491,2.395533209250306,0.6836739443646225,4.76958199007575
right,81,7.92012289085875e-13,0.0,0.1,0.077,0.7465753424657534,0.9187013698630137,2.0892956257064874,0.38089622422720787,2.395533209250306,0.6836739443646225,12.576695831916911
right,81,7.92012289085875e-13,0.0,0.2,0.077,0.9246575342465754,0.9813116438356164,2.8626604036459016,-0.005786164742499378,2.395533209250306,0.6836739443646225,26.359846452668513
right,82,8.871930967657704e-13,1.0,0.05,0.072,0.49726027397260275,0.8045452054794521,1.454188740480119,0.7339618989468469,2.2723665120007785,0.6215789722292955,3.834552301884739
right,82,8.871930967657704e-13,1.0,0.1,0.072,0.7363013698630136,0.9189842465753425,2.093040379456443,0.4145360794586849,2.2723665120007785,0.6215789722292955,9.34834890207871
right,82,8.871930967657704e-13,1.0,0.2,0.072,0.9178082191780822,0.980067808219178,2.851534973338004,0.03528878251790457,2.2723665120007785,0.6215789722292955,18.213473465094204
right,82,8.871930967657704e-13,0.5,0.05,0.076,0.5082191780821917,0.8047335616438356,1.4531066027011812,0.705949419475221,2.2723665120007785,0.6378402411797053,4.129235501092959
right,82,8.871930967657704e-13,0.5,0.1,0.076,0.7438356164383562,0.919068493150685,2.0877186076925076,0.38864341697955784,2.2723665120007785,0.6378402411797053,10.415687624396254
right,82,8.871930967657704e-13,0.5,0.2,0.076,0.9226027397260274,0.9801623287671233,2.8553014132162926,0.004852014217665346,2.2723665120007785,0.6378402411797053,20.848142938191767
right,82,8.871930967657704e-13,0.0,0.05,0.079,0.5198630136986301,0.8049582191780822,1.461639858056891,0.6810101484723633,2.2723665120007785,0.6562543783633235,4.550284961220252
right,82,8.871930967657704e-13,0.0,0.1,0.079,0.7506849315068493,0.919208904109589,2.0884767846678858,0.3675916851668659,2.2723665120007785,0.6562543783633235,12.20053615606481
right,82,8.871930967657704e-13,0.0,0.2,0.079,0.9246575342465754,0.9802876712328767,2.848946444066259,-0.012643144532320738,2.2723665120007785,0.6562543783633235,25.848662670960728
right,83,8.572795251460263e-13,1.0,0.05,0.065,0.4945205479452055,0.8073873287671233,1.5003665062936962,0.7639186344724355,2.579668511655383,0.704817226141979,4.138947756724509
right,83,8.572795251460263e-13,1.0,0.1,0.065,0.739041095890411,0.9193568493150684,2.15449384811477,0.43685496356189846,2.579668511655383,0.704817226141979,9.852535387625045
right,83,8.572795251460263e-13,1.0,0.2,0.065,0.9171232876712329,0.9807979452054795,2.900080531721014,0.06406162175877661,2.579668511655383,0.704817226141979,18.92230971700261
right,83,8.572795251460263e-13,0.5,0.05,0.069,0.5027397260273972,0.8075873287671232,1.490147656042408,0.7382062993144166,2.579668511655383,0.7244461057253624,4.451280173174728
right,83,8.572795251460263e-13,0.5,0.1,0.069,0.7424657534246575,0.9194890410958904,2.1342460372055205,0.4161571087328604,2.579668511655383,0.7244461057253624,10.938680353710854
right,83,8.572795251460263e-13,0.5,0.2,0.069,0.9191780821917809,0.9809116438356165,2.882844411187558,0.04185792174184155,2.579668511655383,0.7244461057253624,21.56634190152787
right,83,8.572795251460263e-13,0.0,0.05,0.071,0.5095890410958904,0.8077688356164383,1.4924222746815532,0.7221726609048834,2.579668511655383,0.7470148967285638,4.893320676727554
right,83,8.572795251460263e-13,0.0,0.1,0.071,0.7486301369863013,0.919663698630137,2.1385690158990673,0.39909929029612623,2.579668511655383,0.7470148967285638,12.728318710250162
right,83,8.572795251460263e-13,0.0,0.2,0.071,0.9232876712328767,0.9810321917808219,2.8959225710017638,0.020422512744778132,2.579668511655383,0.7470148967285638,26.522064470476245
right,84,8.361228376330132e-13,1.0,0.05,0.066,0.4965753424657534,0.8093582191780821,1.4976772744378486,0.7574230860593202,2.534038073573028,0.6987947764996877,4.080408015910256
right,84,8.361228376330132e-13,1.0,0.1,0.066,0.7349315068493151,0.9190082191780822,2.1340586398479267,0.4392324033542812,2.534038073573028,0.6987947764996877,9.661742196289755
right,84,8.361228376330132e-13,1.0,0.2,0.066,0.9157534246575343,0.9803623287671233,2.883323494509858,0.06459997602331569,2.534038073573028,0.6987947764996877,18.540254001739218
right,84,8.361228376330132e-13,0.5,0.05,0.07,0.5,0.8094794520547945,1.4757910281791706,0.7378955140895853,2.534038073573028,0.7178798044388157,4.391929605387571
right,84,8.361228376330132e-13,0.5,0.1,0.07,0.7417808219178083,0.9191554794520548,2.124636355449099,0.41347285045462123,2.534038073573028,0.7178798044388157,10.751140111745883
right,84,8.361228376330132e-13,0.5,0.2,0.07,0.9191780821917809,0.9804986301369863,2.8753553120311084,0.03811337216361654,2.534038073573028,0.7178798044388157,21.2041299997742
right,84,8.361228376330132e-13,0.0,0.05,0.073,0.5075342465753425,0.8096630136986301,1.472693037208143,0.7174598403365032,2.534038073573028,0.7395909584720066,4.838097993883837
right,84,8.361228376330132e-13,0.0,0.1,0.073,0.7479452054794521,0.9193253424657534,2.121843963055162,0.39288437741299365,2.534038073573028,0.7395909584720066,12.580026363145661
right,84,8.361228376330132e-13,0.0,0.2,0.073,0.9205479452054794,0.9806630136986302,2.862573245478134,0.022519736201507712,2.534038073573028,0.7395909584720066,26.31091163335712
right,85,8.757335134834676e-13,1.0,0.05,0.065,0.49726027397260275,0.8083582191780821,1.5072343589124961,0.7604847081630355,2.285014823748763,0.6099545779938144,3.919021826706936
right,85,8.757335134834676e-13,1.0,0.1,0.065,0.7376712328767123,0.9191869863013699,2.1502843013621002,0.43895973693823337,2.285014823748763,0.6099545779938144,9.508055478185637
right,85,8.757335134834676e-13,1.0,0.2,0.065,0.9184931506849315,0.9805506849315069,2.909108987304239,0.05954739396716391,2.285014823748763,0.6099545779938144,18.415324578520107
right,85,8.757335134834676e-13,0.5,0.05,0.068,0.5068493150684932,0.8085109589041096,1.508022885597477,0.7368419124479224,2.285014823748763,0.6277272209013858,4.2208011812160295
right,85,8.757335134834676e-13,0.5,0.1,0.068,0.7431506849315068,0.9193041095890411,2.143942779076265,0.4188819657085285,2.285014823748763,0.6277272209013858,10.579672628788423
right,85,8.757335134834676e-13,0.5,0.2,0.068,0.9184931506849315,0.9806828767123288,2.885860454931617,0.047923127780852615,2.285014823748763,0.6277272209013858,21.04388947917522
right,85,8.757335134834676e-13,0.0,0.05,0.071,0.5123287671232877,0.8086623287671233,1.499292355160825,0.7187376206652475,2.285014823748763,0.6479994122483707,4.652421227742768
right,85,8.757335134834676e-13,0.0,0.1,0.071,0.7465753424657534,0.9194760273972603,2.132135386871696,0.4023161048098121,2.285014823748763,0.6479994122483707,12.375943399958272
right,85,8.757335134834676e-13,0.0,0.2,0.071,0.9232876712328767,0.9808123287671233,2.8959225710017638,0.020422512744778132,2.285014823748763,0.6479994122483707,26.066189602131256
right,86,8.652488447946638e-13,1.0,0.05,0.063,0.4945205479452055,0.8096424657534247,1.5163322068122413,0.771901484731708,2.5599066608694905,0.6872065881025128,4.1170188337321285
right,86,8.652488447946638e-13,1.0,0.1,0.063,0.7376712328767123,0.9216226027397261,2.1662500018806456,0.44694258719750596,2.5599066608694905,0.6872065881025128,9.823567980415481
right,86,8.652488447946638e-13,1.0,0.2,0.063,0.9178082191780822,0.9803061643835617,2.9205462922889263,0.06979444199336571,2.5599066608694905,0.6872065881025128,18.841658153151734
right,86,8.652488447946638e-13,0.5,0.05,0.067,0.5061643835616438,0.8098349315068493,1.5139655009386093,0.7415303174106705,2.5599066608694905,0.7047002583139528,4.423171962557269
right,86,8.652488447946638e-13,0.5,0.1,0.067,0.7479452054794521,0.9218020547945206,2.1665506719945626,0.41523773188269386,2.5599066608694905,0.7047002583139528,10.914536212374491
right,86,8.652488447946638e-13,0.5,0.2,0.067,0.9219178082191781,0.9804506849315069,2.9166034340020968,0.0402113508789268,2.5599066608694905,0.7047002583139528,21.50326955752046
right,86,8.652488447946638e-13,0.0,0.05,0.074,0.5116438356164383,0.8100431506849315,1.4758229798522426,0.7087205772328572,2.5599066608694905,0.7245200366754059,4.855699405377487
right,86,8.652488447946638e-13,0.0,0.1,0.074,0.7527397260273972,0.9219534246575343,2.129768638815082,0.38174774775143755,2.5599066608694905,0.7245200366754059,12.714541677077028
right,86,8.652488447946638e-13,0.0,0.2,0.074,0.928082191780822,0.9806034246575343,2.9082876435868936,-0.007511754634468293,2.5599066608694905,0.7245200366754059,26.511323892470973
right,87,9.806079559471215e-13,1.0,0.05,0.066,0.4945205479452055,0.8052410958904109,1.492526341952657,0.7599985523019159,2.477564059078758,0.6905547228825097,3.967536136947941
right,87,9.806079559471215e-13,1.0,0.1,0.066,0.7356164383561644,0.9194520547945205,2.1361508562481673,0.4381862951541609,2.477564059078758,0.6905547228825097,9.465220668027426
right,87,9.806079559471215e-13,1.0,0.2,0.066,0.9157534246575343,0.9799602739726028,2.883323494509858,0.06459997602331569,2.477564059078758,0.6905547228825097,18.252982064589013
right,87,9.806079559471215e-13,0.5,0.05,0.073,0.5095890410958904,0.8054623287671233,1.477844835376468,0.7148839412523408,2.477564059078758,0.7084167411813237,4.273124963524667
right,87,9.806079559471215e-13,0.5,0.1,0.073,0.7404109589041096,0.9196075342465754,2.0984192448476406,0.4045967365167544,2.477564059078758,0.7084167411813237,10.573805440280347
right,87,9.806079559471215e-13,0.5,0.2,0.073,0.9198630136986301,0.9800767123287671,2.8579570798387515,0.024827819021199127,2.477564059078758,0.7084167411813237,20.979012800724355
right,87,9.806079559471215e-13,0.0,0.05,0.078,0.5171232876712328,0.8057082191780822,1.4615886106343143,0.6878594008555806,2.477564059078758,0.7287585576349455,4.710223438183668
right,87,9.806079559471215e-13,0.0,0.1,0.078,0.7452054794520548,0.919804794520548,2.0781314378542524,0.3795879872456115,2.477564059078758,0.7287585576349455,12.421344757748413
right,87,9.806079559471215e-13,0.0,0.2,0.078,0.923972602739726,0.9802267123287671,2.850964852576172,-0.006828720115348297,2.477564059078758,0.7287585576349455,26.137904496877432
right,88,8.974661291905051e-13,1.0,0.05,0.064,0.5082191780821917,0.806316095890411,1.5426401236112257,0.7507161799302433,2.3244887765281206,0.6432658841773143,3.932023774014472
right,88,8.974661291905051e-13,1.0,0.1,0.064,0.7397260273972602,0.9177352739726028,2.164537234069295,0.4397676247012086,2.3244887765281206,0.6432658841773143,9.404040389676815
right,88,8.974661291905051e-13,1.0,0.2,0.064,0.9198630136986301,0.9809684931506849,2.9261869626340324,0.058942760418839835,2.3244887765281206,0.6432658841773143,18.173859303686832
right,88,8.974661291905051e-13,0.5,0.05,0.068,0.5157534246575343,0.8063606164383562,1.5303516027912945,0.7256775538510137,2.3244887765281206,0.6628719308853777,4.259469269638776
right,88,8.974661291905051e-13,0.5,0.1,0.068,0.7465753424657534,0.9178167808219178,2.154604943872697,0.4135508833103126,2.3244887765281206,0.6628719308853777,10.533002332925761
right,88,8.974661291905051e-13,0.5,0.2,0.068,0.9226027397260274,0.9810404109589042,2.913652047637142,0.03402733142809,2.3244887765281206,0.6628719308853777,20.911824893062608
right,88,8.974661291905051e-13,0.0,0.05,0.074,0.5294520547945205,0.8064530821917808,1.5205246089549516,0.6863697626815027,2.3244887765281206,0.6854534566386473,4.7348273410964765
right,88,8.974661291905051e-13,0.0,0.1,0.074,0.7541095890410959,0.9179489726027398,2.134111238324387,0.37957644799678486,2.3244887765281206,0.6854534566386473,12.446393205071416
right,88,8.974661291905051e-13,0.0,0.2,0.074,0.9287671232876712,0.9810965753424657,2.9133024132338945,-0.010019139457968729,2.3244887765281206,0.6854534566386473,26.162627196215077
right,89,9.531611611102164e-13,1.0,0.05,0.063,0.48835616438356166,0.8083787671232877,1.5008766754445646,0.7796292504155464,2.640851411059151,0.7191495888841534,4.164574344401809
right,89,9.531611611102164e-13,1.0,0.1,0.063,0.7376712328767123,0.9210390410958904,2.1662500018806456,0.44694258719750596,2.640851411059151,0.7191495888841534,9.856580916958158
right,89,9.531611611102164e-13,1.0,0.2,0.063,0.9123287671232877,0.9806102739726027,2.885303313626065,0.0874159313247963,2.640851411059151,0.7191495888841534,18.818568726094192
right,89,9.531611611102164e-13,0.5,0.05,0.067,0.4965753424657534,0.8086308219178082,1.4899286190395793,0.7535487583601855,2.640851411059151,0.7382362828517475,4.490858965504757
right,89,9.531611611102164e-13,0.5,0.1,0.067,0.7424657534246575,0.9212301369863014,2.149478977749875,0.42377357900503765,2.640851411059151,0.7382362828517475,10.994911689684256
right,89,9.531611611102164e-13,0.5,0.2,0.067,0.9178082191780822,0.9807513698630137,2.8889917720310727,0.054017181864438935,2.640851411059151,0.7382362828517475,21.57194737351531
right,89,9.531611611102164e-13,0.0,0.05,0.074,0.5089041095890411,0.8089267123287671,1.4689532134008283,0.7121554604585644,2.640851411059151,0.7598064753175309,4.95986585575703
right,89,9.531611611102164e-13,0.0,0.1,0.074,0.7472602739726028,0.9214691780821918,2.112525134477027,0.39036949992046505,2.640851411059151,0.7598064753175309,12.901398382184462
right,89,9.531611611102164e-13,0.0,0.2,0.074,0.923972602739726,0.9809075342465754,2.8789432135624127,0.007160460377772071,2.640851411059151,0.7598064753175309,26.808840296925425
right,90,8.356024205902202e-13,1.0,0.05,0.068,0.49726027397260275,0.8037010273972602,1.4839858265398735,0.7488604419767242,2.6938291273302157,0.7830872634076279,4.174120776800708
right,90,8.356024205902202e-13,1.0,0.1,0.068,0.7308219178082191,0.9161938356164383,2.106154041602955,0.4377763344451835,2.6938291273302157,0.7830872634076279,9.796390765036547
right,90,8.356024205902202e-13,1.0,0.2,0.068,0.9123287671232877,0.9790253424657535,2.846089080734897,0.06780881487921242,2.6938291273302157,0.7830872634076279,18.692179087945092
right,90,8.356024205902202e-13,0.5,0.05,0.072,0.5061643835616438,0.8039058219178082,1.4765087022455405,0.7228019180641362,2.6938291273302157,0.8056700708834906,4.497954080919446
right,90,8.356024205902202e-13,0.5,0.1,0.072,0.7376712328767123,0.9163739726027397,2.0972386829297234,0.4124369277220448,2.6938291273302157,0.8056700708834906,10.916443201826686
right,90,8.356024205902202e-13,0.5,0.2,0.072,0.9157534246575343,0.9791876712328768,2.83811804041852,0.04199724897764667,2.6938291273302157,0.8056700708834906,21.391961542392995
right,90,8.356024205902202e-13,0.0,0.05,0.078,0.5150684931506849,0.8041647260273973,1.4564338027164911,0.6904368048144922,2.6938291273302157,0.831269787930109,4.959928666867876
right,90,8.356024205902202e-13,0.0,0.1,0.078,0.7452054794520548,0.916627397260274,2.0781314378542524,0.3795879872456115,2.6938291273302157,0.831269787930109,12.78073640111995
right,90,8.356024205902202e-13,0.0,0.2,0.078,0.9246575342465754,0.9793513698630137,2.855770072738188,-0.009231330196356247,2.6938291273302157,0.831269787930109,26.50304914602432
right,91,8.727393807639316e-13,1.0,0.05,0.067,0.4863013698630137,0.8052924657534246,1.464168943858964,0.7664285959504932,2.414811319206977,0.6537647791977941,3.952539505711795
right,91,8.727393807639316e-13,1.0,0.1,0.067,0.7356164383561644,0.9171068493150685,2.128402200849898,0.43431196745502626,2.414811319206977,0.6537647791977941,9.506200781286731
right,91,8.727393807639316e-13,1.0,0.2,0.067,0.9136986301369863,0.9802496575342465,2.8624013170212654,0.06731240936934246,2.414811319206977,0.6537647791977941,18.35011048038363
right,91,8.727393807639316e-13,0.5,0.05,0.073,0.49246575342465754,0.8055116438356165,1.4349196806730067,0.7363465186040714,2.414811319206977,0.6713411106828805,4.267960823334978
right,91,8.727393807639316e-13,0.5,0.1,0.073,0.7424657534246575,0.9172842465753425,2.104772268810475,0.40142022453533743,2.414811319206977,0.6713411106828805,10.62692920598589
right,91,8.727393807639316e-13,0.5,0.2,0.073,0.9198630136986301,0.9803537671232877,2.8579570798387515,0.024827819021199127,2.414811319206977,0.6713411106828805,21.07537077753607
right,91,8.727393807639316e-13,0.0,0.05,0.074,0.5013698630136987,0.8057780821917808,1.4500658112691247,0.7215991615244162,2.414811319206977,0.6912665790609415,4.718293577307384
right,91,8.727393807639316e-13,0.0,0.1,0.074,0.7493150684931507,0.9174965753424658,2.1189679938683805,0.38714807022478825,2.414811319206977,0.6912665790609415,12.496298387766021
right,91,8.727393807639316e-13,0.0,0.2,0.074,0.9246575342465754,0.9804544520547945,2.8837484337244286,0.004757850296764121,2.414811319206977,0.6912665790609415,26.227856497365977
right,92,8.501740977884253e-13,1.0,0.05,0.075,0.5116438356164383,0.8055917808219178,1.4687223836317205,0.7051702791225961,2.5015018526264665,0.7159215126166705,4.122311674789953
right,92,8.501740977884253e-13,1.0,0.1,0.075,0.7417808219178083,0.9168958904109589,2.0883767982083845,0.3953430718342641,2.5015018526264665,0.7159215126166705,9.695478448600484
right,92,8.501740977884253e-13,1.0,0.2,0.075,0.9116438356164384,0.979586301369863,2.7904787275998166,0.04429210713854803,2.5015018526264665,0.7159215126166705,18.51065244262525
right,92,8.501740977884253e-13,0.5,0.05,0.076,0.5191780821917809,0.8058253424657534,1.4805935743335537,0.6922059336590348,2.5015018526264665,0.7343900186813871,4.437177658578884
right,92,8.501740977884253e-13,0.5,0.1,0.076,0.7472602739726028,0.9170732876712329,2.09839578814386,0.3833048267538816,2.5015018526264665,0.7343900186813871,10.791853522508934
right,92,8.501740977884253e-13,0.5,0.2,0.076,0.9157534246575343,0.9797232876712328,2.809564492057425,0.02772047479709927,2.5015018526264665,0.7343900186813871,21.173858707835894
right,92,8.501740977884253e-13,0.0,0.05,0.079,0.5260273972602739,0.8060869863013699,1.4771174383200965,0.6732713583407606,2.5015018526264665,0.7552035963569544,4.88889302227493
right,92,8.501740977884253e-13,0.0,0.1,0.079,0.7534246575342466,0.9172801369863014,2.0971363334574797,0.363261910772069,2.5015018526264665,0.7552035963569544,12.633408319475123
right,92,8.501740977884253e-13,0.0,0.2,0.079,0.9191780821917809,0.9798472602739726,2.8113943613527463,0.00613289682443563,2.5015018526264665,0.7552035963569544,26.24861887724546
right,93,8.096370796017993e-13,1.0,0.05,0.071,0.5034246575342466,0.808179794520548,1.476968247086056,0.7298996747026321,2.4916387456399867,0.7110457686061055,4.136837579664531
right,93,8.096370796017993e-13,1.0,0.1,0.071,0.7458904109589041,0.9205777397260274,2.129996947782132,0.4033853243545939,2.4916387456399867,0.7110457686061055,9.82805365575054
right,93,8.096370796017993e-13,1.0,0.2,0.071,0.9212328767123288,0.980808904109589,2.881797066583313,0.02748526495400372,2.4916387456399867,0.7110457686061055,18.888797012496514
right,93,8.096370796017993e-13,0.5,0.05,0.075,0.5089041095890411,0.8082654109589041,1.4618526171803061,0.7086051623483033,2.4916387456399867,0.7302320913673169,4.439070330640245
right,93,8.096370796017993e-13,0.5,0.1,0.075,0.7472602739726028,0.9206592465753425,2.105424538256505,0.38681920181020396,2.4916387456399867,0.7302320913673169,10.89631266879008
right,93,8.096370796017993e-13,0.5,0.2,0.075,0.9246575342465754,0.9808684931506849,2.8766478375039064,0.0012075521865030359,2.4916387456399867,0.7302320913673169,21.51987094745516
right,93,8.096370796017993e-13,0.0,0.05,0.079,0.5178082191780822,0.8083489726027397,1.4564834980602168,0.6835883284707004,2.4916387456399867,0.7521532070238318,4.868178880355552
right,93,8.096370796017993e-13,0.0,0.1,0.079,0.7527397260273972,0.9207256849315069,2.094966649156912,0.3643467529223527,2.4916387456399867,0.7521532070238318,12.675188250292951
right,93,8.096370796017993e-13,0.0,0.2,0.079,0.9294520547945205,0.9809390410958904,2.883552350620618,-0.029946097809500305,2.4916387456399867,0.7521532070238318,26.497210016308394
right,94,8.812950369474493e-13,1.0,0.05,0.067,0.4986301369863014,0.8100421232876712,1.4950793237698292,0.7509734059950606,2.480174402573895,0.6813165474625946,4.054743466202883
right,94,8.812950369474493e-13,1.0,0.1,0.067,0.7397260273972602,0.9220441780821917,2.141014060213414,0.4280060377732681,2.480174402573895,0.6813165474625946,9.597644689736413
right,94,8.812950369474493e-13,1.0,0.2,0.067,0.9171232876712329,0.9805945205479452,2.8844917119817053,0.056267211889122426,2.480174402573895,0.6813165474625946,18.375054186965723
right,94,8.812950369474493e-13,0.5,0.05,0.072,0.510958904109589,0.8102421232876712,1.488529623776014,0.7167914572988995,2.480174402573895,0.701538291299024,4.381194269606911
right,94,8.812950369474493e-13,0.5,0.1,0.072,0.7445205479452055,0.9221558219178082,2.1184015860130376,0.40185547618038775,2.480174402573895,0.701538291299024,10.72915295953793
right,94,8.812950369474493e-13,0.5,0.2,0.072,0.9205479452054794,0.9806417808219178,2.8698231557244656,0.026144691324673563,2.480174402573895,0.701538291299024,21.091216343781767
right,94,8.812950369474493e-13,0.0,0.05,0.078,0.5205479452054794,0.8104400684931506,1.4701825609633379,0.6835624256910688,2.480174402573895,0.7248634347955148,4.84888656268877
right,94,8.812950369474493e-13,0.0,0.1,0.078,0.7527397260273972,0.9222393835616438,2.101790277828841,0.3677585672583172,2.480174402573895,0.7248634347955148,12.620821693968637
right,94,8.812950369474493e-13,0.0,0.2,0.078,0.9260273972602739,0.9807013698630137,2.8654813387960183,-0.014086963225271365,2.480174402573895,0.7248634347955148,26.240857135497876
right,95,8.848685673079615e-13,1.0,0.05,0.067,0.5034246575342466,0.8094431506849316,1.507097516720371,0.7449643095197896,2.4834012533387906,0.6915290578647976,4.14225904246291
right,95,8.848685673079615e-13,1.0,0.1,0.067,0.7472602739726028,0.9198821917808219,2.1644061351980235,0.4163100002809634,2.4834012533387906,0.6915290578647976,9.86214674068793
right,95,8.848685673079615e-13,1.0,0.2,0.067,0.9184931506849315,0.9806630136986302,2.893520167564931,0.051752984097509724,2.4834012533387906,0.6915290578647976,18.917427036284362
right,95,8.848685673079615e-13,0.5,0.05,0.073,0.5089041095890411,0.8097164383561644,1.4761275051824245,0.7157426063493625,2.4834012533387906,0.7084009037144099,4.455981045942016
right,95,8.848685673079615e-13,0.5,0.1,0.073,0.7493150684931507,0.9200390410958904,2.1261422856499768,0.39073521611558637,2.4834012533387906,0.7084009037144099,10.985846028753352
right,95,8.848685673079615e-13,0.5,0.2,0.073,0.9212328767123288,0.9807739726027397,2.867219627278227,0.02019654530146109,2.4834012533387906,0.7084009037144099,21.66177724167498
right,95,8.848685673079615e-13,0.0,0.05,0.077,0.5178082191780822,0.810045205479452,1.4701974576398595,0.6904453082605218,2.4834012533387906,0.7275951236696933,4.907334731011831
right,95,8.848685673079615e-13,0.0,0.1,0.077,0.7547945205479452,0.9202212328767123,2.115199374289756,0.3679443499355734,2.4834012533387906,0.7275951236696933,12.873342803649127
right,95,8.848685673079615e-13,0.0,0.2,0.077,0.9246575342465754,0.980886301369863,2.8626604036459016,-0.005786164742499378,2.4834012533387906,0.7275951236696933,26.884585638928677
right,96,9.344851281678501e-13,1.0,0.05,0.064,0.48904109589041095,0.8013547945205479,1.4945628871467487,0.7747547981624818,2.5576217607950578,0.708904513294425,4.023086431980577
right,96,9.344851281678501e-13,1.0,0.1,0.064,0.7232876712328767,0.9159743150684931,2.1146724263259737,0.46470002857286924,2.5576217607950578,0.708904513294425,9.668423923210696
right,96,9.344851281678501e-13,1.0,0.2,0.064,0.9157534246575343,0.9799301369863014,2.8990980129674693,0.07248723525212153,2.5576217607950578,0.708904513294425,18.657412892692868
right,96,9.344851281678501e-13,0.5,0.05,0.072,0.4958904109589041,0.8015801369863014,1.4507548749071457,0.7356788317333336,2.5576217607950578,0.725207060476193,4.318608038867281
right,96,9.344851281678501e-13,0.5,0.1,0.072,0.7301369863013699,0.9160941780821917,2.074283612401189,0.4239144629863119,2.5576217607950578,0.725207060476193,10.731642250230879
right,96,9.344851281678501e-13,0.5,0.2,0.072,0.9191780821917809,0.9800486301369863,2.860620553038844,0.030745992667484456,2.5576217607950578,0.725207060476193,21.286465178372485
right,96,9.344851281678501e-13,0.0,0.05,0.076,0.5034246575342466,0.8018027397260274,1.4410871696662075,0.7119591359927079,2.5576217607950578,0.7436465045524078,4.738784491492924
right,96,9.344851281678501e-13,0.0,0.1,0.076,0.736986301369863,0.9162366438356164,2.066584585809645,0.3992104279209891,2.5576217607950578,0.7436465045524078,12.491127686078192
right,96,9.344851281678501e-13,0.0,0.2,0.076,0.9232876712328767,0.98015,2.8600414935819156,0.002481974034853951,2.5576217607950578,0.7436465045524078,26.23665969425865
right,97,8.992355471360014e-13,1.0,0.05,0.064,0.49383561643835616,0.8092058219178082,1.506583808677222,0.7687443373972451,2.398291044544839,0.6344630458678087,3.9912911133780256
right,97,8.992355471360014e-13,1.0,0.1,0.064,0.7335616438356164,0.9196606164383562,2.145656942708382,0.4492077703816653,2.398291044544839,0.6344630458678087,9.61656585900736
right,97,8.992355471360014e-13,1.0,0.2,0.064,0.9095890410958904,0.9800931506849315,2.8602648752136175,0.09190380412904742,2.398291044544839,0.6344630458678087,18.486001497746393
right,97,8.992355471360014e-13,0.5,0.05,0.071,0.5020547945205479,0.8093421232876712,1.4735344270628175,0.7316165847142513,2.398291044544839,0.6534156242729132,4.317875849310128
right,97,8.992355471360014e-13,0.5,0.1,0.071,0.739041095890411,0.9197400684931507,2.108775758741147,0.4139959188750867,2.398291044544839,0.6534156242729132,10.776922591721867
right,97,8.992355471360014e-13,0.5,0.2,0.071,0.910958904109589,0.9802013698630136,2.815067288372698,0.060850154059310824,2.398291044544839,0.6534156242729132,21.286888913909472
right,97,8.992355471360014e-13,0.0,0.05,0.076,0.5095890410958904,0.8095236301369862,1.4565411972617048,0.7042321221949592,2.398291044544839,0.6750432584950704,4.790595052550621
right,97,8.992355471360014e-13,0.0,0.1,0.076,0.7493150684931507,0.9198914383561644,2.104838647535214,0.3800833970582048,2.398291044544839,0.6750432584950704,12.73483505025202
right,97,8.992355471360014e-13,0.0,0.2,0.076,0.9157534246575343,0.9803178082191781,2.809564492057425,0.02772047479709927,2.398291044544839,0.6750432584950704,26.638943030285343
right,98,9.162254288597182e-13,1.0,0.05,0.071,0.5095890410958904,0.8084962328767124,1.4924222746815532,0.7221726609048834,2.3322381854667023,0.6683905643837634,4.057255847194908
right,98,9.162254288597182e-13,1.0,0.1,0.071,0.7506849315068493,0.9192917808219178,2.1450305054127368,0.3958685455392915,2.3322381854667023,0.6683905643837634,9.663481782059286
right,98,9.162254288597182e-13,1.0,0.2,0.071,0.9205479452054794,0.9809732876712329,2.8771506847832193,0.029808455854050342,2.3322381854667023,0.6683905643837634,18.574917629686468
right,98,9.162254288597182e-13,0.5,0.05,0.079,0.5191780821917809,0.8087633561643836,1.4599209310085508,0.6818696119965334,2.3322381854667023,0.6852259441680371,4.372865499141572
right,98,9.162254288597182e-13,0.5,0.1,0.079,0.7554794520547945,0.9194308219178082,2.1036648516673546,0.3599976516671316,2.3322381854667023,0.6852259441680371,10.769661968044367
right,98,9.162254288597182e-13,0.5,0.2,0.079,0.9246575342465754,0.9810958904109589,2.848946444066259,-0.012643144532320738,2.3322381854667023,0.6852259441680371,21.26880730451775
right,98,9.162254288597182e-13,0.0,0.05,0.082,0.5335616438356164,0.8090325342465754,1.475969822527979,0.6537588681323353,2.3322381854667023,0.7043169630877357,4.825224799143001
right,98,9.162254288597182e-13,0.0,0.1,0.082,0.7616438356164383,0.9196082191780822,2.1033440672104717,0.3400717457910888,2.3322381854667023,0.7043169630877357,12.622841152769334
right,98,9.162254288597182e-13,0.0,0.2,0.082,0.9260273972602739,0.9812356164383562,2.838571412019605,-0.027541926613477874,2.3322381854667023,0.7043169630877357,26.38764856719933
right,99,9.038186865595321e-13,1.0,0.05,0.069,0.4897260273972603,0.7990119863013698,1.4575242498078775,0.7545180024316819,2.5540351284607996,0.7175243489422278,3.997202558846803
right,99,9.038186865595321e-13,1.0,0.1,0.069,0.7253424657534246,0.9148808219178082,2.0820669233340947,0.4422466656685733,2.5540351284607996,0.7175243489422278,9.597825248903575
right,99,9.038186865595321e-13,1.0,0.2,0.069,0.9082191780821918,0.978077397260274,2.8131484992741083,0.07670587769856663,2.5540351284607996,0.7175243489422278,18.534715133570757
right,99,9.038186865595321e-13,0.5,0.05,0.073,0.49726027397260275,0.7992530821917808,1.4469388302337873,0.7303369438236811,2.5540351284607996,0.7369613259274855,4.301005010155171
right,99,9.038186865595321e-13,0.5,0.1,0.073,0.7342465753424657,0.9150828767123288,2.079513803607601,0.4140494571367743,2.5540351284607996,0.7369613259274855,10.679165810886067
right,99,9.038186865595321e-13,0.5,0.2,0.073,0.9123287671232877,0.9782068493150685,2.809042084428811,0.049285316726169315,2.5540351284607996,0.7369613259274855,21.18434091507395
right,99,9.038186865595321e-13,0.0,0.05,0.082,0.5054794520547945,0.7995167808219178,1.4054791607219121,0.6890041990353687,2.5540351284607996,0.7591154127279549,4.732062253351871
right,99,9.038186865595321e-13,0.0,0.1,0.082,0.7424657534246575,0.9152856164383562,2.042709689266225,0.37038893476321244,2.5540351284607996,0.7591154127279549,12.473196970562846
right,99,9.038186865595321e-13,0.0,0.2,0.082,0.915068493150685,0.9783534246575343,2.7643878838697082,0.009549837461470534,2.5540351284607996,0.7591154127279549,26.184375309623324
right,100,8.017267405513451e-13,1.0,0.05,0.068,0.4767123287671233,0.8046962328767123,1.4324466294815397,0.7746300405058911,2.5192564935011785,0.6632199008490918,4.005813817405227
right,100,8.017267405513451e-13,1.0,0.1,0.068,0.7287671232876712,0.9168160958904109,2.0999418949465003,0.4408824077734108,2.5192564935011785,0.6632199008490918,9.647117791957935
right,100,8.017267405513451e-13,1.0,0.2,0.068,0.9102739726027397,0.9801397260273973,2.8332974215500584,0.07420464447163178,2.5192564935011785,0.6632199008490918,18.628153516591734
right,100,8.017267405513451e-13,0.5,0.05,0.069,0.4821917808219178,0.8049003424657534,1.4386267067762126,0.7639667739475143,2.5192564935011785,0.6805455316181135,4.309727151062533
right,100,8.017267405513451e-13,0.5,0.1,0.069,0.7349315068493151,0.9169140410958904,2.111077043905303,0.4277416053829693,2.5192564935011785,0.6805455316181135,10.736422776862222
right,100,8.017267405513451e-13,0.5,0.2,0.069,0.9164383561643835,0.9802575342465754,2.864786604466004,0.05088682510261877,2.5192564935011785,0.6805455316181135,21.307706803021034
right,100,8.017267405513451e-13,0.0,0.05,0.073,0.4931506849315068,0.8051318493150685,1.4366368285897586,0.7354879446456954,2.5192564935011785,0.700184357322257,4.744870337345128
right,100,8.017267405513451e-13,0.0,0.1,0.073,0.7417808219178083,0.9170695205479452,2.102651686210503,0.4024805158353233,2.5192564935011785,0.700184357322257,12.566524738364192
right,100,8.017267405513451e-13,0.0,0.2,0.073,0.9205479452054794,0.9803842465753425,2.862573245478134,0.022519736201507712,2.5192564935011785,0.700184357322257,26.429558632821927
left,1,8.704252596469786e-13,1.0,0.05,0.05,0.4041095890410959,0.7931842465753425,1.4021295805517746,0.9437888366755856,4.243047649212621,1.06234406347115,4.762123861861309
left,1,8.704252596469786e-13,1.0,0.1,0.05,0.673972602739726,0.902611301369863,2.0957631016775826,0.5969720761126817,4.243047649212621,1.06234406347115,10.644041757708193
left,1,8.704252596469786e-13,1.0,0.2,0.05,0.8897260273972603,0.9748719178082191,2.8699260214083298,0.20989061624730798,4.243047649212621,1.06234406347115,20.46702050861911
left,1,8.704252596469786e-13,0.5,0.05,0.054,0.4136986301369863,0.7932657534246575,1.3892070122924158,0.9126443857540101,4.243047649212621,1.0911952617555258,5.0538862887972575
left,1,8.704252596469786e-13,0.5,0.1,0.054,0.6835616438356165,0.9026893835616439,2.0849296746122317,0.5647830545941022,4.243047649212621,1.0911952617555258,11.607754066125716
left,1,8.704252596469786e-13,0.5,0.2,0.054,0.8924657534246575,0.9748952054794521,2.846996226913272,0.18374977844358187,4.243047649212621,1.0911952617555258,22.848898036444915
left,1,8.704252596469786e-13,0.0,0.05,0.055,0.42397260273972603,0.7933986301369863,1.4064522893236444,0.8949669952609953,4.243047649212621,1.1238639439254463,5.439371656435048
left,1,8.704252596469786e-13,0.0,0.1,0.055,0.6910958904109589,0.9027647260273972,2.0971522094023722,0.5496170352216313,4.243047649212621,1.1238639439254463,13.041404032402337
left,1,8.704252596469786e-13,0.0,0.2,0.055,0.8993150684931507,0.9749130136986301,2.875851642602708,0.16026731862146348,4.243047649212621,1.1238639439254463,26.80559672326464
left,2,7.657381673187302e-13,1.0,0.05,0.049,0.4226027397260274,0.7960479452054795,1.459388430404273,0.9249336871489414,4.264289030452865,1.1270200659889855,4.935551173185698
left,2,7.657381673187302e-13,1.0,0.1,0.049,0.6910958904109589,0.9055256849315069,2.1535869718306326,0.5778344164357615,4.264289030452865,1.1270200659889855,10.737984031150804
left,2,7.657381673187302e-13,1.0,0.2,0.049,0.8993150684931507,0.9764407534246575,2.9322864050309683,0.18848469983559368,4.264289030452865,1.1270200659889855,20.318749536184544
left,2,7.657381673187302e-13,0.5,0.05,0.053,0.42876712328767125,0.7962595890410958,1.4369225253585967,0.8979751084357237,4.264289030452865,1.1544052925221366,5.218463552103155
left,2,7.657381673187302e-13,0.5,0.1,0.053,0.6945205479452055,0.9056071917808219,2.125141532390972,0.5538656049195361,4.264289030452865,1.1544052925221366,11.68318403070158
left,2,7.657381673187302e-13,0.5,0.2,0.053,0.9047945205479452,0.9764551369863014,2.925800728511853,0.15353600685909563,4.264289030452865,1.1544052925221366,22.66205101067787
left,2,7.657381673187302e-13,0.0,0.05,0.058,0.4404109589041096,0.7964794520547945,1.4218594467240728,0.8608570931478234,4.264289030452865,1.1857859258514158,5.591389095675504
left,2,7.657381673187302e-13,0.0,0.1,0.058,0.7047945205479452,0.9056982876712328,2.110027409342097,0.5167731118388112,4.264289030452865,1.1857859258514158,13.098322561528994
left,2,7.657381673187302e-13,0.0,0.2,0.058,0.9082191780821918,0.9764517123287672,2.9016551884483475,0.12095922228568623,4.264289030452865,1.1857859258514158,26.578396609404663
left,3,7.42416544907698e-13,1.0,0.05,0.045,0.39863013698630134,0.7928921232876712,1.4385032847183974,0.9761460679129371,4.218747187617189,1.015467273792864,4.632822558840709
left,3,7.42416544907698e-13,1.0,0.1,0.045,0.6691780821917809,0.9031729452054794,2.1330424474215364,0.6288764865613676,4.218747187617189,1.015467273792864,10.464527177279148
left,3,7.42416544907698e-13,1.0,0.2,0.045,0.8876712328767123,0.9751010273972602,2.909633927134281,0.24058074670499552,4.218747187617189,1.015467273792864,20.165144552990522
left,3,7.42416544907698e-13,0.5,0.05,0.048,0.40684931506849314,0.7930619863013698,1.4289055918007554,0.950110065302344,4.218747187617189,1.042366824883476,4.908370396916483
left,3,7.42416544907698e-13,0.5,0.1,0.048,0.6773972602739726,0.9032832191780822,2.12499582360259,0.6020649494014267,4.218747187617189,1.042366824883476,11.392681127807819
left,3,7.42416544907698e-13,0.5,0.2,0.048,0.8924657534246575,0.9751571917808219,2.904311196215776,0.2124072630948337,4.218747187617189,1.042366824883476,22.50355067372584
left,3,7.42416544907698e-13,0.0,0.05,0.055,0.4212328767123288,0.7932284246575343,1.399452655187715,0.8984668123289601,4.218747187617189,1.072992994135753,5.270591580856828
left,3,7.42416544907698e-13,0.0,0.1,0.055,0.6876712328767123,0.9033743150684932,2.0874532837274153,0.55446649805911,4.218747187617189,1.072992994135753,12.761567138897565
left,3,7.42416544907698e-13,0.0,0.2,0.055,0.9,0.9751914383561644,2.879744705467418,0.15832078718910858,4.218747187617189,1.072992994135753,26.3409191125693
left,4,7.514162903010657e-13,1.0,0.05,0.047,0.40821917808219177,0.794563698630137,1.4425365777776489,0.9533966001355012,4.40464593034461,1.0701430148739624,4.9195429309835506
left,4,7.514162903010657e-13,1.0,0.1,0.047,0.6671232876712329,0.9037041095890411,2.106648362551047,0.6213407077488022,4.40464593034461,1.0701430148739624,10.899428821433045
left,4,7.514162903010657e-13,1.0,0.2,0.047,0.8876712328767123,0.974545205479452,2.8889011058864704,0.23021433608109043,4.40464593034461,1.0701430148739624,20.694319700250503
left,4,7.514162903010657e-13,0.5,0.05,0.049,0.41506849315068495,0.794681506849315,1.4401020209641249,0.9345768918690155,4.40464593034461,1.094415079714823,5.18984863937443
left,4,7.514162903010657e-13,0.5,0.1,0.049,0.6760273972602739,0.9038643835616438,2.1112465054691074,0.5990046496165242,4.40464593034461,1.094415079714823,11.821110131454798
left,4,7.514162903010657e-13,0.5,0.2,0.049,0.8917808219178082,0.9746431506849315,2.8906822676939883,0.2092867685040838,4.40464593034461,1.094415079714823,23.012495981211146
left,4,7.514162903010657e-13,0.0,0.05,0.053,0.4273972602739726,0.7947883561643836,1.4334319129043682,0.8997204146628379,4.40464593034461,1.121645021778119,5.542852414525438
left,4,7.514162903010657e-13,0.0,0.1,0.053,0.6863013698630137,0.9040315068493151,2.101829845727615,0.5655214482512145,4.40464593034461,1.121645021778119,13.17911512666642
left,4,7.514162903010657e-13,0.0,0.2,0.053,0.897945205479452,0.9747527397260274,2.8863663058621682,0.17325321818393802,4.40464593034461,1.121645021778119,26.843952910813336
left,5,8.086482872204925e-13,1.0,0.05,0.053,0.41986301369863016,0.7923746575342466,1.414192435907809,0.9093401531611175,4.13078830895689,1.0436294986932886,4.7870575351941005
left,5,8.086482872204925e-13,1.0,0.1,0.053,0.673972602739726,0.9022284246575343,2.067345845841132,0.5827634481944562,4.13078830895689,1.0436294986932886,10.713734415288185
left,5,8.086482872204925e-13,1.0,0.2,0.053,0.8897260273972603,0.974595890410959,2.841508765571879,0.19568198832908257,4.13078830895689,1.0436294986932886,20.363782209348024
left,5,8.086482872204925e-13,0.5,0.05,0.057,0.4267123287671233,0.7924486301369863,1.3957162200918825,0.8826087083534208,4.13078830895689,1.0692439106683815,5.063205881638017
left,5,8.086482872204925e-13,0.5,0.1,0.057,0.6835616438356165,0.9022743150684932,2.058148601111376,0.5513925178436742,4.13078830895689,1.0692439106683815,11.655731741074318
left,5,8.086482872204925e-13,0.5,0.2,0.057,0.8931506849315068,0.9746260273972602,2.82392611787659,0.168503759461067,4.13078830895689,1.0692439106683815,22.702569642190422
left,5,8.086482872204925e-13,0.0,0.05,0.06,0.4383561643835616,0.7925068493150685,1.3996353454741899,0.8549559218597585,4.13078830895689,1.098405416460274,5.42844934487628
left,5,8.086482872204925e-13,0.0,0.1,0.06,0.697945205479452,0.902307191780822,2.073273409717002,0.5181368897383525,4.13078830895689,1.098405416460274,13.06575111690208
left,5,8.086482872204925e-13,0.0,0.2,0.06,0.9006849315068494,0.9746561643835616,2.840237743629393,0.13465472278215707,4.13078830895689,1.098405416460274,26.622565108177874
left,6,7.745644403645002e-13,1.0,0.05,0.05,0.426027397260274,0.8017123287671233,1.4583563250594098,0.915675464421768,4.131092826750739,1.0438887202067086,4.911541074333445
left,6,7.745644403645002e-13,1.0,0.1,0.05,0.6924657534246575,0.9099910958904109,2.147705395910347,0.5710009289962994,4.131092826750739,1.0438887202067086,10.901825195781734
left,6,7.745644403645002e-13,1.0,0.2,0.05,0.9041095890410958,0.9769397260273973,2.9501826896825953,0.16976228211017508,4.131092826750739,1.0438887202067086,20.673473159448683
left,6,7.745644403645002e-13,0.5,0.05,0.058,0.43356164383561646,0.8016479452054794,1.4044731961088721,0.8695502184554238,4.131092826750739,1.070696141295632,5.199101712167249
left,6,7.745644403645002e-13,0.5,0.1,0.058,0.702054794520548,0.9099294520547945,2.102106342353428,0.5207336453331459,4.131092826750739,1.070696141295632,11.854715848910056
left,6,7.745644403645002e-13,0.5,0.2,0.058,0.9102739726027397,0.9769191780821918,2.914230882813257,0.11467137510323122,4.131092826750739,1.070696141295632,23.03417953283685
left,6,7.745644403645002e-13,0.0,0.05,0.061,0.4438356164383562,0.8016143835616438,1.4051815844293618,0.8438423300420671,4.131092826750739,1.1012785330966117,5.580765280919298
left,6,7.745644403645002e-13,0.0,0.1,0.061,0.7095890410958904,0.9099212328767123,2.0986176733384463,0.49712428558752475,4.131092826750739,1.1012785330966117,13.28375651361198
left,6,7.745644403645002e-13,0.0,0.2,0.061,0.9116438356164384,0.976890410958904,2.8973803789181085,0.09774293279769386,4.131092826750739,1.1012785330966117,26.971956272775333
left,7,8.028855358332976e-13,1.0,0.05,0.045,0.4226027397260274,0.7983739726027397,1.500158238325331,0.9453185911094704,4.203000583100698,1.03059543894258,4.846209724565994
left,7,8.028855358332976e-13,1.0,0.1,0.045,0.6863013698630137,0.9076417808219178,2.1807911848847286,0.6050021178297714,4.203000583100698,1.03059543894258,10.767794098074726
left,7,8.028855358332976e-13,1.0,0.2,0.045,0.8986301369863013,0.9775561643835616,2.9691824184721023,0.21080650103608456,4.203000583100698,1.03059543894258,20.483546889130285
left,7,8.028855358332976e-13,0.5,0.05,0.052,0.426027397260274,0.7983513698630137,1.4392660843411713,0.9061303440626487,4.203000583100698,1.057497436991786,5.122725958687538
left,7,8.028855358332976e-13,0.5,0.1,0.052,0.6897260273972603,0.9075808219178082,2.1208373023887734,0.5653447350388475,4.203000583100698,1.057497436991786,11.695493656932138
left,7,8.028855358332976e-13,0.5,0.2,0.052,0.9034246575342466,0.977532191780822,2.9270782985184023,0.1622242369740332,4.203000583100698,1.057497436991786,22.796821235538644
left,7,8.028855358332976e-13,0.0,0.05,0.056,0.43767123287671234,0.798327397260274,1.432391418608555,0.8730718477471147,4.203000583100698,1.0882076090258674,5.487421350499294
left,7,8.028855358332976e-13,0.0,0.1,0.056,0.6958904109589041,0.9075294520547945,2.101884672934556,0.5383252205841139,4.203000583100698,1.0882076090258674,13.077414616533682
left,7,8.028855358332976e-13,0.0,0.2,0.056,0.9054794520547945,0.977513698630137,2.9026886436743786,0.1379232352142028,4.203000583100698,1.0882076090258674,26.639396947891495
left,8,7.367439991412539e-13,1.0,0.05,0.053,0.40821917808219177,0.7929609589041096,1.3843080598683453,0.9242823411808494,4.251625537878899,1.0616475918616997,4.747982259719979
left,8,7.367439991412539e-13,1.0,0.1,0.053,0.673972602739726,0.9015325342465753,2.067345845841132,0.5827634481944562,4.251625537878899,1.0616475918616997,10.569282938991666
left,8,7.367439991412539e-13,1.0,0.2,0.053,0.8917808219178082,0.9753133561643835,2.8524907364579324,0.19019100288605584,4.251625537878899,1.0616475918616997,20.21150835984214
left,8,7.367439991412539e-13,0.5,0.05,0.056,0.4191780821917808,0.7932034246575342,1.3852709679666695,0.8966320730680574,4.251625537878899,1.0874384516504547,5.032880160034892
left,8,7.367439991412539e-13,0.5,0.1,0.056,0.6842465753424658,0.9017085616438356,2.0688745832561963,0.554830265423294,4.251625537878899,1.0874384516504547,11.530616808019774
left,8,7.367439991412539e-13,0.5,0.2,0.056,0.8952054794520548,0.9754071917808219,2.8439638249391352,0.1672856445818245,4.251625537878899,1.0874384516504547,22.605997745007546
left,8,7.367439991412539e-13,0.0,0.05,0.059,0.42945205479452053,0.7934623287671233,1.3854542847987092,0.8704965044669215,4.251625537878899,1.1166220292836102,5.411374460067091
left,8,7.367439991412539e-13,0.0,0.1,0.059,0.6938356164383561,0.9019147260273973,2.069975750048311,0.5282357718421207,4.251625537878899,1.1166220292836102,12.981035216323559
left,8,7.367439991412539e-13,0.0,0.2,0.059,0.897945205479452,0.9755181506849315,2.833153581613422,0.14664685605956507,4.251625537878899,1.1166220292836102,26.64532763456623
left,9,7.841609306336039e-13,1.0,0.05,0.052,0.40684931506849314,0.7927232876712329,1.390106116831268,0.9307103278176003,4.093686490149941,1.012498547291632,4.558736214378384
left,9,7.841609306336039e-13,1.0,0.1,0.052,0.6671232876712329,0.8985054794520548,2.0577468597599555,0.5968899563532566,4.093686490149941,1.012498547291632,10.217379774087796
left,9,7.841609306336039e-13,1.0,0.2,0.052,0.886986301369863,0.9735616438356164,2.836419060214241,0.207553856126114,4.093686490149941,1.012498547291632,19.701595963718393
left,9,7.841609306336039e-13,0.5,0.05,0.058,0.41506849315068495,0.7928972602739726,1.3572609351229068,0.8931563489484065,4.093686490149941,1.0385633722844276,4.8340647885702825
left,9,7.841609306336039e-13,0.5,0.1,0.058,0.6719178082191781,0.8987294520547945,2.017001822243278,0.5632859053882209,4.093686490149941,1.0385633722844276,11.161125758146573
left,9,7.841609306336039e-13,0.5,0.2,0.058,0.8910958904109589,0.9736719178082192,2.8041640020778775,0.1697048154709212,4.093686490149941,1.0385633722844276,22.062756538575904
left,9,7.841609306336039e-13,0.0,0.05,0.062,0.4280821917808219,0.7930698630136986,1.3569399826665016,0.8597288672508134,4.093686490149941,1.0683347990623524,5.19736952174213
left,9,7.841609306336039e-13,0.0,0.1,0.062,0.6815068493150684,0.8989273972602739,2.0101154830620858,0.5331411170530214,4.093686490149941,1.0683347990623524,12.564233194889571
left,9,7.841609306336039e-13,0.0,0.2,0.062,0.8945205479452055,0.9738047945205479,2.7891319099595173,0.14363290360430558,4.093686490149941,1.0683347990623524,25.969791047067023
left,10,7.465035534170994e-13,1.0,0.05,0.044,0.40684931506849314,0.7988215753424658,1.4703861274869956,0.9708503331454641,4.463674478832709,1.1234119040716086,5.042898272044967
left,10,7.465035534170994e-13,1.0,0.1,0.044,0.6815068493150684,0.9070873287671233,2.1779600213669834,0.6170633862054702,4.463674478832709,1.1234119040716086,11.08137804682686
left,10,7.465035534170994e-13,1.0,0.2,0.044,0.8965753424657534,0.976683904109589,2.9683198820275787,0.22188345587517255,4.463674478832709,1.1234119040716086,20.96170076934341
left,10,7.465035534170994e-13,0.5,0.05,0.051,0.413013698630137,0.7987297945205479,1.4154346286420616,0.9275167010676194,4.463674478832709,1.1544469031420483,5.336661877995777
left,10,7.465035534170994e-13,0.5,0.1,0.051,0.6897260273972603,0.9069948630136986,2.1303079315441895,0.5700800496165555,4.463674478832709,1.1544469031420483,12.032497334423669
left,10,7.465035534170994e-13,0.5,0.2,0.051,0.9027397260273973,0.9766811643835617,2.9325556370066184,0.16895619688534103,4.463674478832709,1.1544469031420483,23.312283544513864
left,10,7.465035534170994e-13,0.0,0.05,0.057,0.42397260273972603,0.7986818493150685,1.3887259678001889,0.8861038344992676,4.463674478832709,1.189813890901858,5.722530735996467
left,10,7.465035534170994e-13,0.0,0.1,0.057,0.7027397260273973,0.9069010273972603,2.1127634743613393,0.5240850812186924,4.463674478832709,1.189813890901858,13.438476630796037
left,10,7.465035534170994e-13,0.0,0.2,0.057,0.9068493150684932,0.9766743150684931,2.9020668590232956,0.12943338888771416,4.463674478832709,1.189813890901858,27.172146661898694
left,11,7.755948661092305e-13,1.0,0.05,0.046,0.4,0.790195890410959,1.4315936647361152,0.9691439355038572,4.3477126512765905,1.095242093350474,4.681087537292246
left,11,7.755948661092305e-13,1.0,0.1,0.046,0.6616438356164384,0.8978770547945205,2.1018943928024107,0.6339935714707094,4.3477126512765905,1.095242093350474,10.317735649075237
left,11,7.755948661092305e-13,1.0,0.2,0.046,0.8835616438356164,0.9734510273972603,2.877922028151289,0.24597975379627013,4.3477126512765905,1.095242093350474,19.77732831411143
left,11,7.755948661092305e-13,0.5,0.05,0.05,0.4054794520547945,0.790227397260274,1.4056644621736656,0.9420213958646401,4.3477126512765905,1.1220565339361785,4.946157754334687
left,11,7.755948661092305e-13,0.5,0.1,0.05,0.6664383561643835,0.8979188356164384,2.0749530940418555,0.6073770799305451,4.3477126512765905,1.1220565339361785,11.21554882553441
left,11,7.755948661092305e-13,0.5,0.2,0.05,0.8883561643835617,0.9734763698630137,2.862686021601709,0.2135106161506185,4.3477126512765905,1.1220565339361785,22.064805267161308
left,11,7.755948661092305e-13,0.0,0.05,0.053,0.41643835616438357,0.790286301369863,1.405422839424909,0.9137249514025675,4.3477126512765905,1.1524901444639648,5.296450324741271
left,11,7.755948661092305e-13,0.0,0.1,0.053,0.6760273972602739,0.8979441780821917,2.0730549742330515,0.5799088839984963,4.3477126512765905,1.1524901444639648,12.567486858372126
left,11,7.755948661092305e-13,0.0,0.2,0.053,0.8938356164383562,0.9735058219178082,2.863623838528768,0.18462445185063814,4.3477126512765905,1.1524901444639648,25.91745081719258
left,12,7.892228537365042e-13,1.0,0.05,0.055,0.436986301369863,0.7948818493150684,1.4395786382236206,0.8784038208110072,4.135651238214643,1.0920997211673797,4.928147884324305
left,12,7.892228537365042e-13,1.0,0.1,0.055,0.6945205479452055,0.9054287671232877,2.1068983011987674,0.5447439893234338,4.135651238214643,1.0920997211673797,10.924607814836861
left,12,7.892228537365042e-13,1.0,0.2,0.055,0.9,0.9774767123287671,2.879744705467418,0.15832078718910858,4.135651238214643,1.0920997211673797,20.851605969835337
left,12,7.892228537365042e-13,0.5,0.05,0.059,0.4417808219178082,0.7948284246575342,1.416767927604245,0.8548396830641536,4.135651238214643,1.1215920285716179,5.215677371848599
left,12,7.892228537365042e-13,0.5,0.1,0.059,0.6993150684931507,0.9053630136986301,2.0856552410939244,0.5203960263193138,4.135651238214643,1.1215920285716179,11.869301337883254
left,12,7.892228537365042e-13,0.5,0.2,0.059,0.9013698630136986,0.9774356164383562,2.8526201572603744,0.13691356823608902,4.135651238214643,1.1215920285716179,23.20668147459117
left,12,7.892228537365042e-13,0.0,0.05,0.062,0.44794520547945205,0.7948099315068493,1.4073443612658962,0.8345266779511161,4.135651238214643,1.1550637765242977,5.592686241760049
left,12,7.892228537365042e-13,0.0,0.1,0.062,0.7075342465753425,0.9052952054794521,2.0843944345826184,0.49600164129275504,4.135651238214643,1.1550637765242977,13.26167780335618
left,12,7.892228537365042e-13,0.0,0.2,0.062,0.9068493150684932,0.9773945205479452,2.859798899207998,0.10829940898006529,4.135651238214643,1.1550637765242977,27.07692963126957
left,13,6.83630235753796e-13,1.0,0.05,0.05,0.41575342465753423,0.7980273972602739,1.4320842485195349,0.9288115026917054,4.228630530449672,1.0862287358423406,4.847922765568408
left,13,6.83630235753796e-13,1.0,0.1,0.05,0.686986301369863,0.9061688356164384,2.1321795254002054,0.5787638642513702,4.228630530449672,1.0862287358423406,10.719713194711868
left,13,6.83630235753796e-13,1.0,0.2,0.05,0.9,0.976822602739726,2.9264051924960732,0.18165103070343624,4.228630530449672,1.0862287358423406,20.450561015333573
left,13,6.83630235753796e-13,0.5,0.05,0.055,0.42397260273972603,0.7979157534246575,1.4064522893236444,0.8949669952609953,4.228630530449672,1.1155599597601595,5.127082856753985
left,13,6.83630235753796e-13,0.5,0.1,0.055,0.6945205479452055,0.9060681506849315,2.1068983011987674,0.5447439893234338,4.228630530449672,1.1155599597601595,11.634069931944214
left,13,6.83630235753796e-13,0.5,0.2,0.055,0.9027397260273973,0.9767671232876712,2.8955147615407855,0.1504357591524247,4.228630530449672,1.1155599597601595,22.726418995133436
left,13,6.83630235753796e-13,0.0,0.05,0.059,0.43561643835616437,0.797777397260274,1.4011309747769536,0.8626581594777993,4.228630530449672,1.1492842963612955,5.497116364746229
left,13,6.83630235753796e-13,0.0,0.1,0.059,0.7061643835616438,0.9059496575342466,2.105437442237816,0.5105049257473682,4.228630530449672,1.1492842963612955,13.001327023839455
left,13,6.83630235753796e-13,0.0,0.2,0.059,0.9061643835616439,0.9766910958904109,2.8807231936829343,0.1228620500248091,4.228630530449672,1.1492842963612955,26.53085688367343
left,14,7.458651751779399e-13,1.0,0.05,0.046,0.41712328767123286,0.7990041095890411,1.4756824326098146,0.9470995515670075,4.307949135688686,1.0582205005643524,4.92944792747042
left,14,7.458651751779399e-13,1.0,0.1,0.046,0.6835616438356165,0.9071667808219178,2.1626225505839285,0.6036294925799506,4.307949135688686,1.0582205005643524,10.933283639399942
left,14,7.458651751779399e-13,1.0,0.2,0.046,0.8952054794520548,0.9768239726027397,2.9396370357596577,0.21512224999208585,4.307949135688686,1.0582205005643524,20.674036707574846
left,14,7.458651751779399e-13,0.5,0.05,0.051,0.42534246575342466,0.7990267123287671,1.4469894407278399,0.9117392950247303,4.307949135688686,1.0856077061258484,5.213039097994254
left,14,7.458651751779399e-13,0.5,0.1,0.051,0.6876712328767123,0.9072030821917808,2.124494159193248,0.5729869357920263,4.307949135688686,1.0856077061258484,11.873904137504146
left,14,7.458651751779399e-13,0.5,0.2,0.051,0.8972602739726028,0.9768431506849315,2.9013279551062574,0.1845700378355215,4.307949135688686,1.0856077061258484,22.992798294485112
left,14,7.458651751779399e-13,0.0,0.05,0.053,0.4349315068493151,0.7990136986301369,1.4526038808314707,0.8901344306992867,4.307949135688686,1.1166374574844307,5.584528164316486
left,14,7.458651751779399e-13,0.0,0.1,0.053,0.7,0.9072558219178082,2.140836883823063,0.5460179292034907,4.307949135688686,1.1166374574844307,13.258249307376603
left,14,7.458651751779399e-13,0.0,0.2,0.053,0.9027397260273973,0.9768815068493151,2.9137579927329904,0.15955737474852694,4.307949135688686,1.1166374574844307,26.785416445506385
left,15,7.894726539170449e-13,1.0,0.05,0.046,0.4089041095890411,0.7943654109589041,1.45457584949209,0.9576528431258698,4.217401610964376,1.0447468954588,4.790083811060289
left,15,7.894726539170449e-13,1.0,0.1,0.046,0.6794520547945205,0.9051291095890411,2.1511078768127057,0.6093868294655621,4.217401610964376,1.0447468954588,10.722602872868293
left,15,7.894726539170449e-13,1.0,0.2,0.046,0.8938356164383562,0.9762599315068493,2.932128235285661,0.21887665022908454,4.217401610964376,1.0447468954588,20.539548047639894
left,15,7.894726539170449e-13,0.5,0.05,0.052,0.4212328767123288,0.7942989726027397,1.4270229014981317,0.9122519354841685,4.217401610964376,1.0724055442752134,5.064874850596781
left,15,7.894726539170449e-13,0.5,0.1,0.052,0.684931506849315,0.9050955479452055,2.1072974352689973,0.5721146685987357,4.217401610964376,1.0724055442752134,11.647301982745294
left,15,7.894726539170449e-13,0.5,0.2,0.052,0.8972602739726028,0.9762510273972603,2.8918573259508413,0.17983472325781358,4.217401610964376,1.0724055442752134,22.856573568477593
left,15,7.894726539170449e-13,0.0,0.05,0.055,0.43082191780821916,0.7942647260273973,1.4239111283951396,0.8862375757252478,4.217401610964376,1.1040861499622745,5.428144632488573
left,15,7.894726539170449e-13,0.0,0.1,0.055,0.6917808219178082,0.9050955479452055,2.099097610358764,0.5486443347434355,4.217401610964376,1.1040861499622745,13.029313126556188
left,15,7.894726539170449e-13,0.0,0.2,0.055,0.9020547945205479,0.9762462328767123,2.891542051950089,0.15242211394777316,4.217401610964376,1.1040861499622745,26.722791611582753
left,16,7.120137812677285e-13,1.0,0.05,0.047,0.4136986301369863,0.7954284246575343,1.4566240094165235,0.9463528843160639,3.9557121086196747,0.9909503979818727,4.727981259047174
left,16,7.120137812677285e-13,1.0,0.1,0.047,0.6821917808219178,0.9050441780821917,2.1485014811967846,0.6004141484259333,3.9557121086196747,0.9909503979818727,10.699402727728353
left,16,7.120137812677285e-13,1.0,0.2,0.047,0.8952054794520548,0.9752496575342465,2.9293611569120688,0.20998431056829125,3.9557121086196747,0.9909503979818727,20.48852613522405
left,16,7.120137812677285e-13,0.5,0.05,0.049,0.42191780821917807,0.795452397260274,1.457638225825387,0.9258087894383844,3.9557121086196747,1.017132421770736,5.005986096006083
left,16,7.120137812677285e-13,0.5,0.1,0.049,0.6876712328767123,0.905070205479452,2.1438880461556757,0.5826838792732402,3.9557121086196747,1.017132421770736,11.643684319251381
left,16,7.120137812677285e-13,0.5,0.2,0.049,0.8972602739726028,0.9752633561643835,2.9207218420686853,0.19426698131673537,3.9557121086196747,1.017132421770736,22.844757846668923
left,16,7.120137812677285e-13,0.0,0.05,0.055,0.4321917808219178,0.7954674657534246,1.4273963606654594,0.8844949595900878,3.9557121086196747,1.046851692676008,5.374003270315415
left,16,7.120137812677285e-13,0.0,0.1,0.055,0.697945205479452,0.9050893835616438,2.116692955042966,0.5398466624013345,3.9557121086196747,1.046851692676008,13.050120793794122
left,16,7.120137812677285e-13,0.0,0.2,0.055,0.8993150684931507,0.9752859589041096,2.875851642602708,0.16026731862146348,3.9557121086196747,1.046851692676008,26.742918806373947
left,17,7.544243008084095e-13,1.0,0.05,0.051,0.40616438356164386,0.7924794520547945,1.397811168509072,0.9363284311341142,4.292792380673092,1.083580314667769,4.8368871375935765
left,17,7.544243008084095e-13,1.0,0.1,0.051,0.6794520547945205,0.900866095890411,2.101401124329441,0.5845334532239298,4.292792380673092,1.083580314667769,10.810988433701478
left,17,7.544243008084095e-13,1.0,0.2,0.051,0.8938356164383562,0.9746739726027397,2.882421482802396,0.19402327398745223,4.292792380673092,1.083580314667769,20.711419014877897
left,17,7.544243008084095e-13,0.5,0.05,0.057,0.41575342465753423,0.7925452054794521,1.367697439967424,0.89661809841565,4.292792380673092,1.1092851909582697,5.102493691464959
left,17,7.544243008084095e-13,0.5,0.1,0.057,0.6842465753424658,0.9009339041095891,2.060073844604166,0.5504298960972789,4.292792380673092,1.1092851909582697,11.720991256194138
left,17,7.544243008084095e-13,0.5,0.2,0.057,0.897945205479452,0.9747041095890411,2.8503967531465078,0.155268441826108,4.292792380673092,1.1092851909582697,23.015504847216363
left,17,7.544243008084095e-13,0.0,0.05,0.06,0.4246575342465753,0.7925869863013698,1.3647811722742036,0.8723830084597517,4.292792380673092,1.138735175185861,5.451001231693328
left,17,7.544243008084095e-13,0.0,0.1,0.06,0.6904109589041096,0.9009921232876712,2.051789149643697,0.5288790197750052,4.292792380673092,1.138735175185861,13.065867358092156
left,17,7.544243008084095e-13,0.0,0.2,0.06,0.9020547945205479,0.9747404109589041,2.848122506624125,0.13071234128479114,4.292792380673092,1.138735175185861,26.814035939746418
left,18,7.012584957166723e-13,1.0,0.05,0.052,0.4212328767123288,0.7980311643835617,1.4270229014981317,0.9122519354841685,3.965308988117046,1.012705323670755,4.751204194752304
left,18,7.012584957166723e-13,1.0,0.1,0.052,0.6910958904109589,0.9056020547945205,2.124722455712789,0.5634021583768397,3.965308988117046,1.012705323670755,10.581571164328757
left,18,7.012584957166723e-13,1.0,0.2,0.052,0.9047945205479452,0.9771441780821918,2.935127743630065,0.1581995144182018,3.965308988117046,1.012705323670755,20.294672605231273
left,18,7.012584957166723e-13,0.5,0.05,0.058,0.4328767123287671,0.7979318493150684,1.4027318730610596,0.87042087997933,3.965308988117046,1.0397443918163511,5.020587078898057
left,18,7.012584957166723e-13,0.5,0.1,0.058,0.6952054794520548,0.9054732876712329,2.082446978234767,0.5305633273924764,3.965308988117046,1.0397443918163511,11.475077750612295
left,18,7.012584957166723e-13,0.5,0.2,0.058,0.9089041095890411,0.9770558219178083,2.90582366408555,0.11887498446708478,3.965308988117046,1.0397443918163511,22.54226846405358
left,18,7.012584957166723e-13,0.0,0.05,0.06,0.44726027397260276,0.797825,1.422187269528767,0.84367995983247,3.965308988117046,1.0707184694484004,5.3754763178302385
left,18,7.012584957166723e-13,0.0,0.1,0.06,0.708904109589041,0.9053493150684931,2.1049596298346342,0.5022937796795364,3.965308988117046,1.0707184694484004,12.80031376545895
left,18,7.012584957166723e-13,0.0,0.2,0.06,0.9116438356164384,0.9769626712328767,2.9057208512582138,0.1019131689677466,3.965308988117046,1.0707184694484004,26.267171110553083
left,19,7.22071707981442e-13,1.0,0.05,0.048,0.40616438356164386,0.792413698630137,1.4271400143231434,0.95099285404115,4.366526415585287,1.080563249486248,4.786130110839114
left,19,7.22071707981442e-13,1.0,0.1,0.048,0.6643835616438356,0.9014897260273973,2.0890194248839418,0.6200531487607508,4.366526415585287,1.080563249486248,10.605755493757679
left,19,7.22071707981442e-13,1.0,0.2,0.048,0.8917808219178082,0.9752575342465754,2.900617226545632,0.21425424792990566,4.366526415585287,1.080563249486248,20.29497052153797
left,19,7.22071707981442e-13,0.5,0.05,0.051,0.41575342465753423,0.792377397260274,1.4224646369567122,0.9240016969102941,4.366526415585287,1.110152125929057,5.059100662376427
left,19,7.22071707981442e-13,0.5,0.1,0.051,0.673972602739726,0.901558904109589,2.0861434901147597,0.5921622703312703,4.366526415585287,1.110152125929057,11.519073218118612
left,19,7.22071707981442e-13,0.5,0.2,0.051,0.8972602739726028,0.9752458904109589,2.9013279551062574,0.1845700378355215,4.366526415585287,1.110152125929057,22.599526231535865
left,19,7.22071707981442e-13,0.0,0.05,0.056,0.42876712328767125,0.7923698630136986,1.4097537112949667,0.8843907014039087,4.366526415585287,1.1440836024755185,5.419495860808591
left,19,7.22071707981442e-13,0.0,0.1,0.056,0.6821917808219178,0.9016130136986301,2.063104149223851,0.5577154824394666,4.366526415585287,1.1440836024755185,12.880250377166986
left,19,7.22071707981442e-13,0.0,0.2,0.056,0.9006849315068494,0.9752561643835617,2.8747317060839315,0.15190170400942637,4.366526415585287,1.1440836024755185,26.42760981331877
left,20,7.620258590801399e-13,1.0,0.05,0.042,0.3856164383561644,0.7939472602739726,1.437171703783194,1.0093484704968216,4.533108877276306,1.0415486572442856,4.6536037295969
left,20,7.620258590801399e-13,1.0,0.1,0.042,0.6452054794520548,0.9034900684931507,2.1003423994532575,0.6777631226617898,4.533108877276306,1.0415486572442856,10.348779044998116
left,20,7.620258590801399e-13,1.0,0.2,0.042,0.8719178082191781,0.975086301369863,2.863437900490026,0.29621537214340565,4.533108877276306,1.0415486572442856,19.804845261890556
left,20,7.620258590801399e-13,0.5,0.05,0.045,0.3958904109589041,0.7939856164383562,1.4313988823650754,0.9796982690895981,4.533108877276306,1.0683444479093485,4.914394424703064
left,20,7.620258590801399e-13,0.5,0.1,0.045,0.6561643835616439,0.903561301369863,2.097415093852523,0.6466901633458744,4.533108877276306,1.0683444479093485,11.225961762724326
left,20,7.620258590801399e-13,0.5,0.2,0.045,0.8787671232876713,0.9751417808219178,2.8642435361263026,0.26327594220898465,4.533108877276306,1.0683444479093485,22.02755617547662
left,20,7.620258590801399e-13,0.0,0.05,0.05,0.4054794520547945,0.7940787671232876,1.4056644621736656,0.9420213958646401,4.533108877276306,1.0988704437168881,5.257292247778368
left,20,7.620258590801399e-13,0.0,0.1,0.05,0.663013698630137,0.9036133561643835,2.0655557608676762,0.6120757465176349,4.533108877276306,1.0988704437168881,12.530160715475994
left,20,7.620258590801399e-13,0.0,0.2,0.05,0.8883561643835617,0.9752232876712329,2.862686021601709,0.2135106161506185,4.533108877276306,1.0988704437168881,25.736145392718633
left,21,8.898125292144954e-13,1.0,0.05,0.049,0.39863013698630134,0.7946568493150685,1.3977334767973395,0.9557611639524082,4.35065643016053,1.0515939648858261,4.842168053135084
left,21,8.898125292144954e-13,1.0,0.1,0.049,0.6773972602739726,0.9031719178082191,2.115060864750946,0.5970974699756049,4.35065643016053,1.0515939648858261,10.741089647394366
left,21,8.898125292144954e-13,1.0,0.2,0.049,0.897945205479452,0.9763780821917808,2.9245578370982237,0.19234898380196597,4.35065643016053,1.0515939648858261,20.471949214271667
left,21,8.898125292144954e-13,0.5,0.05,0.05,0.4089041095890411,0.7947520547945206,1.414488708571648,0.9376092726656489,4.35065643016053,1.0786404705476174,5.136564256741408
left,21,8.898125292144954e-13,0.5,0.1,0.05,0.6835616438356165,0.9032164383561644,2.1225354096634863,0.5835859221197296,4.35065643016053,1.0786404705476174,11.713161065446712
left,21,8.898125292144954e-13,0.5,0.2,0.05,0.9020547945205479,0.9763534246575343,2.938202538978744,0.17575235746210083,4.35065643016053,1.0786404705476174,22.881323121844396
left,21,8.898125292144954e-13,0.0,0.05,0.055,0.4191780821917808,0.7948958904109589,1.394196550838095,0.9010948645037701,4.35065643016053,1.1096789838908716,5.532340063397084
left,21,8.898125292144954e-13,0.0,0.1,0.055,0.6897260273972603,0.903286301369863,2.093267056078357,0.5515596118836391,4.35065643016053,1.1096789838908716,13.18837368924899
left,21,8.898125292144954e-13,0.0,0.2,0.055,0.9047945205479452,0.9763369863013699,2.9075574973196483,0.14441439126299338,4.35065643016053,1.1096789838908716,26.962677457404254
left,22,7.802022916614249e-13,1.0,0.05,0.047,0.39863013698630134,0.7913705479452054,1.4177704634705872,0.965779657289032,4.227641675254552,1.0284815595923842,4.680788141392986
left,22,7.802022916614249e-13,1.0,0.1,0.047,0.6719178082191781,0.9012270547945206,2.119879894757744,0.6147249416454537,4.227641675254552,1.0284815595923842,10.615683055899318
left,22,7.802022916614249e-13,1.0,0.2,0.047,0.8876712328767123,0.9756554794520548,2.8889011058864704,0.23021433608109043,4.227641675254552,1.0284815595923842,20.45737566233759
left,22,7.802022916614249e-13,0.5,0.05,0.048,0.40616438356164386,0.7914623287671233,1.4271400143231434,0.95099285404115,4.227641675254552,1.0549245480990141,4.955844468232351
left,22,7.802022916614249e-13,0.5,0.1,0.048,0.678082191780822,0.901311301369863,2.126905514837327,0.6011101037840583,4.227641675254552,1.0549245480990141,11.556312816209498
left,22,7.802022916614249e-13,0.5,0.2,0.048,0.8931506849315068,0.9756993150684932,2.9080221606799497,0.21055178086274684,4.227641675254552,1.0549245480990141,22.829991405023044
left,22,7.802022916614249e-13,0.0,0.05,0.049,0.41575342465753423,0.7915890410958905,1.44185852391914,0.933698640391508,4.227641675254552,1.0851948252919954,5.318918268283973
left,22,7.802022916614249e-13,0.0,0.1,0.049,0.6883561643835616,0.9014195205479452,2.1458241237187705,0.5817158404916927,4.227641675254552,1.0851948252919954,12.957780013055457
left,22,7.802022916614249e-13,0.0,0.2,0.049,0.8965753424657534,0.9757541095890411,2.9169043874896947,0.19617570860623057,4.227641675254552,1.0851948252919954,26.762710133267284
left,23,8.513884042216091e-13,1.0,0.05,0.048,0.40342465753424656,0.7926085616438356,1.4200702387546242,0.9545277418254096,4.442133684109788,1.1039204236631206,4.900423328334013
left,23,8.513884042216091e-13,1.0,0.1,0.048,0.6623287671232877,0.901277397260274,2.083390004991243,0.6228678587071002,4.442133684109788,1.1039204236631206,10.850647518824234
left,23,8.513884042216091e-13,1.0,0.2,0.048,0.8917808219178082,0.9745496575342466,2.900617226545632,0.21425424792990566,4.442133684109788,1.1039204236631206,20.668859800627153
left,23,8.513884042216091e-13,0.5,0.05,0.052,0.41164383561643836,0.7927099315068493,1.4024449393563594,0.9245409165550547,4.442133684109788,1.132317834808086,5.183332179557974
left,23,8.513884042216091e-13,0.5,0.1,0.052,0.6698630136986301,0.9013657534246575,2.065298323565613,0.5931142244504279,4.442133684109788,1.132317834808086,11.794148796878424
left,23,8.513884042216091e-13,0.5,0.2,0.052,0.8972602739726028,0.974606506849315,2.8918573259508413,0.17983472325781358,4.442133684109788,1.132317834808086,23.031007239256006
left,23,8.513884042216091e-13,0.0,0.05,0.056,0.42397260273972603,0.7928099315068493,1.397526706452219,0.8905042038252826,4.442133684109788,1.1647913600330793,5.5561689239625816
left,23,8.513884042216091e-13,0.0,0.1,0.056,0.6856164383561644,0.9014767123287671,2.0727304187174282,0.552902347692678,4.442133684109788,1.1647913600330793,13.200791893786658
left,23,8.513884042216091e-13,0.0,0.2,0.056,0.9006849315068494,0.974642808219178,2.8747317060839315,0.15190170400942637,4.442133684109788,1.1647913600330793,26.94627424299014
left,24,8.333472800714503e-13,1.0,0.05,0.049,0.42534246575342466,0.7989647260273972,1.4663833276902676,0.9214362385059441,4.192965453434589,1.0766049635808181,4.98339057465541
left,24,8.333472800714503e-13,1.0,0.1,0.049,0.6904109589041096,0.9043325342465753,2.1516434573979213,0.5788061736521174,4.192965453434589,1.0766049635808181,10.971686863673948
left,24,8.333472800714503e-13,1.0,0.2,0.049,0.8986301369863013,0.9756222602739726,2.9284126105510446,0.19042159707555562,4.192965453434589,1.0766049635808181,20.789981822599277
left,24,8.333472800714503e-13,0.5,0.05,0.054,0.4349315068493151,0.7991839041095891,1.4434154016166667,0.8855401910918846,4.192965453434589,1.1012626340313263,5.263787651522659
left,24,8.333472800714503e-13,0.5,0.1,0.054,0.702054794520548,0.9045325342465753,2.137567417743786,0.538464183028325,4.192965453434589,1.1012626340313263,11.923859013794184
left,24,8.333472800714503e-13,0.5,0.2,0.054,0.9020547945205479,0.9757469178082192,2.900596803927489,0.1569494899364734,4.192965453434589,1.1012626340313263,23.159041808689892
left,24,8.333472800714503e-13,0.0,0.05,0.056,0.4438356164383562,0.7994763698630137,1.448016019224006,0.8652595474393892,4.192965453434589,1.1289389000339307,5.6325886166433135
left,24,8.333472800714503e-13,0.0,0.1,0.056,0.7082191780821918,0.9047702054794521,2.137457271513172,0.5205389212948062,4.192965453434589,1.1289389000339307,13.353803386605417
left,24,8.333472800714503e-13,0.0,0.2,0.056,0.9075342465753424,0.9758907534246576,2.9149904341601856,0.13177233997129922,4.192965453434589,1.1289389000339307,27.1370109047805
left,25,8.259018469125579e-13,1.0,0.05,0.046,0.3958904109589041,0.796461301369863,1.4209419399648544,0.9744697978894876,4.204547490605872,1.0118863404245033,4.730139684524344
left,25,8.259018469125579e-13,1.0,0.1,0.046,0.6753424657534246,0.9035972602739726,2.1396546832346472,0.6151134262545912,4.204547490605872,1.0118863404245033,10.592143599775882
left,25,8.259018469125579e-13,1.0,0.2,0.046,0.8972602739726028,0.9751041095890411,2.951034707589522,0.2094234140771538,4.204547490605872,1.0118863404245033,20.263626208810606
left,25,8.259018469125579e-13,0.5,0.05,0.051,0.40821917808219177,0.7965092465753425,1.4031057041419734,0.9336811633176635,4.204547490605872,1.0378612969569225,5.007088035056503
left,25,8.259018469125579e-13,0.5,0.1,0.051,0.6794520547945205,0.9036363013698631,2.101401124329441,0.5845334532239298,4.204547490605872,1.0378612969569225,11.533201371082914
left,25,8.259018469125579e-13,0.5,0.2,0.051,0.897945205479452,0.9751308219178082,2.905163950135796,0.1826520403207521,4.204547490605872,1.0378612969569225,22.6099412225193
left,25,8.259018469125579e-13,0.0,0.05,0.055,0.41986301369863016,0.7965455479452055,1.3959492047156046,0.9002185375650152,4.204547490605872,1.067520779957677,5.375199405251392
left,25,8.259018469125579e-13,0.0,0.1,0.055,0.6910958904109589,0.9036904109589041,2.0971522094023722,0.5496170352216313,4.204547490605872,1.067520779957677,12.947400981626348
left,25,8.259018469125579e-13,0.0,0.2,0.055,0.9013698630136986,0.9751541095890411,2.8875896503169156,0.15439831476435972,4.204547490605872,1.067520779957677,26.544822297345043
left,26,7.729442086379379e-13,1.0,0.05,0.047,0.4047945205479452,0.7946428082191781,1.4337086597910547,0.9578105591287983,4.4666966054190205,1.143870519851931,4.943831866829901
left,26,7.729442086379379e-13,1.0,0.1,0.047,0.6828767123287671,0.9027828767123288,2.1504231971758916,0.5994532904363798,4.4666966054190205,1.143870519851931,10.87168626885899
left,26,7.729442086379379e-13,1.0,0.2,0.047,0.8883561643835617,0.9750037671232876,2.8924972836745617,0.2284162471870449,4.4666966054190205,1.143870519851931,20.629953097213246
left,26,7.729442086379379e-13,0.5,0.05,0.051,0.41712328767123286,0.7947729452054795,1.42597568012655,0.9222461753253752,4.4666966054190205,1.1725975691638546,5.2300372383219225
left,26,7.729442086379379e-13,0.5,0.1,0.051,0.6938356164383561,0.9028965753424657,2.141986118570685,0.5642409561033077,4.4666966054190205,1.1725975691638546,11.833035771493984
left,26,7.729442086379379e-13,0.5,0.2,0.051,0.8938356164383562,0.9750784246575342,2.882421482802396,0.19402327398745223,4.4666966054190205,1.1725975691638546,23.012663716059663
left,26,7.729442086379379e-13,0.0,0.05,0.056,0.4280821917808219,0.7949277397260274,1.4080086811338295,0.8852632164844774,4.4666966054190205,1.2053392696877059,5.609088487556236
left,26,7.729442086379379e-13,0.0,0.1,0.056,0.7027397260273973,0.9030205479452055,2.1215642130133694,0.5284854505447074,4.4666966054190205,1.2053392696877059,13.273107716458838
left,26,7.729442086379379e-13,0.0,0.2,0.056,0.9006849315068494,0.975188698630137,2.8747317060839315,0.15190170400942637,4.4666966054190205,1.2053392696877059,27.000024508385852
left,27,8.34120966741736e-13,1.0,0.05,0.044,0.4,0.7961304794520548,1.4526962937531622,0.9796952500123808,4.229370747805116,1.0319389094130835,4.6796720759861925
left,27,8.34120966741736e-13,1.0,0.1,0.044,0.6671232876712329,0.9017380136986302,2.138026870415683,0.6370299616811204,4.229370747805116,1.0319389094130835,10.450091288031633
left,27,8.34120966741736e-13,1.0,0.2,0.044,0.8883561643835617,0.975788698630137,2.9238757915391975,0.24410550111936302,4.229370747805116,1.0319389094130835,20.118647454442346
left,27,8.34120966741736e-13,0.5,0.05,0.049,0.4123287671232877,0.7962681506849315,1.4330693285062988,0.9380932380979286,4.229370747805116,1.0556377116888107,4.944617738980751
left,27,8.34120966741736e-13,0.5,0.1,0.049,0.6760273972602739,0.9018208904109589,2.1112465054691074,0.5990046496165242,4.229370747805116,1.0556377116888107,11.360077946089381
left,27,8.34120966741736e-13,0.5,0.2,0.049,0.8931506849315068,0.9758126712328767,2.898087201828306,0.20558430143692497,4.229370747805116,1.0556377116888107,22.426971142451322
left,27,8.34120966741736e-13,0.0,0.05,0.055,0.42534246575342466,0.7964167808219178,1.4099485652620072,0.8932188572918139,4.229370747805116,1.0825626650181548,5.295187673126229
left,27,8.34120966741736e-13,0.0,0.1,0.055,0.6828767123287671,0.901929109589041,2.0739514480743835,0.5612174158856258,4.229370747805116,1.0825626650181548,12.720000464023048
left,27,8.34120966741736e-13,0.0,0.2,0.055,0.8965753424657534,0.975847602739726,2.8604696250614343,0.16795832739210037,4.229370747805116,1.0825626650181548,26.278076256522635
left,28,8.097585102451177e-13,1.0,0.05,0.05,0.4095890410958904,0.7989965753424657,1.4162513853965608,0.9367279342531925,4.101157182235868,1.011978743959604,4.8725447220638785
left,28,8.097585102451177e-13,1.0,0.1,0.05,0.6863013698630137,0.9066318493150685,2.130247101564066,0.57973007616944,4.101157182235868,1.011978743959604,10.956091281044054
left,28,8.097585102451177e-13,1.0,0.2,0.05,0.9,0.9768815068493151,2.9264051924960732,0.18165103070343624,4.101157182235868,1.011978743959604,20.87251855101612
left,28,8.097585102451177e-13,0.5,0.05,0.055,0.41986301369863016,0.7989691780821918,1.3959492047156046,0.9002185375650152,4.101157182235868,1.0402725882400456,5.176426836679992
left,28,8.097585102451177e-13,0.5,0.1,0.055,0.6938356164383561,0.9066154109589041,2.1049452431048525,0.5457205183703913,4.101157182235868,1.0402725882400456,11.959145742208735
left,28,8.097585102451177e-13,0.5,0.2,0.055,0.9041095890410958,0.9768369863013698,2.9035222026539405,0.1464320385958474,4.101157182235868,1.0402725882400456,23.32105567304902
left,28,8.097585102451177e-13,0.0,0.05,0.061,0.42945205479452053,0.7990034246575343,1.3686637601891811,0.8621012421621574,4.101157182235868,1.0726255680695347,5.582416559762741
left,28,8.097585102451177e-13,0.0,0.1,0.061,0.7,0.9066243150684932,2.0708336349647887,0.5110163047743537,4.101157182235868,1.0726255680695347,13.47568995844702
left,28,8.097585102451177e-13,0.0,0.2,0.061,0.9082191780821918,0.9768047945205479,2.8763014941952356,0.1082823751591303,4.101157182235868,1.0726255680695347,27.447795084191707
left,29,9.183903637577373e-13,1.0,0.05,0.046,0.42534246575342466,0.8005589041095891,1.4966961932111045,0.9365926712663626,4.06804708241668,1.009499109897553,4.930539668520124
left,29,9.183903637577373e-13,1.0,0.1,0.046,0.684931506849315,0.9046746575342466,2.1664748169076775,0.6017033594180761,4.06804708241668,1.009499109897553,10.993429466777485
left,29,9.183903637577373e-13,1.0,0.2,0.046,0.9027397260273973,0.9770260273972603,2.982262389489883,0.19380957312697333,4.06804708241668,1.009499109897553,20.943888420562658
left,29,9.183903637577373e-13,0.5,0.05,0.049,0.4321917808219178,0.8006109589041096,1.4838311230937198,0.912712340804218,4.06804708241668,1.0356669382352752,5.2213714327722585
left,29,9.183903637577373e-13,0.5,0.1,0.049,0.6945205479452055,0.9047671232876713,2.163333063627028,0.572961370537564,4.06804708241668,1.0356669382352752,11.969056980152557
left,29,9.183903637577373e-13,0.5,0.2,0.049,0.9075342465753424,0.9770349315068493,2.9803507794598714,0.16445251262114213,4.06804708241668,1.0356669382352752,23.35814211241091
left,29,9.183903637577373e-13,0.0,0.05,0.055,0.44452054794520546,0.800686301369863,1.458675472501543,0.8688554036720461,4.06804708241668,1.0654305984767696,5.603476998750304
left,29,9.183903637577373e-13,0.0,0.1,0.055,0.7041095890410959,0.9048650684931507,2.13445031718023,0.5309679813327026,4.06804708241668,1.0654305984767696,13.4231783375512
left,29,9.183903637577373e-13,0.0,0.2,0.055,0.910958904109589,0.9770616438356164,2.9448766300498557,0.12575482489788958,4.06804708241668,1.0654305984767696,27.370751104814843
left,30,7.57904156101219e-13,1.0,0.05,0.046,0.40684931506849314,0.794163698630137,1.4492834984699485,0.9602990186369406,4.131900987896598,0.9941370174049959,4.678330214382685
left,30,7.57904156101219e-13,1.0,0.1,0.046,0.6760273972602739,0.9054948630136986,2.1415593709899445,0.6141610823769427,4.131900987896598,0.9941370174049959,10.575507060333631
left,30,7.57904156101219e-13,1.0,0.2,0.046,0.8924657534246575,0.9760075342465754,2.924689102884969,0.22259621642943028,4.131900987896598,0.9941370174049959,20.373254680093055
left,30,7.57904156101219e-13,0.5,0.05,0.053,0.41575342465753423,0.7941123287671232,1.403666992683084,0.91460287477348,4.131900987896598,1.0222979478142258,4.9497716106212115
left,30,7.57904156101219e-13,0.5,0.1,0.053,0.6821917808219178,0.9054832191780822,2.090272963287481,0.5712998894712815,4.131900987896598,1.0222979478142258,11.486805048580019
left,30,7.57904156101219e-13,0.5,0.2,0.053,0.8958904109589041,0.9760123287671233,2.8749137086647423,0.1789795167826509,4.131900987896598,1.0222979478142258,22.652730059122604
left,30,7.57904156101219e-13,0.0,0.05,0.055,0.4273972602739726,0.794095205479452,1.4151886817121637,0.8905987990667357,4.131900987896598,1.0546656512203887,5.307204713892008
left,30,7.57904156101219e-13,0.0,0.1,0.055,0.6904109589041096,0.905511301369863,2.095208694969661,0.5505887924379872,4.131900987896598,1.0546656512203887,12.83861930671737
left,30,7.57904156101219e-13,0.0,0.2,0.055,0.9027397260273973,0.9760006849315068,2.8955147615407855,0.1504357591524247,4.131900987896598,1.0546656512203887,26.418688569114853
left,31,8.364420267525929e-13,1.0,0.05,0.046,0.3993150684931507,0.7949904109589041,1.4298204048157168,0.9700305654640564,4.24600239995638,1.0147991382885195,4.765818431715482
left,31,8.364420267525929e-13,1.0,0.1,0.046,0.6712328767123288,0.9037181506849316,2.12826083007567,0.6208103528340799,4.24600239995638,1.0147991382885195,10.911930246177542
left,31,8.364420267525929e-13,1.0,0.2,0.046,0.8904109589041096,0.9760438356164384,2.9136573623489648,0.22811208669743255,4.24600239995638,1.0147991382885195,21.10563669003242
left,31,8.364420267525929e-13,0.5,0.05,0.05,0.41027397260273973,0.794931506849315,1.4180133522330753,0.9358469508349352,4.24600239995638,1.0432323592189752,5.048388005898089
left,31,8.364420267525929e-13,0.5,0.1,0.05,0.6808219178082192,0.903625,2.1148520217769002,0.5874276160630226,4.24600239995638,1.0432323592189752,11.871445433789825
left,31,8.364420267525929e-13,0.5,0.2,0.05,0.8965753424657534,0.9759760273972603,2.9071301120900896,0.19128857090642803,4.24600239995638,1.0432323592189752,23.499348497463906
left,31,8.364420267525929e-13,0.0,0.05,0.055,0.4191780821917808,0.7948650684931506,1.394196550838095,0.9010948645037701,4.24600239995638,1.0757849046146761,5.425081161370988
left,31,8.364420267525929e-13,0.0,0.1,0.055,0.684931506849315,0.9035660958904109,2.0797271889585804,0.5583295454435273,4.24600239995638,1.0757849046146761,13.30741709598292
left,31,8.364420267525929e-13,0.0,0.2,0.055,0.897945205479452,0.9759267123287672,2.8681230746699633,0.16413160258783577,4.24600239995638,1.0757849046146761,27.487718175655527
left,32,8.239693649603197e-13,1.0,0.05,0.045,0.3993150684931507,0.797292808219178,1.4402773472159378,0.9752590366641669,4.4130660467740155,1.0642945890097448,4.907977320362043
left,32,8.239693649603197e-13,1.0,0.1,0.045,0.6726027397260274,0.9042811643835617,2.1425092595695614,0.6241430804873551,4.4130660467740155,1.0642945890097448,11.04991552262515
left,32,8.239693649603197e-13,1.0,0.2,0.045,0.8910958904109589,0.9763034246575343,2.9277748958401535,0.23151026235205918,4.4130660467740155,1.0642945890097448,21.156704112621128
left,32,8.239693649603197e-13,0.5,0.05,0.051,0.40616438356164386,0.7974243150684932,1.397811168509072,0.9363284311341142,4.4130660467740155,1.0930866284308587,5.200953822996804
left,32,8.239693649603197e-13,0.5,0.1,0.051,0.6815068493150684,0.904357191780822,2.107150639866672,0.5816586954553142,4.4130660467740155,1.0930866284308587,12.025301586078374
left,32,8.239693649603197e-13,0.5,0.2,0.051,0.8993150684931507,0.976327397260274,2.9128925180685408,0.17878775635437982,4.4130660467740155,1.0930866284308587,23.56720507148327
left,32,8.239693649603197e-13,0.0,0.05,0.055,0.41575342465753423,0.7975195205479452,1.3854237614908795,0.9054812591773778,4.4130660467740155,1.1262503261174115,5.588170522705383
left,32,8.239693649603197e-13,0.0,0.1,0.055,0.6883561643835616,0.9044133561643836,2.08938936129051,0.5534984592775625,4.4130660467740155,1.1262503261174115,13.473229181483017
left,32,8.239693649603197e-13,0.0,0.2,0.055,0.9027397260273973,0.9763328767123287,2.8955147615407855,0.1504357591524247,4.4130660467740155,1.1262503261174115,27.528561488286996
left,33,6.822147013973989e-13,1.0,0.05,0.044,0.3952054794520548,0.7896602739726027,1.4402663984881323,0.9859101976448957,4.2963148748513795,1.0492893874146227,4.658557526125068
left,33,6.822147013973989e-13,1.0,0.1,0.044,0.6602739726027397,0.8971390410958904,2.1192543624614038,0.64641621565826,4.2963148748513795,1.0492893874146227,10.416265393046396
left,33,6.822147013973989e-13,1.0,0.2,0.044,0.8821917808219178,0.9729020547945205,2.892058238681512,0.26001427754820594,4.2963148748513795,1.0492893874146227,20.043160557672245
left,33,6.822147013973989e-13,0.5,0.05,0.051,0.40684931506849314,0.7898020547945206,1.399576745986684,0.9354456423953083,4.2963148748513795,1.0758118640678627,4.924411032748246
left,33,6.822147013973989e-13,0.5,0.1,0.051,0.6691780821917809,0.8972260273972603,2.0728787525380508,0.5987946391196248,4.2963148748513795,1.0758118640678627,11.320223933848432
left,33,6.822147013973989e-13,0.5,0.2,0.051,0.8856164383561644,0.9729267123287672,2.8387747879635015,0.21584662140689947,4.2963148748513795,1.0758118640678627,22.335511964075117
left,33,6.822147013973989e-13,0.0,0.05,0.058,0.42191780821917807,0.789958904109589,1.374797139984169,0.8843882465177754,4.2963148748513795,1.1061268823157735,5.273279392441692
left,33,6.822147013973989e-13,0.0,0.1,0.058,0.6767123287671233,0.8973006849315068,2.0303117653639218,0.5566309338278991,4.2963148748513795,1.1061268823157735,12.656548858193378
left,33,6.822147013973989e-13,0.0,0.2,0.058,0.8883561643835617,0.9729986301369863,2.7896192111600957,0.176977210929812,4.2963148748513795,1.1061268823157735,26.13099950805378
left,34,8.319143984802935e-13,1.0,0.05,0.043,0.41164383561643836,0.7978756849315068,1.4935675715541659,0.9701022326539579,4.29507734350025,1.051160576861836,4.908280346642619
left,34,8.319143984802935e-13,1.0,0.1,0.043,0.678082191780822,0.9072164383561644,2.179228672065646,0.6272716823982178,4.29507734350025,1.051160576861836,11.064173108828077
left,34,8.319143984802935e-13,1.0,0.2,0.043,0.8938356164383562,0.9776092465753424,2.9640734858447866,0.23484927550864754,4.29507734350025,1.051160576861836,21.234872256456796
left,34,8.319143984802935e-13,0.5,0.05,0.047,0.4191780821917808,0.7978640410958904,1.470668299939603,0.9393307390545241,4.29507734350025,1.078111655742767,5.183544387245813
left,34,8.319143984802935e-13,0.5,0.1,0.047,0.686986301369863,0.9071321917808219,2.161990787473058,0.5936694952877966,4.29507734350025,1.078111655742767,12.001209379902525
left,34,8.319143984802935e-13,0.5,0.2,0.047,0.8945205479452055,0.9775407534246575,2.9255979403997787,0.21186591882443628,4.29507734350025,1.078111655742767,23.60923905999145
left,34,8.319143984802935e-13,0.0,0.05,0.05,0.42534246575342466,0.7978119863013698,1.4566090522906625,0.9165491008061416,4.29507734350025,1.10884213901058,5.545832490313672
left,34,8.319143984802935e-13,0.0,0.1,0.05,0.6945205479452055,0.9070356164383562,2.1535587882274227,0.5680742328377615,4.29507734350025,1.10884213901058,13.397180088877958
left,34,8.319143984802935e-13,0.0,0.2,0.05,0.8958904109589041,0.9774585616438356,2.903330964501193,0.1931881447008763,4.29507734350025,1.10884213901058,27.554164758189575
left,35,7.032603666079495e-13,1.0,0.05,0.051,0.40684931506849314,0.7914585616438357,1.399576745986684,0.9354456423953083,4.379033776109363,1.1000858253377759,4.8145996495701695
left,35,7.032603666079495e-13,1.0,0.1,0.051,0.6746575342465754,0.9032664383561644,2.0880448911974545,0.591211569789923,4.379033776109363,1.1000858253377759,10.734565066344722
left,35,7.032603666079495e-13,1.0,0.2,0.051,0.8904109589041096,0.9755671232876713,2.8639506098657,0.20325871045580024,4.379033776109363,1.1000858253377759,20.45725174333157
left,35,7.032603666079495e-13,0.5,0.05,0.054,0.41643835616438357,0.7915551369863014,1.396234360210105,0.9091307117951655,4.379033776109363,1.126511049247793,5.079912162672152
left,35,7.032603666079495e-13,0.5,0.1,0.054,0.6828767123287671,0.9033671232876712,2.0830062000517837,0.565744791874326,4.379033776109363,1.126511049247793,11.627871372570935
left,35,7.032603666079495e-13,0.5,0.2,0.054,0.897945205479452,0.9756431506849315,2.877177826647364,0.168658978576536,4.379033776109363,1.126511049247793,22.69546491162007
left,35,7.032603666079495e-13,0.0,0.05,0.056,0.4267123287671233,0.7917380136986302,1.4045169587439126,0.8870090776794358,4.379033776109363,1.1562511475838633,5.426238558626755
left,35,7.032603666079495e-13,0.0,0.1,0.056,0.689041095890411,0.9034897260273973,2.082401698934798,0.5480667075839931,4.379033776109363,1.1562511475838633,12.946732396723611
left,35,7.032603666079495e-13,0.0,0.2,0.056,0.9054794520547945,0.9757301369863014,2.9026886436743786,0.1379232352142028,4.379033776109363,1.1562511475838633,26.396391506807444
left,36,7.806949531286023e-13,1.0,0.05,0.045,0.40616438356164386,0.7979380136986302,1.4579748633925576,0.966410278575857,4.276481840551548,1.0293624046905918,4.958170346709017
left,36,7.806949531286023e-13,1.0,0.1,0.045,0.6794520547945205,0.9072328767123288,2.161564819212926,0.6146153006656726,4.276481840551548,1.0293624046905918,11.079367054641088
left,36,7.806949531286023e-13,1.0,0.2,0.045,0.9013698630136986,0.9775082191780822,2.9847942206662337,0.20300059993901887,4.276481840551548,1.0293624046905918,21.147744426959832
left,36,7.806949531286023e-13,0.5,0.05,0.049,0.4143835616438356,0.7980756849315068,1.4383448558818248,0.9354554744101655,4.276481840551548,1.0534759266407636,5.239681842029377
left,36,7.806949531286023e-13,0.5,0.1,0.049,0.6876712328767123,0.9072869863013698,2.1438880461556757,0.5826838792732402,4.276481840551548,1.0534759266407636,12.032293300741392
left,36,7.806949531286023e-13,0.5,0.2,0.049,0.9041095890410958,0.9775273972602739,2.959956965082201,0.1746494198099776,4.276481840551548,1.0534759266407636,23.507623386055144
left,36,7.806949531286023e-13,0.0,0.05,0.052,0.4212328767123288,0.798188698630137,1.4270229014981317,0.9122519354841685,4.276481840551548,1.0807684112659421,5.611775645911912
left,36,7.806949531286023e-13,0.0,0.1,0.052,0.6938356164383561,0.9073760273972603,2.1325154894152694,0.5595056415255997,4.276481840551548,1.0807684112659421,13.453891643762754
left,36,7.806949531286023e-13,0.0,0.2,0.052,0.9082191780821918,0.9775376712328767,2.9556317581717217,0.14794750714737348,4.276481840551548,1.0807684112659421,27.438697424440164
left,37,8.071356083494408e-13,1.0,0.05,0.048,0.3917808219178082,0.7936174657534246,1.3898822700741773,0.969621726165633,4.289336659513614,1.0061009123831044,4.700003641919683
left,37,8.071356083494408e-13,1.0,0.1,0.048,0.6636986301369863,0.900541095890411,2.0871414654309373,0.6209921284872529,4.289336659513614,1.0061009123831044,10.472471914607253
left,37,8.071356083494408e-13,1.0,0.2,0.048,0.886986301369863,0.9751318493150685,2.875218535183728,0.22695359361085765,4.289336659513614,1.0061009123831044,20.152644196537153
left,37,8.071356083494408e-13,0.5,0.05,0.049,0.4075342465753425,0.7936606164383562,1.4207354761257807,0.9442601642881876,4.289336659513614,1.034145752855426,4.984711343426791
left,37,8.071356083494408e-13,0.5,0.1,0.049,0.6746575342465754,0.9005835616438356,2.107438778159882,0.6009085132711368,4.289336659513614,1.034145752855426,11.41778682612927
left,37,8.071356083494408e-13,0.5,0.2,0.049,0.8924657534246575,0.9751640410958904,2.894376237364132,0.20743978366901183,4.289336659513614,1.034145752855426,22.500934137194736
left,37,8.071356083494408e-13,0.0,0.05,0.054,0.4191780821917808,0.7937297945205479,1.4032513028154954,0.9056222404924703,4.289336659513614,1.066474626095535,5.364342623313907
left,37,8.071356083494408e-13,0.0,0.1,0.054,0.6842465753424658,0.9006527397260274,2.086854918105022,0.5638204328477069,4.289336659513614,1.066474626095535,12.839781291259861
left,37,8.071356083494408e-13,0.0,0.2,0.054,0.8952054794520548,0.9751852739726028,2.861944159787961,0.17627581200623743,4.289336659513614,1.066474626095535,26.443407752612597
left,38,9.097791964229884e-13,1.0,0.05,0.052,0.410958904109589,0.7954143835616438,1.4006843744003665,0.9254211990330511,4.3493049290763945,1.0625491711686768,4.895221236635082
left,38,9.097791964229884e-13,1.0,0.1,0.052,0.6808219178082192,0.9033301369863014,2.0957617810586617,0.5778824957039034,4.3493049290763945,1.0625491711686768,10.88136265519441
left,38,9.097791964229884e-13,1.0,0.2,0.052,0.8952054794520548,0.9766404109589041,2.8804596541209775,0.1855335591727456,4.3493049290763945,1.0625491711686768,20.68614577841411
left,38,9.097791964229884e-13,0.5,0.05,0.052,0.4212328767123288,0.7954602739726028,1.4270229014981317,0.9122519354841685,4.3493049290763945,1.088775672644728,5.181766527347477
left,38,9.097791964229884e-13,0.5,0.1,0.052,0.689041095890411,0.9033828767123288,2.1188975281166402,0.5663146221749142,4.3493049290763945,1.088775672644728,11.843034270329342
left,38,9.097791964229884e-13,0.5,0.2,0.052,0.9006849315068494,0.9766849315068493,2.9112275352657737,0.1701496186003475,4.3493049290763945,1.088775672644728,23.070394006448662
left,38,9.097791964229884e-13,0.0,0.05,0.056,0.4315068493150685,0.7955520547945205,1.4167284236348108,0.8809033452339867,4.3493049290763945,1.118719786740068,5.563978653980521
left,38,9.097791964229884e-13,0.0,0.1,0.056,0.6958904109589041,0.9034294520547945,2.101884672934556,0.5383252205841139,4.3493049290763945,1.118719786740068,13.29533860701796
left,38,9.097791964229884e-13,0.0,0.2,0.056,0.9041095890410958,0.9767143835616439,2.894596619782515,0.1419692471601347,4.3493049290763945,1.118719786740068,27.092071771851554
left,39,7.839492943695348e-13,1.0,0.05,0.044,0.39315068493150684,0.7933763698630137,1.434926816727934,0.9885799885249948,4.2400729940945325,1.0024275107708207,4.605883923647357
left,39,7.839492943695348e-13,1.0,0.1,0.044,0.6636986301369863,0.9025763698630137,2.1286220011171775,0.641732396330373,4.2400729940945325,1.0024275107708207,10.400069138918699
left,39,7.839492943695348e-13,1.0,0.2,0.044,0.8931506849315068,0.9760027397260274,2.94950269636619,0.23129204870586695,4.2400729940945325,1.0024275107708207,20.116681351081073
left,39,7.839492943695348e-13,0.5,0.05,0.049,0.40342465753424656,0.793356506849315,1.4101352799029805,0.9495602623995877,4.2400729940945325,1.0309535765911946,4.886782221683585
left,39,7.839492943695348e-13,0.5,0.1,0.049,0.6719178082191781,0.9025948630136986,2.0998429080844963,0.6047064483088298,4.2400729940945325,1.0309535765911946,11.341307641153213
left,39,7.839492943695348e-13,0.5,0.2,0.049,0.8965753424657534,0.9759890410958905,2.9169043874896947,0.19617570860623057,4.2400729940945325,1.0309535765911946,22.485311525384606
left,39,7.839492943695348e-13,0.0,0.05,0.054,0.4123287671232877,0.7933859589041096,1.3856893180554388,0.9144032328724986,4.2400729940945325,1.0634205512127832,5.258075600227437
left,39,7.839492943695348e-13,0.0,0.1,0.054,0.6835616438356165,0.9026051369863014,2.0849296746122317,0.5647830545941022,4.2400729940945325,1.0634205512127832,12.741340525027082
left,39,7.839492943695348e-13,0.0,0.2,0.054,0.9006849315068494,0.9759828767123288,2.892712040932757,0.16089187143383932,4.2400729940945325,1.0634205512127832,26.405056777218977
left,40,6.889246118024772e-13,1.0,0.05,0.051,0.40273972602739727,0.7926448630136986,1.3889720518217272,0.9407479894777866,4.453306156858039,1.1392319960505575,4.926253076768975
left,40,6.889246118024772e-13,1.0,0.1,0.051,0.6801369863013699,0.9046972602739726,2.103315908413861,0.5835760611817197,4.453306156858039,1.1392319960505575,10.919285623198633
left,40,6.889246118024772e-13,1.0,0.2,0.051,0.897945205479452,0.9757791095890411,2.905163950135796,0.1826520403207521,4.453306156858039,1.1392319960505575,20.801354361372894
left,40,6.889246118024772e-13,0.5,0.05,0.055,0.4136986301369863,0.7927263698630137,1.3801522603150154,0.9081170097653098,4.453306156858039,1.1689230483315676,5.208862409405452
left,40,6.889246118024772e-13,0.5,0.1,0.055,0.6876712328767123,0.9047054794520548,2.0874532837274153,0.55446649805911,4.453306156858039,1.1689230483315676,11.843637364873082
left,40,6.889246118024772e-13,0.5,0.2,0.055,0.9041095890410958,0.9757448630136987,2.9035222026539405,0.1464320385958474,4.453306156858039,1.1689230483315676,23.10110165227604
left,40,6.889246118024772e-13,0.0,0.05,0.06,0.4246575342465753,0.7928106164383562,1.3647811722742036,0.8723830084597517,4.453306156858039,1.20269226764882,5.577025756447912
left,40,6.889246118024772e-13,0.0,0.1,0.06,0.6958904109589041,0.904718493150685,2.0673907104800175,0.5210782393568446,4.453306156858039,1.20269226764882,13.194027194351305
left,40,6.889246118024772e-13,0.0,0.2,0.06,0.9068493150684932,0.9757119863013699,2.876373635220787,0.11658677698645992,4.453306156858039,1.20269226764882,26.846582498913662
left,41,7.178944938512899e-13,1.0,0.05,0.045,0.4089041095890411,0.8006462328767123,1.465032791892311,0.9628813143259803,4.182068089745026,1.0026884496106894,4.78171472200869
left,41,7.178944938512899e-13,1.0,0.1,0.045,0.6856164383561644,0.9072369863013698,2.1788605719381717,0.6059674243030498,4.182068089745026,1.0026884496106894,10.712244775834758
left,41,7.178944938512899e-13,1.0,0.2,0.045,0.897945205479452,0.9772270547945205,2.965327645019282,0.2127338877624949,4.182068089745026,1.0026884496106894,20.5006507663406
left,41,7.178944938512899e-13,0.5,0.05,0.048,0.41506849315068495,0.8006188356164383,1.4500369798157686,0.9395443712948374,4.182068089745026,1.0295255787515147,5.054217843698876
left,41,7.178944938512899e-13,0.5,0.1,0.048,0.6910958904109589,0.9072116438356165,2.1635219306822764,0.5828018958615834,4.182068089745026,1.0295255787515147,11.624611169241724
left,41,7.178944938512899e-13,0.5,0.2,0.048,0.897945205479452,0.9772318493150685,2.9344927959498674,0.19731646322778784,4.182068089745026,1.0295255787515147,22.78831594829478
left,41,7.178944938512899e-13,0.0,0.05,0.049,0.426027397260274,0.8005640410958904,1.468130600459015,0.9205626021215705,4.182068089745026,1.059982199125581,5.412513589858042
left,41,7.178944938512899e-13,0.0,0.1,0.049,0.6965753424657535,0.9072267123287672,2.169203937520075,0.5700259335910405,4.182068089745026,1.059982199125581,12.98031056021609
left,41,7.178944938512899e-13,0.0,0.2,0.049,0.9027397260273973,0.9772421232876712,2.951949523969046,0.17865314036655489,4.182068089745026,1.059982199125581,26.57444218678675
left,42,7.85576464990001e-13,1.0,0.05,0.044,0.3958904109589041,0.795008904109589,1.4420445689819017,0.985021112398011,4.099286817912503,0.9724460297070124,4.618356267166083
left,42,7.85576464990001e-13,1.0,0.1,0.044,0.6732876712328767,0.9032178082191781,2.155053099322271,0.6285168472278264,4.099286817912503,0.9724460297070124,10.546133416331827
left,42,7.85576464990001e-13,1.0,0.2,0.044,0.8910958904109589,0.9763852739726028,2.9384205824569793,0.23683310566047222,4.099286817912503,0.9724460297070124,20.382894279363416
left,42,7.85576464990001e-13,0.5,0.05,0.047,0.40273972602739727,0.7949328767123288,1.4284029254574027,0.9604634262956243,4.099286817912503,1.0007834240736466,4.895069095468501
left,42,7.85576464990001e-13,0.5,0.1,0.047,0.6787671232876712,0.9030609589041095,2.1389189215123228,0.6052054282681641,4.099286817912503,1.0007834240736466,11.47824941951969
left,42,7.85576464990001e-13,0.5,0.2,0.047,0.8945205479452055,0.976302397260274,2.9255979403997787,0.21186591882443628,4.099286817912503,1.0007834240736466,22.718158138340613
left,42,7.85576464990001e-13,0.0,0.05,0.057,0.4136986301369863,0.7947869863013699,1.3624259387915598,0.8992538490035821,4.099286817912503,1.0335083985441227,5.263556690714126
left,42,7.85576464990001e-13,0.0,0.1,0.057,0.686986301369863,0.9029342465753425,2.0677927168480945,0.5465704599753147,4.099286817912503,1.0335083985441227,12.886248675395487
left,42,7.85576464990001e-13,0.0,0.2,0.057,0.8986301369863013,0.9761880136986302,2.8542515265993287,0.15334105509969764,4.099286817912503,1.0335083985441227,26.659603475822387
left,43,7.573247584602427e-13,1.0,0.05,0.046,0.4041095890410959,0.7952301369863014,1.4422167214722164,0.9638324071358066,4.220773983632848,1.0326344418292228,4.689643914235341
left,43,7.573247584602427e-13,1.0,0.1,0.046,0.6732876712328767,0.9021554794520548,2.1339504703052237,0.617965532719303,4.220773983632848,1.0326344418292228,10.45552318956563
left,43,7.573247584602427e-13,1.0,0.2,0.046,0.8890410958904109,0.9758630136986302,2.9063851592778063,0.23174818823301158,4.220773983632848,1.0326344418292228,20.150255178165764
left,43,7.573247584602427e-13,0.5,0.05,0.052,0.4123287671232877,0.7951705479452055,1.4042048123884552,0.9236609800390068,4.220773983632848,1.0611441014108502,4.965839692760102
left,43,7.573247584602427e-13,0.5,0.1,0.052,0.6801369863013699,0.9021369863013698,2.093845279258445,0.5788407466040117,4.220773983632848,1.0611441014108502,11.376771653535053
left,43,7.573247584602427e-13,0.5,0.2,0.052,0.8938356164383562,0.9758650684931507,2.87295085364698,0.1892879594097443,4.220773983632848,1.0611441014108502,22.465361308809804
left,43,7.573247584602427e-13,0.0,0.05,0.055,0.42397260273972603,0.7951664383561644,1.4064522893236444,0.8949669952609953,4.220773983632848,1.0935676704827455,5.332508309529193
left,43,7.573247584602427e-13,0.0,0.1,0.055,0.689041095890411,0.9021082191780821,2.0913272818062234,0.5525294990197058,4.220773983632848,1.0935676704827455,12.76209770590942
left,43,7.573247584602427e-13,0.0,0.2,0.055,0.8986301369863013,0.9758897260273972,2.8719778481227842,0.16220421586142542,4.220773983632848,1.0935676704827455,26.361367921565428
left,44,7.353562203604724e-13,1.0,0.05,0.049,0.39863013698630134,0.7920674657534247,1.3977334767973395,0.9557611639524082,4.54558042746965,1.1461226938471978,4.921251938942337
left,44,7.353562203604724e-13,1.0,0.1,0.049,0.6705479452054794,0.8999924657534246,2.0960546115690746,0.6066005965665408,4.54558042746965,1.1461226938471978,10.820152779681521
left,44,7.353562203604724e-13,1.0,0.2,0.049,0.8883561643835617,0.9736561643835616,2.8724602970013136,0.21839775385042104,4.54558042746965,1.1461226938471978,20.5520383470882
left,44,7.353562203604724e-13,0.5,0.05,0.051,0.41027397260273973,0.7922462328767124,1.4083937406702527,0.9310371450535239,4.54558042746965,1.1740579038146775,5.20045872712898
left,44,7.353562203604724e-13,0.5,0.1,0.051,0.6808219178082192,0.9001020547945205,2.105232410214078,0.5826178102816113,4.54558042746965,1.1740579038146775,11.75971492103533
left,44,7.353562203604724e-13,0.5,0.2,0.051,0.8924657534246575,0.9737520547945205,2.8749823504017042,0.19774284018779797,4.54558042746965,1.1740579038146775,22.90169950397993
left,44,7.353562203604724e-13,0.0,0.05,0.056,0.4232876712328767,0.7923571917808219,1.3957776918266152,0.8913787111380845,4.54558042746965,1.2056377525759976,5.5699771822605255
left,44,7.353562203604724e-13,0.0,0.1,0.056,0.6883561643835616,0.9002356164383561,2.0804637784190847,0.5490356678418498,4.54558042746965,1.2056377525759976,13.165716302427619
left,44,7.353562203604724e-13,0.0,0.2,0.056,0.8958904109589041,0.9738582191780822,2.8477448946011124,0.16539510975083593,4.54558042746965,1.2056377525759976,26.808589394565566
left,45,7.292291770433224e-13,1.0,0.05,0.054,0.4349315068493151,0.8002931506849315,1.4434154016166667,0.8855401910918846,3.7778693747815972,0.9724053580374614,4.705947470378318
left,45,7.292291770433224e-13,1.0,0.1,0.054,0.6958904109589041,0.9064726027397261,2.1198650077833823,0.5473153880085269,3.7778693747815972,0.9724053580374614,10.696671224707803
left,45,7.292291770433224e-13,1.0,0.2,0.054,0.9041095890410958,0.9771842465753424,2.9125769546313407,0.15095941458454765,3.7778693747815972,0.9724053580374614,20.584588203835008
left,45,7.292291770433224e-13,0.5,0.05,0.057,0.4458904109589041,0.800263698630137,1.444415639204074,0.858258998797325,3.7778693747815972,0.9972965700779461,4.9780340773154625
left,45,7.292291770433224e-13,0.5,0.1,0.057,0.7006849315068493,0.9064609589041096,2.1068382846031017,0.527047676097811,3.7778693747815972,0.9972965700779461,11.626601419471125
left,45,7.292291770433224e-13,0.5,0.2,0.057,0.9054794520547945,0.9771561643835617,2.8938879050223485,0.13352286588818774,3.7778693747815972,0.9972965700779461,22.929441419670393
left,45,7.292291770433224e-13,0.0,0.05,0.061,0.45684931506849313,0.8002431506849315,1.4380586249101572,0.8274038098016694,3.7778693747815972,1.0257217165145394,5.33807200926498
left,45,7.292291770433224e-13,0.0,0.1,0.061,0.7061643835616438,0.9064184931506849,2.088646917628288,0.5021096634426041,3.7778693747815972,1.0257217165145394,13.015789612641564
left,45,7.292291770433224e-13,0.0,0.2,0.061,0.9102739726027397,0.977158904109589,2.888877188560145,0.1019945279766753,3.7778693747815972,1.0257217165145394,26.837002074659992
left,46,8.844001919694477e-13,1.0,0.05,0.049,0.41506849315068495,0.7959746575342466,1.4401020209641249,0.9345768918690155,4.215308578836288,1.0754469929614123,4.886760979446693
left,46,8.844001919694477e-13,1.0,0.1,0.049,0.6787671232876712,0.9023109589041096,2.1188819348390755,0.5951869349315403,4.215308578836288,1.0754469929614123,10.943761760358317
left,46,8.844001919694477e-13,1.0,0.2,0.049,0.8965753424657534,0.9753006849315069,2.9169043874896947,0.19617570860623057,4.215308578836288,1.0754469929614123,20.919988221970556
left,46,8.844001919694477e-13,0.5,0.05,0.054,0.4246575342465753,0.7959465753424657,1.417255469577568,0.898620157111434,4.215308578836288,1.1045765742026696,5.171224466326336
left,46,8.844001919694477e-13,0.5,0.1,0.054,0.6883561643835616,0.902336301369863,2.098444113267911,0.5580258352662626,4.215308578836288,1.1045765742026696,11.90044310850242
left,46,8.844001919694477e-13,0.5,0.2,0.054,0.8993150684931507,0.9752657534246575,2.8849063945801086,0.16479469461016372,4.215308578836288,1.1045765742026696,23.30143940429527
left,46,8.844001919694477e-13,0.0,0.05,0.06,0.4321917808219178,0.7959458904109589,1.3839768153394953,0.8627851869271058,4.215308578836288,1.1382365788389175,5.549540715057158
left,46,8.844001919694477e-13,0.0,0.1,0.06,0.6958904109589041,0.9023465753424658,2.0673907104800175,0.5210782393568446,4.215308578836288,1.1382365788389175,13.334666011508427
left,46,8.844001919694477e-13,0.0,0.2,0.06,0.9047945205479452,0.9752260273972603,2.8641379519936843,0.12270461860001136,4.215308578836288,1.1382365788389175,27.269434190093037
left,47,8.015914321202189e-13,1.0,0.05,0.047,0.4143835616438356,0.7961434931506849,1.4583818425550725,0.9454739677467894,4.156879347811916,1.0389566566371709,4.854969683237742
left,47,8.015914321202189e-13,1.0,0.1,0.047,0.6767123287671233,0.9028780821917808,2.1331898378783873,0.608069970085132,4.156879347811916,1.0389566566371709,10.883670336343595
left,47,8.015914321202189e-13,1.0,0.2,0.047,0.8917808219178082,0.9751284246575342,2.910719254367236,0.21930526184070764,4.156879347811916,1.0389566566371709,20.815217514595123
left,47,8.015914321202189e-13,0.5,0.05,0.05,0.4226027397260274,0.7961195205479452,1.449614155004668,0.9200465494491389,4.156879347811916,1.0675208620995018,5.140670742853062
left,47,8.015914321202189e-13,0.5,0.1,0.05,0.6897260273972603,0.9028342465753425,2.139927543107012,0.5748898553979668,4.156879347811916,1.0675208620995018,11.838420911235028
left,47,8.015914321202189e-13,0.5,0.2,0.05,0.8972602739726028,0.9750811643835616,2.91094756666908,0.18937984361693283,4.156879347811916,1.0675208620995018,23.186368923299646
left,47,8.015914321202189e-13,0.0,0.05,0.059,0.43082191780821916,0.7961133561643836,1.3889416353385982,0.868752829196977,4.156879347811916,1.100304038285339,5.5192941668949125
left,47,8.015914321202189e-13,0.0,0.1,0.059,0.6965753424657535,0.9027842465753425,2.077799682035273,0.5243238058486397,4.156879347811916,1.100304038285339,13.267734203634467
left,47,8.015914321202189e-13,0.0,0.2,0.059,0.9013698630136986,0.9750366438356164,2.8526201572603744,0.13691356823608902,4.156879347811916,1.100304038285339,27.148779217892383
left,48,7.317479955304407e-13,1.0,0.05,0.047,0.40684931506849314,0.8012708904109589,1.4390076196223593,0.955161079213146,4.2290151912908485,1.0477121780779706,4.840673780731196
left,48,7.317479955304407e-13,1.0,0.1,0.047,0.6863013698630137,0.9089260273972602,2.1600583636369186,0.5946357072058663,4.2290151912908485,1.0477121780779706,10.740416136320345
left,48,7.317479955304407e-13,1.0,0.2,0.047,0.8910958904109589,0.976222602739726,2.907042074592343,0.2211438517281541,4.2290151912908485,1.0477121780779706,20.432789663484623
left,48,7.317479955304407e-13,0.5,0.05,0.051,0.41712328767123286,0.801425,1.42597568012655,0.9222461753253752,4.2290151912908485,1.0726493362983132,5.113902706951252
left,48,7.317479955304407e-13,0.5,0.1,0.051,0.6931506849315069,0.9089712328767123,2.140034991540986,0.5652165196181572,4.2290151912908485,1.0726493362983132,11.666802495368817
left,48,7.317479955304407e-13,0.5,0.2,0.051,0.8972602739726028,0.9762260273972603,2.9013279551062574,0.1845700378355215,4.2290151912908485,1.0726493362983132,22.743584363107445
left,48,7.317479955304407e-13,0.0,0.05,0.058,0.4301369863013699,0.8015352739726027,1.3957613973065823,0.8739061178565687,4.2290151912908485,1.100762956297854,5.473390578158659
left,48,7.317479955304407e-13,0.0,0.1,0.058,0.7013698630136986,0.909045890410959,2.100131283107995,0.5217211749558622,4.2290151912908485,1.100762956297854,13.047867318414646
left,48,7.317479955304407e-13,0.0,0.2,0.058,0.9,0.976258904109589,2.85333838205446,0.14511762548262974,4.2290151912908485,1.100762956297854,26.591335198346496
left,49,7.227621279248808e-13,1.0,0.05,0.042,0.3938356164383562,0.7952969178082192,1.45859845430171,0.9986350952375637,4.446904852673256,1.021469111451917,4.873444431915376
left,49,7.227621279248808e-13,1.0,0.1,0.042,0.6602739726027397,0.9035030821917808,2.141145287960861,0.6573616784079883,4.446904852673256,1.021469111451917,10.988541825841496
left,49,7.227621279248808e-13,1.0,0.2,0.042,0.8842465753424658,0.9757246575342465,2.924420602818934,0.26572402097895165,4.446904852673256,1.021469111451917,21.092842805279705
left,49,7.227621279248808e-13,0.5,0.05,0.044,0.40205479452054793,0.7953626712328767,1.4580113209267138,0.977037736425605,4.446904852673256,1.0463212018009493,5.150059173387565
left,49,7.227621279248808e-13,0.5,0.1,0.044,0.6671232876712329,0.9035270547945206,2.138026870415683,0.6370299616811204,4.446904852673256,1.0463212018009493,11.9284982940117
left,49,7.227621279248808e-13,0.5,0.2,0.044,0.8897260273972603,0.9757712328767123,2.931115791345819,0.2404855012160525,4.446904852673256,1.0463212018009493,23.450715651038287
left,49,7.227621279248808e-13,0.0,0.05,0.046,0.4089041095890411,0.7954455479452055,1.45457584949209,0.9576528431258698,4.446904852673256,1.0746681011318142,5.516706001386297
left,49,7.227621279248808e-13,0.0,0.1,0.046,0.6767123287671233,0.903602397260274,2.1434657167259767,0.6132079095089266,4.446904852673256,1.0746681011318142,13.332575866746863
left,49,7.227621279248808e-13,0.0,0.2,0.046,0.8938356164383562,0.9758253424657535,2.932128235285661,0.21887665022908454,4.446904852673256,1.0746681011318142,27.377101863197165
left,50,7.936047652368217e-13,1.0,0.05,0.046,0.4041095890410959,0.7902582191780821,1.4422167214722164,0.9638324071358066,4.508634859490369,1.1768670885813524,4.867721585311221
left,50,7.936047652368217e-13,1.0,0.1,0.046,0.6719178082191781,0.9045150684931507,2.130155773605333,0.6198628810692484,4.508634859490369,1.1768670885813524,10.681236831616038
left,50,7.936047652368217e-13,1.0,0.2,0.046,0.8965753424657534,0.9753787671232876,2.947217253010532,0.21133214136664902,4.508634859490369,1.1768670885813524,20.268087458371674
left,50,7.936047652368217e-13,0.5,0.05,0.051,0.410958904109589,0.7903109589041096,1.4101550035557824,0.930156513610759,4.508634859490369,1.2068720271760096,5.151858389496453
left,50,7.936047652368217e-13,0.5,0.1,0.051,0.6801369863013699,0.9045958904109589,2.103315908413861,0.5835760611817197,4.508634859490369,1.2068720271760096,11.623519684827963
left,50,7.936047652368217e-13,0.5,0.2,0.051,0.9006849315068494,0.9754260273972603,2.9206981644211893,0.17488493317805542,4.508634859490369,1.2068720271760096,22.627281002128697
left,50,7.936047652368217e-13,0.0,0.05,0.058,0.4184931506849315,0.7903630136986302,1.366036946687187,0.8887683431662664,4.508634859490369,1.2409642537392718,5.529559967392926
left,50,7.936047652368217e-13,0.0,0.1,0.058,0.6910958904109589,0.9046691780821918,2.070745885989415,0.5364138735151525,4.508634859490369,1.2409642537392718,13.036542653941083
left,50,7.936047652368217e-13,0.0,0.2,0.058,0.9061643835616439,0.9754794520547945,2.8892863633265176,0.12714363484660096,4.508634859490369,1.2409642537392718,26.56409529531003
left,51,8.359632430732233e-13,1.0,0.05,0.054,0.41643835616438357,0.7950592465753424,1.396234360210105,0.9091307117951655,4.131551151004956,1.0163735994729999,4.7406965560798975
left,51,8.359632430732233e-13,1.0,0.1,0.054,0.6787671232876712,0.902397602739726,2.0715019243882153,0.5714969297061103,4.131551151004956,1.0163735994729999,10.644144491269422
left,51,8.359632430732233e-13,1.0,0.2,0.054,0.8876712328767123,0.9744674657534247,2.8214841087623626,0.1965058375190366,4.131551151004956,1.0163735994729999,20.340676264522294
left,51,8.359632430732233e-13,0.5,0.05,0.06,0.4280821917808219,0.7950619863013698,1.3735147186792909,0.8680162352572081,4.131551151004956,1.0436844048940652,5.0232835201830515
left,51,8.359632430732233e-13,0.5,0.1,0.06,0.6842465753424658,0.9024345890410959,2.0343806208016577,0.5375832841960246,4.131551151004956,1.0436844048940652,11.592444926803639
left,51,8.359632430732233e-13,0.5,0.2,0.06,0.8972602739726028,0.9744989726027398,2.820867534314461,0.14433982743962315,4.131551151004956,1.0436844048940652,22.70077280213605
left,51,8.359632430732233e-13,0.0,0.05,0.063,0.43356164383561646,0.7951099315068493,1.362753967736841,0.8486906042694082,4.131551151004956,1.0752611745877938,5.401616809538955
left,51,8.359632430732233e-13,0.0,0.1,0.063,0.6958904109589041,0.9024633561643836,2.042684704020993,0.5087252361273322,4.131551151004956,1.0752611745877938,13.02041894178405
left,51,8.359632430732233e-13,0.0,0.2,0.063,0.9013698630136986,0.9745174657534247,2.8194640985319266,0.12033553887186532,4.131551151004956,1.0752611745877938,26.65444075959299
left,52,8.123814121407946e-13,1.0,0.05,0.052,0.4143835616438356,0.7923626712328767,1.4094803397639812,0.9210232163512437,3.9690938566308556,0.9999200342636579,4.708162625594744
left,52,8.123814121407946e-13,1.0,0.1,0.052,0.6856164383561644,0.9014393835616439,2.1092262478992705,0.5711502622835991,3.9690938566308556,0.9999200342636579,10.621708325891008
left,52,8.123814121407946e-13,1.0,0.2,0.052,0.8972602739726028,0.9752654109589041,2.8918573259508413,0.17983472325781358,3.9690938566308556,0.9999200342636579,20.442903685308227
left,52,8.123814121407946e-13,0.5,0.05,0.06,0.4246575342465753,0.7925859589041095,1.3647811722742036,0.8723830084597517,3.9690938566308556,1.023383126591954,4.985190830093234
left,52,8.123814121407946e-13,0.5,0.1,0.06,0.6965753424657535,0.9016284246575342,2.0693496297658505,0.5200987797139283,3.9690938566308556,1.023383126591954,11.567200730830084
left,52,8.123814121407946e-13,0.5,0.2,0.06,0.9006849315068494,0.9753825342465754,2.840237743629393,0.13465472278215707,3.9690938566308556,1.023383126591954,22.799037008581696
left,52,8.123814121407946e-13,0.0,0.05,0.065,0.43767123287671234,0.7928030821917809,1.3572257491764463,0.8354890130310604,3.9690938566308556,1.049729167825201,5.350083108471484
left,52,8.123814121407946e-13,0.0,0.1,0.065,0.7061643835616438,0.9018421232876712,2.056315682990823,0.48594404612387193,3.9690938566308556,1.049729167825201,12.970622673520563
left,52,8.123814121407946e-13,0.0,0.2,0.065,0.9027397260273973,0.9755106164383561,2.811423509237252,0.1083901330006577,3.9690938566308556,1.049729167825201,26.698517771453623
left,53,7.581019145774803e-13,1.0,0.05,0.052,0.41712328767123286,0.7944287671232877,1.416505050971134,0.9175108607476673,4.1550155620820295,1.0666045835672893,4.810962827803008
left,53,7.581019145774803e-13,1.0,0.1,0.052,0.6815068493150684,0.9021595890410959,2.097680010711256,0.5769233808776064,4.1550155620820295,1.0666045835672893,10.627656528531507
left,53,7.581019145774803e-13,1.0,0.2,0.052,0.897945205479452,0.975117808219178,2.8956933209803806,0.17791672574304418,4.1550155620820295,1.0666045835672893,20.3455198449838
left,53,7.581019145774803e-13,0.5,0.05,0.056,0.42945205479452053,0.7945623287671233,1.4114981949838252,0.8835184595594795,4.1550155620820295,1.0925720250734343,5.080723217027376
left,53,7.581019145774803e-13,0.5,0.1,0.056,0.689041095890411,0.9022630136986302,2.082401698934798,0.5480667075839931,4.1550155620820295,1.0925720250734343,11.542158828906176
left,53,7.581019145774803e-13,0.5,0.2,0.056,0.9020547945205479,0.9752034246575343,2.8826164690786635,0.14795932251206045,4.1550155620820295,1.0925720250734343,22.659536377775318
left,53,7.581019145774803e-13,0.0,0.05,0.06,0.44315068493150683,0.7947075342465754,1.4117877616135797,0.8488797137900637,4.1550155620820295,1.121984489938085,5.4359824247299136
left,53,7.581019145774803e-13,0.0,0.1,0.06,0.697945205479452,0.9024075342465754,2.073273409717002,0.5181368897383525,4.1550155620820295,1.121984489938085,12.916364110842038
left,53,7.581019145774803e-13,0.0,0.2,0.06,0.9061643835616439,0.9752917808219178,2.8722731414135114,0.11863702389009778,4.1550155620820295,1.121984489938085,26.55435779074742
left,54,7.69499047814648e-13,1.0,0.05,0.054,0.4095890410958904,0.7930400684931507,1.378645650345306,0.917925066727565,4.153986888127479,1.0390462413694268,4.701248532514423
left,54,7.69499047814648e-13,1.0,0.1,0.054,0.673972602739726,0.9029691780821918,2.0581573666263275,0.5781692085870542,4.153986888127479,1.0390462413694268,10.508664815076813
left,54,7.69499047814648e-13,1.0,0.2,0.054,0.886986301369863,0.9742941780821918,2.8179035658812244,0.1982961089596058,4.153986888127479,1.0390462413694268,20.046128927286137
left,54,7.69499047814648e-13,0.5,0.05,0.057,0.42191780821917807,0.7931147260273973,1.383477141873671,0.8887282474625264,4.153986888127479,1.0645820036200833,4.970112315543442
left,54,7.69499047814648e-13,0.5,0.1,0.057,0.6794520547945205,0.9030657534246576,2.0466339273401526,0.5571498547292857,4.153986888127479,1.0645820036200833,11.419429024686524
left,54,7.69499047814648e-13,0.5,0.2,0.057,0.8897260273972603,0.9743537671232877,2.805539212856219,0.17769721197125254,4.153986888127479,1.0645820036200833,22.328851725649812
left,54,7.69499047814648e-13,0.0,0.05,0.061,0.42876712328767125,0.793206506849315,1.3669192765003226,0.8629734840065867,4.153986888127479,1.09368810310715,5.324846615236748
left,54,7.69499047814648e-13,0.0,0.1,0.061,0.689041095890411,0.9032,2.0395672641401537,0.5266494901866711,4.153986888127479,1.09368810310715,12.782305051874568
left,54,7.69499047814648e-13,0.0,0.2,0.061,0.8945205479452055,0.9744311643835617,2.7973661736322013,0.14775003544064746,4.153986888127479,1.09368810310715,26.151501788020248
left,55,7.902567489281864e-13,1.0,0.05,0.051,0.40273972602739727,0.7950606164383561,1.3889720518217272,0.9407479894777866,4.319771425930517,1.0874552482047204,4.829783038327955
left,55,7.902567489281864e-13,1.0,0.1,0.051,0.6753424657534246,0.9025041095890411,2.0899479307513826,0.5902600500129589,4.319771425930517,1.0874552482047204,10.728918730344864
left,55,7.902567489281864e-13,1.0,0.2,0.051,0.8952054794520548,0.9751585616438356,2.889930283276393,0.19026887375045354,4.319771425930517,1.0874552482047204,20.501026331623805
left,55,7.902567489281864e-13,0.5,0.05,0.052,0.4095890410958904,0.795129794520548,1.3971611446783223,0.9271828138940732,4.319771425930517,1.1155240570608707,5.113712812242479
left,55,7.902567489281864e-13,0.5,0.1,0.052,0.6842465753424658,0.9025705479452055,2.1053704124380386,0.5730781800142151,4.319771425930517,1.1155240570608707,11.673213180275628
left,55,7.902567489281864e-13,0.5,0.2,0.052,0.8986301369863013,0.975183904109589,2.899548094433201,0.17598933901663383,4.319771425930517,1.1155240570608707,22.852079973473764
left,55,7.902567489281864e-13,0.0,0.05,0.058,0.42054794520547945,0.7952256849315068,1.3712949141477733,0.8861393594359732,4.319771425930517,1.1476364073710454,5.491865533693123
left,55,7.902567489281864e-13,0.0,0.1,0.058,0.6910958904109589,0.9026164383561643,2.070745885989415,0.5364138735151525,4.319771425930517,1.1476364073710454,13.097165646792055
left,55,7.902567489281864e-13,0.0,0.2,0.058,0.9047945205479452,0.9752503424657534,2.881151173906691,0.13121122955651454,4.319771425930517,1.1476364073710454,26.803572244525686
left,56,7.804798474175811e-13,1.0,0.05,0.052,0.42397260273972603,0.7916530821917809,1.4340225356340612,0.9087521184162037,4.191902361211007,1.1023496794171475,4.867490468530612
left,56,7.804798474175811e-13,1.0,0.1,0.052,0.6897260273972603,0.9019818493150685,2.1208373023887734,0.5653447350388475,4.191902361211007,1.1023496794171475,10.826205178155655
left,56,7.804798474175811e-13,1.0,0.2,0.052,0.9006849315068494,0.97565,2.9112275352657737,0.1701496186003475,4.191902361211007,1.1023496794171475,20.644414491051204
left,56,7.804798474175811e-13,0.5,0.05,0.053,0.43082191780821916,0.7917099315068493,1.442154359587344,0.89535919132135,4.191902361211007,1.128971103520447,5.145266744198491
left,56,7.804798474175811e-13,0.5,0.1,0.053,0.6986301369863014,0.9020434931506849,2.1369010700625064,0.5479858360837688,4.191902361211007,1.128971103520447,11.768511518556037
left,56,7.804798474175811e-13,0.5,0.2,0.053,0.9047945205479452,0.9756513698630137,2.925800728511853,0.15353600685909563,4.191902361211007,1.128971103520447,23.009272374658668
left,56,7.804798474175811e-13,0.0,0.05,0.061,0.4397260273972603,0.7917811643835616,1.3947692519733161,0.8490484962700899,4.191902361211007,1.1592831277801232,5.510093932094778
left,56,7.804798474175811e-13,0.0,0.1,0.061,0.7095890410958904,0.9020626712328768,2.0986176733384463,0.49712428558752475,4.191902361211007,1.1592831277801232,13.160732621160488
left,56,7.804798474175811e-13,0.0,0.2,0.061,0.9089041095890411,0.9756869863013699,2.880469969832438,0.10619813734052885,4.191902361211007,1.1592831277801232,26.906377662228294
left,57,7.980907601456977e-13,1.0,0.05,0.049,0.41164383561643836,0.795063698630137,1.431309455474203,0.9389731746139764,4.2667299375678,1.0535906709661185,4.871190170509901
left,57,7.980907601456977e-13,1.0,0.1,0.049,0.6767123287671233,0.904377397260274,2.1131528512051396,0.5980514767485081,4.2667299375678,1.0535906709661185,10.880417494615548
left,57,7.980907601456977e-13,1.0,0.2,0.049,0.8952054794520548,0.9761400684931507,2.909324170238821,0.1999658172316674,4.2667299375678,1.0535906709661185,20.762929046683666
left,57,7.980907601456977e-13,0.5,0.05,0.052,0.4226027397260274,0.7951938356164383,1.4305239142864294,0.9105014290900196,4.2667299375678,1.0810292852346297,5.16542541826929
left,57,7.980907601456977e-13,0.5,0.1,0.052,0.684931506849315,0.9044143835616438,2.1072974352689973,0.5721146685987357,4.2667299375678,1.0810292852346297,11.847894853623908
left,57,7.980907601456977e-13,0.5,0.2,0.052,0.8993150684931507,0.9761647260273972,2.903421888913125,0.1740524417766719,4.2667299375678,1.0810292852346297,23.158955678532944
left,57,7.980907601456977e-13,0.0,0.05,0.054,0.43082191780821916,0.7953438356164384,1.43296588037254,0.890764951713948,4.2667299375678,1.112170771720846,5.556963470484988
left,57,7.980907601456977e-13,0.0,0.1,0.054,0.6938356164383561,0.9044883561643836,2.113999995082253,0.5502478943590916,4.2667299375678,1.112170771720846,13.305350759655264
left,57,7.980907601456977e-13,0.0,0.2,0.054,0.9082191780821918,0.9762119863013698,2.937116263838705,0.1386897599808653,4.2667299375678,1.112170771720846,27.18233695857987
left,58,7.70470492961195e-13,1.0,0.05,0.049,0.4315068493150685,0.8028616438356164,1.4820887689344966,0.9135835178838296,4.22546330475924,1.0615843051107539,5.040189280935764
left,58,7.70470492961195e-13,1.0,0.1,0.049,0.6924657534246575,0.9085934931506849,2.157479671309952,0.5758880666961019,4.22546330475924,1.0615843051107539,11.141131394582752
left,58,7.70470492961195e-13,1.0,0.2,0.049,0.9013698630136986,0.977311301369863,2.944024412745176,0.18261569597848992,4.22546330475924,1.0615843051107539,20.910965825236186
left,58,7.70470492961195e-13,0.5,0.05,0.051,0.4404109589041096,0.8029630136986301,1.4853066456028632,0.8925806925872186,4.22546330475924,1.0875516073042264,5.327938904499525
left,58,7.70470492961195e-13,0.5,0.1,0.051,0.7006849315068493,0.9086126712328767,2.16160548159239,0.5544312745924551,4.22546330475924,1.0875516073042264,12.09051371431013
left,58,7.70470492961195e-13,0.5,0.2,0.051,0.9061643835616439,0.9773469178082191,2.9527335622053084,0.15886723428599614,4.22546330475924,1.0875516073042264,23.24159099813356
left,58,7.70470492961195e-13,0.0,0.05,0.059,0.4465753424657534,0.803031506849315,1.4289050963001082,0.848771098716222,4.22546330475924,1.1171160866530654,5.705999872103339
left,58,7.70470492961195e-13,0.0,0.1,0.059,0.7075342465753425,0.9086297945205479,2.1094192228648305,0.508514035433861,4.22546330475924,1.1171160866530654,13.495114106037034
left,58,7.70470492961195e-13,0.0,0.2,0.059,0.9116438356164384,0.9773791095890411,2.914170903527636,0.10613819510245792,4.22546330475924,1.1171160866530654,27.073457688878232
left,59,6.994821388772721e-13,1.0,0.05,0.052,0.4089041095890411,0.7926229452054795,1.3953984678534095,0.9280641523065296,4.157531753532884,1.016478099306148,4.698068869755866
left,59,6.994821388772721e-13,1.0,0.1,0.052,0.6568493150684932,0.9008866438356165,2.029642834524078,0.6109419689711955,4.157531753532884,1.016478099306148,10.487376055573067
left,59,6.994821388772721e-13,1.0,0.2,0.052,0.886986301369863,0.9740229452054795,2.836419060214241,0.207553856126114,4.157531753532884,1.016478099306148,20.184535131636718
left,59,6.994821388772721e-13,0.5,0.05,0.054,0.4212328767123288,0.7927092465753425,1.4085074071651154,0.9029941883176603,4.157531753532884,1.0432758030126916,4.969999855659973
left,59,6.994821388772721e-13,0.5,0.1,0.054,0.6684931506849315,0.9009530821917808,2.043003991217636,0.5857458962914001,4.157531753532884,1.0432758030126916,11.405297849572182
left,59,6.994821388772721e-13,0.5,0.2,0.054,0.8938356164383562,0.9740585616438356,2.854435359313964,0.18003021224323612,4.157531753532884,1.0432758030126916,22.48529648513867
left,59,6.994821388772721e-13,0.0,0.05,0.061,0.4301369863013699,0.7927736301369863,1.3704077030534705,0.8612292707300128,4.157531753532884,1.0740856044288571,5.328942764456048
left,59,6.994821388772721e-13,0.0,0.1,0.061,0.6835616438356165,0.9009859589041096,2.0241149049687617,0.5343756697723672,4.157531753532884,1.0740856044288571,12.772028920044633
left,59,6.994821388772721e-13,0.0,0.2,0.061,0.8986301369863013,0.974107191780822,2.8202178304567145,0.13632420702839065,4.157531753532884,1.0740856044288571,26.315255330316443
left,60,7.752340436262273e-13,1.0,0.05,0.046,0.4089041095890411,0.7968119863013698,1.45457584949209,0.9576528431258698,4.4140044739646775,1.1073037368890108,4.930402206263452
left,60,7.752340436262273e-13,1.0,0.1,0.046,0.6842465753424658,0.9057345890410959,2.164547794076719,0.6026668708335553,4.4140044739646775,1.1073037368890108,10.904021749949054
left,60,7.752340436262273e-13,1.0,0.2,0.046,0.8917808219178082,0.9758554794520548,2.9209951332148254,0.22444320126450223,4.4140044739646775,1.1073037368890108,20.623582374533203
left,60,7.752340436262273e-13,0.5,0.05,0.049,0.41506849315068495,0.7967955479452055,1.4401020209641249,0.9345768918690155,4.4140044739646775,1.136353723589709,5.2188507864319735
left,60,7.752340436262273e-13,0.5,0.1,0.049,0.689041095890411,0.9057462328767123,2.147762044234484,0.580746880233836,4.4140044739646775,1.136353723589709,11.853755690007624
left,60,7.752340436262273e-13,0.5,0.2,0.049,0.897945205479452,0.9758643835616438,2.9245578370982237,0.19234898380196597,4.4140044739646775,1.136353723589709,22.980400454714953
left,60,7.752340436262273e-13,0.0,0.05,0.055,0.42191780821917807,0.796775,1.4012034633971266,0.8975914082242542,4.4140044739646775,1.1693481587568948,5.597660024127654
left,60,7.752340436262273e-13,0.0,0.1,0.055,0.6945205479452055,0.9057455479452055,2.1068983011987674,0.5447439893234338,4.4140044739646775,1.1693481587568948,13.26086604050687
left,60,7.752340436262273e-13,0.0,0.2,0.055,0.9054794520547945,0.9758856164383561,2.911614226545804,0.1423860266499155,4.4140044739646775,1.1693481587568948,26.86724825700041
left,61,8.594548683849013e-13,1.0,0.05,0.045,0.3972602739726027,0.7980537671232877,1.4349527267114324,0.9779213469164196,4.354178353215994,1.0356639500430616,4.731676808401162
left,61,8.594548683849013e-13,1.0,0.1,0.045,0.6684931506849315,0.9038510273972603,2.131153809589554,0.629820805477359,4.354178353215994,1.0356639500430616,10.461294899986934
left,61,8.594548683849013e-13,1.0,0.2,0.045,0.8904109589041096,0.9756654109589041,2.9241143047491853,0.23334055789754304,4.354178353215994,1.0356639500430616,20.03004313934212
left,61,8.594548683849013e-13,0.5,0.05,0.048,0.40684931506849314,0.7980976027397261,1.4289055918007554,0.950110065302344,4.354178353215994,1.0639172751475385,5.023097169170885
left,61,8.594548683849013e-13,0.5,0.1,0.048,0.6794520547945205,0.9039284246575342,2.1307299701435123,0.5991978761309655,4.354178353215994,1.0639172751475385,11.4285060877496
left,61,8.594548683849013e-13,0.5,0.2,0.048,0.8965753424657534,0.9757188356164384,2.9268393463413385,0.20114318803205244,4.354178353215994,1.0639172751475385,22.443908617557355
left,61,8.594548683849013e-13,0.0,0.05,0.05,0.41986301369863016,0.7981654109589041,1.44260969174426,0.9235487810793429,4.354178353215994,1.0963571443517905,5.409960109949483
left,61,8.594548683849013e-13,0.0,0.1,0.05,0.6897260273972603,0.9040339041095891,2.139927543107012,0.5748898553979668,4.354178353215994,1.0963571443517905,12.882133880447483
left,61,8.594548683849013e-13,0.0,0.2,0.05,0.9020547945205479,0.9757866438356164,2.938202538978744,0.17575235746210083,4.354178353215994,1.0963571443517905,26.48961251247134
left,62,8.131655071519361e-13,1.0,0.05,0.055,0.40616438356164386,0.7963260273972603,1.3607702930432393,0.9178079934011979,4.292578669600485,1.0701012520144113,4.8341383741638895
left,62,8.131655071519361e-13,1.0,0.1,0.055,0.6664383561643835,0.9015541095890411,2.0282926070132,0.5840468364162175,4.292578669600485,1.0701012520144113,10.750681551735502
left,62,8.131655071519361e-13,1.0,0.2,0.055,0.8904109589041096,0.974382191780822,2.8269097343998673,0.1847382727228839,4.292578669600485,1.0701012520144113,20.627548886846334
left,62,8.131655071519361e-13,0.5,0.05,0.058,0.4143835616438356,0.7963746575342465,1.3555037700406067,0.8940349314895565,4.292578669600485,1.0966574247371073,5.099073526410909
left,62,8.131655071519361e-13,0.5,0.1,0.058,0.6767123287671233,0.9015849315068493,2.0303117653639218,0.5566309338278991,4.292578669600485,1.0966574247371073,11.649991659464355
left,62,8.131655071519361e-13,0.5,0.2,0.058,0.8931506849315068,0.9743828767123288,2.8152461159870876,0.16416375851631593,4.292578669600485,1.0966574247371073,22.914817331783745
left,62,8.131655071519361e-13,0.0,0.05,0.058,0.42397260273972603,0.7964198630136986,1.3800459659106867,0.8817638335545165,4.292578669600485,1.1267510949306851,5.4441787357715405
left,62,8.131655071519361e-13,0.0,0.1,0.058,0.6808219178082192,0.9016280821917808,2.0417852113352875,0.5508942108422161,4.292578669600485,1.1267510949306851,12.971725282327057
left,62,8.131655071519361e-13,0.0,0.2,0.058,0.8958904109589041,0.974382191780822,2.83026415405958,0.1566547394800698,4.292578669600485,1.1267510949306851,26.65241029993043
left,63,7.310922700565214e-13,1.0,0.05,0.05,0.40205479452054793,0.7933037671232877,1.3968215509892248,0.9464428514568605,4.23808124061852,1.0213079299085412,4.6908499732566495
left,63,7.310922700565214e-13,1.0,0.1,0.05,0.6746575342465754,0.9014421232876713,2.097664502760277,0.5960213755713343,4.23808124061852,1.0213079299085412,10.549434668224627
left,63,7.310922700565214e-13,1.0,0.2,0.05,0.886986301369863,0.9740212328767124,2.8555093009324795,0.21709897648523324,4.23808124061852,1.0213079299085412,20.280356339637095
left,63,7.310922700565214e-13,0.5,0.05,0.055,0.4184931506849315,0.7933428082191781,1.3924432701001446,0.9019715048727452,4.23808124061852,1.0482211580817973,4.950871307420966
left,63,7.310922700565214e-13,0.5,0.1,0.055,0.6828767123287671,0.901447602739726,2.0739514480743835,0.5612174158856258,4.23808124061852,1.0482211580817973,11.4255495361221
left,63,7.310922700565214e-13,0.5,0.2,0.055,0.8917808219178082,0.9740424657534247,2.834247505265728,0.1810693872899536,4.23808124061852,1.0482211580817973,22.486969154156593
left,63,7.310922700565214e-13,0.0,0.05,0.058,0.4280821917808219,0.7933784246575343,1.3905279405922972,0.8765228462137112,4.23808124061852,1.07882309126271,5.288861943929263
left,63,7.310922700565214e-13,0.0,0.1,0.058,0.6883561643835616,0.9014551369863014,2.0629830378775527,0.5402952975710835,4.23808124061852,1.07882309126271,12.709893199090136
left,63,7.310922700565214e-13,0.0,0.2,0.058,0.8965753424657534,0.9740917808219178,2.8340633016484764,0.15475516568562153,4.23808124061852,1.07882309126271,26.102896387998264
left,64,7.367786936107734e-13,1.0,0.05,0.045,0.39863013698630134,0.7940472602739727,1.4385032847183974,0.9761460679129371,4.406191818670008,1.053124564262603,4.768983680210785
left,64,7.367786936107734e-13,1.0,0.1,0.045,0.660958904109589,0.9020561643835616,2.110479278741206,0.6401580709015328,4.406191818670008,1.053124564262603,10.564632265276755
left,64,7.367786936107734e-13,1.0,0.2,0.045,0.8835616438356164,0.9745424657534246,2.8883789705515106,0.2512082249963806,4.406191818670008,1.053124564262603,20.281557101323777
left,64,7.367786936107734e-13,0.5,0.05,0.053,0.4075342465753425,0.7941479452054795,1.3825439448897248,0.9251643986701596,4.406191818670008,1.0806409317062866,5.047379375608432
left,64,7.367786936107734e-13,0.5,0.1,0.053,0.6732876712328767,0.9021705479452055,2.065446073548331,0.5837133343408565,4.406191818670008,1.0806409317062866,11.504053655015136
left,64,7.367786936107734e-13,0.5,0.2,0.053,0.8883561643835617,0.9746184931506849,2.834268765765258,0.1993019882323931,4.406191818670008,1.0806409317062866,22.627717745914893
left,64,7.367786936107734e-13,0.0,0.05,0.056,0.4184931506849315,0.7942445205479453,1.3835176872287192,0.8975087134370325,4.406191818670008,1.1120353580496114,5.417781067440942
left,64,7.367786936107734e-13,0.0,0.1,0.056,0.6801369863013699,0.9022801369863014,2.057349450076603,0.5605928320130906,4.406191818670008,1.1120353580496114,12.919473252663611
left,64,7.367786936107734e-13,0.0,0.2,0.056,0.8897260273972603,0.9747047945205479,2.814339951508249,0.1820975812972676,4.406191818670008,1.1120353580496114,26.57579942264745
left,65,8.00234878362005e-13,1.0,0.05,0.051,0.4123287671232877,0.7928746575342466,1.413675441543871,0.9283962946167147,4.113057617218166,1.042717995239637,4.734064064499667
left,65,8.00234878362005e-13,1.0,0.1,0.051,0.6828767123287671,0.9041640410958904,2.110992323540216,0.5797378536185421,4.113057617218166,1.042717995239637,10.548004811076169
left,65,8.00234878362005e-13,1.0,0.2,0.051,0.8897260273972603,0.975563698630137,2.8603064098455073,0.20508081046589666,4.113057617218166,1.042717995239637,20.216086584180648
left,65,8.00234878362005e-13,0.5,0.05,0.055,0.41986301369863016,0.7929458904109589,1.3959492047156046,0.9002185375650152,4.113057617218166,1.069501984914499,5.005539549857018
left,65,8.00234878362005e-13,0.5,0.1,0.055,0.6910958904109589,0.9041996575342466,2.0971522094023722,0.5496170352216313,4.113057617218166,1.069501984914499,11.466464472454266
left,65,8.00234878362005e-13,0.5,0.2,0.055,0.8931506849315068,0.9756273972602739,2.8416524394000455,0.17736692022279477,4.113057617218166,1.069501984914499,22.51893012632341
left,65,8.00234878362005e-13,0.0,0.05,0.059,0.42945205479452053,0.7929842465753425,1.3854542847987092,0.8704965044669215,4.113057617218166,1.100025332549641,5.363741761020225
left,65,8.00234878362005e-13,0.0,0.1,0.059,0.6993150684931507,0.9042311643835617,2.0856552410939244,0.5203960263193138,4.113057617218166,1.100025332549641,12.84112155812652
left,65,8.00234878362005e-13,0.0,0.2,0.059,0.8972602739726028,0.9756760273972602,2.8293175865838833,0.14856485357433447,4.113057617218166,1.100025332549641,26.368684561454327
left,66,7.746060737279237e-13,1.0,0.05,0.048,0.40342465753424656,0.7961708904109589,1.4200702387546242,0.9545277418254096,4.4740794131929675,1.0821497304668868,4.919433059170029
left,66,7.746060737279237e-13,1.0,0.1,0.048,0.6705479452054794,0.9041400684931507,2.1059895704207183,0.6115680759923626,4.4740794131929675,1.0821497304668868,10.917827000148186
left,66,7.746060737279237e-13,1.0,0.2,0.048,0.8904109589041096,0.974897602739726,2.8932794556797714,0.21792313336283597,4.4740794131929675,1.0821497304668868,20.774315558748803
left,66,7.746060737279237e-13,0.5,0.05,0.052,0.4143835616438356,0.7963359589041096,1.4094803397639812,0.9210232163512437,4.4740794131929675,1.1072414983401908,5.199483456810192
left,66,7.746060737279237e-13,0.5,0.1,0.052,0.6794520547945205,0.9042270547945206,2.091930495174025,0.5797981386462219,4.4740794131929675,1.1072414983401908,11.858012244251823
left,66,7.746060737279237e-13,0.5,0.2,0.052,0.8938356164383562,0.9749667808219178,2.87295085364698,0.1892879594097443,4.4740794131929675,1.1072414983401908,23.10511568645637
left,66,7.746060737279237e-13,0.0,0.05,0.053,0.42397260273972603,0.7965640410958904,1.424695520515849,0.9040886108570976,4.4740794131929675,1.135578265536841,5.569154263920426
left,66,7.746060737279237e-13,0.0,0.1,0.053,0.6863013698630137,0.9043619863013699,2.101829845727615,0.5655214482512145,4.4740794131929675,1.135578265536841,13.257891704813934
left,66,7.746060737279237e-13,0.0,0.2,0.053,0.9006849315068494,0.975038698630137,2.9019005201475614,0.16548611104124133,4.4740794131929675,1.135578265536841,26.972933237313132
left,67,8.990932998109713e-13,1.0,0.05,0.051,0.40684931506849314,0.801697602739726,1.399576745986684,0.9354456423953083,4.175241849298598,1.0153208738834525,4.763449725963252
left,67,8.990932998109713e-13,1.0,0.1,0.051,0.6856164383561644,0.9085784246575342,2.1186968770546866,0.575885576861307,4.175241849298598,1.0153208738834525,10.601008402781739
left,67,8.990932998109713e-13,1.0,0.2,0.051,0.8986301369863013,0.9781506849315068,2.909018723588617,0.18072465359434176,4.175241849298598,1.0153208738834525,20.179991329949114
left,67,8.990932998109713e-13,0.5,0.05,0.053,0.4226027397260274,0.8016167808219178,1.4211968991682171,0.9058379215309135,4.175241849298598,1.042303527231299,5.041970046788754
left,67,8.990932998109713e-13,0.5,0.1,0.053,0.6952054794520548,0.9085181506849315,2.127096532839929,0.5528881046950576,4.175241849298598,1.042303527231299,11.539478499530933
left,67,8.990932998109713e-13,0.5,0.2,0.053,0.9013698630136986,0.9780883561643836,2.90583288150912,0.16351993036046197,4.175241849298598,1.042303527231299,22.521120878902188
left,67,8.990932998109713e-13,0.0,0.05,0.055,0.4321917808219178,0.8015462328767123,1.4273963606654594,0.8844949595900878,4.175241849298598,1.0732866400413932,5.411749196351165
left,67,8.990932998109713e-13,0.0,0.1,0.055,0.7034246575342465,0.908457191780822,2.1324690089683735,0.5319586354386308,4.175241849298598,1.0732866400413932,12.953556974804522
left,67,8.990932998109713e-13,0.0,0.2,0.055,0.9047945205479452,0.9780527397260274,2.9075574973196483,0.14441439126299338,4.175241849298598,1.0732866400413932,26.45230826127196
left,68,7.685067859863892e-13,1.0,0.05,0.051,0.413013698630137,0.7936431506849315,1.4154346286420616,0.9275167010676194,4.030077054107839,1.0116931853824938,4.7428868600976495
left,68,7.685067859863892e-13,1.0,0.1,0.051,0.6821917808219178,0.9024616438356164,2.109070607561109,0.5806987116080957,4.030077054107839,1.0116931853824938,10.71215107637302
left,68,7.685067859863892e-13,1.0,0.2,0.051,0.8972602739726028,0.9748321917808219,2.9013279551062574,0.1845700378355215,4.030077054107839,1.0116931853824938,20.549682034274234
left,68,7.685067859863892e-13,0.5,0.05,0.054,0.41575342465753423,0.7936383561643836,1.39447851346828,0.910008635166078,4.030077054107839,1.0374723021223222,5.017615126656803
left,68,7.685067859863892e-13,0.5,0.1,0.054,0.6904109589041096,0.9024383561643836,2.104263446947061,0.5551161684266874,4.030077054107839,1.0374723021223222,11.64031959598411
left,68,7.685067859863892e-13,0.5,0.2,0.054,0.9020547945205479,0.974822602739726,2.900596803927489,0.1569494899364734,4.030077054107839,1.0374723021223222,22.87559874778698
left,68,7.685067859863892e-13,0.0,0.05,0.058,0.4301369863013699,0.7936753424657534,1.3957613973065823,0.8739061178565687,4.030077054107839,1.0668162249219968,5.380214159067763
left,68,7.685067859863892e-13,0.0,0.1,0.058,0.697945205479452,0.902436301369863,2.0902866316300086,0.5266435006948557,4.030077054107839,1.0668162249219968,13.019708437764068
left,68,7.685067859863892e-13,0.0,0.2,0.058,0.9041095890410958,0.9748102739726028,2.8771158792409826,0.13322887688936857,4.030077054107839,1.0668162249219968,26.72305832429649
left,69,7.672022739324547e-13,1.0,0.05,0.049,0.4095890410958904,0.7954352739726027,1.4260256607961659,0.941615071952995,4.079536454123001,0.988051121010582,4.746166326754812
left,69,7.672022739324547e-13,1.0,0.1,0.049,0.6815068493150684,0.9048921232876712,2.1265445268290994,0.5913556389365282,4.079536454123001,0.988051121010582,10.712549320748007
left,69,7.672022739324547e-13,1.0,0.2,0.049,0.8917808219178082,0.9749859589041096,2.8906822676939883,0.2092867685040838,4.079536454123001,0.988051121010582,20.574049729293804
left,69,7.672022739324547e-13,0.5,0.05,0.052,0.4178082191780822,0.7953969178082192,1.4182596029701477,0.9166335847481605,4.079536454123001,1.0171251833056552,5.033608770143029
left,69,7.672022739324547e-13,0.5,0.1,0.052,0.6938356164383561,0.9048667808219178,2.1325154894152694,0.5595056415255997,4.079536454123001,1.0171251833056552,11.66962140053625
left,69,7.672022739324547e-13,0.5,0.2,0.052,0.897945205479452,0.9749715753424657,2.8956933209803806,0.17791672574304418,4.079536454123001,1.0171251833056552,22.959290990722824
left,69,7.672022739324547e-13,0.0,0.05,0.056,0.43082191780821916,0.7953654109589041,1.4149855455237141,0.881774784289535,4.079536454123001,1.0505745607289398,5.412406966663048
left,69,7.672022739324547e-13,0.0,0.1,0.056,0.6986301369863014,0.9048434931506849,2.1097322559988765,0.5344014290519539,4.079536454123001,1.0505745607289398,13.09567871783253
left,69,7.672022739324547e-13,0.0,0.2,0.056,0.8993150684931507,0.9749565068493151,2.8669260597312825,0.15580452718575077,4.079536454123001,1.0505745607289398,26.936466130940442
left,70,8.28507401573475e-13,1.0,0.05,0.048,0.40342465753424656,0.7943205479452055,1.4200702387546242,0.9545277418254096,4.4617868033481445,1.07458690629844,4.914860590116196
left,70,8.28507401573475e-13,1.0,0.1,0.048,0.6664383561643835,0.9005369863013699,2.0946623282931043,0.6172316970561695,4.4617868033481445,1.07458690629844,10.880769398326757
left,70,8.28507401573475e-13,1.0,0.2,0.048,0.8815068493150685,0.9735191780821918,2.847115980936707,0.24100487073436816,4.4617868033481445,1.07458690629844,20.727018399551753
left,70,8.28507401573475e-13,0.5,0.05,0.051,0.413013698630137,0.7943945205479452,1.4154346286420616,0.9275167010676194,4.4617868033481445,1.103161785580171,5.217388218958181
left,70,8.28507401573475e-13,0.5,0.1,0.051,0.6760273972602739,0.900567808219178,2.09185261850668,0.5893077061353104,4.4617868033481445,1.103161785580171,11.876241793312401
left,70,8.28507401573475e-13,0.5,0.2,0.051,0.8876712328767123,0.9735109589041095,2.8494702322507948,0.21049889926325271,4.4617868033481445,1.103161785580171,23.170303094619605
left,70,8.28507401573475e-13,0.0,0.05,0.056,0.42534246575342466,0.794422602739726,1.4010229823905818,0.8887560658561012,4.4617868033481445,1.1360022222439192,5.626121468512297
left,70,8.28507401573475e-13,0.0,0.1,0.056,0.6828767123287671,0.9005568493150685,2.065025865202958,0.5567546244499131,4.4617868033481445,1.1360022222439192,13.394712740597349
left,70,8.28507401573475e-13,0.0,0.2,0.056,0.8938356164383562,0.9735232876712329,2.836455024465138,0.17104004481882318,4.4617868033481445,1.1360022222439192,27.327916361286505
left,71,7.63063223718774e-13,1.0,0.05,0.05,0.4006849315068493,0.7947400684931507,1.3932789874556741,0.9482141332236358,4.352336306955983,1.043974482367603,4.733538447227849
left,71,7.63063223718774e-13,1.0,0.1,0.05,0.6671232876712329,0.9005232876712329,2.076837100478194,0.6064350767123758,4.352336306955983,1.043974482367603,10.511857294235579
left,71,7.63063223718774e-13,1.0,0.2,0.05,0.886986301369863,0.9745263698630137,2.8555093009324795,0.21709897648523324,4.352336306955983,1.043974482367603,20.011233897159908
left,71,7.63063223718774e-13,0.5,0.05,0.051,0.4095890410958904,0.7948503424657535,1.4066317738337382,0.9319181284717811,4.352336306955983,1.0722653479018074,5.009879335715146
left,71,7.63063223718774e-13,0.5,0.1,0.051,0.6732876712328767,0.9006465753424657,2.084243717821959,0.5931121564776707,4.352336306955983,1.0722653479018074,11.433355707084358
left,71,7.63063223718774e-13,0.5,0.2,0.051,0.8910958904109589,0.9745859589041096,2.8676112009566674,0.20142841491031638,4.352336306955983,1.0722653479018074,22.313136306548472
left,71,7.63063223718774e-13,0.0,0.05,0.055,0.4178082191780822,0.7950448630136986,1.390689356659731,0.9028484615929521,4.352336306955983,1.1044922187817925,5.374425313813923
left,71,7.63063223718774e-13,0.0,0.1,0.055,0.6773972602739726,0.900786301369863,2.0586261023226857,0.5688800887614747,4.352336306955983,1.1044922187817925,12.810286916743607
left,71,7.63063223718774e-13,0.0,0.2,0.055,0.8952054794520548,0.9746434931506849,2.8528894078105607,0.1717484360175372,4.352336306955983,1.1044922187817925,26.15979388515703
left,72,8.704391374347864e-13,1.0,0.05,0.047,0.41027397260273973,0.7976246575342466,1.4478246143059281,0.9507525818713616,4.4834803073867135,1.130064434180561,5.076267494953775
left,72,8.704391374347864e-13,1.0,0.1,0.047,0.6787671232876712,0.9034184931506849,2.1389189215123228,0.6052054282681641,4.4834803073867135,1.130064434180561,11.208054345090193
left,72,8.704391374347864e-13,1.0,0.2,0.047,0.8924657534246575,0.9751493150684931,2.91441322403738,0.2174582770056357,4.4834803073867135,1.130064434180561,21.2573191661653
left,72,8.704391374347864e-13,0.5,0.05,0.051,0.4232876712328767,0.7976589041095891,1.4417441501638733,0.9143619403067136,4.4834803073867135,1.1589327612994509,5.371413919384918
left,72,8.704391374347864e-13,0.5,0.1,0.051,0.6863013698630137,0.9034705479452054,2.120627490001243,0.5749202703880286,4.4834803073867135,1.1589327612994509,12.178669347271452
left,72,8.704391374347864e-13,0.5,0.2,0.051,0.8965753424657534,0.9751493150684931,2.897510500527267,0.1864787651250167,4.4834803073867135,1.1589327612994509,23.6475426411208
left,72,8.704391374347864e-13,0.0,0.05,0.057,0.4328767123287671,0.7977184931506849,1.4114118749505618,0.8747608809240811,4.4834803073867135,1.1921999866450805,5.762232918637341
left,72,8.704391374347864e-13,0.0,0.1,0.057,0.6952054794520548,0.9035876712328768,2.091126980124269,0.5349033283372275,4.4834803073867135,1.1921999866450805,13.62254563731822
left,72,8.704391374347864e-13,0.0,0.2,0.057,0.9034246575342466,0.9751698630136987,2.88178173068453,0.13957595305709702,4.4834803073867135,1.1921999866450805,27.591051617864565
left,73,7.04120789452034e-13,1.0,0.05,0.051,0.4123287671232877,0.7933510273972603,1.413675441543871,0.9283962946167147,4.1477910730026535,1.0469194003831785,4.803213044126653
left,73,7.04120789452034e-13,1.0,0.1,0.051,0.6746575342465754,0.8996660958904109,2.0880448911974545,0.591211569789923,4.1477910730026535,1.0469194003831785,10.698316927783347
left,73,7.04120789452034e-13,1.0,0.2,0.051,0.8828767123287671,0.9732311643835616,2.8247248505279083,0.22287159012469615,4.1477910730026535,1.0469194003831785,20.49929888962975
left,73,7.04120789452034e-13,0.5,0.05,0.056,0.4212328767123288,0.7934825342465753,1.3905270723162895,0.8940040208932474,4.1477910730026535,1.0736430790070945,5.07435583787416
left,73,7.04120789452034e-13,0.5,0.1,0.056,0.678082191780822,0.8998188356164384,2.0516102106859972,0.5634624517083935,4.1477910730026535,1.0736430790070945,11.611326138242783
left,73,7.04120789452034e-13,0.5,0.2,0.056,0.8856164383561644,0.9733428082191781,2.7928083296262436,0.19286339223827043,4.1477910730026535,1.0736430790070945,22.808253402139805
left,73,7.04120789452034e-13,0.0,0.05,0.059,0.42876712328767125,0.7936256849315069,1.3837098011098508,0.8713687463113508,4.1477910730026535,1.1040780998411241,5.429997376250099
left,73,7.04120789452034e-13,0.0,0.1,0.059,0.6917808219178082,0.8999599315068493,2.0641281173022223,0.5311595882151648,4.1477910730026535,1.1040780998411241,12.959157975670333
left,73,7.04120789452034e-13,0.0,0.2,0.059,0.8917808219178082,0.9734544520547945,2.7992780122091867,0.1635846407616829,4.1477910730026535,1.1040780998411241,26.60433875426923
left,74,8.560652187128426e-13,1.0,0.05,0.054,0.42397260273972603,0.7984698630136986,1.4155070413010449,0.8994943712496956,4.079703895314481,1.0698952844415954,4.824205504503806
left,74,8.560652187128426e-13,1.0,0.1,0.054,0.702054794520548,0.9080150684931507,2.137567417743786,0.538464183028325,4.079703895314481,1.0698952844415954,10.836189004293601
left,74,8.560652187128426e-13,1.0,0.2,0.054,0.9020547945205479,0.9774054794520548,2.900596803927489,0.1569494899364734,4.079703895314481,1.0698952844415954,20.737823964284363
left,74,8.560652187128426e-13,0.5,0.05,0.055,0.4363013698630137,0.7985445205479452,1.437839795516454,0.8792732421645906,4.079703895314481,1.0968682390583822,5.103410393545336
left,74,8.560652187128426e-13,0.5,0.1,0.055,0.7054794520547946,0.908018493150685,2.138419267999799,0.528983505922918,4.079703895314481,1.0968682390583822,11.778544604619036
left,74,8.560652187128426e-13,0.5,0.2,0.055,0.9047945205479452,0.9773856164383562,2.9075574973196483,0.14441439126299338,4.079703895314481,1.0968682390583822,23.08246247087094
left,74,8.560652187128426e-13,0.0,0.05,0.062,0.4438356164383562,0.7985945205479452,1.396947320756678,0.8397251982057252,4.079703895314481,1.1279783506280951,5.470305729004411
left,74,8.560652187128426e-13,0.0,0.1,0.062,0.7143835616438357,0.908013698630137,2.104435570308885,0.4859810734296218,4.079703895314481,1.1279783506280951,13.171857266010445
left,74,8.560652187128426e-13,0.0,0.2,0.062,0.910958904109589,0.9773356164383562,2.884882348711103,0.09575768422851294,4.079703895314481,1.1279783506280951,26.940137698362378
left,75,7.530955026258113e-13,1.0,0.05,0.048,0.3938356164383562,0.7885869863013698,1.395226993116013,0.9669493646447151,4.7343897008736215,1.1621956995696272,4.98031923125667
left,75,7.530955026258113e-13,1.0,0.1,0.048,0.6616438356164384,0.8984013698630137,2.081516486133218,0.6238046181361129,4.7343897008736215,1.1621956995696272,10.99011840041633
left,75,7.530955026258113e-13,1.0,0.2,0.048,0.8821917808219178,0.9732493150684931,2.8505777029952717,0.23927400970508583,4.7343897008736215,1.1621956995696272,20.845375674176093
left,75,7.530955026258113e-13,0.5,0.05,0.051,0.4075342465753425,0.7887034246575343,1.4013415891633532,0.9345632208069736,4.7343897008736215,1.1917278395548423,5.26652216199186
left,75,7.530955026258113e-13,0.5,0.1,0.051,0.6705479452054794,0.8985232876712329,2.0766607246066466,0.5969036530853269,4.7343897008736215,1.1917278395548423,11.930260848863302
left,75,7.530955026258113e-13,0.5,0.2,0.051,0.8849315068493151,0.9733520547945206,2.8352400769737853,0.21761397690175766,4.7343897008736215,1.1917278395548423,23.182629632484094
left,75,7.530955026258113e-13,0.0,0.05,0.056,0.41575342465753423,0.7888643835616438,1.3764981786194541,0.901018467741665,4.7343897008736215,1.2251964886440114,5.64611228813322
left,75,7.530955026258113e-13,0.0,0.1,0.056,0.6808219178082192,0.898686301369863,2.05926595187682,0.5596345811129823,4.7343897008736215,1.2251964886440114,13.33244214652329
left,75,7.530955026258113e-13,0.0,0.2,0.056,0.8924657534246575,0.9734479452054795,2.8290158920644464,0.17475961101916893,4.7343897008736215,1.2251964886440114,27.0671003359759
left,76,8.024483855173514e-13,1.0,0.05,0.053,0.40684931506849314,0.7954811643835616,1.3807791017130557,0.9260468202584942,4.143206142412695,1.0407896253893032,4.689714158704641
left,76,8.024483855173514e-13,1.0,0.1,0.053,0.6767123287671233,0.9030417808219178,2.0749613199690837,0.5789557111304802,4.143206142412695,1.0407896253893032,10.400934571407657
left,76,8.024483855173514e-13,1.0,0.2,0.053,0.8945205479452055,0.9751222602739726,2.867369422490475,0.18275165986978448,4.143206142412695,1.0407896253893032,19.86127864266469
left,76,8.024483855173514e-13,0.5,0.05,0.056,0.4212328767123288,0.795383904109589,1.3905270723162895,0.8940040208932474,4.143206142412695,1.0673571978249738,4.954545893812269
left,76,8.024483855173514e-13,0.5,0.1,0.056,0.6856164383561644,0.9029404109589041,2.0727304187174282,0.552902347692678,4.143206142412695,1.0673571978249738,11.29121751727759
left,76,8.024483855173514e-13,0.5,0.2,0.056,0.8972602739726028,0.9750681506849315,2.8553614967689995,0.16158680866689246,4.143206142412695,1.0673571978249738,22.106159437743724
left,76,8.024483855173514e-13,0.0,0.05,0.057,0.4321917808219178,0.7953325342465754,1.4096700391420038,0.8756317988283601,4.143206142412695,1.0975996174093174,5.3032189230560745
left,76,8.024483855173514e-13,0.0,0.1,0.057,0.6938356164383561,0.9028630136986301,2.087218921581397,0.5368573576086635,4.143206142412695,1.0975996174093174,12.61989668332847
left,76,8.024483855173514e-13,0.0,0.2,0.057,0.9027397260273973,0.9750133561643836,2.87778844001733,0.1415725983906969,4.143206142412695,1.0975996174093174,25.860584511803054
left,77,8.326707379158194e-13,1.0,0.05,0.044,0.41575342465753423,0.7964712328767123,1.493274018457024,0.9594063876604499,4.084619931615227,1.0021587673954064,4.852915879575114
left,77,8.326707379158194e-13,1.0,0.1,0.044,0.6794520547945205,0.9046869863013699,2.1722105058297525,0.6199381439740856,4.084619931615227,1.0021587673954064,10.83685629462287
left,77,8.326707379158194e-13,1.0,0.2,0.044,0.8945205479452055,0.9752054794520548,2.956976448264415,0.2275551727567544,4.084619931615227,1.0021587673954064,20.697242645327048
left,77,8.326707379158194e-13,0.5,0.05,0.048,0.4226027397260274,0.7965828767123287,1.4693233892559168,0.9299011665747633,4.084619931615227,1.0264251116695486,5.127936763297835
left,77,8.326707379158194e-13,0.5,0.1,0.048,0.686986301369863,0.9047671232876713,2.151888759651454,0.5886184813769946,4.084619931615227,1.0264251116695486,11.76842634724106
left,77,8.326707379158194e-13,0.5,0.2,0.048,0.9013698630136986,0.9752554794520548,2.9539593715968198,0.1875831754043118,4.084619931615227,1.0264251116695486,23.02341414065984
left,77,8.326707379158194e-13,0.0,0.05,0.053,0.4315068493150685,0.7966945205479452,1.4438972376984407,0.8944877522658017,4.084619931615227,1.0540283295448958,5.494643494309695
left,77,8.326707379158194e-13,0.0,0.1,0.053,0.6965753424657535,0.904868493150685,2.131012406284019,0.5509301679730125,4.084619931615227,1.0540283295448958,13.173643201038228
left,77,8.326707379158194e-13,0.0,0.2,0.053,0.9041095890410958,0.9752979452054794,2.9217654338461445,0.15555365419194966,4.084619931615227,1.0540283295448958,26.941686234144395
left,78,7.447653604941706e-13,1.0,0.05,0.051,0.3938356164383562,0.7936900684931507,1.3658981473019416,0.9522849417376794,4.427995632908809,1.1043768475949258,4.840852178623512
left,78,7.447653604941706e-13,1.0,0.1,0.051,0.6657534246575343,0.9009835616438356,2.0634510014376524,0.6035085146698241,4.427995632908809,1.1043768475949258,10.726663450813422
left,78,7.447653604941706e-13,1.0,0.2,0.051,0.8856164383561644,0.9738119863013699,2.8387747879635015,0.21584662140689947,4.427995632908809,1.1043768475949258,20.54834064391306
left,78,7.447653604941706e-13,0.5,0.05,0.053,0.40273972602739727,0.7938660958904109,1.370174407548099,0.9313491673409725,4.427995632908809,1.1298972588309861,5.1109931421867545
left,78,7.447653604941706e-13,0.5,0.1,0.053,0.6732876712328767,0.9011554794520548,2.065446073548331,0.5837133343408565,4.427995632908809,1.1298972588309861,11.64716779496475
left,78,7.447653604941706e-13,0.5,0.2,0.053,0.8917808219178082,0.9739380136986301,2.8524907364579324,0.19019100288605584,4.427995632908809,1.1298972588309861,22.86065431905929
left,78,7.447653604941706e-13,0.0,0.05,0.057,0.41164383561643836,0.7940585616438356,1.357148371522487,0.9018926326381185,4.427995632908809,1.1587141076267513,5.466491366284727
left,78,7.447653604941706e-13,0.0,0.1,0.057,0.6808219178082192,0.9013595890410959,2.05046521322479,0.5552342117869672,4.427995632908809,1.1587141076267513,13.013024625533847
left,78,7.447653604941706e-13,0.0,0.2,0.057,0.8972602739726028,0.9740989726027397,2.8465607581169694,0.1571864393408774,4.427995632908809,1.1587141076267513,26.695207315036942
left,79,8.060427325595754e-13,1.0,0.05,0.052,0.4136986301369863,0.7948318493150685,1.4077225066254322,0.9219021329205183,4.206093237199835,1.050942242586855,4.8677157896407195
left,79,8.060427325595754e-13,1.0,0.1,0.052,0.686986301369863,0.9039143835616439,2.113089284681967,0.5692187438922509,4.206093237199835,1.050942242586855,10.953612800589557
left,79,8.060427325595754e-13,1.0,0.2,0.052,0.8945205479452055,0.9757342465753425,2.8766964376086874,0.18741516742889064,4.206093237199835,1.050942242586855,20.885824610960253
left,79,8.060427325595754e-13,0.5,0.05,0.055,0.4226027397260274,0.7949263698630137,1.4029536679760126,0.8967163059348112,4.206093237199835,1.0771494853680883,5.150826306914687
left,79,8.060427325595754e-13,0.5,0.1,0.055,0.6965753424657535,0.9039767123287671,2.1127691750918145,0.5418085523769103,4.206093237199835,1.0771494853680883,11.908023825869542
left,79,8.060427325595754e-13,0.5,0.2,0.055,0.8972602739726028,0.9757787671232877,2.864287079640425,0.16604960010260517,4.206093237199835,1.0771494853680883,23.256072015189616
left,79,8.060427325595754e-13,0.0,0.05,0.059,0.4315068493150685,0.7950462328767123,1.3906845134496948,0.8678813901414287,4.206093237199835,1.1070194942063976,5.527317886318303
left,79,8.060427325595754e-13,0.0,0.1,0.059,0.7013698630136986,0.9040184931506849,2.0915681134644117,0.5174395901340704,4.206093237199835,1.1070194942063976,13.341888305826991
left,79,8.060427325595754e-13,0.0,0.2,0.059,0.9041095890410958,0.9758527397260274,2.868552709597399,0.1289472920675767,4.206093237199835,1.1070194942063976,27.221063168387353
left,80,7.586153927263695e-13,1.0,0.05,0.048,0.40205479452054793,0.7974695205479452,1.4165307852404736,0.9562974685824849,4.280721781191224,1.025904445998371,4.766486997571045
left,80,7.586153927263695e-13,1.0,0.1,0.048,0.6698630136986301,0.9049736301369863,2.1040977985351,0.6125139619351716,4.280721781191224,1.025904445998371,10.696856178073428
left,80,7.586153927263695e-13,1.0,0.2,0.048,0.8890410958904109,0.9755222602739726,2.8860072526086133,0.221559234898415,4.280721781191224,1.025904445998371,20.457637658934036
left,80,7.586153927263695e-13,0.5,0.05,0.05,0.4123287671232877,0.7974133561643836,1.4232950531066937,0.933206100398126,4.280721781191224,1.0544115830900538,5.0499588236164845
left,80,7.586153927263695e-13,0.5,0.1,0.05,0.6801369863013699,0.9049715753424658,2.1129355199766837,0.588385866963131,4.280721781191224,1.0544115830900538,11.629844065460142
left,80,7.586153927263695e-13,0.5,0.2,0.05,0.8924657534246575,0.9755140410958905,2.884601961964527,0.2025526459692093,4.280721781191224,1.0544115830900538,22.778812242433197
left,80,7.586153927263695e-13,0.0,0.05,0.051,0.42191780821917807,0.7973674657534247,1.4382443388629593,0.9161118459571705,4.280721781191224,1.0871558938151678,5.424563630512252
left,80,7.586153927263695e-13,0.0,0.1,0.051,0.6910958904109589,0.9049626712328767,2.134193084868205,0.5681374729545476,4.280721781191224,1.0871558938151678,13.021755594462334
left,80,7.586153927263695e-13,0.0,0.2,0.051,0.8986301369863013,0.9755085616438356,2.909018723588617,0.18072465359434176,4.280721781191224,1.0871558938151678,26.635291595578636
left,81,7.863674988950464e-13,1.0,0.05,0.049,0.41643835616438357,0.7972780821917809,1.443614370660965,0.9328207170205954,4.232649969847915,1.0325703473697976,4.8793887497842725
left,81,7.863674988950464e-13,1.0,0.1,0.049,0.6801369863013699,0.9042595890410959,2.122709795376289,0.5932730046629335,4.232649969847915,1.0325703473697976,10.874836424133695
left,81,7.863674988950464e-13,1.0,0.2,0.049,0.8958904109589041,0.9772736301369863,2.913105239900798,0.19807528240067884,4.232649969847915,1.0325703473697976,20.72831202314522
left,81,7.863674988950464e-13,0.5,0.05,0.05,0.4246575342465753,0.7972061643835616,1.454861204628823,0.9174230246370614,4.232649969847915,1.0586456375512294,5.154644090333879
left,81,7.863674988950464e-13,0.5,0.1,0.05,0.6863013698630137,0.9041890410958904,2.130247101564066,0.57973007616944,4.232649969847915,1.0586456375512294,11.787880287392301
left,81,7.863674988950464e-13,0.5,0.2,0.05,0.9006849315068494,0.9771934931506849,2.930317775984012,0.17969473895946675,4.232649969847915,1.0586456375512294,23.01502060130589
left,81,7.863674988950464e-13,0.0,0.05,0.053,0.4321917808219178,0.7971308219178083,1.4456395918576639,0.8936165751861901,4.232649969847915,1.0885520274403937,5.5160462921969575
left,81,7.863674988950464e-13,0.0,0.1,0.053,0.6938356164383561,0.9041493150684932,2.123188474297057,0.5548421339664935,4.232649969847915,1.0885520274403937,13.14013766522331
left,81,7.863674988950464e-13,0.0,0.2,0.053,0.9034246575342466,0.9771441780821918,2.91775128340019,0.15756072941492705,4.232649969847915,1.0885520274403937,26.781447215481872
left,82,7.934937429343591e-13,1.0,0.05,0.044,0.40342465753424656,0.795763698630137,1.4615507744408645,0.9752680096685297,4.503973234909423,1.0970518561624771,4.972810363525183
left,82,7.934937429343591e-13,1.0,0.1,0.044,0.6712328767123288,0.9020171232876713,2.149363459092717,0.6313616673426035,4.503973234909423,1.0970518561624771,10.977236680088549
left,82,7.934937429343591e-13,1.0,0.2,0.044,0.8863013698630137,0.9742510273972603,2.9131339820256037,0.24947640587616005,4.503973234909423,1.0970518561624771,20.898247499908607
left,82,7.934937429343591e-13,0.5,0.05,0.046,0.4123287671232877,0.795968493150685,1.4633821940271357,0.953249670858347,4.503973234909423,1.1205832941641014,5.243822928022968
left,82,7.934937429343591e-13,0.5,0.1,0.046,0.6815068493150684,0.9022205479452055,2.1568573923499366,0.6065120716969465,4.503973234909423,1.1205832941641014,11.891671571252125
left,82,7.934937429343591e-13,0.5,0.2,0.046,0.8924657534246575,0.9743722602739726,2.924689102884969,0.22259621642943028,4.503973234909423,1.1205832941641014,23.19697609996746
left,82,7.934937429343591e-13,0.0,0.05,0.052,0.41986301369863016,0.7962109589041095,1.4235194510260214,0.9140036607202237,4.503973234909423,1.1468892821840948,5.599173762810536
left,82,7.934937429343591e-13,0.0,0.1,0.052,0.689041095890411,0.9024424657534247,2.1188975281166402,0.5663146221749142,4.503973234909423,1.1468892821840948,13.24731449204757
left,82,7.934937429343591e-13,0.0,0.2,0.052,0.8965753424657534,0.974529109589041,2.888039871371851,0.18174345054730878,4.503973234909423,1.1468892821840948,27.011165074441035
left,83,8.607281554162682e-13,1.0,0.05,0.048,0.4054794520547945,0.8020369863013699,1.4253736964249144,0.9518760129902645,4.064783078764012,0.9512748735055382,4.717420427582042
left,83,8.607281554162682e-13,1.0,0.1,0.048,0.6773972602739726,0.9077780821917808,2.12499582360259,0.6020649494014267,4.064783078764012,0.9512748735055382,10.729038644131968
left,83,8.607281554162682e-13,1.0,0.2,0.048,0.8863013698630137,0.977720205479452,2.8716534463393635,0.22873613803303994,4.064783078764012,0.9512748735055382,20.559326571725734
left,83,8.607281554162682e-13,0.5,0.05,0.052,0.410958904109589,0.8020171232876713,1.4006843744003665,0.9254211990330511,4.064783078764012,0.976646090613185,4.98902100169448
left,83,8.607281554162682e-13,0.5,0.1,0.052,0.686986301369863,0.9077445205479452,2.113089284681967,0.5692187438922509,4.064783078764012,0.976646090613185,11.648524656122428
left,83,8.607281554162682e-13,0.5,0.2,0.052,0.8938356164383562,0.9777140410958904,2.87295085364698,0.1892879594097443,4.064783078764012,0.976646090613185,22.854508511934064
left,83,8.607281554162682e-13,0.0,0.05,0.056,0.4212328767123288,0.8019945205479452,1.3905270723162895,0.8940040208932474,4.064783078764012,1.0054004144998887,5.346400408669888
left,83,8.607281554162682e-13,0.0,0.1,0.056,0.6904109589041096,0.9076849315068494,2.0862831120982355,0.5461260010022745,4.064783078764012,1.0054004144998887,13.021093507369862
left,83,8.607281554162682e-13,0.0,0.2,0.056,0.8972602739726028,0.977675,2.8553614967689995,0.16158680866689246,4.064783078764012,1.0054004144998887,26.671661629376473
left,84,7.633095544523627e-13,1.0,0.05,0.046,0.38287671232876713,0.7894616438356165,1.3870066201254294,0.9914374578092001,4.689739501095923,1.1690985983723794,4.853886374554058
left,84,7.633095544523627e-13,1.0,0.1,0.046,0.6554794520547945,0.900641095890411,2.085097479609279,0.6423920280672752,4.689739501095923,1.1690985983723794,10.697124577779862
left,84,7.633095544523627e-13,1.0,0.2,0.046,0.8856164383561644,0.9742938356164383,2.888481540446766,0.24069999764853178,4.689739501095923,1.1690985983723794,20.35805964734756
left,84,7.633095544523627e-13,0.5,0.05,0.052,0.39657534246575343,0.789741095890411,1.3635418944756048,0.943992438995432,4.689739501095923,1.197366564887927,5.1377553570141865
left,84,7.633095544523627e-13,0.5,0.1,0.052,0.6684931506849315,0.9008602739726027,2.0615194855506522,0.5950036434579082,4.689739501095923,1.197366564887927,11.645267230930926
left,84,7.633095544523627e-13,0.5,0.2,0.052,0.8897260273972603,0.9744013698630137,2.8508357806900912,0.20034549588818873,4.689739501095923,1.197366564887927,22.724312423935473
left,84,7.633095544523627e-13,0.0,0.05,0.057,0.41027397260273973,0.7900972602739726,1.3536265436809645,0.9036535465588797,4.689739501095923,1.2292920975663792,5.5118402395501995
left,84,7.633095544523627e-13,0.0,0.1,0.057,0.6821917808219178,0.9010808219178083,2.054303410571821,0.5533151131134515,4.689739501095923,1.2292920975663792,13.055381825923392
left,84,7.633095544523627e-13,0.0,0.2,0.057,0.8958904109589041,0.9745342465753425,2.8389441559490822,0.16099474042482087,4.689739501095923,1.2292920975663792,26.64344453077828
left,85,7.967897175387151e-13,1.0,0.05,0.052,0.41506849315068495,0.7954205479452054,1.4112375048462813,0.9201446338100937,4.125454318074838,1.0794376346669536,4.760095794834904
left,85,7.967897175387151e-13,1.0,0.1,0.052,0.678082191780822,0.9037900684931507,2.0881060398678395,0.5817103662993146,4.125454318074838,1.0794376346669536,10.58861172911992
left,85,7.967897175387151e-13,1.0,0.2,0.052,0.9027397260273973,0.9761219178082192,2.9230850078512027,0.1642208823076331,4.125454318074838,1.0794376346669536,20.24532131194744
left,85,7.967897175387151e-13,0.5,0.05,0.054,0.426027397260274,0.7953993150684932,1.420750590008155,0.8968725968961405,4.125454318074838,1.1055037817223679,5.011188228514069
left,85,7.967897175387151e-13,0.5,0.1,0.054,0.684931506849315,0.9037633561643835,2.0887819409359807,0.5628569214322277,4.125454318074838,1.1055037817223679,11.44381074224405
left,85,7.967897175387151e-13,0.5,0.2,0.054,0.9061643835616439,0.9760869863013698,2.924747438716876,0.14487417254178003,4.125454318074838,1.1055037817223679,22.420839145714048
left,85,7.967897175387151e-13,0.0,0.05,0.056,0.43561643835616437,0.7953657534246575,1.4271748849620696,0.8756801145703573,4.125454318074838,1.135086507620379,5.339029059649953
left,85,7.967897175387151e-13,0.0,0.1,0.056,0.6924657534246575,0.9036544520547946,2.092119326010266,0.543207894046259,4.125454318074838,1.135086507620379,12.70160314021788
left,85,7.967897175387151e-13,0.0,0.2,0.056,0.9102739726027397,0.9760219178082192,2.9317116233547895,0.12341174537399735,4.125454318074838,1.135086507620379,25.99641859853709
left,86,7.536749002667875e-13,1.0,0.05,0.045,0.4,0.7929828767123288,1.4420506071363361,0.9743724067039677,4.1140628110668125,1.019099311966967,4.5705003026107
left,86,7.536749002667875e-13,1.0,0.1,0.045,0.6760273972602739,0.8998075342465753,2.1520163133901655,0.6193895535770532,4.1140628110668125,1.019099311966967,10.287122338794866
left,86,7.536749002667875e-13,1.0,0.2,0.045,0.8931506849315068,0.9750541095890412,2.9388570097493636,0.2259692053974539,4.1140628110668125,1.019099311966967,19.830200341640595
left,86,7.536749002667875e-13,0.5,0.05,0.051,0.4095890410958904,0.7930979452054795,1.4066317738337382,0.9319181284717811,4.1140628110668125,1.0453368040623918,4.829985567103797
left,86,7.536749002667875e-13,0.5,0.1,0.051,0.6794520547945205,0.8999342465753425,2.101401124329441,0.5845334532239298,4.1140628110668125,1.0453368040623918,11.16810587637209
left,86,7.536749002667875e-13,0.5,0.2,0.051,0.8965753424657534,0.9750869863013699,2.897510500527267,0.1864787651250167,4.1140628110668125,1.0453368040623918,22.059809477776668
left,86,7.536749002667875e-13,0.0,0.05,0.06,0.42397260273972603,0.7931787671232877,1.3630327439976804,0.8732572225980133,4.1140628110668125,1.0752081137440563,5.169936326257738
left,86,7.536749002667875e-13,0.0,0.1,0.06,0.6856164383561644,0.900063698630137,2.0382364562628896,0.5356553664654087,4.1140628110668125,1.0752081137440563,12.472228829904966
left,86,7.536749002667875e-13,0.0,0.2,0.06,0.9013698630136986,0.9751445205479452,2.8441701049909516,0.1326885421013777,4.1140628110668125,1.0752081137440563,25.763960876719327
left,87,6.51464993062234e-13,1.0,0.05,0.044,0.41027397260273973,0.7993606164383562,1.4792031221705644,0.9664418358036797,4.293207351138693,1.0340505310330859,4.8047100873763
left,87,6.51464993062234e-13,1.0,0.1,0.044,0.6719178082191781,0.9033455479452055,2.15125840262238,0.6304141955777718,4.293207351138693,1.0340505310330859,10.671441361234832
left,87,6.51464993062234e-13,1.0,0.2,0.044,0.8849315068493151,0.9749465753424658,2.906049458474097,0.2530186676519135,4.293207351138693,1.0340505310330859,20.41073645903349
left,87,6.51464993062234e-13,0.5,0.05,0.046,0.41575342465753423,0.7993914383561643,1.4721713894399768,0.9488550731519264,4.293207351138693,1.059947569181791,5.075921802982568
left,87,6.51464993062234e-13,0.5,0.1,0.046,0.678082191780822,0.9033921232876713,2.14728342150652,0.6112990571186547,4.293207351138693,1.059947569181791,11.574513234414935
left,87,6.51464993062234e-13,0.5,0.2,0.046,0.8883561643835617,0.9749780821917808,2.9027731625221507,0.2335541866108395,4.293207351138693,1.059947569181791,22.66792832340285
left,87,6.51464993062234e-13,0.0,0.05,0.052,0.42876712328767125,0.799393493150685,1.446249540476809,0.9026386159948299,4.293207351138693,1.0891860783525544,5.428483207922791
left,87,6.51464993062234e-13,0.0,0.1,0.052,0.689041095890411,0.9034804794520548,2.1188975281166402,0.5663146221749142,4.293207351138693,1.0891860783525544,12.891780137394878
left,87,6.51464993062234e-13,0.0,0.2,0.052,0.8945205479452055,0.975013698630137,2.8766964376086874,0.18741516742889064,4.293207351138693,1.0891860783525544,26.328436524818866
left,88,6.706787902821532e-13,1.0,0.05,0.041,0.3773972602739726,0.7927267123287671,1.4268739524768594,1.0257606890468223,4.858557307699517,1.1361943417374027,4.85793464342369
left,88,6.706787902821532e-13,1.0,0.1,0.041,0.6472602739726028,0.9035232876712329,2.1171318968066637,0.6806317168819203,4.858557307699517,1.1361943417374027,10.710449615349706
left,88,6.706787902821532e-13,1.0,0.2,0.041,0.8753424657534247,0.9747342465753425,2.8912122783624508,0.2935915261040267,4.858557307699517,1.1361943417374027,20.410509268631916
left,88,6.706787902821532e-13,0.5,0.05,0.043,0.38767123287671235,0.792717808219178,1.4314922298553439,1.0011399035033688,4.858557307699517,1.164878185200539,5.12337519892259
left,88,6.706787902821532e-13,0.5,0.1,0.043,0.6589041095890411,0.9035609589041096,2.126360103781522,0.6537059665402797,4.858557307699517,1.164878185200539,11.605680166382292
left,88,6.706787902821532e-13,0.5,0.2,0.043,0.8808219178082192,0.9747212328767123,2.8959915295409555,0.2688902536605632,4.858557307699517,1.164878185200539,22.662839246562054
left,88,6.706787902821532e-13,0.0,0.05,0.048,0.3993150684931507,0.792727397260274,1.4094424981465237,0.9598416121294598,4.858557307699517,1.1976334199804353,5.470650965672389
left,88,6.706787902821532e-13,0.0,0.1,0.048,0.6691780821917809,0.9035472602739726,2.1022075983521225,0.6134590620266605,4.858557307699517,1.1976334199804353,12.931598975355538
left,88,6.706787902821532e-13,0.0,0.2,0.048,0.8863013698630137,0.9746897260273972,2.8716534463393635,0.22873613803303994,4.858557307699517,1.1976334199804353,26.398770180187828
left,89,7.320324901805009e-13,1.0,0.05,0.05,0.410958904109589,0.793932191780822,1.419774615118605,0.9349663193921703,4.199400385713431,1.064115190788451,4.841448324185632
left,89,7.320324901805009e-13,1.0,0.1,0.05,0.6760273972602739,0.9023253424657535,2.1014722300695023,0.5941175119167217,4.199400385713431,1.064115190788451,10.784105282916116
left,89,7.320324901805009e-13,1.0,0.2,0.05,0.8945205479452055,0.9751650684931507,2.895786678326926,0.1969602877880099,4.199400385713431,1.064115190788451,20.601015630234432
left,89,7.320324901805009e-13,0.5,0.05,0.054,0.41986301369863016,0.793936301369863,1.405003956693005,0.9047459135537155,4.199400385713431,1.0907155423462216,5.115318750712234
left,89,7.320324901805009e-13,0.5,0.1,0.054,0.686986301369863,0.9023184931506849,2.0945737903489507,0.5599609967257427,4.199400385713431,1.0907155423462216,11.706875628509776
left,89,7.320324901805009e-13,0.5,0.2,0.054,0.8965753424657534,0.97515,2.869524377038835,0.1724857033808006,4.199400385713431,1.0907155423462216,22.927025260482825
left,89,7.320324901805009e-13,0.0,0.05,0.056,0.43424657534246575,0.793972602739726,1.4236947525162384,0.8774201807932729,4.199400385713431,1.120936973696001,5.4758139032661335
left,89,7.320324901805009e-13,0.0,0.1,0.056,0.6931506849315069,0.9023130136986302,2.094068533203728,0.5422332904495282,4.199400385713431,1.120936973696001,13.084093804031657
left,89,7.320324901805009e-13,0.0,0.2,0.056,0.9020547945205479,0.9751424657534247,2.8826164690786635,0.14795932251206045,4.199400385713431,1.120936973696001,26.807091505457006
left,90,8.37635516504065e-13,1.0,0.05,0.051,0.41712328767123286,0.7951739726027397,1.42597568012655,0.9222461753253752,4.187955361511458,1.0755297552519716,4.857591043956479
left,90,8.37635516504065e-13,1.0,0.1,0.051,0.6910958904109589,0.9052753424657535,2.134193084868205,0.5681374729545476,4.187955361511458,1.0755297552519716,10.824925001346832
left,90,8.37635516504065e-13,1.0,0.2,0.051,0.8986301369863013,0.9766246575342465,2.909018723588617,0.18072465359434176,4.187955361511458,1.0755297552519716,20.76646074332426
left,90,8.37635516504065e-13,0.5,0.05,0.051,0.42534246575342466,0.795136301369863,1.4469894407278399,0.9117392950247303,4.187955361511458,1.102709417365625,5.1283913549608
left,90,8.37635516504065e-13,0.5,0.1,0.051,0.6958904109589041,0.9052767123287672,2.1478511312718145,0.561308449752743,4.187955361511458,1.102709417365625,11.739884730136591
left,90,8.37635516504065e-13,0.5,0.2,0.051,0.9006849315068494,0.9766376712328767,2.9206981644211893,0.17488493317805542,4.187955361511458,1.102709417365625,23.0638431616858
left,90,8.37635516504065e-13,0.0,0.05,0.057,0.4397260273972603,0.7951164383561644,1.4288029481159301,0.8660653443413969,4.187955361511458,1.1334456421335835,5.483787664637651
left,90,8.37635516504065e-13,0.0,0.1,0.057,0.7,0.9052787671232877,2.1048673311074024,0.5280331528456607,4.187955361511458,1.1334456421335835,13.09633163459685
left,90,8.37635516504065e-13,0.0,0.2,0.057,0.9041095890410958,0.9766294520547946,2.885795881130485,0.13756887783411964,4.187955361511458,1.1334456421335835,26.871168588229732
left,91,7.413340774586885e-13,1.0,0.05,0.049,0.4006849315068493,0.7980626712328767,1.4030532628552792,0.9531012709234383,4.296769734683273,1.0374122787627453,4.747638067995634
left,91,7.413340774586885e-13,1.0,0.1,0.049,0.6698630136986301,0.9047061643835617,2.0941628396834564,0.6075464825093497,4.296769734683273,1.0374122787627453,10.702147633248227
left,91,7.413340774586885e-13,1.0,0.2,0.049,0.8897260273972603,0.9761205479452055,2.879700296807935,0.21477775394711052,4.296769734683273,1.0374122787627453,20.495305945946228
left,91,7.413340774586885e-13,0.5,0.05,0.051,0.40821917808219177,0.7981818493150685,1.4031057041419734,0.9336811633176635,4.296769734683273,1.0615738003935153,5.018482770490342
left,91,7.413340774586885e-13,0.5,0.1,0.051,0.6787671232876712,0.9048054794520548,2.0994880478766476,0.5854899914503264,4.296769734683273,1.0615738003935153,11.626468591080211
left,91,7.413340774586885e-13,0.5,0.2,0.051,0.8938356164383562,0.976181506849315,2.882421482802396,0.19402327398745223,4.296769734683273,1.0615738003935153,22.815806570358568
left,91,7.413340774586885e-13,0.0,0.05,0.056,0.4143835616438356,0.798325,1.372984510582139,0.9027753017603226,4.296769734683273,1.0886668617140909,5.375431900085392
left,91,7.413340774586885e-13,0.0,0.1,0.056,0.6856164383561644,0.9048938356164383,2.0727304187174282,0.552902347692678,4.296769734683273,1.0886668617140909,13.002545682047696
left,91,7.413340774586885e-13,0.0,0.2,0.056,0.9,0.9762520547945206,2.8708191225959925,0.15385799575339587,4.296769734683273,1.0886668617140909,26.67295607089056
left,92,7.469441731799975e-13,1.0,0.05,0.048,0.4191780821917808,0.7951506849315069,1.460566272117999,0.9342797251437222,4.206007041534497,1.0347879474663515,4.889894361199031
left,92,7.469441731799975e-13,1.0,0.1,0.048,0.6767123287671233,0.9023996575342466,2.1230878100567834,0.60301895617433,4.206007041534497,1.0347879474663515,10.899019638800482
left,92,7.469441731799975e-13,1.0,0.2,0.048,0.8924657534246575,0.9754280821917808,2.904311196215776,0.2124072630948337,4.206007041534497,1.0347879474663515,20.81201321735362
left,92,7.469441731799975e-13,0.5,0.05,0.05,0.43082191780821916,0.7951808219178083,1.4705716154237949,0.9095678192395754,4.206007041534497,1.059620321661267,5.153086780492583
left,92,7.469441731799975e-13,0.5,0.1,0.05,0.6835616438356165,0.9024941780821918,2.1225354096634863,0.5835859221197296,4.206007041534497,1.059620321661267,11.784426789310466
left,92,7.469441731799975e-13,0.5,0.2,0.05,0.8952054794520548,0.9754767123287671,2.899549894839216,0.19507867953186486,4.206007041534497,1.059620321661267,23.0456315289528
left,92,7.469441731799975e-13,0.0,0.05,0.055,0.43356164383561646,0.7952417808219178,1.4308795195218298,0.8827533801619026,4.206007041534497,1.087776725760839,5.497804012997638
left,92,7.469441731799975e-13,0.0,0.1,0.055,0.6924657534246575,0.902570890410959,2.1010449088816916,0.5476706854819717,4.206007041534497,1.087776725760839,13.095664853811801
left,92,7.469441731799975e-13,0.0,0.2,0.055,0.8993150684931507,0.975545205479452,2.875851642602708,0.16026731862146348,4.206007041534497,1.087776725760839,26.750372995029814
left,93,8.190462197354975e-13,1.0,0.05,0.051,0.4232876712328767,0.7998212328767124,1.4417441501638733,0.9143619403067136,4.150370095175634,1.0680021806172864,4.966051675881791
left,93,8.190462197354975e-13,1.0,0.1,0.051,0.6904109589041096,0.9068808219178082,2.1322495704354933,0.5691092301709035,4.150370095175634,1.0680021806172864,10.99030934064565
left,93,8.190462197354975e-13,1.0,0.2,0.051,0.9041095890410958,0.9768880136986301,2.940563078119773,0.16495247632876375,4.150370095175634,1.0680021806172864,20.918147062413464
left,93,8.190462197354975e-13,0.5,0.05,0.054,0.43424657534246575,0.7998095890410959,1.4416750873650643,0.8864103482176858,4.150370095175634,1.0974191760775356,5.267160424827019
left,93,8.190462197354975e-13,0.5,0.1,0.054,0.6958904109589041,0.9067979452054794,2.1198650077833823,0.5473153880085269,4.150370095175634,1.0974191760775356,11.987953478651367
left,93,8.190462197354975e-13,0.5,0.2,0.054,0.9047945205479452,0.9768030821917808,2.9166122492970485,0.1489417672516936,4.150370095175634,1.0974191760775356,23.380109428558274
left,93,8.190462197354975e-13,0.0,0.05,0.056,0.4465753424657534,0.7997684931506849,1.4549490064852242,0.86179305380878,4.150370095175634,1.1311843314897567,5.668614397240892
left,93,8.190462197354975e-13,0.0,0.1,0.056,0.7061643835616438,0.9067575342465753,2.1314813524229317,0.5235268808399263,4.150370095175634,1.1311843314897567,13.489504816725672
left,93,8.190462197354975e-13,0.0,0.2,0.056,0.9068493150684932,0.9767325342465754,2.9108675976753258,0.13383375821372923,4.150370095175634,1.1311843314897567,27.49176609441242
left,94,7.590247874667e-13,1.0,0.05,0.046,0.38767123287671235,0.7930462328767123,1.3995469792962179,0.9851672782238059,4.451683988791218,1.05984231908249,4.675438035299224
left,94,7.590247874667e-13,1.0,0.1,0.046,0.6589041095890411,0.9018513698630137,2.0944148532223963,0.6377333412607167,4.451683988791218,1.05984231908249,10.386319471098242
left,94,7.590247874667e-13,1.0,0.2,0.046,0.8808219178082192,0.9761003424657534,2.8640462789818293,0.2529176283810002,4.451683988791218,1.05984231908249,19.965429741363796
left,94,7.590247874667e-13,0.5,0.05,0.049,0.3993150684931507,0.7931359589041096,1.39950753929488,0.954874132703638,4.451683988791218,1.088095371165763,4.9455536840786785
left,94,7.590247874667e-13,0.5,0.1,0.049,0.6664383561643835,0.9018739726027397,2.0847273694414605,0.6122642176303477,4.451683988791218,1.088095371165763,11.290028401809408
left,94,7.590247874667e-13,0.5,0.2,0.049,0.8856164383561644,0.9761099315068493,2.8581686749259294,0.22554356488811333,4.451683988791218,1.088095371165763,22.232838207955353
left,94,7.590247874667e-13,0.0,0.05,0.052,0.410958904109589,0.7931941780821917,1.4006843744003665,0.9254211990330511,4.451683988791218,1.1206428795138603,5.298617552572076
left,94,7.590247874667e-13,0.0,0.1,0.052,0.6794520547945205,0.9019191780821918,2.091930495174025,0.5797981386462219,4.451683988791218,1.1206428795138603,12.624902208329383
left,94,7.590247874667e-13,0.0,0.2,0.052,0.8938356164383562,0.9761099315068493,2.87295085364698,0.1892879594097443,4.451683988791218,1.1206428795138603,25.973780571196603
left,95,6.885533809786182e-13,1.0,0.05,0.049,0.4136986301369863,0.7974332191780822,1.4365870227432758,0.93633439097944,4.227234647437368,1.0377529897494302,4.7844125346940025
left,95,6.885533809786182e-13,1.0,0.1,0.049,0.6787671232876712,0.9048715753424658,2.1188819348390755,0.5951869349315403,4.227234647437368,1.0377529897494302,10.590726224806168
left,95,6.885533809786182e-13,1.0,0.2,0.049,0.8910958904109589,0.9756630136986302,2.8870050879190954,0.21112535839153024,4.227234647437368,1.0377529897494302,20.132742471792685
left,95,6.885533809786182e-13,0.5,0.05,0.053,0.426027397260274,0.7974866438356164,1.429939069222959,0.9014668365035425,4.227234647437368,1.0639295981171146,5.063876085916001
left,95,6.885533809786182e-13,0.5,0.1,0.053,0.6863013698630137,0.9049003424657535,2.101829845727615,0.5655214482512145,4.227234647437368,1.0639295981171146,11.530891800028426
left,95,6.885533809786182e-13,0.5,0.2,0.053,0.8958904109589041,0.9756609589041096,2.8749137086647423,0.1789795167826509,4.227234647437368,1.0639295981171146,22.493053036938818
left,95,6.885533809786182e-13,0.0,0.05,0.058,0.4321917808219178,0.797483904109589,1.4009900372525017,0.871291797883609,4.227234647437368,1.093773635160433,5.434511436546526
left,95,6.885533809786182e-13,0.0,0.1,0.058,0.6910958904109589,0.9049455479452054,2.070745885989415,0.5364138735151525,4.227234647437368,1.093773635160433,12.951687660891873
left,95,6.885533809786182e-13,0.0,0.2,0.058,0.8986301369863013,0.9756609589041096,2.8455715247098263,0.14900105415494658,4.227234647437368,1.093773635160433,26.473039977920582
left,96,7.740752483442748e-13,1.0,0.05,0.045,0.40342465753424656,0.7979708904109589,1.4509050878240384,0.9699451663601166,4.214284131895846,1.0042124194756028,4.7742062950788435
left,96,7.740752483442748e-13,1.0,0.1,0.045,0.6794520547945205,0.9070568493150685,2.161564819212926,0.6146153006656726,4.214284131895846,1.0042124194756028,10.717374328371937
left,96,7.740752483442748e-13,1.0,0.2,0.045,0.8945205479452055,0.977041095890411,2.946330761647589,0.22223232944834137,4.214284131895846,1.0042124194756028,20.49190597597621
left,96,7.740752483442748e-13,0.5,0.05,0.052,0.41575342465753423,0.7980195205479452,1.4129940078012964,0.9192663823325862,4.214284131895846,1.0294104435000417,5.051545914056546
left,96,7.740752483442748e-13,0.5,0.1,0.052,0.684931506849315,0.907122602739726,2.1072974352689973,0.5721146685987357,4.214284131895846,1.0294104435000417,11.657948182761368
left,96,7.740752483442748e-13,0.5,0.2,0.052,0.8965753424657534,0.9770609589041096,2.888039871371851,0.18174345054730878,4.214284131895846,1.0294104435000417,22.840036137493705
left,96,7.740752483442748e-13,0.0,0.05,0.056,0.42876712328767125,0.798088698630137,1.4097537112949667,0.8843907014039087,4.214284131895846,1.0577295677232463,5.418795806974574
left,96,7.740752483442748e-13,0.0,0.1,0.056,0.6897260273972603,0.9071904109589041,2.0843414732069316,0.5470968204479264,4.214284131895846,1.0577295677232463,13.066622457322
left,96,7.740752483442748e-13,0.0,0.2,0.056,0.9006849315068494,0.9770924657534247,2.8747317060839315,0.15190170400942637,4.214284131895846,1.0577295677232463,26.764641606636538
left,97,7.690410808169901e-13,1.0,0.05,0.05,0.4232876712328767,0.7943212328767123,1.451363761726696,0.9191717460881249,4.188559710231264,1.052051117161746,4.949049635989891
left,97,7.690410808169901e-13,1.0,0.1,0.05,0.686986301369863,0.9016804794520548,2.1321795254002054,0.5787638642513702,4.188559710231264,1.052051117161746,11.02831860587277
left,97,7.690410808169901e-13,1.0,0.2,0.05,0.8972602739726028,0.9752527397260274,2.91094756666908,0.18937984361693283,4.188559710231264,1.052051117161746,20.965242049298414
left,97,7.690410808169901e-13,0.5,0.05,0.052,0.43356164383561646,0.794422602739726,1.4584497658322466,0.896538503317111,4.188559710231264,1.0766620324313265,5.227705276662971
left,97,7.690410808169901e-13,0.5,0.1,0.052,0.6958904109589041,0.9017496575342466,2.138380502116399,0.556573135175035,4.188559710231264,1.0766620324313265,11.967717996226638
left,97,7.690410808169901e-13,0.5,0.2,0.052,0.9027397260273973,0.975304794520548,2.9230850078512027,0.1642208823076331,4.188559710231264,1.0766620324313265,23.29726258644375
left,97,7.690410808169901e-13,0.0,0.05,0.056,0.4417808219178082,0.7945102739726028,1.442811837789361,0.8678616381567116,4.188559710231264,1.1043203086985633,5.5932260623682
left,97,7.690410808169901e-13,0.0,0.1,0.056,0.702054794520548,0.9018085616438356,2.1195870828949603,0.529474015603912,4.188559710231264,1.1043203086985633,13.361601018594204
left,97,7.690410808169901e-13,0.0,0.2,0.056,0.9054794520547945,0.9753650684931506,2.9026886436743786,0.1379232352142028,4.188559710231264,1.1043203086985633,27.14256750365244
left,98,7.324141293452158e-13,1.0,0.05,0.044,0.39315068493150684,0.7913678082191781,1.434926816727934,0.9885799885249948,4.399187280933101,1.0548751203290305,4.717559675959379
left,98,7.324141293452158e-13,1.0,0.1,0.044,0.6595890410958904,0.9003424657534247,2.117385204338665,0.6473507947196293,4.399187280933101,1.0548751203290305,10.553041585754775
left,98,7.324141293452158e-13,1.0,0.2,0.044,0.8780821917808219,0.9746253424657534,2.8714965403208486,0.2702951267285376,4.399187280933101,1.0548751203290305,20.25066844269825
left,98,7.324141293452158e-13,0.5,0.05,0.046,0.4047945205479452,0.7915746575342466,1.4439845386386438,0.9629484985525929,4.399187280933101,1.0779790788731392,4.984314036236793
left,98,7.324141293452158e-13,0.5,0.1,0.046,0.6712328767123288,0.9005842465753424,2.12826083007567,0.6208103528340799,4.399187280933101,1.0779790788731392,11.469127188074873
left,98,7.324141293452158e-13,0.5,0.2,0.046,0.8828767123287671,0.9747671232876712,2.874431603011173,0.24772496636632846,4.399187280933101,1.0779790788731392,22.559556175028828
left,98,7.324141293452158e-13,0.0,0.05,0.049,0.41575342465753423,0.7918811643835616,1.44185852391914,0.933698640391508,4.399187280933101,1.103986103209627,5.335175079002266
left,98,7.324141293452158e-13,0.0,0.1,0.049,0.6753424657534246,0.9008582191780822,2.10934181771381,0.5999569934941728,4.399187280933101,1.103986103209627,12.82756101261233
left,98,7.324141293452158e-13,0.0,0.2,0.049,0.8904109589041096,0.9749143835616438,2.8833444968281277,0.2129556539370141,4.399187280933101,1.103986103209627,26.377434947560168
left,99,8.330836021031018e-13,1.0,0.05,0.051,0.40684931506849314,0.795783904109589,1.399576745986684,0.9354456423953083,4.241152368802176,1.1007334609055772,4.821767213853789
left,99,8.330836021031018e-13,1.0,0.1,0.051,0.6842465753424658,0.9079825342465754,2.114841041593454,0.577813494591923,4.241152368802176,1.1007334609055772,10.722850167913286
left,99,8.330836021031018e-13,1.0,0.2,0.051,0.8986301369863013,0.9768859589041096,2.909018723588617,0.18072465359434176,4.241152368802176,1.1007334609055772,20.410752039331488
left,99,8.330836021031018e-13,0.5,0.05,0.054,0.4136986301369863,0.7958085616438356,1.3892070122924158,0.9126443857540101,4.241152368802176,1.1274244492322483,5.093440375116404
left,99,8.330836021031018e-13,0.5,0.1,0.054,0.6952054794520548,0.9079339041095891,2.117908053625125,0.5482938650876554,4.241152368802176,1.1274244492322483,11.647483110255422
left,99,8.330836021031018e-13,0.5,0.2,0.054,0.9041095890410958,0.9768578767123288,2.9125769546313407,0.15095941458454765,4.241152368802176,1.1274244492322483,22.735627370851162
left,99,8.330836021031018e-13,0.0,0.05,0.055,0.42397260273972603,0.7958339041095891,1.4064522893236444,0.8949669952609953,4.241152368802176,1.1578077705821497,5.453550014773138
left,99,8.330836021031018e-13,0.0,0.1,0.055,0.7006849315068493,0.9079003424657535,2.1245646061265573,0.5359108368595388,4.241152368802176,1.1578077705821497,13.03967783229373
left,99,8.330836021031018e-13,0.0,0.2,0.055,0.9075342465753424,0.9768332191780822,2.923916017031611,0.13623513140701193,4.241152368802176,1.1578077705821497,26.647221007127175
left,100,7.873493523824493e-13,1.0,0.05,0.046,0.4226027397260274,0.7995349315068493,1.48970129592511,0.9400901199093599,4.207554699340213,1.059409437154974,4.955458178376442
left,100,7.873493523824493e-13,1.0,0.1,0.046,0.686986301369863,0.9067414383561644,2.1722666663206476,0.5988074347115911,4.207554699340213,1.059409437154974,10.969489389496097
left,100,7.873493523824493e-13,1.0,0.2,0.046,0.8924657534246575,0.9758407534246575,2.924689102884969,0.22259621642943028,4.207554699340213,1.059409437154974,20.81170911995621
left,100,7.873493523824493e-13,0.5,0.05,0.051,0.4321917808219178,0.7996650684931507,1.464437236131292,0.9030153973230042,4.207554699340213,1.0842551491533363,5.240962618191314
left,100,7.873493523824493e-13,0.5,0.1,0.051,0.6965753424657535,0.9067592465753425,2.149810050557647,0.5603289901098267,4.207554699340213,1.0842551491533363,11.929536454291492
left,100,7.873493523824493e-13,0.5,0.2,0.051,0.8965753424657534,0.9758558219178082,2.897510500527267,0.1864787651250167,4.207554699340213,1.0842551491533363,23.195357254978568
left,100,7.873493523824493e-13,0.0,0.05,0.057,0.44315068493150683,0.7997890410958904,1.4374809854160882,0.8617263256913179,4.207554699340213,1.1125564686332237,5.617767169545056
left,100,7.873493523824493e-13,0.0,0.1,0.057,0.7027397260273973,0.9068400684931507,2.1127634743613393,0.5240850812186924,4.207554699340213,1.1125564686332237,13.364229841478402
left,100,7.873493523824493e-13,0.0,0.2,0.057,0.8993150684931507,0.9758619863013699,2.8581253210792523,0.1514041578597357,4.207554699340213,1.1125564686332237,27.184416724003796
