graph,input_overlap,noise,train_apl,test_apl,eta,condition,auc_A_mean,auc_A_min,auc_A_max,accuracy_A_mean,accuracy_A_min,accuracy_A_max,zero_input_assigned_A_mean,zero_input_assigned_A_min,zero_input_assigned_A_max,retained_weight_fraction_mean,retained_weight_fraction_min,retained_weight_fraction_max
0,0.25,0.1,0.0,0.0,5.0,no_gate,0.862890625,0.453125,1.0,0.8296875,0.4625,1.0,1.0,1.0,1.0,1.0,1.0,1.0
0,0.25,0.1,0.0,0.0,5.0,train_A,1.0,1.0,1.0,1.0,1.0,1.0,1.0,1.0,1.0,0.9320147891753948,0.8883937287408121,0.9600761508757887
0,0.25,0.1,0.0,0.0,5.0,train_B,0.0078125,0.0,0.0475,0.4921875,0.45,0.5,1.0,1.0,1.0,0.9089546496071103,0.8722024121430971,0.9405403091187376
0,0.25,0.1,0.0,0.0,20.0,no_gate,0.862890625,0.453125,1.0,0.8296875,0.4625,1.0,1.0,1.0,1.0,1.0,1.0,1.0
0,0.25,0.1,0.0,0.0,20.0,train_A,1.0,1.0,1.0,1.0,1.0,1.0,1.0,1.0,1.0,0.8914705576476639,0.8337787410112423,0.9285838769697028
0,0.25,0.1,0.0,0.0,20.0,train_B,0.0,0.0,0.0,0.4875,0.4375,0.5,1.0,1.0,1.0,0.8626768122271768,0.8104377341358271,0.903776447426728
0,0.25,0.1,0.0,1.0,5.0,no_gate,0.906875,0.6425,1.0,0.5015625,0.5,0.5125,1.0,1.0,1.0,1.0,1.0,1.0
0,0.25,0.1,0.0,1.0,5.0,train_A,1.0,1.0,1.0,0.8375,0.6,1.0,1.0,1.0,1.0,0.9320147891753948,0.8883937287408121,0.9600761508757887
0,0.25,0.1,0.0,1.0,5.0,train_B,0.0,0.0,0.0,0.0375,0.0,0.15,1.0,1.0,1.0,0.9089546496071103,0.8722024121430971,0.9405403091187376
0,0.25,0.1,0.0,1.0,20.0,no_gate,0.906875,0.6425,1.0,0.5015625,0.5,0.5125,1.0,1.0,1.0,1.0,1.0,1.0
0,0.25,0.1,0.0,1.0,20.0,train_A,1.0,1.0,1.0,0.9875,0.9375,1.0,1.0,1.0,1.0,0.8914705576476639,0.8337787410112423,0.9285838769697028
0,0.25,0.1,0.0,1.0,20.0,train_B,0.0,0.0,0.0,0.0484375,0.0,0.1625,1.0,1.0,1.0,0.8626768122271768,0.8104377341358271,0.903776447426728
0,0.25,0.1,1.0,0.0,5.0,no_gate,0.862890625,0.453125,1.0,0.5828125,0.5,0.9,1.0,1.0,1.0,1.0,1.0,1.0
0,0.25,0.1,1.0,0.0,5.0,train_A,1.0,1.0,1.0,0.753125,0.5,1.0,1.0,1.0,1.0,0.956314760251649,0.9349406423595817,0.9718370754482056
0,0.25,0.1,1.0,0.0,5.0,train_B,0.18078125,0.0,0.845,0.5,0.5,0.5,1.0,1.0,1.0,0.9434399856246771,0.9282227554076026,0.9590163373724047
0,0.25,0.1,1.0,0.0,20.0,no_gate,0.862890625,0.453125,1.0,0.5828125,0.5,0.9,1.0,1.0,1.0,1.0,1.0,1.0
0,0.25,0.1,1.0,0.0,20.0,train_A,1.0,1.0,1.0,0.9234375,0.6,1.0,1.0,1.0,1.0,0.9289186850377735,0.898055812628765,0.9477091517548062
0,0.25,0.1,1.0,0.0,20.0,train_B,0.00765625,0.0,0.060625,0.5,0.5,0.5,1.0,1.0,1.0,0.9112184796502896,0.8836682223816439,0.9313967995830876
0,0.25,0.1,1.0,1.0,5.0,no_gate,0.906875,0.6425,1.0,0.8640625,0.6375,1.0,1.0,1.0,1.0,1.0,1.0,1.0
0,0.25,0.1,1.0,1.0,5.0,train_A,1.0,1.0,1.0,1.0,1.0,1.0,1.0,1.0,1.0,0.956314760251649,0.9349406423595817,0.9718370754482056
0,0.25,0.1,1.0,1.0,5.0,train_B,0.000703125,0.0,0.005,0.4953125,0.4625,0.5,1.0,1.0,1.0,0.9434399856246771,0.9282227554076026,0.9590163373724047
0,0.25,0.1,1.0,1.0,20.0,no_gate,0.906875,0.6425,1.0,0.8640625,0.6375,1.0,1.0,1.0,1.0,1.0,1.0,1.0
0,0.25,0.1,1.0,1.0,20.0,train_A,1.0,1.0,1.0,1.0,1.0,1.0,1.0,1.0,1.0,0.9289186850377735,0.898055812628765,0.9477091517548062
0,0.25,0.1,1.0,1.0,20.0,train_B,0.0,0.0,0.0,0.4953125,0.475,0.5,1.0,1.0,1.0,0.9112184796502896,0.8836682223816439,0.9313967995830876
0,0.25,0.4,0.0,0.0,5.0,no_gate,0.46875,0.065,0.734375,0.525,0.425,0.65,1.0,1.0,1.0,1.0,1.0,1.0
0,0.25,0.4,0.0,0.0,5.0,train_A,0.883359375,0.54875,0.976875,0.80625,0.5,0.9125,1.0,1.0,1.0,0.8127065973559466,0.7730607028715638,0.8537669949994658
0,0.25,0.4,0.0,0.0,5.0,train_B,0.08234375,0.004375,0.161875,0.4984375,0.4875,0.5,1.0,1.0,1.0,0.8109822356617185,0.7644815152427322,0.8701486637548274
0,0.25,0.4,0.0,0.0,20.0,no_gate,0.46875,0.065,0.734375,0.525,0.425,0.65,1.0,1.0,1.0,1.0,1.0,1.0
0,0.25,0.4,0.0,0.0,20.0,train_A,0.978046875,0.891875,1.0,0.93125,0.775,0.9875,1.0,1.0,1.0,0.6761065060813876,0.63338667772731,0.7195870089544012
0,0.25,0.4,0.0,0.0,20.0,train_B,0.007890625,0.0,0.01875,0.4984375,0.4875,0.5,1.0,1.0,1.0,0.6690013856995105,0.6137308183087608,0.7409710867972956
0,0.25,0.4,0.0,1.0,5.0,no_gate,0.467421875,0.04375,0.785,0.496875,0.4625,0.5125,1.0,1.0,1.0,1.0,1.0,1.0
0,0.25,0.4,0.0,1.0,5.0,train_A,0.967890625,0.83625,0.99625,0.5328125,0.5,0.6375,1.0,1.0,1.0,0.8127065973559466,0.7730607028715638,0.8537669949994658
0,0.25,0.4,0.0,1.0,5.0,train_B,0.013828125,0.0,0.03,0.321875,0.05,0.5,1.0,1.0,1.0,0.8109822356617185,0.7644815152427322,0.8701486637548274
0,0.25,0.4,0.0,1.0,20.0,no_gate,0.467421875,0.04375,0.785,0.496875,0.4625,0.5125,1.0,1.0,1.0,1.0,1.0,1.0
0,0.25,0.4,0.0,1.0,20.0,train_A,0.9971875,0.985625,1.0,0.6546875,0.5375,0.7875,1.0,1.0,1.0,0.6761065060813876,0.63338667772731,0.7195870089544012
0,0.25,0.4,0.0,1.0,20.0,train_B,0.00015625,0.0,0.000625,0.3078125,0.15,0.475,1.0,1.0,1.0,0.6690013856995105,0.6137308183087608,0.7409710867972956
0,0.25,0.4,1.0,0.0,5.0,no_gate,0.46875,0.065,0.734375,0.503125,0.3875,0.5625,1.0,1.0,1.0,1.0,1.0,1.0
0,0.25,0.4,1.0,0.0,5.0,train_A,0.773046875,0.323125,0.93,0.5296875,0.4625,0.6375,1.0,1.0,1.0,0.8934393840138246,0.8777489690707119,0.9164487814247668
0,0.25,0.4,1.0,0.0,5.0,train_B,0.18296874999999999,0.01125,0.305,0.5,0.5,0.5,1.0,1.0,1.0,0.8943198407617442,0.8750203673384492,0.9243144286817604
0,0.25,0.4,1.0,0.0,20.0,no_gate,0.46875,0.065,0.734375,0.503125,0.3875,0.5625,1.0,1.0,1.0,1.0,1.0,1.0
0,0.25,0.4,1.0,0.0,20.0,train_A,0.913203125,0.640625,0.99125,0.5703125,0.5125,0.7,1.0,1.0,1.0,0.8023086288852505,0.7769263680696809,0.8260194514931312
0,0.25,0.4,1.0,0.0,20.0,train_B,0.0540625,0.00125,0.085,0.5,0.5,0.5,1.0,1.0,1.0,0.8011350486784772,0.7718397691426624,0.8417881733910977
0,0.25,0.4,1.0,1.0,5.0,no_gate,0.467421875,0.04375,0.785,0.54375,0.4125,0.725,1.0,1.0,1.0,1.0,1.0,1.0
0,0.25,0.4,1.0,1.0,5.0,train_A,0.925078125,0.631875,0.990625,0.8453125,0.5625,0.95,1.0,1.0,1.0,0.8934393840138246,0.8777489690707119,0.9164487814247668
0,0.25,0.4,1.0,1.0,5.0,train_B,0.039921874999999996,0.00125,0.096875,0.4890625,0.4625,0.5,1.0,1.0,1.0,0.8943198407617442,0.8750203673384492,0.9243144286817604
0,0.25,0.4,1.0,1.0,20.0,no_gate,0.467421875,0.04375,0.785,0.54375,0.4125,0.725,1.0,1.0,1.0,1.0,1.0,1.0
0,0.25,0.4,1.0,1.0,20.0,train_A,0.99109375,0.9375,1.0,0.965625,0.8875,0.9875,1.0,1.0,1.0,0.8023086288852505,0.7769263680696809,0.8260194514931312
0,0.25,0.4,1.0,1.0,20.0,train_B,0.001015625,0.0,0.0025,0.496875,0.4875,0.5,1.0,1.0,1.0,0.8011350486784772,0.7718397691426624,0.8417881733910977
0,0.6,0.1,0.0,0.0,5.0,no_gate,0.54125,0.0125,1.0,0.678125,0.5,1.0,1.0,1.0,1.0,1.0,1.0,1.0
0,0.6,0.1,0.0,0.0,5.0,train_A,0.99953125,0.99625,1.0,0.996875,0.975,1.0,1.0,1.0,1.0,0.9020889067784192,0.8533095733429283,0.9528522983163623
0,0.6,0.1,0.0,0.0,5.0,train_B,0.073984375,0.0,0.5875,0.509375,0.475,0.6125,1.0,1.0,1.0,0.8917970467878589,0.8285500720970194,0.9330440890489715
0,0.6,0.1,0.0,0.0,20.0,no_gate,0.54125,0.0125,1.0,0.678125,0.5,1.0,1.0,1.0,1.0,1.0,1.0,1.0
0,0.6,0.1,0.0,0.0,20.0,train_A,1.0,1.0,1.0,1.0,1.0,1.0,1.0,1.0,1.0,0.8540342465089402,0.7845556699772458,0.9281334712880986
0,0.6,0.1,0.0,0.0,20.0,train_B,0.0,0.0,0.0,0.4921875,0.475,0.5,1.0,1.0,1.0,0.8390489352473347,0.7612207740216954,0.8995837868307683
0,0.6,0.1,0.0,1.0,5.0,no_gate,0.5471874999999999,0.009375,1.0,0.475,0.275,0.525,1.0,1.0,1.0,1.0,1.0,1.0
0,0.6,0.1,0.0,1.0,5.0,train_A,1.0,1.0,1.0,0.6109375,0.5,0.925,1.0,1.0,1.0,0.9020889067784192,0.8533095733429283,0.9528522983163623
0,0.6,0.1,0.0,1.0,5.0,train_B,0.0,0.0,0.0,0.065625,0.0,0.5,1.0,1.0,1.0,0.8917970467878589,0.8285500720970194,0.9330440890489715
0,0.6,0.1,0.0,1.0,20.0,no_gate,0.5471874999999999,0.009375,1.0,0.475,0.275,0.525,1.0,1.0,1.0,1.0,1.0,1.0
0,0.6,0.1,0.0,1.0,20.0,train_A,1.0,1.0,1.0,0.825,0.6,1.0,1.0,1.0,1.0,0.8540342465089402,0.7845556699772458,0.9281334712880986
0,0.6,0.1,0.0,1.0,20.0,train_B,0.0,0.0,0.0,0.014062499999999999,0.0,0.075,1.0,1.0,1.0,0.8390489352473347,0.7612207740216954,0.8995837868307683
0,0.6,0.1,1.0,0.0,5.0,no_gate,0.54125,0.0125,1.0,0.503125,0.5,0.525,1.0,1.0,1.0,1.0,1.0,1.0
0,0.6,0.1,1.0,0.0,5.0,train_A,0.9890625,0.956875,1.0,0.603125,0.5,0.9,1.0,1.0,1.0,0.9413003273050051,0.9185537455942516,0.9660787867146556
0,0.6,0.1,1.0,0.0,5.0,train_B,0.14765625,0.0,0.9825,0.5,0.5,0.5,1.0,1.0,1.0,0.9363448981036497,0.9111975582663712,0.954973743545746
0,0.6,0.1,1.0,0.0,20.0,no_gate,0.54125,0.0125,1.0,0.503125,0.5,0.525,1.0,1.0,1.0,1.0,1.0,1.0
0,0.6,0.1,1.0,0.0,20.0,train_A,1.0,1.0,1.0,0.6578125,0.5,1.0,1.0,1.0,1.0,0.9108653703175053,0.8716855245854456,0.949074524416111
0,0.6,0.1,1.0,0.0,20.0,train_B,0.053046875,0.0,0.424375,0.5,0.5,0.5,1.0,1.0,1.0,0.9018566384336774,0.8719527148797654,0.9324257915439016
0,0.6,0.1,1.0,1.0,5.0,no_gate,0.5471874999999999,0.009375,1.0,0.675,0.475,1.0,1.0,1.0,1.0,1.0,1.0,1.0
0,0.6,0.1,1.0,1.0,5.0,train_A,1.0,1.0,1.0,1.0,1.0,1.0,1.0,1.0,1.0,0.9413003273050051,0.9185537455942516,0.9660787867146556
0,0.6,0.1,1.0,1.0,5.0,train_B,0.0021875,0.0,0.0175,0.4921875,0.475,0.5,1.0,1.0,1.0,0.9363448981036497,0.9111975582663712,0.954973743545746
0,0.6,0.1,1.0,1.0,20.0,no_gate,0.5471874999999999,0.009375,1.0,0.675,0.475,1.0,1.0,1.0,1.0,1.0,1.0,1.0
0,0.6,0.1,1.0,1.0,20.0,train_A,1.0,1.0,1.0,1.0,1.0,1.0,1.0,1.0,1.0,0.9108653703175053,0.8716855245854456,0.949074524416111
0,0.6,0.1,1.0,1.0,20.0,train_B,0.0,0.0,0.0,0.4984375,0.4875,0.5,1.0,1.0,1.0,0.9018566384336774,0.8719527148797654,0.9324257915439016
0,0.6,0.4,0.0,0.0,5.0,no_gate,0.488671875,0.244375,0.893125,0.5546875,0.4,0.825,1.0,1.0,1.0,1.0,1.0,1.0
0,0.6,0.4,0.0,0.0,5.0,train_A,0.734140625,0.581875,0.959375,0.678125,0.575,0.9,1.0,1.0,1.0,0.8298041732499266,0.7859081097506235,0.850613846501261
0,0.6,0.4,0.0,0.0,5.0,train_B,0.23859375,0.050625,0.625625,0.4984375,0.4625,0.5875,1.0,1.0,1.0,0.8325948719946558,0.7889145696743256,0.861111025831977
0,0.6,0.4,0.0,0.0,20.0,no_gate,0.488671875,0.244375,0.893125,0.5546875,0.4,0.825,1.0,1.0,1.0,1.0,1.0,1.0
0,0.6,0.4,0.0,0.0,20.0,train_A,0.88296875,0.783125,0.985,0.784375,0.6875,0.95,1.0,1.0,1.0,0.6947832211072014,0.6471176250539369,0.7244650683467424
0,0.6,0.4,0.0,0.0,20.0,train_B,0.1028125,0.01,0.294375,0.490625,0.475,0.5,1.0,1.0,1.0,0.7007278529626997,0.64410193784385,0.7325847782796135
0,0.6,0.4,0.0,1.0,5.0,no_gate,0.49398437500000003,0.2975,0.8875,0.4703125,0.35,0.5,1.0,1.0,1.0,1.0,1.0,1.0
0,0.6,0.4,0.0,1.0,5.0,train_A,0.8546875,0.74875,0.97625,0.5328125,0.5,0.6375,1.0,1.0,1.0,0.8298041732499266,0.7859081097506235,0.850613846501261
0,0.6,0.4,0.0,1.0,5.0,train_B,0.129921875,0.018125,0.3775,0.3171875,0.15,0.5,1.0,1.0,1.0,0.8325948719946558,0.7889145696743256,0.861111025831977
0,0.6,0.4,0.0,1.0,20.0,no_gate,0.49398437500000003,0.2975,0.8875,0.4703125,0.35,0.5,1.0,1.0,1.0,1.0,1.0,1.0
0,0.6,0.4,0.0,1.0,20.0,train_A,0.951640625,0.873125,0.990625,0.5828125,0.5,0.6625,1.0,1.0,1.0,0.6947832211072014,0.6471176250539369,0.7244650683467424
0,0.6,0.4,0.0,1.0,20.0,train_B,0.04109375,0.0025,0.131875,0.296875,0.1625,0.4,1.0,1.0,1.0,0.7007278529626997,0.64410193784385,0.7325847782796135
0,0.6,0.4,1.0,0.0,5.0,no_gate,0.488671875,0.244375,0.893125,0.4984375,0.45,0.525,1.0,1.0,1.0,1.0,1.0,1.0
0,0.6,0.4,1.0,0.0,5.0,train_A,0.657421875,0.443125,0.940625,0.5078125,0.4875,0.5375,1.0,1.0,1.0,0.903101794571139,0.8929024020368843,0.9105185021160761
0,0.6,0.4,1.0,0.0,5.0,train_B,0.32046875,0.090625,0.75,0.5,0.5,0.5,1.0,1.0,1.0,0.9032524075085326,0.8841080745799939,0.9164711122484834
0,0.6,0.4,1.0,0.0,20.0,no_gate,0.488671875,0.244375,0.893125,0.4984375,0.45,0.525,1.0,1.0,1.0,1.0,1.0,1.0
0,0.6,0.4,1.0,0.0,20.0,train_A,0.7767968749999999,0.611875,0.968125,0.5109374999999999,0.5,0.5375,1.0,1.0,1.0,0.8147342287171919,0.8028169744593512,0.8245470580116465
0,0.6,0.4,1.0,0.0,20.0,train_B,0.206171875,0.0325,0.569375,0.5,0.5,0.5,1.0,1.0,1.0,0.8153740928340159,0.7920521128224591,0.8366807551463553
0,0.6,0.4,1.0,1.0,5.0,no_gate,0.49398437500000003,0.2975,0.8875,0.5515625,0.4,0.8125,1.0,1.0,1.0,1.0,1.0,1.0
0,0.6,0.4,1.0,1.0,5.0,train_A,0.797421875,0.67375,0.965,0.709375,0.5625,0.9,1.0,1.0,1.0,0.903101794571139,0.8929024020368843,0.9105185021160761
0,0.6,0.4,1.0,1.0,5.0,train_B,0.18507812499999998,0.044375,0.4925,0.484375,0.45,0.55,1.0,1.0,1.0,0.9032524075085326,0.8841080745799939,0.9164711122484834
0,0.6,0.4,1.0,1.0,20.0,no_gate,0.49398437500000003,0.2975,0.8875,0.5515625,0.4,0.8125,1.0,1.0,1.0,1.0,1.0,1.0
0,0.6,0.4,1.0,1.0,20.0,train_A,0.93078125,0.84,0.986875,0.834375,0.75,0.9125,1.0,1.0,1.0,0.8147342287171919,0.8028169744593512,0.8245470580116465
0,0.6,0.4,1.0,1.0,20.0,train_B,0.06867187500000001,0.00375,0.218125,0.484375,0.4625,0.5,1.0,1.0,1.0,0.8153740928340159,0.7920521128224591,0.8366807551463553
0,0.9,0.1,0.0,0.0,5.0,no_gate,0.46671875,0.0,0.995625,0.5984375,0.475,0.95,1.0,1.0,1.0,1.0,1.0,1.0
0,0.9,0.1,0.0,0.0,5.0,train_A,0.8206249999999999,0.6375,1.0,0.7609375,0.5375,1.0,1.0,1.0,1.0,0.9108967528292269,0.8579858888694538,0.9612775893386164
0,0.9,0.1,0.0,0.0,5.0,train_B,0.16125,0.0,0.579375,0.48593749999999997,0.4125,0.6,1.0,1.0,1.0,0.9145230203527489,0.8757040290139088,0.9543181479968867
0,0.9,0.1,0.0,0.0,20.0,no_gate,0.46671875,0.0,0.995625,0.5984375,0.475,0.95,1.0,1.0,1.0,1.0,1.0,1.0
0,0.9,0.1,0.0,0.0,20.0,train_A,0.9796875,0.89125,1.0,0.9453125,0.8,1.0,1.0,1.0,1.0,0.8656678059704533,0.8024085623849895,0.931028969432435
0,0.9,0.1,0.0,0.0,20.0,train_B,0.01625,0.0,0.09375,0.4953125,0.4875,0.5,1.0,1.0,1.0,0.8696695370383039,0.8187035374285913,0.9263003542583162
0,0.9,0.1,0.0,1.0,5.0,no_gate,0.459921875,0.0,1.0,0.490625,0.4,0.525,1.0,1.0,1.0,1.0,1.0,1.0
0,0.9,0.1,0.0,1.0,5.0,train_A,0.921484375,0.781875,1.0,0.5171875,0.5,0.6375,1.0,1.0,1.0,0.9108967528292269,0.8579858888694538,0.9612775893386164
0,0.9,0.1,0.0,1.0,5.0,train_B,0.070390625,0.0,0.323125,0.346875,0.0,0.5,1.0,1.0,1.0,0.9145230203527489,0.8757040290139088,0.9543181479968867
0,0.9,0.1,0.0,1.0,20.0,no_gate,0.459921875,0.0,1.0,0.490625,0.4,0.525,1.0,1.0,1.0,1.0,1.0,1.0
0,0.9,0.1,0.0,1.0,20.0,train_A,0.995859375,0.97875,1.0,0.6015625,0.5,1.0,1.0,1.0,1.0,0.8656678059704533,0.8024085623849895,0.931028969432435
0,0.9,0.1,0.0,1.0,20.0,train_B,0.0040625,0.0,0.03125,0.05,0.0,0.175,1.0,1.0,1.0,0.8696695370383039,0.8187035374285913,0.9263003542583162
0,0.9,0.1,1.0,0.0,5.0,no_gate,0.46671875,0.0,0.995625,0.5109375,0.5,0.575,1.0,1.0,1.0,1.0,1.0,1.0
0,0.9,0.1,1.0,0.0,5.0,train_A,0.6396875,0.2075,1.0,0.521875,0.5,0.6625,1.0,1.0,1.0,0.9453201887778132,0.9201862633464843,0.9729168912682902
0,0.9,0.1,1.0,0.0,5.0,train_B,0.2475,0.0,0.710625,0.5,0.5,0.5,1.0,1.0,1.0,0.946963858154459,0.9274426575706505,0.9670075261651072
0,0.9,0.1,1.0,0.0,20.0,no_gate,0.46671875,0.0,0.995625,0.5109375,0.5,0.575,1.0,1.0,1.0,1.0,1.0,1.0
0,0.9,0.1,1.0,0.0,20.0,train_A,0.811171875,0.54375,1.0,0.5609375,0.5,0.9,1.0,1.0,1.0,0.9153932665769223,0.8802702343183985,0.9501854520575441
0,0.9,0.1,1.0,0.0,20.0,train_B,0.126015625,0.0,0.5,0.5,0.5,0.5,1.0,1.0,1.0,0.9179092480681426,0.88899381412536,0.9479315836145253
0,0.9,0.1,1.0,1.0,5.0,no_gate,0.459921875,0.0,1.0,0.596875,0.4375,1.0,1.0,1.0,1.0,1.0,1.0,1.0
0,0.9,0.1,1.0,1.0,5.0,train_A,0.8574999999999999,0.738125,1.0,0.796875,0.625,1.0,1.0,1.0,1.0,0.9453201887778132,0.9201862633464843,0.9729168912682902
0,0.9,0.1,1.0,1.0,5.0,train_B,0.11765624999999999,0.0,0.415,0.4921875,0.475,0.5,1.0,1.0,1.0,0.946963858154459,0.9274426575706505,0.9670075261651072
0,0.9,0.1,1.0,1.0,20.0,no_gate,0.459921875,0.0,1.0,0.596875,0.4375,1.0,1.0,1.0,1.0,1.0,1.0,1.0
0,0.9,0.1,1.0,1.0,20.0,train_A,0.9834375,0.92375,1.0,0.953125,0.8875,1.0,1.0,1.0,1.0,0.9153932665769223,0.8802702343183985,0.9501854520575441
0,0.9,0.1,1.0,1.0,20.0,train_B,0.018828125,0.0,0.114375,0.4953125,0.4875,0.5,1.0,1.0,1.0,0.9179092480681426,0.88899381412536,0.9479315836145253
0,0.9,0.4,0.0,0.0,5.0,no_gate,0.506796875,0.41125,0.62875,0.515625,0.4625,0.5875,1.0,1.0,1.0,1.0,1.0,1.0
0,0.9,0.4,0.0,0.0,5.0,train_A,0.587421875,0.430625,0.745,0.571875,0.475,0.6625,1.0,1.0,1.0,0.8099074772113506,0.7639013609441523,0.8639719477923457
0,0.9,0.4,0.0,0.0,5.0,train_B,0.4353125,0.3325,0.5825,0.478125,0.45,0.525,1.0,1.0,1.0,0.8065459240422744,0.7580669374470133,0.8611701368866947
0,0.9,0.4,0.0,0.0,20.0,no_gate,0.506796875,0.41125,0.62875,0.515625,0.4625,0.5875,1.0,1.0,1.0,1.0,1.0,1.0
0,0.9,0.4,0.0,0.0,20.0,train_A,0.65109375,0.4275,0.819375,0.609375,0.4125,0.7625,1.0,1.0,1.0,0.6761778509952642,0.6285853740865667,0.7393323787329862
0,0.9,0.4,0.0,0.0,20.0,train_B,0.3603125,0.24375,0.595,0.484375,0.45,0.5375,1.0,1.0,1.0,0.6699816564416714,0.610691136080327,0.7402773084709388
0,0.9,0.4,0.0,1.0,5.0,no_gate,0.5071875,0.366875,0.611875,0.4921875,0.425,0.5125,1.0,1.0,1.0,1.0,1.0,1.0
0,0.9,0.4,0.0,1.0,5.0,train_A,0.627421875,0.448125,0.813125,0.503125,0.5,0.525,1.0,1.0,1.0,0.8099074772113506,0.7639013609441523,0.8639719477923457
0,0.9,0.4,0.0,1.0,5.0,train_B,0.37859375,0.253125,0.596875,0.459375,0.325,0.5,1.0,1.0,1.0,0.8065459240422744,0.7580669374470133,0.8611701368866947
0,0.9,0.4,0.0,1.0,20.0,no_gate,0.5071875,0.366875,0.611875,0.4921875,0.425,0.5125,1.0,1.0,1.0,1.0,1.0,1.0
0,0.9,0.4,0.0,1.0,20.0,train_A,0.709140625,0.453125,0.889375,0.5203125,0.5,0.6,1.0,1.0,1.0,0.6761778509952642,0.6285853740865667,0.7393323787329862
0,0.9,0.4,0.0,1.0,20.0,train_B,0.310546875,0.130625,0.605,0.3609375,0.175,0.55,1.0,1.0,1.0,0.6699816564416714,0.610691136080327,0.7402773084709388
0,0.9,0.4,1.0,0.0,5.0,no_gate,0.506796875,0.41125,0.62875,0.5,0.4875,0.5125,1.0,1.0,1.0,1.0,1.0,1.0
0,0.9,0.4,1.0,0.0,5.0,train_A,0.55765625,0.429375,0.70125,0.50625,0.5,0.525,1.0,1.0,1.0,0.8926714977953206,0.8710196122595775,0.9160069958242938
0,0.9,0.4,1.0,0.0,5.0,train_B,0.467265625,0.371875,0.579375,0.503125,0.5,0.525,1.0,1.0,1.0,0.8918493709186623,0.8701266929774292,0.9139943860938968
0,0.9,0.4,1.0,0.0,20.0,no_gate,0.506796875,0.41125,0.62875,0.5,0.4875,0.5125,1.0,1.0,1.0,1.0,1.0,1.0
0,0.9,0.4,1.0,0.0,20.0,train_A,0.598203125,0.42625,0.740625,0.5046875,0.5,0.5375,1.0,1.0,1.0,0.8039718370437062,0.7844696167470795,0.8323524749358036
0,0.9,0.4,1.0,0.0,20.0,train_B,0.42125,0.311875,0.565,0.5046875,0.5,0.525,1.0,1.0,1.0,0.8011499631548087,0.7746778887121948,0.8342164120311147
0,0.9,0.4,1.0,1.0,5.0,no_gate,0.5071875,0.366875,0.611875,0.5171875,0.4375,0.6125,1.0,1.0,1.0,1.0,1.0,1.0
0,0.9,0.4,1.0,1.0,5.0,train_A,0.60234375,0.44875,0.744375,0.5765625,0.45,0.6875,1.0,1.0,1.0,0.8926714977953206,0.8710196122595775,0.9160069958242938
0,0.9,0.4,1.0,1.0,5.0,train_B,0.406171875,0.28,0.5875,0.4859375,0.425,0.55,1.0,1.0,1.0,0.8918493709186623,0.8701266929774292,0.9139943860938968
0,0.9,0.4,1.0,1.0,20.0,no_gate,0.5071875,0.366875,0.611875,0.5171875,0.4375,0.6125,1.0,1.0,1.0,1.0,1.0,1.0
0,0.9,0.4,1.0,1.0,20.0,train_A,0.681796875,0.4475,0.84,0.6171875,0.4,0.825,1.0,1.0,1.0,0.8039718370437062,0.7844696167470795,0.8323524749358036
0,0.9,0.4,1.0,1.0,20.0,train_B,0.330859375,0.12875,0.5975,0.490625,0.4375,0.5625,1.0,1.0,1.0,0.8011499631548087,0.7746778887121948,0.8342164120311147
1,0.25,0.1,0.0,0.0,5.0,no_gate,0.779765625,0.135,1.0,0.834375,0.475,1.0,1.0,1.0,1.0,1.0,1.0,1.0
1,0.25,0.1,0.0,0.0,5.0,train_A,1.0,1.0,1.0,1.0,1.0,1.0,1.0,1.0,1.0,0.9370738005373026,0.8979361700461751,0.9615904724779071
1,0.25,0.1,0.0,0.0,5.0,train_B,0.01421875,0.0,0.1075,0.4875,0.4375,0.5,1.0,1.0,1.0,0.9179599090493505,0.8803022052300734,0.9537696316255694
1,0.25,0.1,0.0,0.0,20.0,no_gate,0.779765625,0.135,1.0,0.834375,0.475,1.0,1.0,1.0,1.0,1.0,1.0,1.0
1,0.25,0.1,0.0,0.0,20.0,train_A,1.0,1.0,1.0,1.0,1.0,1.0,1.0,1.0,1.0,0.9005424254160764,0.8509621369490078,0.9330822918783755
1,0.25,0.1,0.0,0.0,20.0,train_B,0.0,0.0,0.0,0.484375,0.425,0.5,1.0,1.0,1.0,0.8753591581793895,0.825721394517562,0.9210584751815627
1,0.25,0.1,0.0,1.0,5.0,no_gate,0.795859375,0.156875,1.0,0.4890625,0.4125,0.5,1.0,1.0,1.0,1.0,1.0,1.0
1,0.25,0.1,0.0,1.0,5.0,train_A,1.0,1.0,1.0,0.7375,0.5125,1.0,1.0,1.0,1.0,0.9370738005373026,0.8979361700461751,0.9615904724779071
1,0.25,0.1,0.0,1.0,5.0,train_B,0.0,0.0,0.0,0.0109375,0.0,0.0625,1.0,1.0,1.0,0.9179599090493505,0.8803022052300734,0.9537696316255694
1,0.25,0.1,0.0,1.0,20.0,no_gate,0.795859375,0.156875,1.0,0.4890625,0.4125,0.5,1.0,1.0,1.0,1.0,1.0,1.0
1,0.25,0.1,0.0,1.0,20.0,train_A,1.0,1.0,1.0,0.946875,0.8125,1.0,1.0,1.0,1.0,0.9005424254160764,0.8509621369490078,0.9330822918783755
1,0.25,0.1,0.0,1.0,20.0,train_B,0.0,0.0,0.0,0.0265625,0.0,0.15,1.0,1.0,1.0,0.8753591581793895,0.825721394517562,0.9210584751815627
1,0.25,0.1,1.0,0.0,5.0,no_gate,0.779765625,0.135,1.0,0.5625,0.5,0.9125,1.0,1.0,1.0,1.0,1.0,1.0
1,0.25,0.1,1.0,0.0,5.0,train_A,0.99875,0.99,1.0,0.7296875,0.5,1.0,1.0,1.0,1.0,0.960936101425263,0.9450843667776926,0.9736131264518472
1,0.25,0.1,1.0,0.0,5.0,train_B,0.18765625,0.0,0.7875,0.5,0.5,0.5,1.0,1.0,1.0,0.9516011967951193,0.9359498031511123,0.968501256946628
1,0.25,0.1,1.0,0.0,20.0,no_gate,0.779765625,0.135,1.0,0.5625,0.5,0.9125,1.0,1.0,1.0,1.0,1.0,1.0
1,0.25,0.1,1.0,0.0,20.0,train_A,1.0,1.0,1.0,0.884375,0.5,1.0,1.0,1.0,1.0,0.9361140205011245,0.9118957189169391,0.9525072012576121
1,0.25,0.1,1.0,0.0,20.0,train_B,0.006015625,0.0,0.02875,0.5,0.5,0.5,1.0,1.0,1.0,0.9236005569698325,0.8961876733102376,0.9433614562756841
1,0.25,0.1,1.0,1.0,5.0,no_gate,0.795859375,0.156875,1.0,0.815625,0.4625,1.0,1.0,1.0,1.0,1.0,1.0,1.0
1,0.25,0.1,1.0,1.0,5.0,train_A,1.0,1.0,1.0,1.0,1.0,1.0,1.0,1.0,1.0,0.960936101425263,0.9450843667776926,0.9736131264518472
1,0.25,0.1,1.0,1.0,5.0,train_B,0.000546875,0.0,0.004375,0.4875,0.4625,0.5,1.0,1.0,1.0,0.9516011967951193,0.9359498031511123,0.968501256946628
1,0.25,0.1,1.0,1.0,20.0,no_gate,0.795859375,0.156875,1.0,0.815625,0.4625,1.0,1.0,1.0,1.0,1.0,1.0,1.0
1,0.25,0.1,1.0,1.0,20.0,train_A,1.0,1.0,1.0,1.0,1.0,1.0,1.0,1.0,1.0,0.9361140205011245,0.9118957189169391,0.9525072012576121
1,0.25,0.1,1.0,1.0,20.0,train_B,0.0,0.0,0.0,0.490625,0.45,0.5,1.0,1.0,1.0,0.9236005569698325,0.8961876733102376,0.9433614562756841
1,0.25,0.4,0.0,0.0,5.0,no_gate,0.418046875,0.085625,0.64375,0.509375,0.4375,0.6125,1.0,1.0,1.0,1.0,1.0,1.0
1,0.25,0.4,0.0,0.0,5.0,train_A,0.877890625,0.620625,0.98375,0.790625,0.6125,0.9125,1.0,1.0,1.0,0.8288554759188654,0.7891562562719613,0.8593154522450205
1,0.25,0.4,0.0,0.0,5.0,train_B,0.073671875,0.014375,0.13375,0.4921875,0.4625,0.5,1.0,1.0,1.0,0.8313847757017424,0.7869822961119056,0.8818218348929084
1,0.25,0.4,0.0,0.0,20.0,no_gate,0.418046875,0.085625,0.64375,0.509375,0.4375,0.6125,1.0,1.0,1.0,1.0,1.0,1.0
1,0.25,0.4,0.0,0.0,20.0,train_A,0.978046875,0.905,1.0,0.9265625,0.825,0.9875,1.0,1.0,1.0,0.7058990664136863,0.6707813653720102,0.7432252854628842
1,0.25,0.4,0.0,0.0,20.0,train_B,0.00921875,0.001875,0.028125,0.5,0.5,0.5,1.0,1.0,1.0,0.7028774677698804,0.6485793732569958,0.7607850759051411
1,0.25,0.4,0.0,1.0,5.0,no_gate,0.396015625,0.04875,0.7175,0.4953125,0.4375,0.5125,1.0,1.0,1.0,1.0,1.0,1.0
1,0.25,0.4,0.0,1.0,5.0,train_A,0.965703125,0.8575,1.0,0.50625,0.5,0.525,1.0,1.0,1.0,0.8288554759188654,0.7891562562719613,0.8593154522450205
1,0.25,0.4,0.0,1.0,5.0,train_B,0.010078125,0.00125,0.029375,0.296875,0.0375,0.5,1.0,1.0,1.0,0.8313847757017424,0.7869822961119056,0.8818218348929084
1,0.25,0.4,0.0,1.0,20.0,no_gate,0.396015625,0.04875,0.7175,0.4953125,0.4375,0.5125,1.0,1.0,1.0,1.0,1.0,1.0
1,0.25,0.4,0.0,1.0,20.0,train_A,0.99609375,0.984375,1.0,0.6296875,0.5125,0.825,1.0,1.0,1.0,0.7058990664136863,0.6707813653720102,0.7432252854628842
1,0.25,0.4,0.0,1.0,20.0,train_B,0.001015625,0.0,0.004375,0.2609375,0.1,0.5,1.0,1.0,1.0,0.7028774677698804,0.6485793732569958,0.7607850759051411
1,0.25,0.4,1.0,0.0,5.0,no_gate,0.418046875,0.085625,0.64375,0.5109375,0.5,0.55,1.0,1.0,1.0,1.0,1.0,1.0
1,0.25,0.4,1.0,0.0,5.0,train_A,0.7471875,0.36,0.894375,0.5140625,0.4875,0.5625,1.0,1.0,1.0,0.9061391940948356,0.8885512061050559,0.921619126957517
1,0.25,0.4,1.0,0.0,5.0,train_B,0.15828125,0.02875,0.238125,0.5,0.5,0.5,1.0,1.0,1.0,0.911001841190873,0.8924591925158912,0.9380741247978184
1,0.25,0.4,1.0,0.0,20.0,no_gate,0.418046875,0.085625,0.64375,0.5109375,0.5,0.55,1.0,1.0,1.0,1.0,1.0,1.0
1,0.25,0.4,1.0,0.0,20.0,train_A,0.909921875,0.69125,0.986875,0.5296875,0.5125,0.5625,1.0,1.0,1.0,0.8259921240059791,0.8086823993062179,0.8418267965502967
1,0.25,0.4,1.0,0.0,20.0,train_B,0.053984375,0.005625,0.1,0.5,0.5,0.5,1.0,1.0,1.0,0.828936379315821,0.804310880351567,0.8620001452360879
1,0.25,0.4,1.0,1.0,5.0,no_gate,0.396015625,0.04875,0.7175,0.509375,0.4625,0.65,1.0,1.0,1.0,1.0,1.0,1.0
1,0.25,0.4,1.0,1.0,5.0,train_A,0.9171875,0.661875,0.994375,0.8375,0.5875,0.95,1.0,1.0,1.0,0.9061391940948356,0.8885512061050559,0.921619126957517
1,0.25,0.4,1.0,1.0,5.0,train_B,0.02734375,0.0025,0.05,0.4984375,0.4875,0.5,1.0,1.0,1.0,0.911001841190873,0.8924591925158912,0.9380741247978184
1,0.25,0.4,1.0,1.0,20.0,no_gate,0.396015625,0.04875,0.7175,0.509375,0.4625,0.65,1.0,1.0,1.0,1.0,1.0,1.0
1,0.25,0.4,1.0,1.0,20.0,train_A,0.99,0.941875,1.0,0.9671875,0.9125,1.0,1.0,1.0,1.0,0.8259921240059791,0.8086823993062179,0.8418267965502967
1,0.25,0.4,1.0,1.0,20.0,train_B,0.00140625,0.0,0.0075,0.490625,0.4625,0.5,1.0,1.0,1.0,0.828936379315821,0.804310880351567,0.8620001452360879
1,0.6,0.1,0.0,0.0,5.0,no_gate,0.4621875,0.01125,1.0,0.665625,0.475,1.0,1.0,1.0,1.0,1.0,1.0,1.0
1,0.6,0.1,0.0,0.0,5.0,train_A,0.999765625,0.998125,1.0,0.9953125,0.9625,1.0,1.0,1.0,1.0,0.9072893417638512,0.8635781994876011,0.9544259879666848
1,0.6,0.1,0.0,0.0,5.0,train_B,0.074921875,0.0,0.599375,0.5125,0.475,0.6375,1.0,1.0,1.0,0.9019634175574744,0.8406531071582622,0.9415728209399442
1,0.6,0.1,0.0,0.0,20.0,no_gate,0.4621875,0.01125,1.0,0.665625,0.475,1.0,1.0,1.0,1.0,1.0,1.0,1.0
1,0.6,0.1,0.0,0.0,20.0,train_A,1.0,1.0,1.0,1.0,1.0,1.0,1.0,1.0,1.0,0.8632209144750587,0.8019504604280691,0.9295279204755335
1,0.6,0.1,0.0,0.0,20.0,train_B,0.0,0.0,0.0,0.490625,0.4625,0.5,1.0,1.0,1.0,0.85456379881224,0.7763254272879327,0.9081586117805186
1,0.6,0.1,0.0,1.0,5.0,no_gate,0.48171875,0.0125,1.0,0.4828125,0.425,0.5,1.0,1.0,1.0,1.0,1.0,1.0
1,0.6,0.1,0.0,1.0,5.0,train_A,1.0,1.0,1.0,0.565625,0.5,0.75,1.0,1.0,1.0,0.9072893417638512,0.8635781994876011,0.9544259879666848
1,0.6,0.1,0.0,1.0,5.0,train_B,0.0,0.0,0.0,0.0625,0.0,0.5,1.0,1.0,1.0,0.9019634175574744,0.8406531071582622,0.9415728209399442
1,0.6,0.1,0.0,1.0,20.0,no_gate,0.48171875,0.0125,1.0,0.4828125,0.425,0.5,1.0,1.0,1.0,1.0,1.0,1.0
1,0.6,0.1,0.0,1.0,20.0,train_A,1.0,1.0,1.0,0.79375,0.6,0.975,1.0,1.0,1.0,0.8632209144750587,0.8019504604280691,0.9295279204755335
1,0.6,0.1,0.0,1.0,20.0,train_B,0.0,0.0,0.0,0.0109375,0.0,0.0375,1.0,1.0,1.0,0.85456379881224,0.7763254272879327,0.9081586117805186
1,0.6,0.1,1.0,0.0,5.0,no_gate,0.4621875,0.01125,1.0,0.5,0.5,0.5,1.0,1.0,1.0,1.0,1.0,1.0
1,0.6,0.1,1.0,0.0,5.0,train_A,0.972265625,0.8275,1.0,0.559375,0.5,0.7875,1.0,1.0,1.0,0.9461887742770885,0.923103694621621,0.9684458144057801
1,0.6,0.1,1.0,0.0,5.0,train_B,0.138359375,0.0,0.98875,0.5,0.5,0.5,1.0,1.0,1.0,0.9447626448468394,0.9217443658145493,0.962901989933225
1,0.6,0.1,1.0,0.0,20.0,no_gate,0.4621875,0.01125,1.0,0.5,0.5,0.5,1.0,1.0,1.0,1.0,1.0,1.0
1,0.6,0.1,1.0,0.0,20.0,train_A,0.9999218750000001,0.999375,1.0,0.6453125,0.5,1.0,1.0,1.0,1.0,0.9186177016206973,0.883934066079426,0.9511719573730778
1,0.6,0.1,1.0,0.0,20.0,train_B,0.06359375,0.0,0.505625,0.5,0.5,0.5,1.0,1.0,1.0,0.9145016386495483,0.8871297764639824,0.941066058838652
1,0.6,0.1,1.0,1.0,5.0,no_gate,0.48171875,0.0125,1.0,0.65,0.45,1.0,1.0,1.0,1.0,1.0,1.0,1.0
1,0.6,0.1,1.0,1.0,5.0,train_A,1.0,1.0,1.0,1.0,1.0,1.0,1.0,1.0,1.0,0.9461887742770885,0.923103694621621,0.9684458144057801
1,0.6,0.1,1.0,1.0,5.0,train_B,0.000234375,0.0,0.001875,0.4921875,0.475,0.5,1.0,1.0,1.0,0.9447626448468394,0.9217443658145493,0.962901989933225
1,0.6,0.1,1.0,1.0,20.0,no_gate,0.48171875,0.0125,1.0,0.65,0.45,1.0,1.0,1.0,1.0,1.0,1.0,1.0
1,0.6,0.1,1.0,1.0,20.0,train_A,1.0,1.0,1.0,1.0,1.0,1.0,1.0,1.0,1.0,0.9186177016206973,0.883934066079426,0.9511719573730778
1,0.6,0.1,1.0,1.0,20.0,train_B,0.0,0.0,0.0,0.4953125,0.4625,0.5,1.0,1.0,1.0,0.9145016386495483,0.8871297764639824,0.941066058838652
1,0.6,0.4,0.0,0.0,5.0,no_gate,0.48796874999999995,0.245625,0.855,0.55,0.4375,0.7875,1.0,1.0,1.0,1.0,1.0,1.0
1,0.6,0.4,0.0,0.0,5.0,train_A,0.746875,0.609375,0.9375,0.671875,0.5,0.8625,1.0,1.0,1.0,0.8463667477516985,0.8105559417836148,0.86207517312608
1,0.6,0.4,0.0,0.0,5.0,train_B,0.23484375000000002,0.054375,0.6075,0.4921875,0.45,0.5875,1.0,1.0,1.0,0.8488503957007185,0.8126324945980413,0.8742973273455884
1,0.6,0.4,0.0,0.0,20.0,no_gate,0.48796874999999995,0.245625,0.855,0.55,0.4375,0.7875,1.0,1.0,1.0,1.0,1.0,1.0
1,0.6,0.4,0.0,0.0,20.0,train_A,0.89,0.818125,0.971875,0.8046875,0.7125,0.9,1.0,1.0,1.0,0.7242964578782076,0.6826943518177643,0.7501524822544635
1,0.6,0.4,0.0,0.0,20.0,train_B,0.12140625,0.009375,0.3675,0.490625,0.4625,0.5,1.0,1.0,1.0,0.7287526667689708,0.679057714182829,0.7555585942050221
1,0.6,0.4,0.0,1.0,5.0,no_gate,0.49015624999999996,0.263125,0.8025,0.4625,0.3,0.5,1.0,1.0,1.0,1.0,1.0,1.0
1,0.6,0.4,0.0,1.0,5.0,train_A,0.871796875,0.788125,0.950625,0.515625,0.5,0.5625,1.0,1.0,1.0,0.8463667477516985,0.8105559417836148,0.86207517312608
1,0.6,0.4,0.0,1.0,5.0,train_B,0.137890625,0.010625,0.359375,0.3,0.1375,0.5,1.0,1.0,1.0,0.8488503957007185,0.8126324945980413,0.8742973273455884
1,0.6,0.4,0.0,1.0,20.0,no_gate,0.49015624999999996,0.263125,0.8025,0.4625,0.3,0.5,1.0,1.0,1.0,1.0,1.0,1.0
1,0.6,0.4,0.0,1.0,20.0,train_A,0.955703125,0.884375,0.98625,0.578125,0.5,0.6875,1.0,1.0,1.0,0.7242964578782076,0.6826943518177643,0.7501524822544635
1,0.6,0.4,0.0,1.0,20.0,train_B,0.0625,0.00125,0.201875,0.3109375,0.1875,0.5,1.0,1.0,1.0,0.7287526667689708,0.679057714182829,0.7555585942050221
1,0.6,0.4,1.0,0.0,5.0,no_gate,0.48796874999999995,0.245625,0.855,0.4921875,0.4625,0.5125,1.0,1.0,1.0,1.0,1.0,1.0
1,0.6,0.4,1.0,0.0,5.0,train_A,0.66109375,0.45625,0.919375,0.50625,0.4875,0.5375,1.0,1.0,1.0,0.9167292380988616,0.9104970663872128,0.9215012844656918
1,0.6,0.4,1.0,0.0,5.0,train_B,0.3125,0.101875,0.72625,0.5,0.5,0.5,1.0,1.0,1.0,0.9167750111095612,0.9059036408635692,0.9278617679197756
1,0.6,0.4,1.0,0.0,20.0,no_gate,0.48796874999999995,0.245625,0.855,0.4921875,0.4625,0.5125,1.0,1.0,1.0,1.0,1.0,1.0
1,0.6,0.4,1.0,0.0,20.0,train_A,0.780859375,0.6125,0.95875,0.5140625,0.5,0.55,1.0,1.0,1.0,0.838688450699041,0.8252405953968474,0.8445408163762912
1,0.6,0.4,1.0,0.0,20.0,train_B,0.20359375000000002,0.044375,0.5825,0.5,0.5,0.5,1.0,1.0,1.0,0.8379726830890109,0.821496367367942,0.8503497908993363
1,0.6,0.4,1.0,1.0,5.0,no_gate,0.49015624999999996,0.263125,0.8025,0.5484375,0.4625,0.6875,1.0,1.0,1.0,1.0,1.0,1.0
1,0.6,0.4,1.0,1.0,5.0,train_A,0.8108593749999999,0.684375,0.93125,0.7390625,0.625,0.8375,1.0,1.0,1.0,0.9167292380988616,0.9104970663872128,0.9215012844656918
1,0.6,0.4,1.0,1.0,5.0,train_B,0.173984375,0.04,0.40875,0.4828125,0.4375,0.5,1.0,1.0,1.0,0.9167750111095612,0.9059036408635692,0.9278617679197756
1,0.6,0.4,1.0,1.0,20.0,no_gate,0.49015624999999996,0.263125,0.8025,0.5484375,0.4625,0.6875,1.0,1.0,1.0,1.0,1.0,1.0
1,0.6,0.4,1.0,1.0,20.0,train_A,0.94,0.8475,0.983125,0.8421875,0.7625,0.925,1.0,1.0,1.0,0.838688450699041,0.8252405953968474,0.8445408163762912
1,0.6,0.4,1.0,1.0,20.0,train_B,0.077578125,0.00375,0.230625,0.496875,0.4875,0.5,1.0,1.0,1.0,0.8379726830890109,0.821496367367942,0.8503497908993363
1,0.9,0.1,0.0,0.0,5.0,no_gate,0.43289062500000003,0.0,0.96875,0.55625,0.475,0.7625,1.0,1.0,1.0,1.0,1.0,1.0
1,0.9,0.1,0.0,0.0,5.0,train_A,0.79203125,0.43125,1.0,0.7546875,0.5375,0.9875,1.0,1.0,1.0,0.9171520252119892,0.8614319329986312,0.9637062046813002
1,0.9,0.1,0.0,0.0,5.0,train_B,0.13015625,0.0,0.456875,0.4734375,0.4,0.5,1.0,1.0,1.0,0.9216165650408428,0.8750439734286162,0.9599701109230158
1,0.9,0.1,0.0,0.0,20.0,no_gate,0.43289062500000003,0.0,0.96875,0.55625,0.475,0.7625,1.0,1.0,1.0,1.0,1.0,1.0
1,0.9,0.1,0.0,0.0,20.0,train_A,0.941953125,0.665625,1.0,0.9046875,0.625,1.0,1.0,1.0,1.0,0.8754768254076666,0.8082480110376055,0.9371567710003063
1,0.9,0.1,0.0,0.0,20.0,train_B,0.011171875,0.0,0.04625,0.4953125,0.4875,0.5,1.0,1.0,1.0,0.8807065067451249,0.8237138715401483,0.9342132675612863
1,0.9,0.1,0.0,1.0,5.0,no_gate,0.4240625,0.0,0.988125,0.4921875,0.425,0.5125,1.0,1.0,1.0,1.0,1.0,1.0
1,0.9,0.1,0.0,1.0,5.0,train_A,0.885859375,0.585625,1.0,0.5125,0.5,0.6,1.0,1.0,1.0,0.9171520252119892,0.8614319329986312,0.9637062046813002
1,0.9,0.1,0.0,1.0,5.0,train_B,0.05609375,0.0,0.244375,0.359375,0.0,0.5,1.0,1.0,1.0,0.9216165650408428,0.8750439734286162,0.9599701109230158
1,0.9,0.1,0.0,1.0,20.0,no_gate,0.4240625,0.0,0.988125,0.4921875,0.425,0.5125,1.0,1.0,1.0,1.0,1.0,1.0
1,0.9,0.1,0.0,1.0,20.0,train_A,0.981953125,0.909375,1.0,0.584375,0.5,1.0,1.0,1.0,1.0,0.8754768254076666,0.8082480110376055,0.9371567710003063
1,0.9,0.1,0.0,1.0,20.0,train_B,0.004921875,0.0,0.0225,0.090625,0.0,0.2875,1.0,1.0,1.0,0.8807065067451249,0.8237138715401483,0.9342132675612863
1,0.9,0.1,1.0,0.0,5.0,no_gate,0.43289062500000003,0.0,0.96875,0.5,0.5,0.5,1.0,1.0,1.0,1.0,1.0,1.0
1,0.9,0.1,1.0,0.0,5.0,train_A,0.61046875,0.230625,1.0,0.5046875,0.5,0.5375,1.0,1.0,1.0,0.951042739679657,0.9268234654904323,0.9745031367141146
1,0.9,0.1,1.0,0.0,5.0,train_B,0.21914062499999998,0.0,0.62375,0.5,0.5,0.5,1.0,1.0,1.0,0.9528507082322644,0.9305095050765896,0.9723788961881387
1,0.9,0.1,1.0,0.0,20.0,no_gate,0.43289062500000003,0.0,0.96875,0.5,0.5,0.5,1.0,1.0,1.0,1.0,1.0,1.0
1,0.9,0.1,1.0,0.0,20.0,train_A,0.77546875,0.533125,1.0,0.51875,0.5,0.6375,1.0,1.0,1.0,0.9238047839001265,0.8977744450866441,0.9546513958370951
1,0.9,0.1,1.0,0.0,20.0,train_B,0.108671875,0.0,0.345,0.5,0.5,0.5,1.0,1.0,1.0,0.9265777744648027,0.9024243361214216,0.9548745407562416
1,0.9,0.1,1.0,1.0,5.0,no_gate,0.4240625,0.0,0.988125,0.5609375,0.4125,0.825,1.0,1.0,1.0,1.0,1.0,1.0
1,0.9,0.1,1.0,1.0,5.0,train_A,0.8471875,0.54875,1.0,0.8078125,0.5625,1.0,1.0,1.0,1.0,0.951042739679657,0.9268234654904323,0.9745031367141146
1,0.9,0.1,1.0,1.0,5.0,train_B,0.09734375,0.0,0.34,0.4796875,0.4375,0.5,1.0,1.0,1.0,0.9528507082322644,0.9305095050765896,0.9723788961881387
1,0.9,0.1,1.0,1.0,20.0,no_gate,0.4240625,0.0,0.988125,0.5609375,0.4125,0.825,1.0,1.0,1.0,1.0,1.0,1.0
1,0.9,0.1,1.0,1.0,20.0,train_A,0.95921875,0.845,1.0,0.9328125,0.7375,1.0,1.0,1.0,1.0,0.9238047839001265,0.8977744450866441,0.9546513958370951
1,0.9,0.1,1.0,1.0,20.0,train_B,0.019765625000000002,0.0,0.07375,0.4890625,0.4625,0.5,1.0,1.0,1.0,0.9265777744648027,0.9024243361214216,0.9548745407562416
1,0.9,0.4,0.0,0.0,5.0,no_gate,0.515546875,0.406875,0.665,0.5359375,0.475,0.6125,1.0,1.0,1.0,1.0,1.0,1.0
1,0.9,0.4,0.0,0.0,5.0,train_A,0.593359375,0.424375,0.7625,0.5671875,0.475,0.6875,1.0,1.0,1.0,0.8272804139094444,0.7797085217773857,0.8796846077076342
1,0.9,0.4,0.0,0.0,5.0,train_B,0.437734375,0.30625,0.57875,0.484375,0.4625,0.5375,1.0,1.0,1.0,0.8238250063569731,0.7741964882601521,0.8773947452830627
1,0.9,0.4,0.0,0.0,20.0,no_gate,0.515546875,0.406875,0.665,0.5359375,0.475,0.6125,1.0,1.0,1.0,1.0,1.0,1.0
1,0.9,0.4,0.0,0.0,20.0,train_A,0.660859375,0.46125,0.826875,0.609375,0.4,0.7125,1.0,1.0,1.0,0.7063942559932811,0.6626630856171642,0.7691572811417199
1,0.9,0.4,0.0,0.0,20.0,train_B,0.366875,0.239375,0.58875,0.47343749999999996,0.4125,0.525,1.0,1.0,1.0,0.6994439189581484,0.645301602667176,0.7699901562515238
1,0.9,0.4,0.0,1.0,5.0,no_gate,0.526796875,0.386875,0.64625,0.49375,0.4,0.55,1.0,1.0,1.0,1.0,1.0,1.0
1,0.9,0.4,0.0,1.0,5.0,train_A,0.641640625,0.41875,0.835625,0.5140625,0.5,0.6125,1.0,1.0,1.0,0.8272804139094444,0.7797085217773857,0.8796846077076342
1,0.9,0.4,0.0,1.0,5.0,train_B,0.374765625,0.244375,0.595,0.459375,0.2875,0.525,1.0,1.0,1.0,0.8238250063569731,0.7741964882601521,0.8773947452830627
1,0.9,0.4,0.0,1.0,20.0,no_gate,0.526796875,0.386875,0.64625,0.49375,0.4,0.55,1.0,1.0,1.0,1.0,1.0,1.0
1,0.9,0.4,0.0,1.0,20.0,train_A,0.7203125,0.49375,0.913125,0.5234375,0.5,0.625,1.0,1.0,1.0,0.7063942559932811,0.6626630856171642,0.7691572811417199
1,0.9,0.4,0.0,1.0,20.0,train_B,0.3128125,0.150625,0.60625,0.3671875,0.1875,0.5375,1.0,1.0,1.0,0.6994439189581484,0.645301602667176,0.7699901562515238
1,0.9,0.4,1.0,0.0,5.0,no_gate,0.515546875,0.406875,0.665,0.503125,0.5,0.525,1.0,1.0,1.0,1.0,1.0,1.0
1,0.9,0.4,1.0,0.0,5.0,train_A,0.56140625,0.418125,0.720625,0.5015625,0.5,0.5125,1.0,1.0,1.0,0.9069457720799015,0.8833700967803022,0.9286123111609075
1,0.9,0.4,1.0,0.0,5.0,train_B,0.468984375,0.3375,0.585625,0.5,0.5,0.5,1.0,1.0,1.0,0.9054142025437124,0.8821397441852061,0.9274056344895494
1,0.9,0.4,1.0,0.0,20.0,no_gate,0.515546875,0.406875,0.665,0.503125,0.5,0.525,1.0,1.0,1.0,1.0,1.0,1.0
1,0.9,0.4,1.0,0.0,20.0,train_A,0.6032031250000001,0.435,0.765625,0.503125,0.5,0.5125,1.0,1.0,1.0,0.8276718756607202,0.8028224832419765,0.8580468632014583
1,0.9,0.4,1.0,0.0,20.0,train_B,0.43296875,0.28875,0.575,0.50625,0.5,0.5375,1.0,1.0,1.0,0.8245627399033051,0.796462731208872,0.8593983386718488
1,0.9,0.4,1.0,1.0,5.0,no_gate,0.526796875,0.386875,0.64625,0.53125,0.475,0.6125,1.0,1.0,1.0,1.0,1.0,1.0
1,0.9,0.4,1.0,1.0,5.0,train_A,0.623359375,0.418125,0.7975,0.5859375,0.5125,0.6875,1.0,1.0,1.0,0.9069457720799015,0.8833700967803022,0.9286123111609075
1,0.9,0.4,1.0,1.0,5.0,train_B,0.42179687499999996,0.28,0.584375,0.4828125,0.375,0.55,1.0,1.0,1.0,0.9054142025437124,0.8821397441852061,0.9274056344895494
1,0.9,0.4,1.0,1.0,20.0,no_gate,0.526796875,0.386875,0.64625,0.53125,0.475,0.6125,1.0,1.0,1.0,1.0,1.0,1.0
1,0.9,0.4,1.0,1.0,20.0,train_A,0.69796875,0.44625,0.88125,0.6078125,0.375,0.8125,1.0,1.0,1.0,0.8276718756607202,0.8028224832419765,0.8580468632014583
1,0.9,0.4,1.0,1.0,20.0,train_B,0.33375,0.17,0.58625,0.48593749999999997,0.3875,0.575,1.0,1.0,1.0,0.8245627399033051,0.796462731208872,0.8593983386718488
2,0.25,0.1,0.0,0.0,5.0,no_gate,0.7565625,0.08125,1.0,0.825,0.4875,1.0,1.0,1.0,1.0,1.0,1.0,1.0
2,0.25,0.1,0.0,0.0,5.0,train_A,1.0,1.0,1.0,1.0,1.0,1.0,1.0,1.0,1.0,0.937034831849487,0.8908659420919023,0.9653833689945011
2,0.25,0.1,0.0,0.0,5.0,train_B,0.008828125,0.0,0.0425,0.4875,0.4375,0.5,1.0,1.0,1.0,0.9190067893001456,0.885028575540191,0.9501869345463216
2,0.25,0.1,0.0,0.0,20.0,no_gate,0.7565625,0.08125,1.0,0.825,0.4875,1.0,1.0,1.0,1.0,1.0,1.0,1.0
2,0.25,0.1,0.0,0.0,20.0,train_A,1.0,1.0,1.0,1.0,1.0,1.0,1.0,1.0,1.0,0.9011116975561416,0.8383918185824735,0.9398137736714173
2,0.25,0.1,0.0,0.0,20.0,train_B,0.0,0.0,0.0,0.4890625,0.4375,0.5,1.0,1.0,1.0,0.8761542083521184,0.8263365843151198,0.9172495943874253
2,0.25,0.1,0.0,1.0,5.0,no_gate,0.680390625,0.049375,1.0,0.45625,0.175,0.5,1.0,1.0,1.0,1.0,1.0,1.0
2,0.25,0.1,0.0,1.0,5.0,train_A,1.0,1.0,1.0,0.7546875,0.5,1.0,1.0,1.0,1.0,0.937034831849487,0.8908659420919023,0.9653833689945011
2,0.25,0.1,0.0,1.0,5.0,train_B,0.0,0.0,0.0,0.0203125,0.0,0.075,1.0,1.0,1.0,0.9190067893001456,0.885028575540191,0.9501869345463216
2,0.25,0.1,0.0,1.0,20.0,no_gate,0.680390625,0.049375,1.0,0.45625,0.175,0.5,1.0,1.0,1.0,1.0,1.0,1.0
2,0.25,0.1,0.0,1.0,20.0,train_A,1.0,1.0,1.0,0.9515625,0.8,1.0,1.0,1.0,1.0,0.9011116975561416,0.8383918185824735,0.9398137736714173
2,0.25,0.1,0.0,1.0,20.0,train_B,0.0,0.0,0.0,0.021875,0.0,0.0625,1.0,1.0,1.0,0.8761542083521184,0.8263365843151198,0.9172495943874253
2,0.25,0.1,1.0,0.0,5.0,no_gate,0.7565625,0.08125,1.0,0.5484375,0.5,0.75,1.0,1.0,1.0,1.0,1.0,1.0
2,0.25,0.1,1.0,0.0,5.0,train_A,0.999296875,0.996875,1.0,0.7234375,0.5,1.0,1.0,1.0,1.0,0.9605200174910147,0.9413293151353666,0.9759511950796079
2,0.25,0.1,1.0,0.0,5.0,train_B,0.17453125,0.0,0.7775,0.5,0.5,0.5,1.0,1.0,1.0,0.9527083695378077,0.9383404270297862,0.9661708630014991
2,0.25,0.1,1.0,0.0,20.0,no_gate,0.7565625,0.08125,1.0,0.5484375,0.5,0.75,1.0,1.0,1.0,1.0,1.0,1.0
2,0.25,0.1,1.0,0.0,20.0,train_A,1.0,1.0,1.0,0.865625,0.5,1.0,1.0,1.0,1.0,0.9372061810272792,0.9101716481295756,0.9580096031735813
2,0.25,0.1,1.0,0.0,20.0,train_B,0.0128125,0.0,0.093125,0.5,0.5,0.5,1.0,1.0,1.0,0.9245919567293447,0.8997891589379097,0.9427364849303241
2,0.25,0.1,1.0,1.0,5.0,no_gate,0.680390625,0.049375,1.0,0.7640625,0.4875,1.0,1.0,1.0,1.0,1.0,1.0,1.0
2,0.25,0.1,1.0,1.0,5.0,train_A,1.0,1.0,1.0,1.0,1.0,1.0,1.0,1.0,1.0,0.9605200174910147,0.9413293151353666,0.9759511950796079
2,0.25,0.1,1.0,1.0,5.0,train_B,7.8125e-05,0.0,0.000625,0.49375,0.475,0.5,1.0,1.0,1.0,0.9527083695378077,0.9383404270297862,0.9661708630014991
2,0.25,0.1,1.0,1.0,20.0,no_gate,0.680390625,0.049375,1.0,0.7640625,0.4875,1.0,1.0,1.0,1.0,1.0,1.0,1.0
2,0.25,0.1,1.0,1.0,20.0,train_A,1.0,1.0,1.0,1.0,1.0,1.0,1.0,1.0,1.0,0.9372061810272792,0.9101716481295756,0.9580096031735813
2,0.25,0.1,1.0,1.0,20.0,train_B,0.0,0.0,0.0,0.484375,0.45,0.5,1.0,1.0,1.0,0.9245919567293447,0.8997891589379097,0.9427364849303241
2,0.25,0.4,0.0,0.0,5.0,no_gate,0.4609375,0.0675,0.768125,0.5234375,0.4625,0.675,1.0,1.0,1.0,1.0,1.0,1.0
2,0.25,0.4,0.0,0.0,5.0,train_A,0.886796875,0.575625,0.983125,0.8,0.525,0.9125,1.0,1.0,1.0,0.8299788668284359,0.7910276389682369,0.8674554564487461
2,0.25,0.4,0.0,0.0,5.0,train_B,0.081328125,0.005,0.15875,0.4859375,0.4125,0.5,1.0,1.0,1.0,0.828529144263874,0.7882648892996714,0.878825620071274
2,0.25,0.4,0.0,0.0,20.0,no_gate,0.4609375,0.0675,0.768125,0.5234375,0.4625,0.675,1.0,1.0,1.0,1.0,1.0,1.0
2,0.25,0.4,0.0,0.0,20.0,train_A,0.9784375,0.891875,1.0,0.94375,0.8375,0.9875,1.0,1.0,1.0,0.7078759731284046,0.6693416186743891,0.7549612274931948
2,0.25,0.4,0.0,0.0,20.0,train_B,0.010078125,0.000625,0.02125,0.496875,0.475,0.5,1.0,1.0,1.0,0.7036292634780458,0.6519810534098864,0.7639788798393804
2,0.25,0.4,0.0,1.0,5.0,no_gate,0.46609375,0.0425,0.850625,0.4953125,0.45,0.5125,1.0,1.0,1.0,1.0,1.0,1.0
2,0.25,0.4,0.0,1.0,5.0,train_A,0.97015625,0.83625,1.0,0.525,0.5,0.5875,1.0,1.0,1.0,0.8299788668284359,0.7910276389682369,0.8674554564487461
2,0.25,0.4,0.0,1.0,5.0,train_B,0.014296875,0.0,0.03625,0.3109375,0.1125,0.5,1.0,1.0,1.0,0.828529144263874,0.7882648892996714,0.878825620071274
2,0.25,0.4,0.0,1.0,20.0,no_gate,0.46609375,0.0425,0.850625,0.4953125,0.45,0.5125,1.0,1.0,1.0,1.0,1.0,1.0
2,0.25,0.4,0.0,1.0,20.0,train_A,0.99546875,0.976875,1.0,0.628125,0.5,0.8,1.0,1.0,1.0,0.7078759731284046,0.6693416186743891,0.7549612274931948
2,0.25,0.4,0.0,1.0,20.0,train_B,0.0010937499999999999,0.0,0.00375,0.2453125,0.1,0.4625,1.0,1.0,1.0,0.7036292634780458,0.6519810534098864,0.7639788798393804
2,0.25,0.4,1.0,0.0,5.0,no_gate,0.4609375,0.0675,0.768125,0.5125,0.475,0.55,1.0,1.0,1.0,1.0,1.0,1.0
2,0.25,0.4,1.0,0.0,5.0,train_A,0.76109375,0.3275,0.93625,0.51875,0.475,0.5625,1.0,1.0,1.0,0.9060757355611555,0.8892518030892733,0.9230408531566816
2,0.25,0.4,1.0,0.0,5.0,train_B,0.179140625,0.016875,0.28625,0.5,0.5,0.5,1.0,1.0,1.0,0.9063636503951796,0.8878939241069664,0.9333464273088332
2,0.25,0.4,1.0,0.0,20.0,no_gate,0.4609375,0.0675,0.768125,0.5125,0.475,0.55,1.0,1.0,1.0,1.0,1.0,1.0
2,0.25,0.4,1.0,0.0,20.0,train_A,0.901875,0.63875,0.98625,0.5390625,0.5,0.5875,1.0,1.0,1.0,0.8262534533830662,0.8037129520785489,0.8486387740035406
2,0.25,0.4,1.0,0.0,20.0,train_B,0.0584375,0.003125,0.10625,0.5,0.5,0.5,1.0,1.0,1.0,0.8251969679368921,0.7991097386781554,0.8608611892361848
2,0.25,0.4,1.0,1.0,5.0,no_gate,0.46609375,0.0425,0.850625,0.51875,0.4,0.7625,1.0,1.0,1.0,1.0,1.0,1.0
2,0.25,0.4,1.0,1.0,5.0,train_A,0.930703125,0.635,0.99625,0.8703125,0.5875,0.95,1.0,1.0,1.0,0.9060757355611555,0.8892518030892733,0.9230408531566816
2,0.25,0.4,1.0,1.0,5.0,train_B,0.03765625,0.00125,0.083125,0.4859375,0.4,0.5,1.0,1.0,1.0,0.9063636503951796,0.8878939241069664,0.9333464273088332
2,0.25,0.4,1.0,1.0,20.0,no_gate,0.46609375,0.0425,0.850625,0.51875,0.4,0.7625,1.0,1.0,1.0,1.0,1.0,1.0
2,0.25,0.4,1.0,1.0,20.0,train_A,0.99,0.94,1.0,0.9578125,0.825,1.0,1.0,1.0,1.0,0.8262534533830662,0.8037129520785489,0.8486387740035406
2,0.25,0.4,1.0,1.0,20.0,train_B,0.0032812500000000003,0.0,0.014375,0.4953125,0.475,0.5,1.0,1.0,1.0,0.8251969679368921,0.7991097386781554,0.8608611892361848
2,0.6,0.1,0.0,0.0,5.0,no_gate,0.499140625,0.036875,1.0,0.6609375,0.4625,1.0,1.0,1.0,1.0,1.0,1.0,1.0
2,0.6,0.1,0.0,0.0,5.0,train_A,0.9999218750000001,0.999375,1.0,0.996875,0.975,1.0,1.0,1.0,1.0,0.906612262869201,0.8677616305371176,0.9560497159191761
2,0.6,0.1,0.0,0.0,5.0,train_B,0.077734375,0.0,0.621875,0.509375,0.475,0.625,1.0,1.0,1.0,0.8992336237140087,0.8483581565088905,0.9402843815239239
2,0.6,0.1,0.0,0.0,20.0,no_gate,0.499140625,0.036875,1.0,0.6609375,0.4625,1.0,1.0,1.0,1.0,1.0,1.0,1.0
2,0.6,0.1,0.0,0.0,20.0,train_A,1.0,1.0,1.0,1.0,1.0,1.0,1.0,1.0,1.0,0.8615720546779188,0.8059323299187033,0.9349518251357483
2,0.6,0.1,0.0,0.0,20.0,train_B,0.0,0.0,0.0,0.490625,0.475,0.5,1.0,1.0,1.0,0.8508312690105441,0.7862754231937847,0.9117875924098112
2,0.6,0.1,0.0,1.0,5.0,no_gate,0.53125,0.076875,1.0,0.49375,0.45,0.5,1.0,1.0,1.0,1.0,1.0,1.0
2,0.6,0.1,0.0,1.0,5.0,train_A,1.0,1.0,1.0,0.5828125,0.5,0.9,1.0,1.0,1.0,0.906612262869201,0.8677616305371176,0.9560497159191761
2,0.6,0.1,0.0,1.0,5.0,train_B,0.0,0.0,0.0,0.0625,0.0,0.5,1.0,1.0,1.0,0.8992336237140087,0.8483581565088905,0.9402843815239239
2,0.6,0.1,0.0,1.0,20.0,no_gate,0.53125,0.076875,1.0,0.49375,0.45,0.5,1.0,1.0,1.0,1.0,1.0,1.0
2,0.6,0.1,0.0,1.0,20.0,train_A,1.0,1.0,1.0,0.809375,0.575,1.0,1.0,1.0,1.0,0.8615720546779188,0.8059323299187033,0.9349518251357483
2,0.6,0.1,0.0,1.0,20.0,train_B,0.0,0.0,0.0,0.021875000000000002,0.0,0.1375,1.0,1.0,1.0,0.8508312690105441,0.7862754231937847,0.9117875924098112
2,0.6,0.1,1.0,0.0,5.0,no_gate,0.499140625,0.036875,1.0,0.5,0.5,0.5,1.0,1.0,1.0,1.0,1.0,1.0
2,0.6,0.1,1.0,0.0,5.0,train_A,0.97171875,0.83625,1.0,0.578125,0.5,0.8125,1.0,1.0,1.0,0.9464764138016021,0.9297932593467233,0.9683774880456226
2,0.6,0.1,1.0,0.0,5.0,train_B,0.138046875,0.0,0.995,0.5,0.5,0.5,1.0,1.0,1.0,0.9424872089357509,0.9235003111444215,0.959765150671696
2,0.6,0.1,1.0,0.0,20.0,no_gate,0.499140625,0.036875,1.0,0.5,0.5,0.5,1.0,1.0,1.0,1.0,1.0,1.0
2,0.6,0.1,1.0,0.0,20.0,train_A,0.9999218750000001,0.999375,1.0,0.6453125,0.5,1.0,1.0,1.0,1.0,0.9182388126329233,0.8904065482913124,0.9535996453639307
2,0.6,0.1,1.0,0.0,20.0,train_B,0.08046875,0.0,0.64,0.5,0.5,0.5,1.0,1.0,1.0,0.911731303927054,0.8822928892170728,0.9410060327743608
2,0.6,0.1,1.0,1.0,5.0,no_gate,0.53125,0.076875,1.0,0.6703125,0.5,1.0,1.0,1.0,1.0,1.0,1.0,1.0
2,0.6,0.1,1.0,1.0,5.0,train_A,1.0,1.0,1.0,1.0,1.0,1.0,1.0,1.0,1.0,0.9464764138016021,0.9297932593467233,0.9683774880456226
2,0.6,0.1,1.0,1.0,5.0,train_B,0.006796875,0.0,0.054375,0.4859375,0.45,0.5,1.0,1.0,1.0,0.9424872089357509,0.9235003111444215,0.959765150671696
2,0.6,0.1,1.0,1.0,20.0,no_gate,0.53125,0.076875,1.0,0.6703125,0.5,1.0,1.0,1.0,1.0,1.0,1.0,1.0
2,0.6,0.1,1.0,1.0,20.0,train_A,1.0,1.0,1.0,1.0,1.0,1.0,1.0,1.0,1.0,0.9182388126329233,0.8904065482913124,0.9535996453639307
2,0.6,0.1,1.0,1.0,20.0,train_B,0.0,0.0,0.0,0.4890625,0.45,0.5,1.0,1.0,1.0,0.911731303927054,0.8822928892170728,0.9410060327743608
2,0.6,0.4,0.0,0.0,5.0,no_gate,0.503828125,0.244375,0.876875,0.5484375,0.4625,0.8,1.0,1.0,1.0,1.0,1.0,1.0
2,0.6,0.4,0.0,0.0,5.0,train_A,0.740703125,0.586875,0.953125,0.6703125,0.525,0.8625,1.0,1.0,1.0,0.8458543199746585,0.8034206954404745,0.871246684318461
2,0.6,0.4,0.0,0.0,5.0,train_B,0.248046875,0.048125,0.591875,0.4984375,0.4625,0.575,1.0,1.0,1.0,0.8460526601975489,0.8033537362970328,0.878720280061234
2,0.6,0.4,0.0,0.0,20.0,no_gate,0.503828125,0.244375,0.876875,0.5484375,0.4625,0.8,1.0,1.0,1.0,1.0,1.0,1.0
2,0.6,0.4,0.0,0.0,20.0,train_A,0.879296875,0.796875,0.983125,0.79375,0.7,0.95,1.0,1.0,1.0,0.7260405864605787,0.6813477115822619,0.7600876216443387
2,0.6,0.4,0.0,0.0,20.0,train_B,0.11109374999999999,0.010625,0.28875,0.4859375,0.45,0.5,1.0,1.0,1.0,0.7289856564243755,0.6750593708725462,0.7636987493581764
2,0.6,0.4,0.0,1.0,5.0,no_gate,0.4890625,0.20375,0.82375,0.4640625,0.3375,0.5,1.0,1.0,1.0,1.0,1.0,1.0
2,0.6,0.4,0.0,1.0,5.0,train_A,0.852109375,0.736875,0.969375,0.525,0.5,0.575,1.0,1.0,1.0,0.8458543199746585,0.8034206954404745,0.871246684318461
2,0.6,0.4,0.0,1.0,5.0,train_B,0.13453125,0.015,0.339375,0.334375,0.1125,0.5,1.0,1.0,1.0,0.8460526601975489,0.8033537362970328,0.878720280061234
2,0.6,0.4,0.0,1.0,20.0,no_gate,0.4890625,0.20375,0.82375,0.4640625,0.3375,0.5,1.0,1.0,1.0,1.0,1.0,1.0
2,0.6,0.4,0.0,1.0,20.0,train_A,0.942578125,0.854375,0.988125,0.5921875,0.5,0.7125,1.0,1.0,1.0,0.7260405864605787,0.6813477115822619,0.7600876216443387
2,0.6,0.4,0.0,1.0,20.0,train_B,0.049921875000000004,0.00125,0.1525,0.3296875,0.175,0.5,1.0,1.0,1.0,0.7289856564243755,0.6750593708725462,0.7636987493581764
2,0.6,0.4,1.0,0.0,5.0,no_gate,0.503828125,0.244375,0.876875,0.5125,0.5,0.55,1.0,1.0,1.0,1.0,1.0,1.0
2,0.6,0.4,1.0,0.0,5.0,train_A,0.666875,0.458125,0.9325,0.5109375,0.4875,0.5375,1.0,1.0,1.0,0.9138299047813332,0.8986402901516932,0.9245656646821606
2,0.6,0.4,1.0,0.0,5.0,train_B,0.34078125,0.093125,0.744375,0.5015625,0.5,0.5125,1.0,1.0,1.0,0.9132051517699011,0.8951424796108907,0.9300452903741283
2,0.6,0.4,1.0,0.0,20.0,no_gate,0.503828125,0.244375,0.876875,0.5125,0.5,0.55,1.0,1.0,1.0,1.0,1.0,1.0
2,0.6,0.4,1.0,0.0,20.0,train_A,0.777421875,0.62,0.969375,0.509375,0.5,0.525,1.0,1.0,1.0,0.8369553351368235,0.8238130866781821,0.8553194832196949
2,0.6,0.4,1.0,0.0,20.0,train_B,0.22453125,0.034375,0.565,0.5,0.5,0.5,1.0,1.0,1.0,0.835194637621951,0.8082962274398915,0.8557169689278866
2,0.6,0.4,1.0,1.0,5.0,no_gate,0.4890625,0.20375,0.82375,0.5578125,0.4625,0.7375,1.0,1.0,1.0,1.0,1.0,1.0
2,0.6,0.4,1.0,1.0,5.0,train_A,0.795546875,0.65875,0.94875,0.71875,0.6,0.85,1.0,1.0,1.0,0.9138299047813332,0.8986402901516932,0.9245656646821606
2,0.6,0.4,1.0,1.0,5.0,train_B,0.19140625,0.03,0.461875,0.4890625,0.45,0.5375,1.0,1.0,1.0,0.9132051517699011,0.8951424796108907,0.9300452903741283
2,0.6,0.4,1.0,1.0,20.0,no_gate,0.4890625,0.20375,0.82375,0.5578125,0.4625,0.7375,1.0,1.0,1.0,1.0,1.0,1.0
2,0.6,0.4,1.0,1.0,20.0,train_A,0.923046875,0.829375,0.9825,0.825,0.75,0.925,1.0,1.0,1.0,0.8369553351368235,0.8238130866781821,0.8553194832196949
2,0.6,0.4,1.0,1.0,20.0,train_B,0.072578125,0.006875,0.205,0.490625,0.4625,0.5,1.0,1.0,1.0,0.835194637621951,0.8082962274398915,0.8557169689278866
2,0.9,0.1,0.0,0.0,5.0,no_gate,0.461796875,0.0,0.991875,0.5890625,0.45,0.9375,1.0,1.0,1.0,1.0,1.0,1.0
2,0.9,0.1,0.0,0.0,5.0,train_A,0.75828125,0.473125,1.0,0.7015625,0.4875,1.0,1.0,1.0,1.0,0.9140103666922788,0.8624150555387402,0.9615885727108062
2,0.9,0.1,0.0,0.0,5.0,train_B,0.15453125,0.0,0.465,0.4921875,0.475,0.5125,1.0,1.0,1.0,0.9179264351713428,0.8773531820692243,0.9556626885358878
2,0.9,0.1,0.0,0.0,20.0,no_gate,0.461796875,0.0,0.991875,0.5890625,0.45,0.9375,1.0,1.0,1.0,1.0,1.0,1.0
2,0.9,0.1,0.0,0.0,20.0,train_A,0.9508593750000001,0.73,1.0,0.9125,0.65,1.0,1.0,1.0,1.0,0.8717728224262655,0.8102614452304193,0.9352614412215668
2,0.9,0.1,0.0,0.0,20.0,train_B,0.017890625,0.0,0.06625,0.490625,0.4875,0.5,1.0,1.0,1.0,0.8765732155194952,0.828683127519181,0.9298255624990137
2,0.9,0.1,0.0,1.0,5.0,no_gate,0.45437500000000003,0.000625,0.9975,0.4703125,0.2625,0.5,1.0,1.0,1.0,1.0,1.0,1.0
2,0.9,0.1,0.0,1.0,5.0,train_A,0.874453125,0.714375,1.0,0.5109375,0.5,0.5875,1.0,1.0,1.0,0.9140103666922788,0.8624150555387402,0.9615885727108062
2,0.9,0.1,0.0,1.0,5.0,train_B,0.077265625,0.0,0.356875,0.35,0.0,0.5,1.0,1.0,1.0,0.9179264351713428,0.8773531820692243,0.9556626885358878
2,0.9,0.1,0.0,1.0,20.0,no_gate,0.45437500000000003,0.000625,0.9975,0.4703125,0.2625,0.5,1.0,1.0,1.0,1.0,1.0,1.0
2,0.9,0.1,0.0,1.0,20.0,train_A,0.977734375,0.865,1.0,0.6015625,0.5,0.975,1.0,1.0,1.0,0.8717728224262655,0.8102614452304193,0.9352614412215668
2,0.9,0.1,0.0,1.0,20.0,train_B,0.007890625,0.0,0.05875,0.0484375,0.0,0.15,1.0,1.0,1.0,0.8765732155194952,0.828683127519181,0.9298255624990137
2,0.9,0.1,1.0,0.0,5.0,no_gate,0.461796875,0.0,0.991875,0.5015625,0.5,0.5125,1.0,1.0,1.0,1.0,1.0,1.0
2,0.9,0.1,1.0,0.0,5.0,train_A,0.593046875,0.10875,1.0,0.5171875,0.5,0.6,1.0,1.0,1.0,0.9481319402661784,0.9235632250995517,0.972280686635989
2,0.9,0.1,1.0,0.0,5.0,train_B,0.2521875,0.0,0.629375,0.5,0.5,0.5,1.0,1.0,1.0,0.9497416038251908,0.9293248489862784,0.9685598390826319
2,0.9,0.1,1.0,0.0,20.0,no_gate,0.461796875,0.0,0.991875,0.5015625,0.5,0.5125,1.0,1.0,1.0,1.0,1.0,1.0
2,0.9,0.1,1.0,0.0,20.0,train_A,0.735625,0.428125,1.0,0.540625,0.5,0.7125,1.0,1.0,1.0,0.9208188093051627,0.8957836642302188,0.9528375109787934
2,0.9,0.1,1.0,0.0,20.0,train_B,0.12640625,0.0,0.3325,0.5,0.5,0.5,1.0,1.0,1.0,0.9230845676995315,0.900566686756691,0.9507349583973423
2,0.9,0.1,1.0,1.0,5.0,no_gate,0.45437500000000003,0.000625,0.9975,0.5890625,0.3875,0.95,1.0,1.0,1.0,1.0,1.0,1.0
2,0.9,0.1,1.0,1.0,5.0,train_A,0.796640625,0.559375,1.0,0.75,0.525,1.0,1.0,1.0,1.0,0.9481319402661784,0.9235632250995517,0.972280686635989
2,0.9,0.1,1.0,1.0,5.0,train_B,0.13203125000000002,0.0,0.473125,0.4921875,0.4625,0.525,1.0,1.0,1.0,0.9497416038251908,0.9293248489862784,0.9685598390826319
2,0.9,0.1,1.0,1.0,20.0,no_gate,0.45437500000000003,0.000625,0.9975,0.5890625,0.3875,0.95,1.0,1.0,1.0,1.0,1.0,1.0
2,0.9,0.1,1.0,1.0,20.0,train_A,0.949453125,0.82875,1.0,0.9171875,0.8,1.0,1.0,1.0,1.0,0.9208188093051627,0.8957836642302188,0.9528375109787934
2,0.9,0.1,1.0,1.0,20.0,train_B,0.027421875,0.0,0.150625,0.4953125,0.4875,0.5,1.0,1.0,1.0,0.9230845676995315,0.900566686756691,0.9507349583973423
2,0.9,0.4,0.0,0.0,5.0,no_gate,0.498515625,0.411875,0.650625,0.5046875,0.45,0.6375,1.0,1.0,1.0,1.0,1.0,1.0
2,0.9,0.4,0.0,0.0,5.0,train_A,0.576640625,0.42875,0.734375,0.553125,0.45,0.6875,1.0,1.0,1.0,0.823243728902955,0.7771688220232873,0.8778611126395832
2,0.9,0.4,0.0,0.0,5.0,train_B,0.429453125,0.333125,0.545625,0.478125,0.425,0.5375,1.0,1.0,1.0,0.821542015347446,0.7758176206156606,0.8800927217240336
2,0.9,0.4,0.0,0.0,20.0,no_gate,0.498515625,0.411875,0.650625,0.5046875,0.45,0.6375,1.0,1.0,1.0,1.0,1.0,1.0
2,0.9,0.4,0.0,0.0,20.0,train_A,0.643828125,0.444375,0.805,0.6015625,0.425,0.75,1.0,1.0,1.0,0.7052818782801773,0.6593846382303408,0.7721105271225459
2,0.9,0.4,0.0,0.0,20.0,train_B,0.38078124999999996,0.27625,0.574375,0.484375,0.4375,0.525,1.0,1.0,1.0,0.7013363390772759,0.6473602420839948,0.7797109192695613
2,0.9,0.4,0.0,1.0,5.0,no_gate,0.495703125,0.405,0.639375,0.496875,0.4625,0.5125,1.0,1.0,1.0,1.0,1.0,1.0
2,0.9,0.4,0.0,1.0,5.0,train_A,0.6134375,0.414375,0.831875,0.5015625,0.4875,0.5125,1.0,1.0,1.0,0.823243728902955,0.7771688220232873,0.8778611126395832
2,0.9,0.4,0.0,1.0,5.0,train_B,0.367421875,0.250625,0.571875,0.478125,0.3,0.5625,1.0,1.0,1.0,0.821542015347446,0.7758176206156606,0.8800927217240336
2,0.9,0.4,0.0,1.0,20.0,no_gate,0.495703125,0.405,0.639375,0.496875,0.4625,0.5125,1.0,1.0,1.0,1.0,1.0,1.0
2,0.9,0.4,0.0,1.0,20.0,train_A,0.690390625,0.44125,0.89,0.509375,0.4875,0.5375,1.0,1.0,1.0,0.7052818782801773,0.6593846382303408,0.7721105271225459
2,0.9,0.4,0.0,1.0,20.0,train_B,0.318359375,0.17625,0.59,0.3921875,0.2375,0.5625,1.0,1.0,1.0,0.7013363390772759,0.6473602420839948,0.7797109192695613
2,0.9,0.4,1.0,0.0,5.0,no_gate,0.498515625,0.411875,0.650625,0.496875,0.4875,0.5,1.0,1.0,1.0,1.0,1.0,1.0
2,0.9,0.4,1.0,0.0,5.0,train_A,0.543828125,0.43125,0.691875,0.5015625,0.5,0.5125,1.0,1.0,1.0,0.9021845189311072,0.8811844753152089,0.9261716653401433
2,0.9,0.4,1.0,0.0,5.0,train_B,0.4609375,0.380625,0.561875,0.5,0.5,0.5,1.0,1.0,1.0,0.9018947642528045,0.8840773855879418,0.9280538037575727
2,0.9,0.4,1.0,0.0,20.0,no_gate,0.498515625,0.411875,0.650625,0.496875,0.4875,0.5,1.0,1.0,1.0,1.0,1.0,1.0
2,0.9,0.4,1.0,0.0,20.0,train_A,0.5864843750000001,0.441875,0.72875,0.5046875,0.5,0.5375,1.0,1.0,1.0,0.8234155347641271,0.802860436915954,0.8554516931719757
2,0.9,0.4,1.0,0.0,20.0,train_B,0.4259375,0.3225,0.549375,0.5,0.5,0.5,1.0,1.0,1.0,0.8218439006524689,0.7997200079197027,0.8632730682605886
2,0.9,0.4,1.0,1.0,5.0,no_gate,0.495703125,0.405,0.639375,0.4890625,0.4,0.5875,1.0,1.0,1.0,1.0,1.0,1.0
2,0.9,0.4,1.0,1.0,5.0,train_A,0.586015625,0.415625,0.775625,0.5640625,0.3875,0.725,1.0,1.0,1.0,0.9021845189311072,0.8811844753152089,0.9261716653401433
2,0.9,0.4,1.0,1.0,5.0,train_B,0.39484375,0.2675,0.54375,0.4828125,0.4125,0.525,1.0,1.0,1.0,0.9018947642528045,0.8840773855879418,0.9280538037575727
2,0.9,0.4,1.0,1.0,20.0,no_gate,0.495703125,0.405,0.639375,0.4890625,0.4,0.5875,1.0,1.0,1.0,1.0,1.0,1.0
2,0.9,0.4,1.0,1.0,20.0,train_A,0.669140625,0.435,0.86625,0.6125,0.45,0.7625,1.0,1.0,1.0,0.8234155347641271,0.802860436915954,0.8554516931719757
2,0.9,0.4,1.0,1.0,20.0,train_B,0.322578125,0.1725,0.573125,0.4953125,0.475,0.5125,1.0,1.0,1.0,0.8218439006524689,0.7997200079197027,0.8632730682605886
3,0.25,0.1,0.0,0.0,5.0,no_gate,0.785859375,0.00625,1.0,0.8234375,0.45,1.0,1.0,1.0,1.0,1.0,1.0,1.0
3,0.25,0.1,0.0,0.0,5.0,train_A,1.0,1.0,1.0,1.0,1.0,1.0,1.0,1.0,1.0,0.9346351720955216,0.8844740186701092,0.9613650170709189
3,0.25,0.1,0.0,0.0,5.0,train_B,0.009140625,0.0,0.03875,0.484375,0.4375,0.5,1.0,1.0,1.0,0.9172662139053793,0.8869903201004012,0.9482210645444028
3,0.25,0.1,0.0,0.0,20.0,no_gate,0.785859375,0.00625,1.0,0.8234375,0.45,1.0,1.0,1.0,1.0,1.0,1.0,1.0
3,0.25,0.1,0.0,0.0,20.0,train_A,1.0,1.0,1.0,1.0,1.0,1.0,1.0,1.0,1.0,0.8966584779004274,0.83316310258082,0.936669443257172
3,0.25,0.1,0.0,0.0,20.0,train_B,0.0,0.0,0.0,0.48125,0.4125,0.5,1.0,1.0,1.0,0.8739304964834467,0.8334874210545402,0.910815951678795
3,0.25,0.1,0.0,1.0,5.0,no_gate,0.76296875,0.001875,1.0,0.4890625,0.2375,0.65,1.0,1.0,1.0,1.0,1.0,1.0
3,0.25,0.1,0.0,1.0,5.0,train_A,1.0,1.0,1.0,0.7359375,0.5,1.0,1.0,1.0,1.0,0.9346351720955216,0.8844740186701092,0.9613650170709189
3,0.25,0.1,0.0,1.0,5.0,train_B,0.0,0.0,0.0,0.00625,0.0,0.0375,1.0,1.0,1.0,0.9172662139053793,0.8869903201004012,0.9482210645444028
3,0.25,0.1,0.0,1.0,20.0,no_gate,0.76296875,0.001875,1.0,0.4890625,0.2375,0.65,1.0,1.0,1.0,1.0,1.0,1.0
3,0.25,0.1,0.0,1.0,20.0,train_A,1.0,1.0,1.0,0.95625,0.8625,1.0,1.0,1.0,1.0,0.8966584779004274,0.83316310258082,0.936669443257172
3,0.25,0.1,0.0,1.0,20.0,train_B,0.0,0.0,0.0,0.021875000000000002,0.0,0.1,1.0,1.0,1.0,0.8739304964834467,0.8334874210545402,0.910815951678795
3,0.25,0.1,1.0,0.0,5.0,no_gate,0.785859375,0.00625,1.0,0.58125,0.5,0.9125,1.0,1.0,1.0,1.0,1.0,1.0
3,0.25,0.1,1.0,0.0,5.0,train_A,0.999765625,0.998125,1.0,0.7359375,0.5,1.0,1.0,1.0,1.0,0.9591382543254259,0.9340200931933441,0.9742294957222467
3,0.25,0.1,1.0,0.0,5.0,train_B,0.163984375,0.0,0.653125,0.5,0.5,0.5,1.0,1.0,1.0,0.9506742095751253,0.9378145154055816,0.9650217636653791
3,0.25,0.1,1.0,0.0,20.0,no_gate,0.785859375,0.00625,1.0,0.58125,0.5,0.9125,1.0,1.0,1.0,1.0,1.0,1.0
3,0.25,0.1,1.0,0.0,20.0,train_A,1.0,1.0,1.0,0.871875,0.5,1.0,1.0,1.0,1.0,0.9338349236340597,0.9042658160159334,0.9531160843403133
3,0.25,0.1,1.0,0.0,20.0,train_B,0.0021875,0.0,0.009375,0.5,0.5,0.5,1.0,1.0,1.0,0.9211862350410371,0.8982636973784361,0.9365320890716622
3,0.25,0.1,1.0,1.0,5.0,no_gate,0.76296875,0.001875,1.0,0.796875,0.5,1.0,1.0,1.0,1.0,1.0,1.0,1.0
3,0.25,0.1,1.0,1.0,5.0,train_A,1.0,1.0,1.0,1.0,1.0,1.0,1.0,1.0,1.0,0.9591382543254259,0.9340200931933441,0.9742294957222467
3,0.25,0.1,1.0,1.0,5.0,train_B,7.8125e-05,0.0,0.000625,0.4890625,0.4625,0.5,1.0,1.0,1.0,0.9506742095751253,0.9378145154055816,0.9650217636653791
3,0.25,0.1,1.0,1.0,20.0,no_gate,0.76296875,0.001875,1.0,0.796875,0.5,1.0,1.0,1.0,1.0,1.0,1.0,1.0
3,0.25,0.1,1.0,1.0,20.0,train_A,1.0,1.0,1.0,1.0,1.0,1.0,1.0,1.0,1.0,0.9338349236340597,0.9042658160159334,0.9531160843403133
3,0.25,0.1,1.0,1.0,20.0,train_B,0.0,0.0,0.0,0.490625,0.45,0.5,1.0,1.0,1.0,0.9211862350410371,0.8982636973784361,0.9365320890716622
3,0.25,0.4,0.0,0.0,5.0,no_gate,0.46234375,0.0675,0.685,0.51875,0.4375,0.5875,1.0,1.0,1.0,1.0,1.0,1.0
3,0.25,0.4,0.0,0.0,5.0,train_A,0.87921875,0.535,0.98625,0.7984375,0.5375,0.925,1.0,1.0,1.0,0.8283513977092885,0.7958258203393854,0.8674726145300393
3,0.25,0.4,0.0,0.0,5.0,train_B,0.080078125,0.008125,0.181875,0.4890625,0.4625,0.5,1.0,1.0,1.0,0.8283751276919413,0.784942188397296,0.8780869792957204
3,0.25,0.4,0.0,0.0,20.0,no_gate,0.46234375,0.0675,0.685,0.51875,0.4375,0.5875,1.0,1.0,1.0,1.0,1.0,1.0
3,0.25,0.4,0.0,0.0,20.0,train_A,0.9786718750000001,0.88375,1.0,0.9328125,0.8,0.9875,1.0,1.0,1.0,0.7009622394253958,0.6624686822015541,0.7484141779417255
3,0.25,0.4,0.0,0.0,20.0,train_B,0.00875,0.00125,0.0275,0.496875,0.475,0.5,1.0,1.0,1.0,0.6972892379934268,0.6400769573195249,0.7542367541356694
3,0.25,0.4,0.0,1.0,5.0,no_gate,0.455078125,0.038125,0.690625,0.49375,0.45,0.5,1.0,1.0,1.0,1.0,1.0,1.0
3,0.25,0.4,0.0,1.0,5.0,train_A,0.96359375,0.814375,1.0,0.5234375,0.5,0.5875,1.0,1.0,1.0,0.8283513977092885,0.7958258203393854,0.8674726145300393
3,0.25,0.4,0.0,1.0,5.0,train_B,0.016484375,0.000625,0.0575,0.3,0.0625,0.5,1.0,1.0,1.0,0.8283751276919413,0.784942188397296,0.8780869792957204
3,0.25,0.4,0.0,1.0,20.0,no_gate,0.455078125,0.038125,0.690625,0.49375,0.45,0.5,1.0,1.0,1.0,1.0,1.0,1.0
3,0.25,0.4,0.0,1.0,20.0,train_A,0.995546875,0.973125,1.0,0.6359375,0.5375,0.775,1.0,1.0,1.0,0.7009622394253958,0.6624686822015541,0.7484141779417255
3,0.25,0.4,0.0,1.0,20.0,train_B,0.0008593750000000001,0.0,0.004375,0.278125,0.125,0.4625,1.0,1.0,1.0,0.6972892379934268,0.6400769573195249,0.7542367541356694
3,0.25,0.4,1.0,0.0,5.0,no_gate,0.46234375,0.0675,0.685,0.5109375,0.5,0.55,1.0,1.0,1.0,1.0,1.0,1.0
3,0.25,0.4,1.0,0.0,5.0,train_A,0.765234375,0.308125,0.923125,0.521875,0.4875,0.5625,1.0,1.0,1.0,0.9065003437895158,0.8918400357925377,0.9242003796345106
3,0.25,0.4,1.0,0.0,5.0,train_B,0.17875000000000002,0.019375,0.344375,0.5,0.5,0.5,1.0,1.0,1.0,0.9077237571765445,0.8876758027892436,0.9341951720859532
3,0.25,0.4,1.0,0.0,20.0,no_gate,0.46234375,0.0675,0.685,0.5109375,0.5,0.55,1.0,1.0,1.0,1.0,1.0,1.0
3,0.25,0.4,1.0,0.0,20.0,train_A,0.9084375,0.610625,0.995625,0.5375,0.5125,0.5875,1.0,1.0,1.0,0.8236341197399059,0.8010469324468854,0.848141012934771
3,0.25,0.4,1.0,0.0,20.0,train_B,0.058671875,0.006875,0.10625,0.5,0.5,0.5,1.0,1.0,1.0,0.823254098628651,0.7955585420216627,0.8569180888618597
3,0.25,0.4,1.0,1.0,5.0,no_gate,0.455078125,0.038125,0.690625,0.528125,0.3875,0.6375,1.0,1.0,1.0,1.0,1.0,1.0
3,0.25,0.4,1.0,1.0,5.0,train_A,0.9140625,0.575625,0.996875,0.846875,0.475,0.9625,1.0,1.0,1.0,0.9065003437895158,0.8918400357925377,0.9242003796345106
3,0.25,0.4,1.0,1.0,5.0,train_B,0.042109375000000004,0.001875,0.1125,0.496875,0.4875,0.5,1.0,1.0,1.0,0.9077237571765445,0.8876758027892436,0.9341951720859532
3,0.25,0.4,1.0,1.0,20.0,no_gate,0.455078125,0.038125,0.690625,0.528125,0.3875,0.6375,1.0,1.0,1.0,1.0,1.0,1.0
3,0.25,0.4,1.0,1.0,20.0,train_A,0.98984375,0.938125,1.0,0.9625,0.875,0.9875,1.0,1.0,1.0,0.8236341197399059,0.8010469324468854,0.848141012934771
3,0.25,0.4,1.0,1.0,20.0,train_B,0.00296875,0.0,0.0125,0.49375,0.475,0.5,1.0,1.0,1.0,0.823254098628651,0.7955585420216627,0.8569180888618597
3,0.6,0.1,0.0,0.0,5.0,no_gate,0.47015625,0.013125,1.0,0.653125,0.4375,1.0,1.0,1.0,1.0,1.0,1.0,1.0
3,0.6,0.1,0.0,0.0,5.0,train_A,0.998515625,0.988125,1.0,0.99375,0.95,1.0,1.0,1.0,1.0,0.9062278608933825,0.862934934968501,0.95792569534799
3,0.6,0.1,0.0,0.0,5.0,train_B,0.032421875,0.0,0.259375,0.49375,0.475,0.5,1.0,1.0,1.0,0.900305796139481,0.8423886679424257,0.9458264592012977
3,0.6,0.1,0.0,0.0,20.0,no_gate,0.47015625,0.013125,1.0,0.653125,0.4375,1.0,1.0,1.0,1.0,1.0,1.0,1.0
3,0.6,0.1,0.0,0.0,20.0,train_A,1.0,1.0,1.0,1.0,1.0,1.0,1.0,1.0,1.0,0.8616951516959637,0.7997141202368021,0.9357061673101773
3,0.6,0.1,0.0,0.0,20.0,train_B,0.0,0.0,0.0,0.4921875,0.4625,0.5,1.0,1.0,1.0,0.8521798386959183,0.7764246504726909,0.9156647467101757
3,0.6,0.1,0.0,1.0,5.0,no_gate,0.55859375,0.01625,1.0,0.4546875,0.1625,0.5,1.0,1.0,1.0,1.0,1.0,1.0
3,0.6,0.1,0.0,1.0,5.0,train_A,1.0,1.0,1.0,0.615625,0.5,0.875,1.0,1.0,1.0,0.9062278608933825,0.862934934968501,0.95792569534799
3,0.6,0.1,0.0,1.0,5.0,train_B,0.0,0.0,0.0,0.0671875,0.0,0.5,1.0,1.0,1.0,0.900305796139481,0.8423886679424257,0.9458264592012977
3,0.6,0.1,0.0,1.0,20.0,no_gate,0.55859375,0.01625,1.0,0.4546875,0.1625,0.5,1.0,1.0,1.0,1.0,1.0,1.0
3,0.6,0.1,0.0,1.0,20.0,train_A,1.0,1.0,1.0,0.871875,0.7125,1.0,1.0,1.0,1.0,0.8616951516959637,0.7997141202368021,0.9357061673101773
3,0.6,0.1,0.0,1.0,20.0,train_B,0.0,0.0,0.0,0.024999999999999998,0.0,0.15,1.0,1.0,1.0,0.8521798386959183,0.7764246504726909,0.9156647467101757
3,0.6,0.1,1.0,0.0,5.0,no_gate,0.47015625,0.013125,1.0,0.5046875,0.5,0.5375,1.0,1.0,1.0,1.0,1.0,1.0
3,0.6,0.1,1.0,0.0,5.0,train_A,0.9778125,0.89875,1.0,0.5671875,0.5,0.975,1.0,1.0,1.0,0.9449919278455851,0.9239624744655273,0.9711869256194667
3,0.6,0.1,1.0,0.0,5.0,train_B,0.127578125,0.0,0.97625,0.5,0.5,0.5,1.0,1.0,1.0,0.9414693643904658,0.9188308587187525,0.9645635867495992
3,0.6,0.1,1.0,0.0,20.0,no_gate,0.47015625,0.013125,1.0,0.5046875,0.5,0.5375,1.0,1.0,1.0,1.0,1.0,1.0
3,0.6,0.1,1.0,0.0,20.0,train_A,0.9999218750000001,0.999375,1.0,0.6390625,0.5,1.0,1.0,1.0,1.0,0.9160505027653939,0.8868794057888367,0.9546690172922012
3,0.6,0.1,1.0,0.0,20.0,train_B,0.018984375,0.0,0.151875,0.5,0.5,0.5,1.0,1.0,1.0,0.9103039505709646,0.8779971159200355,0.9449763149529122
3,0.6,0.1,1.0,1.0,5.0,no_gate,0.55859375,0.01625,1.0,0.684375,0.5,1.0,1.0,1.0,1.0,1.0,1.0,1.0
3,0.6,0.1,1.0,1.0,5.0,train_A,0.99984375,0.99875,1.0,0.9953125,0.9625,1.0,1.0,1.0,1.0,0.9449919278455851,0.9239624744655273,0.9711869256194667
3,0.6,0.1,1.0,1.0,5.0,train_B,0.000703125,0.0,0.005625,0.49375,0.475,0.5,1.0,1.0,1.0,0.9414693643904658,0.9188308587187525,0.9645635867495992
3,0.6,0.1,1.0,1.0,20.0,no_gate,0.55859375,0.01625,1.0,0.684375,0.5,1.0,1.0,1.0,1.0,1.0,1.0,1.0
3,0.6,0.1,1.0,1.0,20.0,train_A,1.0,1.0,1.0,1.0,1.0,1.0,1.0,1.0,1.0,0.9160505027653939,0.8868794057888367,0.9546690172922012
3,0.6,0.1,1.0,1.0,20.0,train_B,0.0,0.0,0.0,0.4953125,0.475,0.5,1.0,1.0,1.0,0.9103039505709646,0.8779971159200355,0.9449763149529122
3,0.6,0.4,0.0,0.0,5.0,no_gate,0.4946875,0.2175,0.9225,0.5578125,0.425,0.8375,1.0,1.0,1.0,1.0,1.0,1.0
3,0.6,0.4,0.0,0.0,5.0,train_A,0.754921875,0.621875,0.968125,0.6749999999999999,0.5375,0.9375,1.0,1.0,1.0,0.8415637950372203,0.8010131293420781,0.8650586943201377
3,0.6,0.4,0.0,0.0,5.0,train_B,0.2496875,0.041875,0.66625,0.49375,0.45,0.6125,1.0,1.0,1.0,0.8435844352390696,0.8020024518479121,0.869808288878049
3,0.6,0.4,0.0,0.0,20.0,no_gate,0.4946875,0.2175,0.9225,0.5578125,0.425,0.8375,1.0,1.0,1.0,1.0,1.0,1.0
3,0.6,0.4,0.0,0.0,20.0,train_A,0.896015625,0.81,0.985625,0.8140625,0.6875,0.975,1.0,1.0,1.0,0.7169271417865367,0.672560976115663,0.7501155693709451
3,0.6,0.4,0.0,0.0,20.0,train_B,0.10890625000000001,0.006875,0.353125,0.4890625,0.475,0.5,1.0,1.0,1.0,0.721811093022189,0.6704526235406438,0.7482783258653483
3,0.6,0.4,0.0,1.0,5.0,no_gate,0.485234375,0.2075,0.92,0.4421875,0.2875,0.5,1.0,1.0,1.0,1.0,1.0,1.0
3,0.6,0.4,0.0,1.0,5.0,train_A,0.8646875,0.785625,0.983125,0.51875,0.5,0.5625,1.0,1.0,1.0,0.8415637950372203,0.8010131293420781,0.8650586943201377
3,0.6,0.4,0.0,1.0,5.0,train_B,0.144609375,0.01,0.470625,0.284375,0.1125,0.5,1.0,1.0,1.0,0.8435844352390696,0.8020024518479121,0.869808288878049
3,0.6,0.4,0.0,1.0,20.0,no_gate,0.485234375,0.2075,0.92,0.4421875,0.2875,0.5,1.0,1.0,1.0,1.0,1.0,1.0
3,0.6,0.4,0.0,1.0,20.0,train_A,0.957265625,0.89,0.99375,0.5859375,0.5,0.6875,1.0,1.0,1.0,0.7169271417865367,0.672560976115663,0.7501155693709451
3,0.6,0.4,0.0,1.0,20.0,train_B,0.046796875,0.00125,0.180625,0.321875,0.2,0.5,1.0,1.0,1.0,0.721811093022189,0.6704526235406438,0.7482783258653483
3,0.6,0.4,1.0,0.0,5.0,no_gate,0.4946875,0.2175,0.9225,0.5078125,0.4875,0.5375,1.0,1.0,1.0,1.0,1.0,1.0
3,0.6,0.4,1.0,0.0,5.0,train_A,0.668125,0.448125,0.955,0.5125,0.4875,0.5375,1.0,1.0,1.0,0.9122044571645604,0.8996069599510896,0.9220904643976808
3,0.6,0.4,1.0,0.0,5.0,train_B,0.33734375,0.07375,0.813125,0.503125,0.5,0.525,1.0,1.0,1.0,0.9123822531883883,0.8921560341767225,0.9246791651606028
3,0.6,0.4,1.0,0.0,20.0,no_gate,0.4946875,0.2175,0.9225,0.5078125,0.4875,0.5375,1.0,1.0,1.0,1.0,1.0,1.0
3,0.6,0.4,1.0,0.0,20.0,train_A,0.7959375,0.64625,0.97625,0.521875,0.5,0.55,1.0,1.0,1.0,0.8318727790578331,0.813878277129961,0.8464847658842578
3,0.6,0.4,1.0,0.0,20.0,train_B,0.221328125,0.03,0.61125,0.5,0.5,0.5,1.0,1.0,1.0,0.8314778530423486,0.805112439333641,0.8435533962711831
3,0.6,0.4,1.0,1.0,5.0,no_gate,0.485234375,0.2075,0.92,0.553125,0.4,0.8375,1.0,1.0,1.0,1.0,1.0,1.0
3,0.6,0.4,1.0,1.0,5.0,train_A,0.803203125,0.705625,0.97625,0.7421875,0.6,0.9625,1.0,1.0,1.0,0.9122044571645604,0.8996069599510896,0.9220904643976808
3,0.6,0.4,1.0,1.0,5.0,train_B,0.210703125,0.02,0.646875,0.4890625,0.4375,0.5875,1.0,1.0,1.0,0.9123822531883883,0.8921560341767225,0.9246791651606028
3,0.6,0.4,1.0,1.0,20.0,no_gate,0.485234375,0.2075,0.92,0.553125,0.4,0.8375,1.0,1.0,1.0,1.0,1.0,1.0
3,0.6,0.4,1.0,1.0,20.0,train_A,0.936875,0.83875,0.990625,0.859375,0.7,0.9375,1.0,1.0,1.0,0.8318727790578331,0.813878277129961,0.8464847658842578
3,0.6,0.4,1.0,1.0,20.0,train_B,0.08125,0.003125,0.289375,0.49375,0.475,0.5,1.0,1.0,1.0,0.8314778530423486,0.805112439333641,0.8435533962711831
3,0.9,0.1,0.0,0.0,5.0,no_gate,0.438515625,0.0,0.985,0.5859375,0.4375,0.95,1.0,1.0,1.0,1.0,1.0,1.0
3,0.9,0.1,0.0,0.0,5.0,train_A,0.760078125,0.453125,1.0,0.734375,0.475,0.9875,1.0,1.0,1.0,0.913159817621053,0.8657643737515158,0.9677316245649019
3,0.9,0.1,0.0,0.0,5.0,train_B,0.163203125,0.0,0.673125,0.5,0.4625,0.6,1.0,1.0,1.0,0.9162033404844805,0.8774462951604022,0.9606829193872185
3,0.9,0.1,0.0,0.0,20.0,no_gate,0.438515625,0.0,0.985,0.5859375,0.4375,0.95,1.0,1.0,1.0,1.0,1.0,1.0
3,0.9,0.1,0.0,0.0,20.0,train_A,0.938515625,0.61,1.0,0.909375,0.6,1.0,1.0,1.0,1.0,0.8691746872045442,0.8130811018717655,0.9421434144139571
3,0.9,0.1,0.0,0.0,20.0,train_B,0.02890625,0.0,0.2025,0.490625,0.475,0.5,1.0,1.0,1.0,0.8728096962501556,0.8237820437530776,0.936148567018551
3,0.9,0.1,0.0,1.0,5.0,no_gate,0.3959375,0.000625,0.996875,0.4953125,0.45,0.5125,1.0,1.0,1.0,1.0,1.0,1.0
3,0.9,0.1,0.0,1.0,5.0,train_A,0.8534375,0.590625,1.0,0.53125,0.5,0.75,1.0,1.0,1.0,0.913159817621053,0.8657643737515158,0.9677316245649019
3,0.9,0.1,0.0,1.0,5.0,train_B,0.061640625,0.0,0.370625,0.3640625,0.0,0.5,1.0,1.0,1.0,0.9162033404844805,0.8774462951604022,0.9606829193872185
3,0.9,0.1,0.0,1.0,20.0,no_gate,0.3959375,0.000625,0.996875,0.4953125,0.45,0.5125,1.0,1.0,1.0,1.0,1.0,1.0
3,0.9,0.1,0.0,1.0,20.0,train_A,0.97625,0.859375,1.0,0.58125,0.5,0.975,1.0,1.0,1.0,0.8691746872045442,0.8130811018717655,0.9421434144139571
3,0.9,0.1,0.0,1.0,20.0,train_B,0.009375,0.0,0.074375,0.0515625,0.0,0.275,1.0,1.0,1.0,0.8728096962501556,0.8237820437530776,0.936148567018551
3,0.9,0.1,1.0,0.0,5.0,no_gate,0.438515625,0.0,0.985,0.5015625,0.5,0.5125,1.0,1.0,1.0,1.0,1.0,1.0
3,0.9,0.1,1.0,0.0,5.0,train_A,0.616484375,0.116875,1.0,0.5203125,0.5,0.65,1.0,1.0,1.0,0.9476445913467011,0.9252987089020313,0.977431784722996
3,0.9,0.1,1.0,0.0,5.0,train_B,0.2609375,0.0,0.784375,0.5,0.5,0.5,1.0,1.0,1.0,0.949412323396913,0.9271521927475137,0.9722288388607153
3,0.9,0.1,1.0,0.0,20.0,no_gate,0.438515625,0.0,0.985,0.5015625,0.5,0.5125,1.0,1.0,1.0,1.0,1.0,1.0
3,0.9,0.1,1.0,0.0,20.0,train_A,0.761328125,0.359375,1.0,0.553125,0.5,0.8375,1.0,1.0,1.0,0.9192739330645113,0.8902643479092932,0.9598154251232331
3,0.9,0.1,1.0,0.0,20.0,train_B,0.146484375,0.0,0.61375,0.5,0.5,0.5,1.0,1.0,1.0,0.9212853864266047,0.8918925428896485,0.9565322659154978
3,0.9,0.1,1.0,1.0,5.0,no_gate,0.3959375,0.000625,0.996875,0.5796875,0.45,0.9875,1.0,1.0,1.0,1.0,1.0,1.0
3,0.9,0.1,1.0,1.0,5.0,train_A,0.78125,0.384375,1.0,0.7328125,0.475,1.0,1.0,1.0,1.0,0.9476445913467011,0.9252987089020313,0.977431784722996
3,0.9,0.1,1.0,1.0,5.0,train_B,0.10796875,0.0,0.440625,0.4890625,0.4625,0.5,1.0,1.0,1.0,0.949412323396913,0.9271521927475137,0.9722288388607153
3,0.9,0.1,1.0,1.0,20.0,no_gate,0.3959375,0.000625,0.996875,0.5796875,0.45,0.9875,1.0,1.0,1.0,1.0,1.0,1.0
3,0.9,0.1,1.0,1.0,20.0,train_A,0.938828125,0.75875,1.0,0.9,0.6875,1.0,1.0,1.0,1.0,0.9192739330645113,0.8902643479092932,0.9598154251232331
3,0.9,0.1,1.0,1.0,20.0,train_B,0.02578125,0.0,0.18875,0.4890625,0.45,0.5,1.0,1.0,1.0,0.9212853864266047,0.8918925428896485,0.9565322659154978
3,0.9,0.4,0.0,0.0,5.0,no_gate,0.50875,0.413125,0.664375,0.4984375,0.45,0.6,1.0,1.0,1.0,1.0,1.0,1.0
3,0.9,0.4,0.0,0.0,5.0,train_A,0.588671875,0.428125,0.775,0.5515625,0.4125,0.6625,1.0,1.0,1.0,0.823872665821124,0.7825668934559273,0.8707046805456237
3,0.9,0.4,0.0,0.0,5.0,train_B,0.43078125,0.29125,0.56875,0.48125,0.4375,0.525,1.0,1.0,1.0,0.8209294289199316,0.776764019826909,0.8650540366669459
3,0.9,0.4,0.0,0.0,20.0,no_gate,0.50875,0.413125,0.664375,0.4984375,0.45,0.6,1.0,1.0,1.0,1.0,1.0,1.0
3,0.9,0.4,0.0,0.0,20.0,train_A,0.659453125,0.450625,0.855,0.6203125,0.4625,0.775,1.0,1.0,1.0,0.7000692278626819,0.6550672046064046,0.7613319960490248
3,0.9,0.4,0.0,0.0,20.0,train_B,0.36046875,0.22,0.58625,0.4875,0.4125,0.6,1.0,1.0,1.0,0.6944050555428051,0.6376276926217495,0.7568841046886925
3,0.9,0.4,0.0,1.0,5.0,no_gate,0.517890625,0.376875,0.630625,0.4953125,0.45,0.5125,1.0,1.0,1.0,1.0,1.0,1.0
3,0.9,0.4,0.0,1.0,5.0,train_A,0.6305468750000001,0.455,0.8475,0.4984375,0.4875,0.5,1.0,1.0,1.0,0.823872665821124,0.7825668934559273,0.8707046805456237
3,0.9,0.4,0.0,1.0,5.0,train_B,0.372890625,0.231875,0.574375,0.459375,0.275,0.5,1.0,1.0,1.0,0.8209294289199316,0.776764019826909,0.8650540366669459
3,0.9,0.4,0.0,1.0,20.0,no_gate,0.517890625,0.376875,0.630625,0.4953125,0.45,0.5125,1.0,1.0,1.0,1.0,1.0,1.0
3,0.9,0.4,0.0,1.0,20.0,train_A,0.706640625,0.49875,0.893125,0.51875,0.5,0.5875,1.0,1.0,1.0,0.7000692278626819,0.6550672046064046,0.7613319960490248
3,0.9,0.4,0.0,1.0,20.0,train_B,0.305859375,0.135,0.5975,0.3640625,0.1875,0.5,1.0,1.0,1.0,0.6944050555428051,0.6376276926217495,0.7568841046886925
3,0.9,0.4,1.0,0.0,5.0,no_gate,0.50875,0.413125,0.664375,0.4953125,0.4625,0.5125,1.0,1.0,1.0,1.0,1.0,1.0
3,0.9,0.4,1.0,0.0,5.0,train_A,0.554921875,0.429375,0.74125,0.503125,0.5,0.5125,1.0,1.0,1.0,0.9045647401572202,0.8876401553745399,0.9197314870261684
3,0.9,0.4,1.0,0.0,5.0,train_B,0.46421875,0.34125,0.593125,0.5015625,0.5,0.5125,1.0,1.0,1.0,0.9032735816959345,0.8866090716109019,0.9156127638058136
3,0.9,0.4,1.0,0.0,20.0,no_gate,0.50875,0.413125,0.664375,0.4953125,0.4625,0.5125,1.0,1.0,1.0,1.0,1.0,1.0
3,0.9,0.4,1.0,0.0,20.0,train_A,0.600078125,0.44,0.7875,0.503125,0.5,0.5125,1.0,1.0,1.0,0.822580884646103,0.8050171516504483,0.8444988660847421
3,0.9,0.4,1.0,0.0,20.0,train_B,0.4265625,0.28125,0.559375,0.5,0.5,0.5,1.0,1.0,1.0,0.8196752341415405,0.7997594568836899,0.8408339880291209
3,0.9,0.4,1.0,1.0,5.0,no_gate,0.517890625,0.376875,0.630625,0.5125,0.45,0.6,1.0,1.0,1.0,1.0,1.0,1.0
3,0.9,0.4,1.0,1.0,5.0,train_A,0.606875,0.450625,0.80375,0.553125,0.4125,0.725,1.0,1.0,1.0,0.9045647401572202,0.8876401553745399,0.9197314870261684
3,0.9,0.4,1.0,1.0,5.0,train_B,0.413203125,0.295625,0.5625,0.4734375,0.425,0.5125,1.0,1.0,1.0,0.9032735816959345,0.8866090716109019,0.9156127638058136
3,0.9,0.4,1.0,1.0,20.0,no_gate,0.517890625,0.376875,0.630625,0.5125,0.45,0.6,1.0,1.0,1.0,1.0,1.0,1.0
3,0.9,0.4,1.0,1.0,20.0,train_A,0.68125,0.456875,0.89375,0.61875,0.4625,0.8375,1.0,1.0,1.0,0.822580884646103,0.8050171516504483,0.8444988660847421
3,0.9,0.4,1.0,1.0,20.0,train_B,0.322890625,0.15375,0.581875,0.4875,0.45,0.5375,1.0,1.0,1.0,0.8196752341415405,0.7997594568836899,0.8408339880291209
4,0.25,0.1,0.0,0.0,5.0,no_gate,0.782578125,0.064375,1.0,0.846875,0.475,1.0,1.0,1.0,1.0,1.0,1.0,1.0
4,0.25,0.1,0.0,0.0,5.0,train_A,1.0,1.0,1.0,1.0,1.0,1.0,1.0,1.0,1.0,0.9338436566985784,0.8837936657017201,0.9611953418914843
4,0.25,0.1,0.0,0.0,5.0,train_B,0.014453125,0.0,0.111875,0.4828125,0.4375,0.5,1.0,1.0,1.0,0.913678625474168,0.8811591814247467,0.9494794562052764
4,0.25,0.1,0.0,0.0,20.0,no_gate,0.782578125,0.064375,1.0,0.846875,0.475,1.0,1.0,1.0,1.0,1.0,1.0,1.0
4,0.25,0.1,0.0,0.0,20.0,train_A,1.0,1.0,1.0,1.0,1.0,1.0,1.0,1.0,1.0,0.8961407805084369,0.8305680912901696,0.9349557106131999
4,0.25,0.1,0.0,0.0,20.0,train_B,0.0,0.0,0.0,0.48125,0.425,0.5,1.0,1.0,1.0,0.8706127172348982,0.828142863524632,0.9161373569848804
4,0.25,0.1,0.0,1.0,5.0,no_gate,0.79015625,0.070625,1.0,0.49375,0.4125,0.55,1.0,1.0,1.0,1.0,1.0,1.0
4,0.25,0.1,0.0,1.0,5.0,train_A,1.0,1.0,1.0,0.7640625,0.5125,1.0,1.0,1.0,1.0,0.9338436566985784,0.8837936657017201,0.9611953418914843
4,0.25,0.1,0.0,1.0,5.0,train_B,0.0,0.0,0.0,0.0140625,0.0,0.075,1.0,1.0,1.0,0.913678625474168,0.8811591814247467,0.9494794562052764
4,0.25,0.1,0.0,1.0,20.0,no_gate,0.79015625,0.070625,1.0,0.49375,0.4125,0.55,1.0,1.0,1.0,1.0,1.0,1.0
4,0.25,0.1,0.0,1.0,20.0,train_A,1.0,1.0,1.0,0.95,0.6875,1.0,1.0,1.0,1.0,0.8961407805084369,0.8305680912901696,0.9349557106131999
4,0.25,0.1,0.0,1.0,20.0,train_B,0.0,0.0,0.0,0.03125,0.0,0.1,1.0,1.0,1.0,0.8706127172348982,0.828142863524632,0.9161373569848804
4,0.25,0.1,1.0,0.0,5.0,no_gate,0.782578125,0.064375,1.0,0.5765625,0.5,0.975,1.0,1.0,1.0,1.0,1.0,1.0
4,0.25,0.1,1.0,0.0,5.0,train_A,0.99921875,0.99375,1.0,0.7265625,0.5,1.0,1.0,1.0,1.0,0.9578562526431772,0.9336416608224256,0.974714813043084
4,0.25,0.1,1.0,0.0,5.0,train_B,0.21085937500000002,0.0,0.84875,0.5,0.5,0.5,1.0,1.0,1.0,0.94833833027808,0.9344478170408097,0.9648205394782741
4,0.25,0.1,1.0,0.0,20.0,no_gate,0.782578125,0.064375,1.0,0.5765625,0.5,0.975,1.0,1.0,1.0,1.0,1.0,1.0
4,0.25,0.1,1.0,0.0,20.0,train_A,1.0,1.0,1.0,0.9078125,0.525,1.0,1.0,1.0,1.0,0.9326628879081579,0.9027889327025873,0.9526961449481861
4,0.25,0.1,1.0,0.0,20.0,train_B,0.005625,0.0,0.031875,0.5,0.5,0.5,1.0,1.0,1.0,0.9187788681159401,0.8991810939924934,0.9404826219598377
4,0.25,0.1,1.0,1.0,5.0,no_gate,0.79015625,0.070625,1.0,0.8265625,0.45,1.0,1.0,1.0,1.0,1.0,1.0,1.0
4,0.25,0.1,1.0,1.0,5.0,train_A,1.0,1.0,1.0,1.0,1.0,1.0,1.0,1.0,1.0,0.9578562526431772,0.9336416608224256,0.974714813043084
4,0.25,0.1,1.0,1.0,5.0,train_B,7.8125e-05,0.0,0.000625,0.48750000000000004,0.45,0.5,1.0,1.0,1.0,0.94833833027808,0.9344478170408097,0.9648205394782741
4,0.25,0.1,1.0,1.0,20.0,no_gate,0.79015625,0.070625,1.0,0.8265625,0.45,1.0,1.0,1.0,1.0,1.0,1.0,1.0
4,0.25,0.1,1.0,1.0,20.0,train_A,1.0,1.0,1.0,1.0,1.0,1.0,1.0,1.0,1.0,0.9326628879081579,0.9027889327025873,0.9526961449481861
4,0.25,0.1,1.0,1.0,20.0,train_B,0.0,0.0,0.0,0.4875,0.45,0.5,1.0,1.0,1.0,0.9187788681159401,0.8991810939924934,0.9404826219598377
4,0.25,0.4,0.0,0.0,5.0,no_gate,0.44140625,0.065,0.674375,0.5171875,0.45,0.575,1.0,1.0,1.0,1.0,1.0,1.0
4,0.25,0.4,0.0,0.0,5.0,train_A,0.8772656249999999,0.568125,0.95875,0.7953125,0.5125,0.875,1.0,1.0,1.0,0.823655966483721,0.7875033996881026,0.8610404483764882
4,0.25,0.4,0.0,0.0,5.0,train_B,0.078125,0.00625,0.138125,0.49374999999999997,0.475,0.5,1.0,1.0,1.0,0.8251898522574377,0.7838255289318752,0.8759577563306432
4,0.25,0.4,0.0,0.0,20.0,no_gate,0.44140625,0.065,0.674375,0.5171875,0.45,0.575,1.0,1.0,1.0,1.0,1.0,1.0
4,0.25,0.4,0.0,0.0,20.0,train_A,0.9779687499999999,0.878125,1.0,0.94375,0.8125,0.9875,1.0,1.0,1.0,0.6975242648140253,0.6518206504172428,0.7442341636790483
4,0.25,0.4,0.0,0.0,20.0,train_B,0.01,0.000625,0.02,0.5,0.5,0.5,1.0,1.0,1.0,0.6940206867841776,0.6443628728355707,0.7562602141638879
4,0.25,0.4,0.0,1.0,5.0,no_gate,0.42203124999999997,0.046875,0.68875,0.4671875,0.3125,0.5125,1.0,1.0,1.0,1.0,1.0,1.0
4,0.25,0.4,0.0,1.0,5.0,train_A,0.973125,0.868125,0.9975,0.5140625,0.5,0.575,1.0,1.0,1.0,0.823655966483721,0.7875033996881026,0.8610404483764882
4,0.25,0.4,0.0,1.0,5.0,train_B,0.013593750000000002,0.0,0.035,0.290625,0.0625,0.5,1.0,1.0,1.0,0.8251898522574377,0.7838255289318752,0.8759577563306432
4,0.25,0.4,0.0,1.0,20.0,no_gate,0.42203124999999997,0.046875,0.68875,0.4671875,0.3125,0.5125,1.0,1.0,1.0,1.0,1.0,1.0
4,0.25,0.4,0.0,1.0,20.0,train_A,0.99609375,0.97875,1.0,0.6125,0.5125,0.825,1.0,1.0,1.0,0.6975242648140253,0.6518206504172428,0.7442341636790483
4,0.25,0.4,0.0,1.0,20.0,train_B,0.000546875,0.0,0.0025,0.265625,0.1375,0.5,1.0,1.0,1.0,0.6940206867841776,0.6443628728355707,0.7562602141638879
4,0.25,0.4,1.0,0.0,5.0,no_gate,0.44140625,0.065,0.674375,0.49374999999999997,0.3875,0.5375,1.0,1.0,1.0,1.0,1.0,1.0
4,0.25,0.4,1.0,0.0,5.0,train_A,0.7421093750000001,0.325625,0.899375,0.5140625,0.475,0.5625,1.0,1.0,1.0,0.9040319244358809,0.8862672485316774,0.9237706936830548
4,0.25,0.4,1.0,0.0,5.0,train_B,0.177890625,0.015625,0.26875,0.5,0.5,0.5,1.0,1.0,1.0,0.9068688801685771,0.8875956995173138,0.9305939684527688
4,0.25,0.4,1.0,0.0,20.0,no_gate,0.44140625,0.065,0.674375,0.49374999999999997,0.3875,0.5375,1.0,1.0,1.0,1.0,1.0,1.0
4,0.25,0.4,1.0,0.0,20.0,train_A,0.90078125,0.631875,0.978125,0.5375,0.5,0.6,1.0,1.0,1.0,0.8213316788958008,0.7933306826060593,0.84121323420906
4,0.25,0.4,1.0,0.0,20.0,train_B,0.058203125,0.003125,0.095625,0.5,0.5,0.5,1.0,1.0,1.0,0.8229097067618326,0.7972895326479786,0.8544634856918927
4,0.25,0.4,1.0,1.0,5.0,no_gate,0.42203124999999997,0.046875,0.68875,0.503125,0.4375,0.6,1.0,1.0,1.0,1.0,1.0,1.0
4,0.25,0.4,1.0,1.0,5.0,train_A,0.9299999999999999,0.704375,0.985625,0.8484375,0.6375,0.925,1.0,1.0,1.0,0.9040319244358809,0.8862672485316774,0.9237706936830548
4,0.25,0.4,1.0,1.0,5.0,train_B,0.036953124999999996,0.001875,0.08625,0.49375,0.475,0.5,1.0,1.0,1.0,0.9068688801685771,0.8875956995173138,0.9305939684527688
4,0.25,0.4,1.0,1.0,20.0,no_gate,0.42203124999999997,0.046875,0.68875,0.503125,0.4375,0.6,1.0,1.0,1.0,1.0,1.0,1.0
4,0.25,0.4,1.0,1.0,20.0,train_A,0.9903125,0.94,1.0,0.965625,0.9,0.9875,1.0,1.0,1.0,0.8213316788958008,0.7933306826060593,0.84121323420906
4,0.25,0.4,1.0,1.0,20.0,train_B,0.0018750000000000001,0.0,0.00625,0.496875,0.4875,0.5,1.0,1.0,1.0,0.8229097067618326,0.7972895326479786,0.8544634856918927
4,0.6,0.1,0.0,0.0,5.0,no_gate,0.505078125,0.00375,1.0,0.6671875,0.4625,1.0,1.0,1.0,1.0,1.0,1.0,1.0
4,0.6,0.1,0.0,0.0,5.0,train_A,1.0,1.0,1.0,0.9984375,0.9875,1.0,1.0,1.0,1.0,0.9037940034333667,0.8610626361807427,0.950513969180527
4,0.6,0.1,0.0,0.0,5.0,train_B,0.075859375,0.0,0.606875,0.50625,0.475,0.6,1.0,1.0,1.0,0.8969890617353428,0.834749440230358,0.9340746254672908
4,0.6,0.1,0.0,0.0,20.0,no_gate,0.505078125,0.00375,1.0,0.6671875,0.4625,1.0,1.0,1.0,1.0,1.0,1.0,1.0
4,0.6,0.1,0.0,0.0,20.0,train_A,1.0,1.0,1.0,1.0,1.0,1.0,1.0,1.0,1.0,0.8568420312169807,0.7941637029922187,0.9237746648088345
4,0.6,0.1,0.0,0.0,20.0,train_B,0.0,0.0,0.0,0.4890625,0.4625,0.5,1.0,1.0,1.0,0.8466349323292078,0.7647945519592028,0.9028055720643713
4,0.6,0.1,0.0,1.0,5.0,no_gate,0.526796875,0.0,1.0,0.4921875,0.4375,0.5,1.0,1.0,1.0,1.0,1.0,1.0
4,0.6,0.1,0.0,1.0,5.0,train_A,1.0,1.0,1.0,0.58125,0.5,0.8375,1.0,1.0,1.0,0.9037940034333667,0.8610626361807427,0.950513969180527
4,0.6,0.1,0.0,1.0,5.0,train_B,0.0,0.0,0.0,0.0640625,0.0,0.5,1.0,1.0,1.0,0.8969890617353428,0.834749440230358,0.9340746254672908
4,0.6,0.1,0.0,1.0,20.0,no_gate,0.526796875,0.0,1.0,0.4921875,0.4375,0.5,1.0,1.0,1.0,1.0,1.0,1.0
4,0.6,0.1,0.0,1.0,20.0,train_A,1.0,1.0,1.0,0.8203125,0.55,1.0,1.0,1.0,1.0,0.8568420312169807,0.7941637029922187,0.9237746648088345
4,0.6,0.1,0.0,1.0,20.0,train_B,0.0,0.0,0.0,0.025,0.0,0.125,1.0,1.0,1.0,0.8466349323292078,0.7647945519592028,0.9028055720643713
4,0.6,0.1,1.0,0.0,5.0,no_gate,0.505078125,0.00375,1.0,0.503125,0.5,0.525,1.0,1.0,1.0,1.0,1.0,1.0
4,0.6,0.1,1.0,0.0,5.0,train_A,0.967265625,0.790625,1.0,0.56875,0.5,0.9,1.0,1.0,1.0,0.9446174942896626,0.9250431073503996,0.9669006744162137
4,0.6,0.1,1.0,0.0,5.0,train_B,0.14835937500000002,0.0,0.995,0.5,0.5,0.5,1.0,1.0,1.0,0.9410265460681684,0.9178639273549467,0.9570724306077215
4,0.6,0.1,1.0,0.0,20.0,no_gate,0.505078125,0.00375,1.0,0.503125,0.5,0.525,1.0,1.0,1.0,1.0,1.0,1.0
4,0.6,0.1,1.0,0.0,20.0,train_A,1.0,1.0,1.0,0.6453125,0.5,1.0,1.0,1.0,1.0,0.9147307253487331,0.8808870958279191,0.9502638341086229
4,0.6,0.1,1.0,0.0,20.0,train_B,0.071484375,0.0,0.570625,0.5,0.5,0.5,1.0,1.0,1.0,0.9085961664707185,0.8805525481857039,0.9357656446380603
4,0.6,0.1,1.0,1.0,5.0,no_gate,0.526796875,0.0,1.0,0.659375,0.4625,1.0,1.0,1.0,1.0,1.0,1.0,1.0
4,0.6,0.1,1.0,1.0,5.0,train_A,1.0,1.0,1.0,1.0,1.0,1.0,1.0,1.0,1.0,0.9446174942896626,0.9250431073503996,0.9669006744162137
4,0.6,0.1,1.0,1.0,5.0,train_B,0.02890625,0.0,0.23125,0.4828125,0.4625,0.5,1.0,1.0,1.0,0.9410265460681684,0.9178639273549467,0.9570724306077215
4,0.6,0.1,1.0,1.0,20.0,no_gate,0.526796875,0.0,1.0,0.659375,0.4625,1.0,1.0,1.0,1.0,1.0,1.0,1.0
4,0.6,0.1,1.0,1.0,20.0,train_A,1.0,1.0,1.0,1.0,1.0,1.0,1.0,1.0,1.0,0.9147307253487331,0.8808870958279191,0.9502638341086229
4,0.6,0.1,1.0,1.0,20.0,train_B,0.0,0.0,0.0,0.4875,0.4375,0.5,1.0,1.0,1.0,0.9085961664707185,0.8805525481857039,0.9357656446380603
4,0.6,0.4,0.0,0.0,5.0,no_gate,0.48554687500000004,0.246875,0.87875,0.553125,0.475,0.825,1.0,1.0,1.0,1.0,1.0,1.0
4,0.6,0.4,0.0,0.0,5.0,train_A,0.736171875,0.560625,0.9475,0.6687500000000001,0.55,0.9,1.0,1.0,1.0,0.8394331109808693,0.7979314417842147,0.8613316431809193
4,0.6,0.4,0.0,0.0,5.0,train_B,0.23843750000000002,0.041875,0.64875,0.4875,0.4375,0.5875,1.0,1.0,1.0,0.842979582868011,0.803902209395595,0.8698789668603866
4,0.6,0.4,0.0,0.0,20.0,no_gate,0.48554687500000004,0.246875,0.87875,0.553125,0.475,0.825,1.0,1.0,1.0,1.0,1.0,1.0
4,0.6,0.4,0.0,0.0,20.0,train_A,0.87734375,0.8025,0.98125,0.796875,0.6875,0.95,1.0,1.0,1.0,0.7152933040046636,0.6707921101929923,0.7421680571684157
4,0.6,0.4,0.0,0.0,20.0,train_B,0.11820312499999999,0.006875,0.400625,0.484375,0.4625,0.5,1.0,1.0,1.0,0.7214087493132956,0.669698796226375,0.7517749139459109
4,0.6,0.4,0.0,1.0,5.0,no_gate,0.48210937499999995,0.260625,0.860625,0.4796875,0.4,0.5,1.0,1.0,1.0,1.0,1.0,1.0
4,0.6,0.4,0.0,1.0,5.0,train_A,0.85453125,0.803125,0.95875,0.521875,0.5,0.5875,1.0,1.0,1.0,0.8394331109808693,0.7979314417842147,0.8613316431809193
4,0.6,0.4,0.0,1.0,5.0,train_B,0.12546875,0.019375,0.42125,0.3390625,0.1375,0.5,1.0,1.0,1.0,0.842979582868011,0.803902209395595,0.8698789668603866
4,0.6,0.4,0.0,1.0,20.0,no_gate,0.48210937499999995,0.260625,0.860625,0.4796875,0.4,0.5,1.0,1.0,1.0,1.0,1.0,1.0
4,0.6,0.4,0.0,1.0,20.0,train_A,0.949765625,0.903125,0.98375,0.5703125,0.5,0.6625,1.0,1.0,1.0,0.7152933040046636,0.6707921101929923,0.7421680571684157
4,0.6,0.4,0.0,1.0,20.0,train_B,0.05078125,0.00125,0.213125,0.29375,0.125,0.5,1.0,1.0,1.0,0.7214087493132956,0.669698796226375,0.7517749139459109
4,0.6,0.4,1.0,0.0,5.0,no_gate,0.48554687500000004,0.246875,0.87875,0.4953125,0.4375,0.525,1.0,1.0,1.0,1.0,1.0,1.0
4,0.6,0.4,1.0,0.0,5.0,train_A,0.652109375,0.4225,0.920625,0.5046875,0.475,0.525,1.0,1.0,1.0,0.9115962861327519,0.8995372654829199,0.9203556823874479
4,0.6,0.4,1.0,0.0,5.0,train_B,0.321640625,0.075625,0.755625,0.5,0.5,0.5,1.0,1.0,1.0,0.9127660053698023,0.8977046404177229,0.9252846519718613
4,0.6,0.4,1.0,0.0,20.0,no_gate,0.48554687500000004,0.246875,0.87875,0.4953125,0.4375,0.525,1.0,1.0,1.0,1.0,1.0,1.0
4,0.6,0.4,1.0,0.0,20.0,train_A,0.773984375,0.585,0.95875,0.5140625,0.5,0.55,1.0,1.0,1.0,0.8310196695694324,0.8171226897957361,0.84309914578986
4,0.6,0.4,1.0,0.0,20.0,train_B,0.21546875,0.030625,0.593125,0.5,0.5,0.5,1.0,1.0,1.0,0.8333192094086551,0.8119892526930148,0.8467400898706732
4,0.6,0.4,1.0,1.0,5.0,no_gate,0.48210937499999995,0.260625,0.860625,0.534375,0.4375,0.7875,1.0,1.0,1.0,1.0,1.0,1.0
4,0.6,0.4,1.0,1.0,5.0,train_A,0.7928125,0.710625,0.940625,0.7359375,0.575,0.9,1.0,1.0,1.0,0.9115962861327519,0.8995372654829199,0.9203556823874479
4,0.6,0.4,1.0,1.0,5.0,train_B,0.17390624999999998,0.04,0.51625,0.4859375,0.45,0.5625,1.0,1.0,1.0,0.9127660053698023,0.8977046404177229,0.9252846519718613
4,0.6,0.4,1.0,1.0,20.0,no_gate,0.48210937499999995,0.260625,0.860625,0.534375,0.4375,0.7875,1.0,1.0,1.0,1.0,1.0,1.0
4,0.6,0.4,1.0,1.0,20.0,train_A,0.927890625,0.864375,0.978125,0.840625,0.75,0.925,1.0,1.0,1.0,0.8310196695694324,0.8171226897957361,0.84309914578986
4,0.6,0.4,1.0,1.0,20.0,train_B,0.0715625,0.005625,0.258125,0.49375,0.475,0.5,1.0,1.0,1.0,0.8333192094086551,0.8119892526930148,0.8467400898706732
4,0.9,0.1,0.0,0.0,5.0,no_gate,0.436796875,0.0,0.978125,0.5765625,0.45,0.9,1.0,1.0,1.0,1.0,1.0,1.0
4,0.9,0.1,0.0,0.0,5.0,train_A,0.79390625,0.5725,1.0,0.7359375,0.5875,1.0,1.0,1.0,1.0,0.9122770303087183,0.8592602311302002,0.9644547529844874
4,0.9,0.1,0.0,0.0,5.0,train_B,0.12265625000000001,0.0,0.42375,0.4828125,0.45,0.5,1.0,1.0,1.0,0.9169103781938921,0.87732411795679,0.9611517346123586
4,0.9,0.1,0.0,0.0,20.0,no_gate,0.436796875,0.0,0.978125,0.5765625,0.45,0.9,1.0,1.0,1.0,1.0,1.0,1.0
4,0.9,0.1,0.0,0.0,20.0,train_A,0.95859375,0.805,1.0,0.909375,0.7,1.0,1.0,1.0,1.0,0.8685377409906512,0.803045051539915,0.9370571550525344
4,0.9,0.1,0.0,0.0,20.0,train_B,0.0109375,0.0,0.029375,0.49374999999999997,0.475,0.5,1.0,1.0,1.0,0.8736165436352173,0.8222930781540564,0.9362639990489636
4,0.9,0.1,0.0,1.0,5.0,no_gate,0.419609375,0.0,0.993125,0.4921875,0.4375,0.5,1.0,1.0,1.0,1.0,1.0,1.0
4,0.9,0.1,0.0,1.0,5.0,train_A,0.883671875,0.73375,1.0,0.509375,0.5,0.575,1.0,1.0,1.0,0.9122770303087183,0.8592602311302002,0.9644547529844874
4,0.9,0.1,0.0,1.0,5.0,train_B,0.051171875,0.0,0.28125,0.34375,0.0,0.5,1.0,1.0,1.0,0.9169103781938921,0.87732411795679,0.9611517346123586
4,0.9,0.1,0.0,1.0,20.0,no_gate,0.419609375,0.0,0.993125,0.4921875,0.4375,0.5,1.0,1.0,1.0,1.0,1.0,1.0
4,0.9,0.1,0.0,1.0,20.0,train_A,0.986953125,0.92875,1.0,0.5859375,0.5,0.875,1.0,1.0,1.0,0.8685377409906512,0.803045051539915,0.9370571550525344
4,0.9,0.1,0.0,1.0,20.0,train_B,0.0032031250000000002,0.0,0.025,0.0703125,0.0,0.225,1.0,1.0,1.0,0.8736165436352173,0.8222930781540564,0.9362639990489636
4,0.9,0.1,1.0,0.0,5.0,no_gate,0.436796875,0.0,0.978125,0.5,0.5,0.5,1.0,1.0,1.0,1.0,1.0,1.0
4,0.9,0.1,1.0,0.0,5.0,train_A,0.612734375,0.253125,0.999375,0.509375,0.5,0.5625,1.0,1.0,1.0,0.9464984611845113,0.9251624913324086,0.9747641827548744
4,0.9,0.1,1.0,0.0,5.0,train_B,0.20765625000000001,0.0,0.58125,0.5,0.5,0.5,1.0,1.0,1.0,0.949748614334123,0.9325331621541382,0.973086945891878
4,0.9,0.1,1.0,0.0,20.0,no_gate,0.436796875,0.0,0.978125,0.5,0.5,0.5,1.0,1.0,1.0,1.0,1.0,1.0
4,0.9,0.1,1.0,0.0,20.0,train_A,0.78234375,0.5575,1.0,0.5390625,0.5,0.7125,1.0,1.0,1.0,0.9183561741868709,0.8908378814949711,0.9553976744025755
4,0.9,0.1,1.0,0.0,20.0,train_B,0.09523437500000001,0.0,0.28375,0.5,0.5,0.5,1.0,1.0,1.0,0.9227231530118771,0.898616244350245,0.9572300393228664
4,0.9,0.1,1.0,1.0,5.0,no_gate,0.419609375,0.0,0.993125,0.58125,0.425,0.9375,1.0,1.0,1.0,1.0,1.0,1.0
4,0.9,0.1,1.0,1.0,5.0,train_A,0.789921875,0.559375,1.0,0.7328125,0.5625,1.0,1.0,1.0,1.0,0.9464984611845113,0.9251624913324086,0.9747641827548744
4,0.9,0.1,1.0,1.0,5.0,train_B,0.083515625,0.0,0.37,0.4875,0.4625,0.5,1.0,1.0,1.0,0.949748614334123,0.9325331621541382,0.973086945891878
4,0.9,0.1,1.0,1.0,20.0,no_gate,0.419609375,0.0,0.993125,0.58125,0.425,0.9375,1.0,1.0,1.0,1.0,1.0,1.0
4,0.9,0.1,1.0,1.0,20.0,train_A,0.9725,0.875625,1.0,0.9421875,0.8375,1.0,1.0,1.0,1.0,0.9183561741868709,0.8908378814949711,0.9553976744025755
4,0.9,0.1,1.0,1.0,20.0,train_B,0.014609374999999999,0.0,0.0875,0.490625,0.4625,0.5,1.0,1.0,1.0,0.9227231530118771,0.898616244350245,0.9572300393228664
4,0.9,0.4,0.0,0.0,5.0,no_gate,0.508671875,0.40875,0.641875,0.5140625,0.4125,0.625,1.0,1.0,1.0,1.0,1.0,1.0
4,0.9,0.4,0.0,0.0,5.0,train_A,0.575546875,0.439375,0.73375,0.5484375,0.425,0.65,1.0,1.0,1.0,0.8200405146025938,0.7677501555593642,0.8696395120027374
4,0.9,0.4,0.0,0.0,5.0,train_B,0.43070312499999996,0.31875,0.556875,0.4875,0.4375,0.575,1.0,1.0,1.0,0.817760457754143,0.7646581732712565,0.8665265679357542
4,0.9,0.4,0.0,0.0,20.0,no_gate,0.508671875,0.40875,0.641875,0.5140625,0.4125,0.625,1.0,1.0,1.0,1.0,1.0,1.0
4,0.9,0.4,0.0,0.0,20.0,train_A,0.6403125000000001,0.449375,0.8125,0.5984375,0.4625,0.7375,1.0,1.0,1.0,0.6972025938458293,0.6449686701032438,0.7567525200210697
4,0.9,0.4,0.0,0.0,20.0,train_B,0.36921875,0.253125,0.584375,0.475,0.425,0.5625,1.0,1.0,1.0,0.6912771318255162,0.6275387592647617,0.7570834406793927
4,0.9,0.4,0.0,1.0,5.0,no_gate,0.51265625,0.359375,0.63,0.4921875,0.4375,0.5,1.0,1.0,1.0,1.0,1.0,1.0
4,0.9,0.4,0.0,1.0,5.0,train_A,0.605234375,0.4325,0.781875,0.4984375,0.4875,0.5,1.0,1.0,1.0,0.8200405146025938,0.7677501555593642,0.8696395120027374
4,0.9,0.4,0.0,1.0,5.0,train_B,0.36515625,0.2225,0.57,0.453125,0.3125,0.5,1.0,1.0,1.0,0.817760457754143,0.7646581732712565,0.8665265679357542
4,0.9,0.4,0.0,1.0,20.0,no_gate,0.51265625,0.359375,0.63,0.4921875,0.4375,0.5,1.0,1.0,1.0,1.0,1.0,1.0
4,0.9,0.4,0.0,1.0,20.0,train_A,0.6671875,0.44625,0.87,0.5171875,0.4875,0.575,1.0,1.0,1.0,0.6972025938458293,0.6449686701032438,0.7567525200210697
4,0.9,0.4,0.0,1.0,20.0,train_B,0.311953125,0.109375,0.60125,0.403125,0.2,0.5,1.0,1.0,1.0,0.6912771318255162,0.6275387592647617,0.7570834406793927
4,0.9,0.4,1.0,0.0,5.0,no_gate,0.508671875,0.40875,0.641875,0.4984375,0.4875,0.5125,1.0,1.0,1.0,1.0,1.0,1.0
4,0.9,0.4,1.0,0.0,5.0,train_A,0.5475,0.440625,0.694375,0.5015625,0.5,0.5125,1.0,1.0,1.0,0.9017530875346067,0.8741330296010986,0.9215493077699439
4,0.9,0.4,1.0,0.0,5.0,train_B,0.46546875,0.35875,0.550625,0.5,0.5,0.5,1.0,1.0,1.0,0.9017620110327573,0.8768978962862042,0.9193786365164393
4,0.9,0.4,1.0,0.0,20.0,no_gate,0.508671875,0.40875,0.641875,0.4984375,0.4875,0.5125,1.0,1.0,1.0,1.0,1.0,1.0
4,0.9,0.4,1.0,0.0,20.0,train_A,0.588671875,0.44875,0.75125,0.5,0.5,0.5,1.0,1.0,1.0,0.8202931421607502,0.7906464622038565,0.8482589069338371
4,0.9,0.4,1.0,0.0,20.0,train_B,0.429609375,0.296875,0.550625,0.5015625,0.5,0.5125,1.0,1.0,1.0,0.8190534134092335,0.7875354529134656,0.8487859750181711
4,0.9,0.4,1.0,1.0,5.0,no_gate,0.51265625,0.359375,0.63,0.521875,0.4375,0.6375,1.0,1.0,1.0,1.0,1.0,1.0
4,0.9,0.4,1.0,1.0,5.0,train_A,0.5896875,0.436875,0.73625,0.5734375,0.475,0.6625,1.0,1.0,1.0,0.9017530875346067,0.8741330296010986,0.9215493077699439
4,0.9,0.4,1.0,1.0,5.0,train_B,0.404375,0.27,0.54125,0.4828125,0.4,0.5375,1.0,1.0,1.0,0.9017620110327573,0.8768978962862042,0.9193786365164393
4,0.9,0.4,1.0,1.0,20.0,no_gate,0.51265625,0.359375,0.63,0.521875,0.4375,0.6375,1.0,1.0,1.0,1.0,1.0,1.0
4,0.9,0.4,1.0,1.0,20.0,train_A,0.65765625,0.445,0.85125,0.6109375,0.4125,0.7875,1.0,1.0,1.0,0.8202931421607502,0.7906464622038565,0.8482589069338371
4,0.9,0.4,1.0,1.0,20.0,train_B,0.3315625,0.119375,0.568125,0.5125,0.475,0.5625,1.0,1.0,1.0,0.8190534134092335,0.7875354529134656,0.8487859750181711
5,0.25,0.1,0.0,0.0,5.0,no_gate,0.8346875,0.29875,1.0,0.8453125,0.4375,1.0,1.0,1.0,1.0,1.0,1.0,1.0
5,0.25,0.1,0.0,0.0,5.0,train_A,1.0,1.0,1.0,1.0,1.0,1.0,1.0,1.0,1.0,0.9396259336011223,0.8911977700462582,0.9652522282864509
5,0.25,0.1,0.0,0.0,5.0,train_B,0.034765625,0.0,0.23,0.4875,0.4375,0.5,1.0,1.0,1.0,0.916594514899421,0.8834699311616373,0.9458648236986578
5,0.25,0.1,0.0,0.0,20.0,no_gate,0.8346875,0.29875,1.0,0.8453125,0.4375,1.0,1.0,1.0,1.0,1.0,1.0,1.0
5,0.25,0.1,0.0,0.0,20.0,train_A,1.0,1.0,1.0,1.0,1.0,1.0,1.0,1.0,1.0,0.9051039765135771,0.8450825716839024,0.9433901393334932
5,0.25,0.1,0.0,0.0,20.0,train_B,0.0,0.0,0.0,0.4875,0.4375,0.5,1.0,1.0,1.0,0.8737783447349364,0.8278879518375012,0.9158082908457444
5,0.25,0.1,0.0,1.0,5.0,no_gate,0.891953125,0.419375,1.0,0.503125,0.5,0.525,1.0,1.0,1.0,1.0,1.0,1.0
5,0.25,0.1,0.0,1.0,5.0,train_A,1.0,1.0,1.0,0.83125,0.5875,1.0,1.0,1.0,1.0,0.9396259336011223,0.8911977700462582,0.9652522282864509
5,0.25,0.1,0.0,1.0,5.0,train_B,0.0,0.0,0.0,0.0296875,0.0,0.1,1.0,1.0,1.0,0.916594514899421,0.8834699311616373,0.9458648236986578
5,0.25,0.1,0.0,1.0,20.0,no_gate,0.891953125,0.419375,1.0,0.503125,0.5,0.525,1.0,1.0,1.0,1.0,1.0,1.0
5,0.25,0.1,0.0,1.0,20.0,train_A,1.0,1.0,1.0,0.9875,0.9625,1.0,1.0,1.0,1.0,0.9051039765135771,0.8450825716839024,0.9433901393334932
5,0.25,0.1,0.0,1.0,20.0,train_B,0.0,0.0,0.0,0.0171875,0.0,0.0875,1.0,1.0,1.0,0.8737783447349364,0.8278879518375012,0.9158082908457444
5,0.25,0.1,1.0,0.0,5.0,no_gate,0.8346875,0.29875,1.0,0.571875,0.5,0.9375,1.0,1.0,1.0,1.0,1.0,1.0
5,0.25,0.1,1.0,0.0,5.0,train_A,0.9996875000000001,0.9975,1.0,0.765625,0.5,1.0,1.0,1.0,1.0,0.9618362608974154,0.9361598137991679,0.9742646809333171
5,0.25,0.1,1.0,0.0,5.0,train_B,0.25906250000000003,0.0,0.9075,0.5,0.5,0.5,1.0,1.0,1.0,0.9498923371744153,0.9356178576626123,0.9648102824579785
5,0.25,0.1,1.0,0.0,20.0,no_gate,0.8346875,0.29875,1.0,0.571875,0.5,0.9375,1.0,1.0,1.0,1.0,1.0,1.0
5,0.25,0.1,1.0,0.0,20.0,train_A,1.0,1.0,1.0,0.9140625,0.5875,1.0,1.0,1.0,1.0,0.9381909853723553,0.9022014719878511,0.958175604857002
5,0.25,0.1,1.0,0.0,20.0,train_B,0.01609375,0.0,0.08625,0.5,0.5,0.5,1.0,1.0,1.0,0.9203810595003254,0.8949269221569104,0.9407442539249629
5,0.25,0.1,1.0,1.0,5.0,no_gate,0.891953125,0.419375,1.0,0.871875,0.425,1.0,1.0,1.0,1.0,1.0,1.0,1.0
5,0.25,0.1,1.0,1.0,5.0,train_A,1.0,1.0,1.0,1.0,1.0,1.0,1.0,1.0,1.0,0.9618362608974154,0.9361598137991679,0.9742646809333171
5,0.25,0.1,1.0,1.0,5.0,train_B,0.002890625,0.0,0.023125,0.4953125,0.475,0.5,1.0,1.0,1.0,0.9498923371744153,0.9356178576626123,0.9648102824579785
5,0.25,0.1,1.0,1.0,20.0,no_gate,0.891953125,0.419375,1.0,0.871875,0.425,1.0,1.0,1.0,1.0,1.0,1.0,1.0
5,0.25,0.1,1.0,1.0,20.0,train_A,1.0,1.0,1.0,1.0,1.0,1.0,1.0,1.0,1.0,0.9381909853723553,0.9022014719878511,0.958175604857002
5,0.25,0.1,1.0,1.0,20.0,train_B,0.0,0.0,0.0,0.4953125,0.475,0.5,1.0,1.0,1.0,0.9203810595003254,0.8949269221569104,0.9407442539249629
5,0.25,0.4,0.0,0.0,5.0,no_gate,0.463359375,0.08375,0.734375,0.5375,0.425,0.65,1.0,1.0,1.0,1.0,1.0,1.0
5,0.25,0.4,0.0,0.0,5.0,train_A,0.879375,0.596875,0.985625,0.8109375,0.575,0.925,1.0,1.0,1.0,0.8329338098866512,0.7998146220418678,0.8694919390026411
5,0.25,0.4,0.0,0.0,5.0,train_B,0.079921875,0.009375,0.138125,0.4953125,0.4875,0.5,1.0,1.0,1.0,0.8329813164269904,0.7911281256257071,0.8833738736965518
5,0.25,0.4,0.0,0.0,20.0,no_gate,0.463359375,0.08375,0.734375,0.5375,0.425,0.65,1.0,1.0,1.0,1.0,1.0,1.0
5,0.25,0.4,0.0,0.0,20.0,train_A,0.9749218749999999,0.893125,1.0,0.9265625,0.8125,0.9875,1.0,1.0,1.0,0.7121878191289011,0.672190351877012,0.7557429197753313
5,0.25,0.4,0.0,0.0,20.0,train_B,0.008906250000000001,0.00125,0.016875,0.496875,0.475,0.5,1.0,1.0,1.0,0.7081169863315047,0.6552447770226664,0.7686014088673294
5,0.25,0.4,0.0,1.0,5.0,no_gate,0.460546875,0.071875,0.785625,0.4734375,0.375,0.5,1.0,1.0,1.0,1.0,1.0,1.0
5,0.25,0.4,0.0,1.0,5.0,train_A,0.96578125,0.851875,1.0,0.5109375,0.5,0.525,1.0,1.0,1.0,0.8329338098866512,0.7998146220418678,0.8694919390026411
5,0.25,0.4,0.0,1.0,5.0,train_B,0.0134375,0.000625,0.02625,0.29375,0.05,0.5,1.0,1.0,1.0,0.8329813164269904,0.7911281256257071,0.8833738736965518
5,0.25,0.4,0.0,1.0,20.0,no_gate,0.460546875,0.071875,0.785625,0.4734375,0.375,0.5,1.0,1.0,1.0,1.0,1.0,1.0
5,0.25,0.4,0.0,1.0,20.0,train_A,0.9959375,0.980625,1.0,0.659375,0.5125,0.8375,1.0,1.0,1.0,0.7121878191289011,0.672190351877012,0.7557429197753313
5,0.25,0.4,0.0,1.0,20.0,train_B,0.000703125,0.0,0.005,0.2640625,0.125,0.4875,1.0,1.0,1.0,0.7081169863315047,0.6552447770226664,0.7686014088673294
5,0.25,0.4,1.0,0.0,5.0,no_gate,0.463359375,0.08375,0.734375,0.5015625,0.4,0.5625,1.0,1.0,1.0,1.0,1.0,1.0
5,0.25,0.4,1.0,0.0,5.0,train_A,0.763125,0.353125,0.915625,0.5171875,0.4625,0.5625,1.0,1.0,1.0,0.9075410394912156,0.8917726894787185,0.926667497313175
5,0.25,0.4,1.0,0.0,5.0,train_B,0.17234375,0.02375,0.260625,0.5,0.5,0.5,1.0,1.0,1.0,0.9087708016207315,0.8879892966175045,0.9358082527656508
5,0.25,0.4,1.0,0.0,20.0,no_gate,0.463359375,0.08375,0.734375,0.5015625,0.4,0.5625,1.0,1.0,1.0,1.0,1.0,1.0
5,0.25,0.4,1.0,0.0,20.0,train_A,0.90671875,0.6975,0.988125,0.540625,0.5,0.6,1.0,1.0,1.0,0.8277428518317506,0.8036223410930126,0.848836206018827
5,0.25,0.4,1.0,0.0,20.0,train_B,0.055625,0.005,0.1025,0.5,0.5,0.5,1.0,1.0,1.0,0.8276056351702402,0.799208743070971,0.862245915673186
5,0.25,0.4,1.0,1.0,5.0,no_gate,0.460546875,0.071875,0.785625,0.5328125,0.375,0.7,1.0,1.0,1.0,1.0,1.0,1.0
5,0.25,0.4,1.0,1.0,5.0,train_A,0.92375,0.6725,0.995625,0.8625,0.65,0.95,1.0,1.0,1.0,0.9075410394912156,0.8917726894787185,0.926667497313175
5,0.25,0.4,1.0,1.0,5.0,train_B,0.035625,0.003125,0.06125,0.4921875,0.4625,0.5,1.0,1.0,1.0,0.9087708016207315,0.8879892966175045,0.9358082527656508
5,0.25,0.4,1.0,1.0,20.0,no_gate,0.460546875,0.071875,0.785625,0.5328125,0.375,0.7,1.0,1.0,1.0,1.0,1.0,1.0
5,0.25,0.4,1.0,1.0,20.0,train_A,0.990625,0.946875,1.0,0.9671875,0.8875,0.9875,1.0,1.0,1.0,0.8277428518317506,0.8036223410930126,0.848836206018827
5,0.25,0.4,1.0,1.0,20.0,train_B,0.00140625,0.0,0.00375,0.4953125,0.4875,0.5,1.0,1.0,1.0,0.8276056351702402,0.799208743070971,0.862245915673186
5,0.6,0.1,0.0,0.0,5.0,no_gate,0.550234375,0.01125,1.0,0.66875,0.475,1.0,1.0,1.0,1.0,1.0,1.0,1.0
5,0.6,0.1,0.0,0.0,5.0,train_A,0.9999218750000001,0.999375,1.0,0.9953125,0.975,1.0,1.0,1.0,1.0,0.9114769561263765,0.8709409121492842,0.9556508437860147
5,0.6,0.1,0.0,0.0,5.0,train_B,0.044609375,0.0,0.351875,0.496875,0.475,0.525,1.0,1.0,1.0,0.9012730575269601,0.8410294757188572,0.9363520922628039
5,0.6,0.1,0.0,0.0,20.0,no_gate,0.550234375,0.01125,1.0,0.66875,0.475,1.0,1.0,1.0,1.0,1.0,1.0,1.0
5,0.6,0.1,0.0,0.0,20.0,train_A,1.0,1.0,1.0,1.0,1.0,1.0,1.0,1.0,1.0,0.8677243506902981,0.8126624719036328,0.9318756769876626
5,0.6,0.1,0.0,0.0,20.0,train_B,0.0,0.0,0.0,0.484375,0.4625,0.5,1.0,1.0,1.0,0.8535247062376875,0.7735787898426609,0.9040358371847653
5,0.6,0.1,0.0,1.0,5.0,no_gate,0.5525781249999999,0.014375,1.0,0.4984375,0.4875,0.5,1.0,1.0,1.0,1.0,1.0,1.0
5,0.6,0.1,0.0,1.0,5.0,train_A,1.0,1.0,1.0,0.5703125,0.5,0.875,1.0,1.0,1.0,0.9114769561263765,0.8709409121492842,0.9556508437860147
5,0.6,0.1,0.0,1.0,5.0,train_B,0.0,0.0,0.0,0.0828125,0.0,0.5,1.0,1.0,1.0,0.9012730575269601,0.8410294757188572,0.9363520922628039
5,0.6,0.1,0.0,1.0,20.0,no_gate,0.5525781249999999,0.014375,1.0,0.4984375,0.4875,0.5,1.0,1.0,1.0,1.0,1.0,1.0
5,0.6,0.1,0.0,1.0,20.0,train_A,1.0,1.0,1.0,0.796875,0.5125,0.975,1.0,1.0,1.0,0.8677243506902981,0.8126624719036328,0.9318756769876626
5,0.6,0.1,0.0,1.0,20.0,train_B,0.0,0.0,0.0,0.025,0.0,0.15,1.0,1.0,1.0,0.8535247062376875,0.7735787898426609,0.9040358371847653
5,0.6,0.1,1.0,0.0,5.0,no_gate,0.550234375,0.01125,1.0,0.5,0.5,0.5,1.0,1.0,1.0,1.0,1.0,1.0
5,0.6,0.1,1.0,0.0,5.0,train_A,0.96453125,0.74125,1.0,0.5671875,0.5,0.8375,1.0,1.0,1.0,0.9496157476381897,0.9304111928823039,0.9694969545135712
5,0.6,0.1,1.0,0.0,5.0,train_B,0.16828125,0.0,0.98875,0.5,0.5,0.5,1.0,1.0,1.0,0.9439618165964736,0.9198999536368216,0.9593219900905521
5,0.6,0.1,1.0,0.0,20.0,no_gate,0.550234375,0.01125,1.0,0.5,0.5,0.5,1.0,1.0,1.0,1.0,1.0,1.0
5,0.6,0.1,1.0,0.0,20.0,train_A,0.999765625,0.998125,1.0,0.6515625,0.5,1.0,1.0,1.0,1.0,0.9227798383916705,0.8925453662208023,0.9538508181943032
5,0.6,0.1,1.0,0.0,20.0,train_B,0.031875,0.0,0.2325,0.5,0.5,0.5,1.0,1.0,1.0,0.9125312185962964,0.88946704174845,0.936521992516665
5,0.6,0.1,1.0,1.0,5.0,no_gate,0.5525781249999999,0.014375,1.0,0.6953125,0.4875,1.0,1.0,1.0,1.0,1.0,1.0,1.0
5,0.6,0.1,1.0,1.0,5.0,train_A,1.0,1.0,1.0,1.0,1.0,1.0,1.0,1.0,1.0,0.9496157476381897,0.9304111928823039,0.9694969545135712
5,0.6,0.1,1.0,1.0,5.0,train_B,0.001640625,0.0,0.013125,0.49375,0.4875,0.5,1.0,1.0,1.0,0.9439618165964736,0.9198999536368216,0.9593219900905521
5,0.6,0.1,1.0,1.0,20.0,no_gate,0.5525781249999999,0.014375,1.0,0.6953125,0.4875,1.0,1.0,1.0,1.0,1.0,1.0,1.0
5,0.6,0.1,1.0,1.0,20.0,train_A,1.0,1.0,1.0,1.0,1.0,1.0,1.0,1.0,1.0,0.9227798383916705,0.8925453662208023,0.9538508181943032
5,0.6,0.1,1.0,1.0,20.0,train_B,0.0,0.0,0.0,0.490625,0.475,0.5,1.0,1.0,1.0,0.9125312185962964,0.88946704174845,0.936521992516665
5,0.6,0.4,0.0,0.0,5.0,no_gate,0.506484375,0.24625,0.9025,0.5671875,0.475,0.85,1.0,1.0,1.0,1.0,1.0,1.0
5,0.6,0.4,0.0,0.0,5.0,train_A,0.7559375,0.64125,0.956875,0.6875,0.5625,0.925,1.0,1.0,1.0,0.8512243211369859,0.8125436117222673,0.8749097273695998
5,0.6,0.4,0.0,0.0,5.0,train_B,0.25765625,0.054375,0.65125,0.4890625,0.4375,0.5875,1.0,1.0,1.0,0.8500056086069576,0.8101415433077337,0.8776268760803907
5,0.6,0.4,0.0,0.0,20.0,no_gate,0.506484375,0.24625,0.9025,0.5671875,0.475,0.85,1.0,1.0,1.0,1.0,1.0,1.0
5,0.6,0.4,0.0,0.0,20.0,train_A,0.89734375,0.79625,0.98375,0.815625,0.675,0.9625,1.0,1.0,1.0,0.7312461833081138,0.6872975159931318,0.7556644387428186
5,0.6,0.4,0.0,0.0,20.0,train_B,0.119140625,0.0175,0.32875,0.490625,0.475,0.5,1.0,1.0,1.0,0.731964896331991,0.6847151956615135,0.7620273222643512
5,0.6,0.4,0.0,1.0,5.0,no_gate,0.48273437500000005,0.274375,0.904375,0.4625,0.325,0.5,1.0,1.0,1.0,1.0,1.0,1.0
5,0.6,0.4,0.0,1.0,5.0,train_A,0.86046875,0.7725,0.97625,0.5203125,0.5,0.5875,1.0,1.0,1.0,0.8512243211369859,0.8125436117222673,0.8749097273695998
5,0.6,0.4,0.0,1.0,5.0,train_B,0.142421875,0.031875,0.45625,0.3421875,0.15,0.5,1.0,1.0,1.0,0.8500056086069576,0.8101415433077337,0.8776268760803907
5,0.6,0.4,0.0,1.0,20.0,no_gate,0.48273437500000005,0.274375,0.904375,0.4625,0.325,0.5,1.0,1.0,1.0,1.0,1.0,1.0
5,0.6,0.4,0.0,1.0,20.0,train_A,0.953359375,0.8725,0.98875,0.590625,0.5,0.6875,1.0,1.0,1.0,0.7312461833081138,0.6872975159931318,0.7556644387428186
5,0.6,0.4,0.0,1.0,20.0,train_B,0.040390625,0.00375,0.14875,0.296875,0.1125,0.425,1.0,1.0,1.0,0.731964896331991,0.6847151956615135,0.7620273222643512
5,0.6,0.4,1.0,0.0,5.0,no_gate,0.506484375,0.24625,0.9025,0.4984375,0.4625,0.525,1.0,1.0,1.0,1.0,1.0,1.0
5,0.6,0.4,1.0,0.0,5.0,train_A,0.677734375,0.4875,0.939375,0.5046875,0.5,0.525,1.0,1.0,1.0,0.9184113049572189,0.9083633042669719,0.9304163323710488
5,0.6,0.4,1.0,0.0,5.0,train_B,0.34984375,0.084375,0.79125,0.5,0.5,0.5,1.0,1.0,1.0,0.9167035110824918,0.8991055290811583,0.9298720996272258
5,0.6,0.4,1.0,0.0,20.0,no_gate,0.506484375,0.24625,0.9025,0.4984375,0.4625,0.525,1.0,1.0,1.0,1.0,1.0,1.0
5,0.6,0.4,1.0,0.0,20.0,train_A,0.796328125,0.660625,0.966875,0.5234375,0.5,0.575,1.0,1.0,1.0,0.8417881274617972,0.8323465405895741,0.852939206738411
5,0.6,0.4,1.0,0.0,20.0,train_B,0.22609374999999998,0.03625,0.6,0.5,0.5,0.5,1.0,1.0,1.0,0.8375690604458337,0.8164948479861867,0.8521859561507805
5,0.6,0.4,1.0,1.0,5.0,no_gate,0.48273437500000005,0.274375,0.904375,0.54375,0.4125,0.85,1.0,1.0,1.0,1.0,1.0,1.0
5,0.6,0.4,1.0,1.0,5.0,train_A,0.7991406249999999,0.715,0.963125,0.7234375,0.5875,0.8875,1.0,1.0,1.0,0.9184113049572189,0.9083633042669719,0.9304163323710488
5,0.6,0.4,1.0,1.0,5.0,train_B,0.200078125,0.045,0.59625,0.478125,0.4375,0.5125,1.0,1.0,1.0,0.9167035110824918,0.8991055290811583,0.9298720996272258
5,0.6,0.4,1.0,1.0,20.0,no_gate,0.48273437500000005,0.274375,0.904375,0.54375,0.4125,0.85,1.0,1.0,1.0,1.0,1.0,1.0
5,0.6,0.4,1.0,1.0,20.0,train_A,0.934453125,0.83125,0.9875,0.865625,0.7375,0.95,1.0,1.0,1.0,0.8417881274617972,0.8323465405895741,0.852939206738411
5,0.6,0.4,1.0,1.0,20.0,train_B,0.07265625,0.0075,0.26625,0.4875,0.4375,0.5,1.0,1.0,1.0,0.8375690604458337,0.8164948479861867,0.8521859561507805
5,0.9,0.1,0.0,0.0,5.0,no_gate,0.47671874999999997,0.0,0.97,0.58125,0.425,0.9375,1.0,1.0,1.0,1.0,1.0,1.0
5,0.9,0.1,0.0,0.0,5.0,train_A,0.814296875,0.605,1.0,0.771875,0.5375,1.0,1.0,1.0,1.0,0.9204021893714464,0.864884369227457,0.9640331457307079
5,0.9,0.1,0.0,0.0,5.0,train_B,0.15015625,0.0,0.34125,0.471875,0.4,0.5,1.0,1.0,1.0,0.9241932145626195,0.8796488555992183,0.958321006282163
5,0.9,0.1,0.0,0.0,20.0,no_gate,0.47671874999999997,0.0,0.97,0.58125,0.425,0.9375,1.0,1.0,1.0,1.0,1.0,1.0
5,0.9,0.1,0.0,0.0,20.0,train_A,0.975078125,0.875,1.0,0.9390625,0.7875,1.0,1.0,1.0,1.0,0.8795703289587631,0.8119665858905496,0.9363463059277557
5,0.9,0.1,0.0,0.0,20.0,train_B,0.017343749999999998,0.0,0.079375,0.4953125,0.4875,0.5,1.0,1.0,1.0,0.8839448627821794,0.8314698379225898,0.9298996077700052
5,0.9,0.1,0.0,1.0,5.0,no_gate,0.47734375,0.0,0.9825,0.459375,0.175,0.5,1.0,1.0,1.0,1.0,1.0,1.0
5,0.9,0.1,0.0,1.0,5.0,train_A,0.93328125,0.790625,1.0,0.5140625,0.5,0.6125,1.0,1.0,1.0,0.9204021893714464,0.864884369227457,0.9640331457307079
5,0.9,0.1,0.0,1.0,5.0,train_B,0.066171875,0.0,0.211875,0.396875,0.0,0.5,1.0,1.0,1.0,0.9241932145626195,0.8796488555992183,0.958321006282163
5,0.9,0.1,0.0,1.0,20.0,no_gate,0.47734375,0.0,0.9825,0.459375,0.175,0.5,1.0,1.0,1.0,1.0,1.0,1.0
5,0.9,0.1,0.0,1.0,20.0,train_A,0.99765625,0.98625,1.0,0.5640625,0.5,0.9375,1.0,1.0,1.0,0.8795703289587631,0.8119665858905496,0.9363463059277557
5,0.9,0.1,0.0,1.0,20.0,train_B,0.00421875,0.0,0.02375,0.059375,0.0,0.1875,1.0,1.0,1.0,0.8839448627821794,0.8314698379225898,0.9298996077700052
5,0.9,0.1,1.0,0.0,5.0,no_gate,0.47671874999999997,0.0,0.97,0.5,0.5,0.5,1.0,1.0,1.0,1.0,1.0,1.0
5,0.9,0.1,1.0,0.0,5.0,train_A,0.659140625,0.23625,0.99125,0.509375,0.5,0.575,1.0,1.0,1.0,0.9523503170630557,0.9267327216311023,0.9755586714183758
5,0.9,0.1,1.0,0.0,5.0,train_B,0.250859375,0.0,0.5225,0.5,0.5,0.5,1.0,1.0,1.0,0.954289443234779,0.9321328687563115,0.971887838430184
5,0.9,0.1,1.0,0.0,20.0,no_gate,0.47671874999999997,0.0,0.97,0.5,0.5,0.5,1.0,1.0,1.0,1.0,1.0,1.0
5,0.9,0.1,1.0,0.0,20.0,train_A,0.814375,0.54375,1.0,0.5234375,0.5,0.6875,1.0,1.0,1.0,0.9262741880547866,0.8976251274603069,0.9556115453312499
5,0.9,0.1,1.0,0.0,20.0,train_B,0.12125,0.0,0.29875,0.5,0.5,0.5,1.0,1.0,1.0,0.9290783749833065,0.9059834024372757,0.9538907508520336
5,0.9,0.1,1.0,1.0,5.0,no_gate,0.47734375,0.0,0.9825,0.5640625,0.425,0.95,1.0,1.0,1.0,1.0,1.0,1.0
5,0.9,0.1,1.0,1.0,5.0,train_A,0.881015625,0.705625,1.0,0.8078125,0.625,1.0,1.0,1.0,1.0,0.9523503170630557,0.9267327216311023,0.9755586714183758
5,0.9,0.1,1.0,1.0,5.0,train_B,0.11796875,0.0,0.289375,0.4765625,0.3875,0.5,1.0,1.0,1.0,0.954289443234779,0.9321328687563115,0.971887838430184
5,0.9,0.1,1.0,1.0,20.0,no_gate,0.47734375,0.0,0.9825,0.5640625,0.425,0.95,1.0,1.0,1.0,1.0,1.0,1.0
5,0.9,0.1,1.0,1.0,20.0,train_A,0.984765625,0.935625,1.0,0.95625,0.8375,1.0,1.0,1.0,1.0,0.9262741880547866,0.8976251274603069,0.9556115453312499
5,0.9,0.1,1.0,1.0,20.0,train_B,0.016796875,0.0,0.085625,0.4890625,0.4625,0.5,1.0,1.0,1.0,0.9290783749833065,0.9059834024372757,0.9538907508520336
5,0.9,0.4,0.0,0.0,5.0,no_gate,0.51046875,0.433125,0.6425,0.5109374999999999,0.4125,0.625,1.0,1.0,1.0,1.0,1.0,1.0
5,0.9,0.4,0.0,0.0,5.0,train_A,0.5903906250000001,0.46375,0.728125,0.5453125,0.4,0.6625,1.0,1.0,1.0,0.8294504546894033,0.7810872195542654,0.8787541766865286
5,0.9,0.4,0.0,0.0,5.0,train_B,0.443828125,0.346875,0.576875,0.471875,0.425,0.5625,1.0,1.0,1.0,0.8259779806046805,0.7793955606400524,0.8771046551105199
5,0.9,0.4,0.0,0.0,20.0,no_gate,0.51046875,0.433125,0.6425,0.5109374999999999,0.4125,0.625,1.0,1.0,1.0,1.0,1.0,1.0
5,0.9,0.4,0.0,0.0,20.0,train_A,0.6525,0.495,0.795,0.615625,0.475,0.7375,1.0,1.0,1.0,0.712559235881334,0.6677763014147422,0.7708555781981212
5,0.9,0.4,0.0,0.0,20.0,train_B,0.37953125,0.265,0.59625,0.4828125,0.4125,0.5625,1.0,1.0,1.0,0.7067142270416282,0.6538305573017489,0.7729559177368854
5,0.9,0.4,0.0,1.0,5.0,no_gate,0.5165625,0.43625,0.640625,0.4984375,0.4625,0.525,1.0,1.0,1.0,1.0,1.0,1.0
5,0.9,0.4,0.0,1.0,5.0,train_A,0.6396875,0.476875,0.819375,0.5109375,0.5,0.5875,1.0,1.0,1.0,0.8294504546894033,0.7810872195542654,0.8787541766865286
5,0.9,0.4,0.0,1.0,5.0,train_B,0.393828125,0.266875,0.60375,0.4765625,0.375,0.55,1.0,1.0,1.0,0.8259779806046805,0.7793955606400524,0.8771046551105199
5,0.9,0.4,0.0,1.0,20.0,no_gate,0.5165625,0.43625,0.640625,0.4984375,0.4625,0.525,1.0,1.0,1.0,1.0,1.0,1.0
5,0.9,0.4,0.0,1.0,20.0,train_A,0.711796875,0.521875,0.88,0.521875,0.5,0.625,1.0,1.0,1.0,0.712559235881334,0.6677763014147422,0.7708555781981212
5,0.9,0.4,0.0,1.0,20.0,train_B,0.324921875,0.191875,0.615,0.390625,0.25,0.575,1.0,1.0,1.0,0.7067142270416282,0.6538305573017489,0.7729559177368854
5,0.9,0.4,1.0,0.0,5.0,no_gate,0.51046875,0.433125,0.6425,0.5015625,0.4875,0.5125,1.0,1.0,1.0,1.0,1.0,1.0
5,0.9,0.4,1.0,0.0,5.0,train_A,0.56125,0.4575,0.686875,0.5015625,0.5,0.5125,1.0,1.0,1.0,0.9068071176195853,0.8804375860749765,0.9278857092772563
5,0.9,0.4,1.0,0.0,5.0,train_B,0.46953125,0.368125,0.56125,0.5015625,0.5,0.5125,1.0,1.0,1.0,0.905318209492179,0.8829516239944979,0.9267020516218187
5,0.9,0.4,1.0,0.0,20.0,no_gate,0.51046875,0.433125,0.6425,0.5015625,0.4875,0.5125,1.0,1.0,1.0,1.0,1.0,1.0
5,0.9,0.4,1.0,0.0,20.0,train_A,0.603125,0.48875,0.721875,0.503125,0.5,0.5125,1.0,1.0,1.0,0.8288669298017178,0.7983069987323645,0.8566653843986449
5,0.9,0.4,1.0,0.0,20.0,train_B,0.436015625,0.321875,0.569375,0.4984375,0.4875,0.5,1.0,1.0,1.0,0.8254363184141236,0.7968355977649222,0.8573736607968439
5,0.9,0.4,1.0,1.0,5.0,no_gate,0.5165625,0.43625,0.640625,0.515625,0.45,0.6125,1.0,1.0,1.0,1.0,1.0,1.0
5,0.9,0.4,1.0,1.0,5.0,train_A,0.6190625,0.47125,0.77375,0.578125,0.425,0.75,1.0,1.0,1.0,0.9068071176195853,0.8804375860749765,0.9278857092772563
5,0.9,0.4,1.0,1.0,5.0,train_B,0.424375,0.2825,0.58375,0.4859375,0.4125,0.55,1.0,1.0,1.0,0.905318209492179,0.8829516239944979,0.9267020516218187
5,0.9,0.4,1.0,1.0,20.0,no_gate,0.5165625,0.43625,0.640625,0.515625,0.45,0.6125,1.0,1.0,1.0,1.0,1.0,1.0
5,0.9,0.4,1.0,1.0,20.0,train_A,0.6969531250000001,0.504375,0.864375,0.6484375,0.5125,0.8125,1.0,1.0,1.0,0.8288669298017178,0.7983069987323645,0.8566653843986449
5,0.9,0.4,1.0,1.0,20.0,train_B,0.339375,0.1775,0.600625,0.5046875,0.4625,0.55,1.0,1.0,1.0,0.8254363184141236,0.7968355977649222,0.8573736607968439
