graph,noise,amplitude,test_apl,learning_gate,readout,source_pattern,naive_assigned_A_mean,naive_assigned_A_min,naive_assigned_A_max,gated_assigned_A_mean,gated_assigned_A_min,gated_assigned_A_max,signal_detected_fraction_mean,signal_detected_fraction_min,signal_detected_fraction_max,accuracy_mean,accuracy_min,accuracy_max,accuracy_rejections_wrong_mean,accuracy_rejections_wrong_min,accuracy_rejections_wrong_max,auc_A_mean,auc_A_min,auc_A_max
0,0.1,0.0,0.0,0.0,activity_normalized,A,0.99875,0.99,1.0,0.051250000000000004,0.02,0.08,0.051250000000000004,0.02,0.08,,,,,,,,,
0,0.1,0.0,0.0,0.0,activity_normalized,B,1.0,1.0,1.0,0.0425,0.02,0.07,0.0425,0.02,0.07,,,,,,,,,
0,0.1,0.0,0.0,0.0,counterfactual_fraction,A,0.0,0.0,0.0,0.0,0.0,0.0,0.051250000000000004,0.02,0.08,,,,,,,,,
0,0.1,0.0,0.0,0.0,counterfactual_fraction,B,0.0,0.0,0.0,0.0,0.0,0.0,0.0425,0.02,0.07,,,,,,,,,
0,0.1,0.0,0.0,0.0,raw,A,1.0,1.0,1.0,0.051250000000000004,0.02,0.08,0.051250000000000004,0.02,0.08,,,,,,,,,
0,0.1,0.0,0.0,0.0,raw,B,1.0,1.0,1.0,0.0425,0.02,0.07,0.0425,0.02,0.07,,,,,,,,,
0,0.1,0.0,0.0,1.0,activity_normalized,A,0.99875,0.99,1.0,0.051250000000000004,0.02,0.08,0.051250000000000004,0.02,0.08,,,,,,,,,
0,0.1,0.0,0.0,1.0,activity_normalized,B,1.0,1.0,1.0,0.0425,0.02,0.07,0.0425,0.02,0.07,,,,,,,,,
0,0.1,0.0,0.0,1.0,counterfactual_fraction,A,0.0,0.0,0.0,0.0,0.0,0.0,0.051250000000000004,0.02,0.08,,,,,,,,,
0,0.1,0.0,0.0,1.0,counterfactual_fraction,B,0.0,0.0,0.0,0.0,0.0,0.0,0.0425,0.02,0.07,,,,,,,,,
0,0.1,0.0,0.0,1.0,raw,A,1.0,1.0,1.0,0.051250000000000004,0.02,0.08,0.051250000000000004,0.02,0.08,,,,,,,,,
0,0.1,0.0,0.0,1.0,raw,B,1.0,1.0,1.0,0.0425,0.02,0.07,0.0425,0.02,0.07,,,,,,,,,
0,0.1,0.0,1.0,0.0,activity_normalized,A,0.99875,0.99,1.0,0.051250000000000004,0.02,0.08,0.051250000000000004,0.02,0.08,,,,,,,,,
0,0.1,0.0,1.0,0.0,activity_normalized,B,1.0,1.0,1.0,0.0425,0.02,0.07,0.0425,0.02,0.07,,,,,,,,,
0,0.1,0.0,1.0,0.0,counterfactual_fraction,A,0.0,0.0,0.0,0.0,0.0,0.0,0.051250000000000004,0.02,0.08,,,,,,,,,
0,0.1,0.0,1.0,0.0,counterfactual_fraction,B,0.0,0.0,0.0,0.0,0.0,0.0,0.0425,0.02,0.07,,,,,,,,,
0,0.1,0.0,1.0,0.0,raw,A,1.0,1.0,1.0,0.051250000000000004,0.02,0.08,0.051250000000000004,0.02,0.08,,,,,,,,,
0,0.1,0.0,1.0,0.0,raw,B,1.0,1.0,1.0,0.0425,0.02,0.07,0.0425,0.02,0.07,,,,,,,,,
0,0.1,0.0,1.0,1.0,activity_normalized,A,0.99875,0.99,1.0,0.051250000000000004,0.02,0.08,0.051250000000000004,0.02,0.08,,,,,,,,,
0,0.1,0.0,1.0,1.0,activity_normalized,B,1.0,1.0,1.0,0.0425,0.02,0.07,0.0425,0.02,0.07,,,,,,,,,
0,0.1,0.0,1.0,1.0,counterfactual_fraction,A,0.0,0.0,0.0,0.0,0.0,0.0,0.051250000000000004,0.02,0.08,,,,,,,,,
0,0.1,0.0,1.0,1.0,counterfactual_fraction,B,0.0,0.0,0.0,0.0,0.0,0.0,0.0425,0.02,0.07,,,,,,,,,
0,0.1,0.0,1.0,1.0,raw,A,1.0,1.0,1.0,0.051250000000000004,0.02,0.08,0.051250000000000004,0.02,0.08,,,,,,,,,
0,0.1,0.0,1.0,1.0,raw,B,1.0,1.0,1.0,0.0425,0.02,0.07,0.0425,0.02,0.07,,,,,,,,,
0,0.1,0.1,0.0,0.0,activity_normalized,A,0.97875,0.91,1.0,0.80625,0.74,0.86,0.8275,0.75,0.88,0.494375,0.46,0.505,0.4075,0.375,0.43,0.49254375,0.46035,0.505
0,0.1,0.1,0.0,0.0,activity_normalized,B,0.99,0.96,1.0,0.80375,0.75,0.86,0.8125,0.76,0.86,0.494375,0.46,0.505,0.4075,0.375,0.43,0.49254375,0.46035,0.505
0,0.1,0.1,0.0,0.0,counterfactual_fraction,A,0.0,0.0,0.0,0.0,0.0,0.0,0.8275,0.75,0.88,0.5,0.5,0.5,0.40625,0.38,0.43,0.5,0.5,0.5
0,0.1,0.1,0.0,0.0,counterfactual_fraction,B,0.0,0.0,0.0,0.0,0.0,0.0,0.8125,0.76,0.86,0.5,0.5,0.5,0.40625,0.38,0.43,0.5,0.5,0.5
0,0.1,0.1,0.0,0.0,raw,A,1.0,1.0,1.0,0.8275,0.75,0.88,0.8275,0.75,0.88,0.5,0.5,0.5,0.41375,0.375,0.44,0.492625,0.46035,0.505
0,0.1,0.1,0.0,0.0,raw,B,1.0,1.0,1.0,0.8125,0.76,0.86,0.8125,0.76,0.86,0.5,0.5,0.5,0.41375,0.375,0.44,0.492625,0.46035,0.505
0,0.1,0.1,0.0,1.0,activity_normalized,A,0.99875,0.99,1.0,0.82625,0.75,0.88,0.8275,0.75,0.88,0.5,0.495,0.505,0.41375,0.375,0.44,0.49254375,0.4602,0.505
0,0.1,0.1,0.0,1.0,activity_normalized,B,0.99875,0.99,1.0,0.81125,0.76,0.86,0.8125,0.76,0.86,0.5,0.495,0.505,0.41375,0.375,0.44,0.49254375,0.4602,0.505
0,0.1,0.1,0.0,1.0,counterfactual_fraction,A,0.02375,0.0,0.09,0.02375,0.0,0.09,0.8275,0.75,0.88,0.506875,0.495,0.54,0.41375,0.4,0.43,0.50623125,0.495,0.5397
0,0.1,0.1,0.0,1.0,counterfactual_fraction,B,0.01,0.0,0.04,0.008749999999999999,0.0,0.03,0.8125,0.76,0.86,0.506875,0.495,0.54,0.41375,0.4,0.43,0.50623125,0.495,0.5397
0,0.1,0.1,0.0,1.0,raw,A,1.0,1.0,1.0,0.8275,0.75,0.88,0.8275,0.75,0.88,0.5,0.5,0.5,0.41375,0.375,0.44,0.492625,0.46025,0.505
0,0.1,0.1,0.0,1.0,raw,B,1.0,1.0,1.0,0.8125,0.76,0.86,0.8125,0.76,0.86,0.5,0.5,0.5,0.41375,0.375,0.44,0.492625,0.46025,0.505
0,0.1,0.1,1.0,0.0,activity_normalized,A,0.97875,0.91,1.0,0.80625,0.74,0.86,0.8275,0.75,0.88,0.494375,0.46,0.505,0.4075,0.375,0.43,0.49254375,0.4604,0.505
0,0.1,0.1,1.0,0.0,activity_normalized,B,0.99,0.96,1.0,0.80375,0.75,0.86,0.8125,0.76,0.86,0.494375,0.46,0.505,0.4075,0.375,0.43,0.49254375,0.4604,0.505
0,0.1,0.1,1.0,0.0,counterfactual_fraction,A,0.0,0.0,0.0,0.0,0.0,0.0,0.8275,0.75,0.88,0.5,0.5,0.5,0.40625,0.38,0.43,0.5,0.5,0.5
0,0.1,0.1,1.0,0.0,counterfactual_fraction,B,0.0,0.0,0.0,0.0,0.0,0.0,0.8125,0.76,0.86,0.5,0.5,0.5,0.40625,0.38,0.43,0.5,0.5,0.5
0,0.1,0.1,1.0,0.0,raw,A,1.0,1.0,1.0,0.8275,0.75,0.88,0.8275,0.75,0.88,0.5,0.5,0.5,0.41375,0.375,0.44,0.492625,0.46035,0.505
0,0.1,0.1,1.0,0.0,raw,B,1.0,1.0,1.0,0.8125,0.76,0.86,0.8125,0.76,0.86,0.5,0.5,0.5,0.41375,0.375,0.44,0.492625,0.46035,0.505
0,0.1,0.1,1.0,1.0,activity_normalized,A,0.99875,0.99,1.0,0.82625,0.75,0.88,0.8275,0.75,0.88,0.5,0.495,0.505,0.41375,0.375,0.44,0.49254375,0.4602,0.505
0,0.1,0.1,1.0,1.0,activity_normalized,B,0.99875,0.99,1.0,0.81125,0.76,0.86,0.8125,0.76,0.86,0.5,0.495,0.505,0.41375,0.375,0.44,0.49254375,0.4602,0.505
0,0.1,0.1,1.0,1.0,counterfactual_fraction,A,0.02375,0.0,0.09,0.02375,0.0,0.09,0.8275,0.75,0.88,0.506875,0.495,0.54,0.41375,0.4,0.43,0.50624375,0.495,0.53985
0,0.1,0.1,1.0,1.0,counterfactual_fraction,B,0.01,0.0,0.04,0.008749999999999999,0.0,0.03,0.8125,0.76,0.86,0.506875,0.495,0.54,0.41375,0.4,0.43,0.50624375,0.495,0.53985
0,0.1,0.1,1.0,1.0,raw,A,1.0,1.0,1.0,0.8275,0.75,0.88,0.8275,0.75,0.88,0.5,0.5,0.5,0.41375,0.375,0.44,0.492625,0.46025,0.505
0,0.1,0.1,1.0,1.0,raw,B,1.0,1.0,1.0,0.8125,0.76,0.86,0.8125,0.76,0.86,0.5,0.5,0.5,0.41375,0.375,0.44,0.492625,0.46025,0.505
0,0.1,0.25,0.0,0.0,activity_normalized,A,0.78625,0.36,0.98,0.78625,0.36,0.98,1.0,1.0,1.0,0.5231250000000001,0.365,0.635,0.5231250000000001,0.365,0.635,0.53314375,0.3394,0.64865
0,0.1,0.25,0.0,0.0,activity_normalized,B,0.74,0.4,0.92,0.74,0.4,0.92,1.0,1.0,1.0,0.5231250000000001,0.365,0.635,0.5231250000000001,0.365,0.635,0.53314375,0.3394,0.64865
0,0.1,0.25,0.0,0.0,counterfactual_fraction,A,0.0,0.0,0.0,0.0,0.0,0.0,1.0,1.0,1.0,0.5,0.5,0.5,0.5,0.5,0.5,0.5,0.5,0.5
0,0.1,0.25,0.0,0.0,counterfactual_fraction,B,0.0,0.0,0.0,0.0,0.0,0.0,1.0,1.0,1.0,0.5,0.5,0.5,0.5,0.5,0.5,0.5,0.5,0.5
0,0.1,0.25,0.0,0.0,raw,A,1.0,1.0,1.0,1.0,1.0,1.0,1.0,1.0,1.0,0.5,0.5,0.5,0.5,0.5,0.5,0.49754375,0.20685,0.65255
0,0.1,0.25,0.0,0.0,raw,B,1.0,1.0,1.0,1.0,1.0,1.0,1.0,1.0,1.0,0.5,0.5,0.5,0.5,0.5,0.5,0.49754375,0.20685,0.65255
0,0.1,0.25,0.0,1.0,activity_normalized,A,0.99375,0.98,1.0,0.99375,0.98,1.0,1.0,1.0,1.0,0.505,0.49,0.515,0.505,0.49,0.515,0.51028125,0.34225,0.63605
0,0.1,0.25,0.0,1.0,activity_normalized,B,0.98375,0.97,1.0,0.98375,0.97,1.0,1.0,1.0,1.0,0.505,0.49,0.515,0.505,0.49,0.515,0.51028125,0.34225,0.63605
0,0.1,0.25,0.0,1.0,counterfactual_fraction,A,0.4575,0.06,0.93,0.4575,0.06,0.93,1.0,1.0,1.0,0.494375,0.36,0.705,0.494375,0.36,0.705,0.48613125,0.34785,0.73715
0,0.1,0.25,0.0,1.0,counterfactual_fraction,B,0.46875,0.19,0.92,0.46875,0.19,0.92,1.0,1.0,1.0,0.494375,0.36,0.705,0.494375,0.36,0.705,0.48613125,0.34785,0.73715
0,0.1,0.25,0.0,1.0,raw,A,1.0,1.0,1.0,1.0,1.0,1.0,1.0,1.0,1.0,0.5,0.5,0.5,0.5,0.5,0.5,0.5057812500000001,0.30715,0.64375
0,0.1,0.25,0.0,1.0,raw,B,1.0,1.0,1.0,1.0,1.0,1.0,1.0,1.0,1.0,0.5,0.5,0.5,0.5,0.5,0.5,0.5057812500000001,0.30715,0.64375
0,0.1,0.25,1.0,0.0,activity_normalized,A,0.78625,0.36,0.98,0.78625,0.36,0.98,1.0,1.0,1.0,0.5231250000000001,0.365,0.635,0.5231250000000001,0.365,0.635,0.53315,0.3397,0.64765
0,0.1,0.25,1.0,0.0,activity_normalized,B,0.74,0.4,0.92,0.74,0.4,0.92,1.0,1.0,1.0,0.5231250000000001,0.365,0.635,0.5231250000000001,0.365,0.635,0.53315,0.3397,0.64765
0,0.1,0.25,1.0,0.0,counterfactual_fraction,A,0.0,0.0,0.0,0.0,0.0,0.0,1.0,1.0,1.0,0.5,0.5,0.5,0.5,0.5,0.5,0.5,0.5,0.5
0,0.1,0.25,1.0,0.0,counterfactual_fraction,B,0.0,0.0,0.0,0.0,0.0,0.0,1.0,1.0,1.0,0.5,0.5,0.5,0.5,0.5,0.5,0.5,0.5,0.5
0,0.1,0.25,1.0,0.0,raw,A,1.0,1.0,1.0,1.0,1.0,1.0,1.0,1.0,1.0,0.5,0.5,0.5,0.5,0.5,0.5,0.49810625,0.20735,0.65235
0,0.1,0.25,1.0,0.0,raw,B,1.0,1.0,1.0,1.0,1.0,1.0,1.0,1.0,1.0,0.5,0.5,0.5,0.5,0.5,0.5,0.49810625,0.20735,0.65235
0,0.1,0.25,1.0,1.0,activity_normalized,A,0.99375,0.98,1.0,0.99375,0.98,1.0,1.0,1.0,1.0,0.505,0.49,0.515,0.505,0.49,0.515,0.51311875,0.34545,0.6361
0,0.1,0.25,1.0,1.0,activity_normalized,B,0.98375,0.97,1.0,0.98375,0.97,1.0,1.0,1.0,1.0,0.505,0.49,0.515,0.505,0.49,0.515,0.51311875,0.34545,0.6361
0,0.1,0.25,1.0,1.0,counterfactual_fraction,A,0.45625,0.06,0.93,0.45625,0.06,0.93,1.0,1.0,1.0,0.49375,0.36,0.705,0.49375,0.36,0.705,0.48684375,0.351,0.7337
0,0.1,0.25,1.0,1.0,counterfactual_fraction,B,0.46875,0.19,0.92,0.46875,0.19,0.92,1.0,1.0,1.0,0.49375,0.36,0.705,0.49375,0.36,0.705,0.48684375,0.351,0.7337
0,0.1,0.25,1.0,1.0,raw,A,1.0,1.0,1.0,1.0,1.0,1.0,1.0,1.0,1.0,0.5,0.5,0.5,0.5,0.5,0.5,0.50784375,0.30765,0.64375
0,0.1,0.25,1.0,1.0,raw,B,1.0,1.0,1.0,1.0,1.0,1.0,1.0,1.0,1.0,0.5,0.5,0.5,0.5,0.5,0.5,0.50784375,0.30765,0.64375
0,0.1,0.5,0.0,0.0,activity_normalized,A,0.5375,0.11,0.96,0.5375,0.11,0.96,1.0,1.0,1.0,0.638125,0.465,0.93,0.638125,0.465,0.93,0.6996625000000001,0.3353,0.9793
0,0.1,0.5,0.0,0.0,activity_normalized,B,0.26125,0.0,0.86,0.26125,0.0,0.86,1.0,1.0,1.0,0.638125,0.465,0.93,0.638125,0.465,0.93,0.6996625000000001,0.3353,0.9793
0,0.1,0.5,0.0,0.0,counterfactual_fraction,A,0.0,0.0,0.0,0.0,0.0,0.0,1.0,1.0,1.0,0.5,0.5,0.5,0.5,0.5,0.5,0.5,0.5,0.5
0,0.1,0.5,0.0,0.0,counterfactual_fraction,B,0.0,0.0,0.0,0.0,0.0,0.0,1.0,1.0,1.0,0.5,0.5,0.5,0.5,0.5,0.5,0.5,0.5,0.5
0,0.1,0.5,0.0,0.0,raw,A,1.0,1.0,1.0,1.0,1.0,1.0,1.0,1.0,1.0,0.5,0.5,0.5,0.5,0.5,0.5,0.5338875,0.0469,0.9698
0,0.1,0.5,0.0,0.0,raw,B,1.0,1.0,1.0,1.0,1.0,1.0,1.0,1.0,1.0,0.5,0.5,0.5,0.5,0.5,0.5,0.5338875,0.0469,0.9698
0,0.1,0.5,0.0,1.0,activity_normalized,A,0.99,0.93,1.0,0.99,0.93,1.0,1.0,1.0,1.0,0.68125,0.505,0.945,0.68125,0.505,0.945,0.8612875,0.6988,0.9997
0,0.1,0.5,0.0,1.0,activity_normalized,B,0.6275,0.11,0.99,0.6275,0.11,0.99,1.0,1.0,1.0,0.68125,0.505,0.945,0.68125,0.505,0.945,0.8612875,0.6988,0.9997
0,0.1,0.5,0.0,1.0,counterfactual_fraction,A,0.99,0.93,1.0,0.99,0.93,1.0,1.0,1.0,1.0,0.655625,0.505,0.87,0.655625,0.505,0.87,0.8577375,0.6687,0.9984
0,0.1,0.5,0.0,1.0,counterfactual_fraction,B,0.67875,0.26,0.99,0.67875,0.26,0.99,1.0,1.0,1.0,0.655625,0.505,0.87,0.655625,0.505,0.87,0.8577375,0.6687,0.9984
0,0.1,0.5,0.0,1.0,raw,A,1.0,1.0,1.0,1.0,1.0,1.0,1.0,1.0,1.0,0.5,0.5,0.5,0.5,0.5,0.5,0.8230125,0.6688,0.9992
0,0.1,0.5,0.0,1.0,raw,B,1.0,1.0,1.0,1.0,1.0,1.0,1.0,1.0,1.0,0.5,0.5,0.5,0.5,0.5,0.5,0.8230125,0.6688,0.9992
0,0.1,0.5,1.0,0.0,activity_normalized,A,0.56375,0.21,0.98,0.56375,0.21,0.98,1.0,1.0,1.0,0.636875,0.455,0.92,0.636875,0.455,0.92,0.7095625,0.405,0.978
0,0.1,0.5,1.0,0.0,activity_normalized,B,0.29,0.0,0.91,0.29,0.0,0.91,1.0,1.0,1.0,0.636875,0.455,0.92,0.636875,0.455,0.92,0.7095625,0.405,0.978
0,0.1,0.5,1.0,0.0,counterfactual_fraction,A,0.0,0.0,0.0,0.0,0.0,0.0,1.0,1.0,1.0,0.5,0.5,0.5,0.5,0.5,0.5,0.5,0.5,0.5
0,0.1,0.5,1.0,0.0,counterfactual_fraction,B,0.0,0.0,0.0,0.0,0.0,0.0,1.0,1.0,1.0,0.5,0.5,0.5,0.5,0.5,0.5,0.5,0.5,0.5
0,0.1,0.5,1.0,0.0,raw,A,1.0,1.0,1.0,1.0,1.0,1.0,1.0,1.0,1.0,0.5,0.5,0.5,0.5,0.5,0.5,0.5425125,0.0495,0.9733
0,0.1,0.5,1.0,0.0,raw,B,1.0,1.0,1.0,1.0,1.0,1.0,1.0,1.0,1.0,0.5,0.5,0.5,0.5,0.5,0.5,0.5425125,0.0495,0.9733
0,0.1,0.5,1.0,1.0,activity_normalized,A,0.9975,0.99,1.0,0.9975,0.99,1.0,1.0,1.0,1.0,0.65125,0.505,0.94,0.65125,0.505,0.94,0.8738375,0.6904,0.9999
0,0.1,0.5,1.0,1.0,activity_normalized,B,0.6950000000000001,0.12,0.99,0.6950000000000001,0.12,0.99,1.0,1.0,1.0,0.65125,0.505,0.94,0.65125,0.505,0.94,0.8738375,0.6904,0.9999
0,0.1,0.5,1.0,1.0,counterfactual_fraction,A,0.99875,0.99,1.0,0.99875,0.99,1.0,1.0,1.0,1.0,0.628125,0.505,0.85,0.628125,0.505,0.85,0.868125,0.6609,0.9985
0,0.1,0.5,1.0,1.0,counterfactual_fraction,B,0.7424999999999999,0.3,0.99,0.7424999999999999,0.3,0.99,1.0,1.0,1.0,0.628125,0.505,0.85,0.628125,0.505,0.85,0.868125,0.6609,0.9985
0,0.1,0.5,1.0,1.0,raw,A,1.0,1.0,1.0,1.0,1.0,1.0,1.0,1.0,1.0,0.5,0.5,0.5,0.5,0.5,0.5,0.8526875,0.6645,0.9995
0,0.1,0.5,1.0,1.0,raw,B,1.0,1.0,1.0,1.0,1.0,1.0,1.0,1.0,1.0,0.5,0.5,0.5,0.5,0.5,0.5,0.8526875,0.6645,0.9995
0,0.1,1.0,0.0,0.0,activity_normalized,A,0.205,0.0,0.8,0.205,0.0,0.8,1.0,1.0,1.0,0.6012500000000001,0.5,0.9,0.6012500000000001,0.5,0.9,0.7188749999999999,0.0,0.993
0,0.1,1.0,0.0,0.0,activity_normalized,B,0.0025,0.0,0.01,0.0025,0.0,0.01,1.0,1.0,1.0,0.6012500000000001,0.5,0.9,0.6012500000000001,0.5,0.9,0.7188749999999999,0.0,0.993
0,0.1,1.0,0.0,0.0,counterfactual_fraction,A,0.0,0.0,0.0,0.0,0.0,0.0,1.0,1.0,1.0,0.5,0.5,0.5,0.5,0.5,0.5,0.5,0.5,0.5
0,0.1,1.0,0.0,0.0,counterfactual_fraction,B,0.0,0.0,0.0,0.0,0.0,0.0,1.0,1.0,1.0,0.5,0.5,0.5,0.5,0.5,0.5,0.5,0.5,0.5
0,0.1,1.0,0.0,0.0,raw,A,0.01875,0.0,0.13,0.01875,0.0,0.13,1.0,1.0,1.0,0.509375,0.5,0.565,0.509375,0.5,0.565,0.468275,0.0022,0.99
0,0.1,1.0,0.0,0.0,raw,B,0.0,0.0,0.0,0.0,0.0,0.0,1.0,1.0,1.0,0.509375,0.5,0.565,0.509375,0.5,0.565,0.468275,0.0022,0.99
0,0.1,1.0,0.0,1.0,activity_normalized,A,0.20500000000000002,0.0,1.0,0.20500000000000002,0.0,1.0,1.0,1.0,1.0,0.6025,0.5,1.0,0.6025,0.5,1.0,0.9579625,0.8401,1.0
0,0.1,1.0,0.0,1.0,activity_normalized,B,0.0,0.0,0.0,0.0,0.0,0.0,1.0,1.0,1.0,0.6025,0.5,1.0,0.6025,0.5,1.0,0.9579625,0.8401,1.0
0,0.1,1.0,0.0,1.0,counterfactual_fraction,A,0.20500000000000002,0.0,1.0,0.20500000000000002,0.0,1.0,1.0,1.0,1.0,0.6025,0.5,1.0,0.6025,0.5,1.0,0.96405,0.8118,1.0
0,0.1,1.0,0.0,1.0,counterfactual_fraction,B,0.0,0.0,0.0,0.0,0.0,0.0,1.0,1.0,1.0,0.6025,0.5,1.0,0.6025,0.5,1.0,0.96405,0.8118,1.0
0,0.1,1.0,0.0,1.0,raw,A,0.135,0.0,0.76,0.135,0.0,0.76,1.0,1.0,1.0,0.5675,0.5,0.88,0.5675,0.5,0.88,0.7824875,0.453,1.0
0,0.1,1.0,0.0,1.0,raw,B,0.0,0.0,0.0,0.0,0.0,0.0,1.0,1.0,1.0,0.5675,0.5,0.88,0.5675,0.5,0.88,0.7824875,0.453,1.0
0,0.1,1.0,1.0,0.0,activity_normalized,A,0.66875,0.0,0.99,0.66875,0.0,0.99,1.0,1.0,1.0,0.73375,0.47,0.995,0.73375,0.47,0.995,0.723975,0.0959,1.0
0,0.1,1.0,1.0,0.0,activity_normalized,B,0.20124999999999998,0.0,0.77,0.20124999999999998,0.0,0.77,1.0,1.0,1.0,0.73375,0.47,0.995,0.73375,0.47,0.995,0.723975,0.0959,1.0
0,0.1,1.0,1.0,0.0,counterfactual_fraction,A,0.0,0.0,0.0,0.0,0.0,0.0,1.0,1.0,1.0,0.5,0.5,0.5,0.5,0.5,0.5,0.5,0.5,0.5
0,0.1,1.0,1.0,0.0,counterfactual_fraction,B,0.0,0.0,0.0,0.0,0.0,0.0,1.0,1.0,1.0,0.5,0.5,0.5,0.5,0.5,0.5,0.5,0.5,0.5
0,0.1,1.0,1.0,0.0,raw,A,0.5225,0.0,1.0,0.5225,0.0,1.0,1.0,1.0,1.0,0.604375,0.43,0.985,0.604375,0.43,0.985,0.4665375,0.0028,0.9993
0,0.1,1.0,1.0,0.0,raw,B,0.31375,0.0,0.91,0.31375,0.0,0.91,1.0,1.0,1.0,0.604375,0.43,0.985,0.604375,0.43,0.985,0.4665375,0.0028,0.9993
0,0.1,1.0,1.0,1.0,activity_normalized,A,0.9824999999999999,0.93,1.0,0.9824999999999999,0.93,1.0,1.0,1.0,1.0,0.97125,0.855,1.0,0.97125,0.855,1.0,0.9891625,0.9243,1.0
0,0.1,1.0,1.0,1.0,activity_normalized,B,0.04,0.0,0.22,0.04,0.0,0.22,1.0,1.0,1.0,0.97125,0.855,1.0,0.97125,0.855,1.0,0.9891625,0.9243,1.0
0,0.1,1.0,1.0,1.0,counterfactual_fraction,A,0.96875,0.9,1.0,0.96875,0.9,1.0,1.0,1.0,1.0,0.963125,0.81,1.0,0.963125,0.81,1.0,0.9877625,0.9175,1.0
0,0.1,1.0,1.0,1.0,counterfactual_fraction,B,0.042499999999999996,0.0,0.29,0.042499999999999996,0.0,0.29,1.0,1.0,1.0,0.963125,0.81,1.0,0.963125,0.81,1.0,0.9877625,0.9175,1.0
0,0.1,1.0,1.0,1.0,raw,A,0.955,0.84,1.0,0.955,0.84,1.0,1.0,1.0,1.0,0.95125,0.78,1.0,0.95125,0.78,1.0,0.9745125,0.8441,1.0
0,0.1,1.0,1.0,1.0,raw,B,0.052500000000000005,0.0,0.28,0.052500000000000005,0.0,0.28,1.0,1.0,1.0,0.95125,0.78,1.0,0.95125,0.78,1.0,0.9745125,0.8441,1.0
0,0.4,0.0,0.0,0.0,activity_normalized,A,0.46125,0.03,0.79,0.0225,0.0,0.06,0.05375,0.03,0.08,,,,,,,,,
0,0.4,0.0,0.0,0.0,activity_normalized,B,0.41000000000000003,0.01,0.8,0.01875,0.0,0.06,0.05,0.01,0.07,,,,,,,,,
0,0.4,0.0,0.0,0.0,counterfactual_fraction,A,0.0,0.0,0.0,0.0,0.0,0.0,0.05375,0.03,0.08,,,,,,,,,
0,0.4,0.0,0.0,0.0,counterfactual_fraction,B,0.0,0.0,0.0,0.0,0.0,0.0,0.05,0.01,0.07,,,,,,,,,
0,0.4,0.0,0.0,0.0,raw,A,0.995,0.98,1.0,0.052500000000000005,0.03,0.08,0.05375,0.03,0.08,,,,,,,,,
0,0.4,0.0,0.0,0.0,raw,B,0.985,0.93,1.0,0.045,0.01,0.07,0.05,0.01,0.07,,,,,,,,,
0,0.4,0.0,0.0,1.0,activity_normalized,A,0.00375,0.0,0.01,0.0,0.0,0.0,0.05375,0.03,0.08,,,,,,,,,
0,0.4,0.0,0.0,1.0,activity_normalized,B,0.01,0.0,0.04,0.0,0.0,0.0,0.05,0.01,0.07,,,,,,,,,
0,0.4,0.0,0.0,1.0,counterfactual_fraction,A,0.0025,0.0,0.01,0.0,0.0,0.0,0.05375,0.03,0.08,,,,,,,,,
0,0.4,0.0,0.0,1.0,counterfactual_fraction,B,0.0075,0.0,0.03,0.0,0.0,0.0,0.05,0.01,0.07,,,,,,,,,
0,0.4,0.0,0.0,1.0,raw,A,0.61875,0.42,0.73,0.01125,0.0,0.02,0.05375,0.03,0.08,,,,,,,,,
0,0.4,0.0,0.0,1.0,raw,B,0.6575,0.55,0.78,0.0075,0.0,0.02,0.05,0.01,0.07,,,,,,,,,
0,0.4,0.0,1.0,0.0,activity_normalized,A,0.50125,0.03,0.81,0.021249999999999998,0.0,0.05,0.05375,0.03,0.08,,,,,,,,,
0,0.4,0.0,1.0,0.0,activity_normalized,B,0.445,0.04,0.79,0.02,0.0,0.06,0.05,0.01,0.07,,,,,,,,,
0,0.4,0.0,1.0,0.0,counterfactual_fraction,A,0.0,0.0,0.0,0.0,0.0,0.0,0.05375,0.03,0.08,,,,,,,,,
0,0.4,0.0,1.0,0.0,counterfactual_fraction,B,0.0,0.0,0.0,0.0,0.0,0.0,0.05,0.01,0.07,,,,,,,,,
0,0.4,0.0,1.0,0.0,raw,A,1.0,1.0,1.0,0.05375,0.03,0.08,0.05375,0.03,0.08,,,,,,,,,
0,0.4,0.0,1.0,0.0,raw,B,0.99875,0.99,1.0,0.04875,0.01,0.07,0.05,0.01,0.07,,,,,,,,,
0,0.4,0.0,1.0,1.0,activity_normalized,A,0.0125,0.0,0.03,0.0,0.0,0.0,0.05375,0.03,0.08,,,,,,,,,
0,0.4,0.0,1.0,1.0,activity_normalized,B,0.01625,0.0,0.04,0.0,0.0,0.0,0.05,0.01,0.07,,,,,,,,,
0,0.4,0.0,1.0,1.0,counterfactual_fraction,A,0.01125,0.0,0.02,0.0,0.0,0.0,0.05375,0.03,0.08,,,,,,,,,
0,0.4,0.0,1.0,1.0,counterfactual_fraction,B,0.0125,0.0,0.03,0.0,0.0,0.0,0.05,0.01,0.07,,,,,,,,,
0,0.4,0.0,1.0,1.0,raw,A,0.81625,0.62,0.95,0.03,0.01,0.05,0.05375,0.03,0.08,,,,,,,,,
0,0.4,0.0,1.0,1.0,raw,B,0.79125,0.67,0.88,0.0225,0.0,0.05,0.05,0.01,0.07,,,,,,,,,
0,0.4,0.1,0.0,0.0,activity_normalized,A,0.435,0.01,0.75,0.06,0.0,0.12,0.135,0.08,0.17,0.52375,0.5,0.555,0.07875,0.055,0.095,0.5071375,0.4319,0.5631
0,0.4,0.1,0.0,0.0,activity_normalized,B,0.3875,0.01,0.73,0.04625,0.0,0.12,0.14375,0.09,0.19,0.52375,0.5,0.555,0.07875,0.055,0.095,0.5071375,0.4319,0.5631
0,0.4,0.1,0.0,0.0,counterfactual_fraction,A,0.0,0.0,0.0,0.0,0.0,0.0,0.135,0.08,0.17,0.5,0.5,0.5,0.071875,0.045,0.095,0.5,0.5,0.5
0,0.4,0.1,0.0,0.0,counterfactual_fraction,B,0.0,0.0,0.0,0.0,0.0,0.0,0.14375,0.09,0.19,0.5,0.5,0.5,0.071875,0.045,0.095,0.5,0.5,0.5
0,0.4,0.1,0.0,0.0,raw,A,0.9875,0.97,1.0,0.12875,0.08,0.16,0.135,0.08,0.17,0.5025,0.49,0.525,0.07,0.04,0.085,0.482375,0.445,0.5035
0,0.4,0.1,0.0,0.0,raw,B,0.9824999999999999,0.93,1.0,0.1325,0.08,0.19,0.14375,0.09,0.19,0.5025,0.49,0.525,0.07,0.04,0.085,0.482375,0.445,0.5035
0,0.4,0.1,0.0,1.0,activity_normalized,A,0.007500000000000001,0.0,0.02,0.00125,0.0,0.01,0.135,0.08,0.17,0.4975,0.485,0.505,0.0725,0.045,0.095,0.5156999999999999,0.4523,0.5623
0,0.4,0.1,0.0,1.0,activity_normalized,B,0.0125,0.0,0.05,0.0,0.0,0.0,0.14375,0.09,0.19,0.4975,0.485,0.505,0.0725,0.045,0.095,0.5156999999999999,0.4523,0.5623
0,0.4,0.1,0.0,1.0,counterfactual_fraction,A,0.005,0.0,0.01,0.00125,0.0,0.01,0.135,0.08,0.17,0.4975,0.49,0.505,0.0725,0.045,0.095,0.5089875,0.442,0.5525
0,0.4,0.1,0.0,1.0,counterfactual_fraction,B,0.01,0.0,0.03,0.0,0.0,0.0,0.14375,0.09,0.19,0.4975,0.49,0.505,0.0725,0.045,0.095,0.5089875,0.442,0.5525
0,0.4,0.1,0.0,1.0,raw,A,0.58125,0.38,0.71,0.0325,0.01,0.06,0.135,0.08,0.17,0.48125,0.425,0.505,0.065,0.035,0.105,0.4861,0.4273,0.5162
0,0.4,0.1,0.0,1.0,raw,B,0.61875,0.52,0.76,0.04625,0.01,0.08,0.14375,0.09,0.19,0.48125,0.425,0.505,0.065,0.035,0.105,0.4861,0.4273,0.5162
0,0.4,0.1,1.0,0.0,activity_normalized,A,0.48,0.03,0.76,0.065,0.01,0.11,0.135,0.08,0.17,0.52625,0.495,0.55,0.0775,0.055,0.095,0.507325,0.4182,0.5603
0,0.4,0.1,1.0,0.0,activity_normalized,B,0.4275,0.04,0.74,0.05375,0.01,0.12,0.14375,0.09,0.19,0.52625,0.495,0.55,0.0775,0.055,0.095,0.507325,0.4182,0.5603
0,0.4,0.1,1.0,0.0,counterfactual_fraction,A,0.0,0.0,0.0,0.0,0.0,0.0,0.135,0.08,0.17,0.5,0.5,0.5,0.071875,0.045,0.095,0.5,0.5,0.5
0,0.4,0.1,1.0,0.0,counterfactual_fraction,B,0.0,0.0,0.0,0.0,0.0,0.0,0.14375,0.09,0.19,0.5,0.5,0.5,0.071875,0.045,0.095,0.5,0.5,0.5
0,0.4,0.1,1.0,0.0,raw,A,1.0,1.0,1.0,0.135,0.08,0.17,0.135,0.08,0.17,0.50125,0.5,0.505,0.06875,0.04,0.085,0.4819375,0.4469,0.5128
0,0.4,0.1,1.0,0.0,raw,B,0.9975,0.99,1.0,0.14125000000000001,0.09,0.19,0.14375,0.09,0.19,0.50125,0.5,0.505,0.06875,0.04,0.085,0.4819375,0.4469,0.5128
0,0.4,0.1,1.0,1.0,activity_normalized,A,0.02125,0.0,0.06,0.0025,0.0,0.01,0.135,0.08,0.17,0.49624999999999997,0.485,0.515,0.071875,0.045,0.095,0.5129625,0.457,0.5618
0,0.4,0.1,1.0,1.0,activity_normalized,B,0.02875,0.0,0.06,0.0025,0.0,0.01,0.14375,0.09,0.19,0.49624999999999997,0.485,0.515,0.071875,0.045,0.095,0.5129625,0.457,0.5618
0,0.4,0.1,1.0,1.0,counterfactual_fraction,A,0.01875,0.0,0.04,0.00375,0.0,0.01,0.135,0.08,0.17,0.498125,0.485,0.52,0.071875,0.045,0.095,0.5056499999999999,0.4487,0.55
0,0.4,0.1,1.0,1.0,counterfactual_fraction,B,0.0225,0.0,0.03,0.00375,0.0,0.01,0.14375,0.09,0.19,0.498125,0.485,0.52,0.071875,0.045,0.095,0.5056499999999999,0.4487,0.55
0,0.4,0.1,1.0,1.0,raw,A,0.8125,0.61,0.95,0.08125,0.03,0.12,0.135,0.08,0.17,0.5175000000000001,0.435,0.545,0.073125,0.045,0.09,0.4865625,0.4253,0.5297
0,0.4,0.1,1.0,1.0,raw,B,0.7775,0.64,0.87,0.07875,0.05,0.12,0.14375,0.09,0.19,0.5175000000000001,0.435,0.545,0.073125,0.045,0.09,0.4865625,0.4253,0.5297
0,0.4,0.25,0.0,0.0,activity_normalized,A,0.35875,0.01,0.7,0.16375,0.0,0.35,0.47625,0.42,0.52,0.50875,0.49,0.56,0.2275,0.2,0.255,0.5096375,0.4086,0.5853
0,0.4,0.25,0.0,0.0,activity_normalized,B,0.34125,0.02,0.71,0.14125,0.0,0.36,0.4325,0.34,0.49,0.50875,0.49,0.56,0.2275,0.2,0.255,0.5096375,0.4086,0.5853
0,0.4,0.25,0.0,0.0,counterfactual_fraction,A,0.0,0.0,0.0,0.0,0.0,0.0,0.47625,0.42,0.52,0.5,0.5,0.5,0.21625,0.17,0.245,0.5,0.5,0.5
0,0.4,0.25,0.0,0.0,counterfactual_fraction,B,0.0,0.0,0.0,0.0,0.0,0.0,0.4325,0.34,0.49,0.5,0.5,0.5,0.21625,0.17,0.245,0.5,0.5,0.5
0,0.4,0.25,0.0,0.0,raw,A,0.955,0.86,1.0,0.44125,0.32,0.52,0.47625,0.42,0.52,0.501875,0.475,0.52,0.241875,0.205,0.275,0.48775,0.4298,0.5112
0,0.4,0.25,0.0,0.0,raw,B,0.95125,0.89,0.99,0.39,0.29,0.48,0.4325,0.34,0.49,0.501875,0.475,0.52,0.241875,0.205,0.275,0.48775,0.4298,0.5112
0,0.4,0.25,0.0,1.0,activity_normalized,A,0.01375,0.0,0.03,0.0025,0.0,0.01,0.47625,0.42,0.52,0.5,0.49,0.51,0.216875,0.17,0.245,0.5327375,0.4661,0.5857
0,0.4,0.25,0.0,1.0,activity_normalized,B,0.01375,0.0,0.05,0.00125,0.0,0.01,0.4325,0.34,0.49,0.5,0.49,0.51,0.216875,0.17,0.245,0.5327375,0.4661,0.5857
0,0.4,0.25,0.0,1.0,counterfactual_fraction,A,0.01625,0.0,0.03,0.0025,0.0,0.01,0.47625,0.42,0.52,0.500625,0.49,0.515,0.216875,0.17,0.245,0.5244,0.4512,0.5732
0,0.4,0.25,0.0,1.0,counterfactual_fraction,B,0.015000000000000001,0.0,0.05,0.00125,0.0,0.01,0.4325,0.34,0.49,0.500625,0.49,0.515,0.216875,0.17,0.245,0.5244,0.4512,0.5732
0,0.4,0.25,0.0,1.0,raw,A,0.51625,0.33,0.63,0.165,0.07,0.29,0.47625,0.42,0.52,0.49624999999999997,0.475,0.515,0.22875,0.17,0.315,0.4976125,0.4486,0.5302
0,0.4,0.25,0.0,1.0,raw,B,0.52375,0.37,0.68,0.14,0.08,0.27,0.4325,0.34,0.49,0.49624999999999997,0.475,0.515,0.22875,0.17,0.315,0.4976125,0.4486,0.5302
0,0.4,0.25,1.0,0.0,activity_normalized,A,0.45499999999999996,0.01,0.73,0.20500000000000002,0.0,0.36,0.47625,0.42,0.52,0.520625,0.48,0.54,0.226875,0.21,0.245,0.50885,0.385,0.5795
0,0.4,0.25,1.0,0.0,activity_normalized,B,0.41375,0.05,0.71,0.18375,0.01,0.36,0.4325,0.34,0.49,0.520625,0.48,0.54,0.226875,0.21,0.245,0.50885,0.385,0.5795
0,0.4,0.25,1.0,0.0,counterfactual_fraction,A,0.0,0.0,0.0,0.0,0.0,0.0,0.47625,0.42,0.52,0.5,0.5,0.5,0.21625,0.17,0.245,0.5,0.5,0.5
0,0.4,0.25,1.0,0.0,counterfactual_fraction,B,0.0,0.0,0.0,0.0,0.0,0.0,0.4325,0.34,0.49,0.5,0.5,0.5,0.21625,0.17,0.245,0.5,0.5,0.5
0,0.4,0.25,1.0,0.0,raw,A,0.9975,0.99,1.0,0.47375,0.41,0.52,0.47625,0.42,0.52,0.50125,0.495,0.51,0.239375,0.215,0.26,0.4874375,0.4277,0.5183
0,0.4,0.25,1.0,0.0,raw,B,0.995,0.97,1.0,0.4275,0.34,0.49,0.4325,0.34,0.49,0.50125,0.495,0.51,0.239375,0.215,0.26,0.4874375,0.4277,0.5183
0,0.4,0.25,1.0,1.0,activity_normalized,A,0.052500000000000005,0.01,0.08,0.021249999999999998,0.0,0.04,0.47625,0.42,0.52,0.500625,0.475,0.52,0.221875,0.185,0.26,0.5269125,0.4658,0.5872
0,0.4,0.25,1.0,1.0,activity_normalized,B,0.051250000000000004,0.01,0.1,0.01,0.0,0.03,0.4325,0.34,0.49,0.500625,0.475,0.52,0.221875,0.185,0.26,0.5269125,0.4658,0.5872
0,0.4,0.25,1.0,1.0,counterfactual_fraction,A,0.052500000000000005,0.03,0.08,0.02875,0.01,0.05,0.47625,0.42,0.52,0.50125,0.48,0.52,0.22625,0.185,0.27,0.5192375,0.4542,0.5754
0,0.4,0.25,1.0,1.0,counterfactual_fraction,B,0.05,0.03,0.07,0.00875,0.0,0.02,0.4325,0.34,0.49,0.50125,0.48,0.52,0.22625,0.185,0.27,0.5192375,0.4542,0.5754
0,0.4,0.25,1.0,1.0,raw,A,0.7987500000000001,0.6,0.93,0.3375,0.22,0.45,0.47625,0.42,0.52,0.513125,0.44,0.54,0.244375,0.2,0.29,0.4982625,0.4413,0.5488
0,0.4,0.25,1.0,1.0,raw,B,0.7725,0.63,0.87,0.28125,0.19,0.41,0.4325,0.34,0.49,0.513125,0.44,0.54,0.244375,0.2,0.29,0.4982625,0.4413,0.5488
0,0.4,0.5,0.0,0.0,activity_normalized,A,0.28875,0.0,0.68,0.27625,0.0,0.65,0.9675,0.96,0.98,0.524375,0.48,0.555,0.509375,0.47,0.535,0.51425,0.374,0.5713
0,0.4,0.5,0.0,0.0,activity_normalized,B,0.24,0.0,0.63,0.2275,0.0,0.59,0.97,0.95,0.99,0.524375,0.48,0.555,0.509375,0.47,0.535,0.51425,0.374,0.5713
0,0.4,0.5,0.0,0.0,counterfactual_fraction,A,0.0,0.0,0.0,0.0,0.0,0.0,0.9675,0.96,0.98,0.5,0.5,0.5,0.485,0.475,0.495,0.5,0.5,0.5
0,0.4,0.5,0.0,0.0,counterfactual_fraction,B,0.0,0.0,0.0,0.0,0.0,0.0,0.97,0.95,0.99,0.5,0.5,0.5,0.485,0.475,0.495,0.5,0.5,0.5
0,0.4,0.5,0.0,0.0,raw,A,0.75375,0.41,0.92,0.72125,0.39,0.88,0.9675,0.96,0.98,0.5075000000000001,0.435,0.55,0.490625,0.425,0.54,0.491875,0.4091,0.5308
0,0.4,0.5,0.0,0.0,raw,B,0.73875,0.54,0.92,0.71,0.5,0.88,0.97,0.95,0.99,0.5075000000000001,0.435,0.55,0.490625,0.425,0.54,0.491875,0.4091,0.5308
0,0.4,0.5,0.0,1.0,activity_normalized,A,0.0175,0.0,0.04,0.01625,0.0,0.04,0.9675,0.96,0.98,0.50375,0.495,0.51,0.488125,0.48,0.495,0.5703374999999999,0.5028,0.644
0,0.4,0.5,0.0,1.0,activity_normalized,B,0.01,0.0,0.03,0.01,0.0,0.03,0.97,0.95,0.99,0.50375,0.495,0.51,0.488125,0.48,0.495,0.5703374999999999,0.5028,0.644
0,0.4,0.5,0.0,1.0,counterfactual_fraction,A,0.03,0.0,0.09,0.0275,0.0,0.08,0.9675,0.96,0.98,0.506875,0.495,0.525,0.490625,0.475,0.51,0.564825,0.4847,0.6343
0,0.4,0.5,0.0,1.0,counterfactual_fraction,B,0.01625,0.0,0.04,0.01625,0.0,0.04,0.97,0.95,0.99,0.506875,0.495,0.525,0.490625,0.475,0.51,0.564825,0.4847,0.6343
0,0.4,0.5,0.0,1.0,raw,A,0.29000000000000004,0.16,0.44,0.26375,0.15,0.41,0.9675,0.96,0.98,0.50625,0.46,0.54,0.489375,0.445,0.52,0.5207125,0.4912,0.5547
0,0.4,0.5,0.0,1.0,raw,B,0.2775,0.14,0.52,0.255,0.13,0.48,0.97,0.95,0.99,0.50625,0.46,0.54,0.489375,0.445,0.52,0.5207125,0.4912,0.5547
0,0.4,0.5,1.0,0.0,activity_normalized,A,0.425,0.0,0.72,0.41,0.0,0.69,0.9675,0.96,0.98,0.518125,0.475,0.57,0.5025,0.46,0.545,0.509825,0.3374,0.575
0,0.4,0.5,1.0,0.0,activity_normalized,B,0.38875,0.05,0.7,0.375,0.05,0.66,0.97,0.95,0.99,0.518125,0.475,0.57,0.5025,0.46,0.545,0.509825,0.3374,0.575
0,0.4,0.5,1.0,0.0,counterfactual_fraction,A,0.0,0.0,0.0,0.0,0.0,0.0,0.9675,0.96,0.98,0.5,0.5,0.5,0.485,0.475,0.495,0.5,0.5,0.5
0,0.4,0.5,1.0,0.0,counterfactual_fraction,B,0.0,0.0,0.0,0.0,0.0,0.0,0.97,0.95,0.99,0.5,0.5,0.5,0.485,0.475,0.495,0.5,0.5,0.5
0,0.4,0.5,1.0,0.0,raw,A,0.965,0.81,1.0,0.9325,0.79,0.97,0.9675,0.96,0.98,0.494375,0.455,0.525,0.47812499999999997,0.445,0.505,0.4928125,0.4008,0.5364
0,0.4,0.5,1.0,0.0,raw,B,0.97625,0.9,1.0,0.94625,0.86,0.98,0.97,0.95,0.99,0.494375,0.455,0.525,0.47812499999999997,0.445,0.505,0.4928125,0.4008,0.5364
0,0.4,0.5,1.0,1.0,activity_normalized,A,0.185,0.11,0.26,0.17875,0.1,0.25,0.9675,0.96,0.98,0.529375,0.5,0.575,0.515,0.485,0.555,0.5675625,0.4996,0.6392
0,0.4,0.5,1.0,1.0,activity_normalized,B,0.12625,0.08,0.19,0.11875000000000001,0.07,0.19,0.97,0.95,0.99,0.529375,0.5,0.575,0.515,0.485,0.555,0.5675625,0.4996,0.6392
0,0.4,0.5,1.0,1.0,counterfactual_fraction,A,0.2,0.14,0.28,0.19,0.13,0.26,0.9675,0.96,0.98,0.531875,0.5,0.58,0.514375,0.495,0.555,0.56,0.4888,0.6171
0,0.4,0.5,1.0,1.0,counterfactual_fraction,B,0.13625,0.09,0.21,0.13125,0.08,0.2,0.97,0.95,0.99,0.531875,0.5,0.58,0.514375,0.495,0.555,0.56,0.4888,0.6171
0,0.4,0.5,1.0,1.0,raw,A,0.75625,0.57,0.92,0.7262500000000001,0.55,0.88,0.9675,0.96,0.98,0.51875,0.465,0.55,0.5025,0.455,0.53,0.5363,0.4874,0.593
0,0.4,0.5,1.0,1.0,raw,B,0.71875,0.6,0.85,0.69125,0.57,0.81,0.97,0.95,0.99,0.51875,0.465,0.55,0.5025,0.455,0.53,0.5363,0.4874,0.593
0,0.4,1.0,0.0,0.0,activity_normalized,A,0.10625,0.0,0.58,0.10625,0.0,0.58,1.0,1.0,1.0,0.514375,0.49,0.555,0.514375,0.49,0.555,0.5191625,0.3356,0.6335
0,0.4,1.0,0.0,0.0,activity_normalized,B,0.0775,0.0,0.51,0.0775,0.0,0.51,1.0,1.0,1.0,0.514375,0.49,0.555,0.514375,0.49,0.555,0.5191625,0.3356,0.6335
0,0.4,1.0,0.0,0.0,counterfactual_fraction,A,0.0,0.0,0.0,0.0,0.0,0.0,1.0,1.0,1.0,0.5,0.5,0.5,0.5,0.5,0.5,0.5,0.5,0.5
0,0.4,1.0,0.0,0.0,counterfactual_fraction,B,0.0,0.0,0.0,0.0,0.0,0.0,1.0,1.0,1.0,0.5,0.5,0.5,0.5,0.5,0.5,0.5,0.5,0.5
0,0.4,1.0,0.0,0.0,raw,A,0.0175,0.0,0.04,0.0175,0.0,0.04,1.0,1.0,1.0,0.501875,0.485,0.515,0.501875,0.485,0.515,0.49025,0.3599,0.5873
0,0.4,1.0,0.0,0.0,raw,B,0.01375,0.0,0.06,0.01375,0.0,0.06,1.0,1.0,1.0,0.501875,0.485,0.515,0.501875,0.485,0.515,0.49025,0.3599,0.5873
0,0.4,1.0,0.0,1.0,activity_normalized,A,0.0025,0.0,0.02,0.0025,0.0,0.02,1.0,1.0,1.0,0.50125,0.5,0.51,0.50125,0.5,0.51,0.6713875,0.5045,0.7712
0,0.4,1.0,0.0,1.0,activity_normalized,B,0.0,0.0,0.0,0.0,0.0,0.0,1.0,1.0,1.0,0.50125,0.5,0.51,0.50125,0.5,0.51,0.6713875,0.5045,0.7712
0,0.4,1.0,0.0,1.0,counterfactual_fraction,A,0.012499999999999999,0.0,0.08,0.012499999999999999,0.0,0.08,1.0,1.0,1.0,0.50625,0.5,0.54,0.50625,0.5,0.54,0.6747875,0.489,0.79
0,0.4,1.0,0.0,1.0,counterfactual_fraction,B,0.0,0.0,0.0,0.0,0.0,0.0,1.0,1.0,1.0,0.50625,0.5,0.54,0.50625,0.5,0.54,0.6747875,0.489,0.79
0,0.4,1.0,0.0,1.0,raw,A,0.00625,0.0,0.03,0.00625,0.0,0.03,1.0,1.0,1.0,0.5025,0.5,0.515,0.5025,0.5,0.515,0.5774375,0.4976,0.641
0,0.4,1.0,0.0,1.0,raw,B,0.00125,0.0,0.01,0.00125,0.0,0.01,1.0,1.0,1.0,0.5025,0.5,0.515,0.5025,0.5,0.515,0.5774375,0.4976,0.641
0,0.4,1.0,1.0,0.0,activity_normalized,A,0.38625,0.0,0.87,0.38625,0.0,0.87,1.0,1.0,1.0,0.5275,0.45,0.61,0.5275,0.45,0.61,0.5107,0.2719,0.6484
0,0.4,1.0,1.0,0.0,activity_normalized,B,0.33125,0.0,0.79,0.33125,0.0,0.79,1.0,1.0,1.0,0.5275,0.45,0.61,0.5275,0.45,0.61,0.5107,0.2719,0.6484
0,0.4,1.0,1.0,0.0,counterfactual_fraction,A,0.0,0.0,0.0,0.0,0.0,0.0,1.0,1.0,1.0,0.5,0.5,0.5,0.5,0.5,0.5,0.5,0.5,0.5
0,0.4,1.0,1.0,0.0,counterfactual_fraction,B,0.0,0.0,0.0,0.0,0.0,0.0,1.0,1.0,1.0,0.5,0.5,0.5,0.5,0.5,0.5,0.5,0.5,0.5
0,0.4,1.0,1.0,0.0,raw,A,0.3825,0.01,0.8,0.3825,0.01,0.8,1.0,1.0,1.0,0.50375,0.44,0.565,0.50375,0.44,0.565,0.48985,0.3195,0.598
0,0.4,1.0,1.0,0.0,raw,B,0.375,0.01,0.8,0.375,0.01,0.8,1.0,1.0,1.0,0.50375,0.44,0.565,0.50375,0.44,0.565,0.48985,0.3195,0.598
0,0.4,1.0,1.0,1.0,activity_normalized,A,0.58875,0.37,0.72,0.58875,0.37,0.72,1.0,1.0,1.0,0.643125,0.52,0.735,0.643125,0.52,0.735,0.7009,0.5621,0.7997
0,0.4,1.0,1.0,1.0,activity_normalized,B,0.3025,0.12,0.46,0.3025,0.12,0.46,1.0,1.0,1.0,0.643125,0.52,0.735,0.643125,0.52,0.735,0.7009,0.5621,0.7997
0,0.4,1.0,1.0,1.0,counterfactual_fraction,A,0.6275,0.52,0.74,0.6275,0.52,0.74,1.0,1.0,1.0,0.645625,0.525,0.76,0.645625,0.525,0.76,0.7035625,0.5317,0.8328
0,0.4,1.0,1.0,1.0,counterfactual_fraction,B,0.33625,0.16,0.47,0.33625,0.16,0.47,1.0,1.0,1.0,0.645625,0.525,0.76,0.645625,0.525,0.76,0.7035625,0.5317,0.8328
0,0.4,1.0,1.0,1.0,raw,A,0.56125,0.4,0.81,0.56125,0.4,0.81,1.0,1.0,1.0,0.6025,0.495,0.685,0.6025,0.495,0.685,0.6640625,0.5325,0.765
0,0.4,1.0,1.0,1.0,raw,B,0.35625,0.12,0.67,0.35625,0.12,0.67,1.0,1.0,1.0,0.6025,0.495,0.685,0.6025,0.495,0.685,0.6640625,0.5325,0.765
1,0.1,0.0,0.0,0.0,activity_normalized,A,0.99875,0.99,1.0,0.051250000000000004,0.02,0.08,0.051250000000000004,0.02,0.08,,,,,,,,,
1,0.1,0.0,0.0,0.0,activity_normalized,B,0.99875,0.99,1.0,0.0425,0.02,0.07,0.0425,0.02,0.07,,,,,,,,,
1,0.1,0.0,0.0,0.0,counterfactual_fraction,A,0.0,0.0,0.0,0.0,0.0,0.0,0.051250000000000004,0.02,0.08,,,,,,,,,
1,0.1,0.0,0.0,0.0,counterfactual_fraction,B,0.0,0.0,0.0,0.0,0.0,0.0,0.0425,0.02,0.07,,,,,,,,,
1,0.1,0.0,0.0,0.0,raw,A,1.0,1.0,1.0,0.051250000000000004,0.02,0.08,0.051250000000000004,0.02,0.08,,,,,,,,,
1,0.1,0.0,0.0,0.0,raw,B,1.0,1.0,1.0,0.0425,0.02,0.07,0.0425,0.02,0.07,,,,,,,,,
1,0.1,0.0,0.0,1.0,activity_normalized,A,0.99875,0.99,1.0,0.051250000000000004,0.02,0.08,0.051250000000000004,0.02,0.08,,,,,,,,,
1,0.1,0.0,0.0,1.0,activity_normalized,B,0.99875,0.99,1.0,0.0425,0.02,0.07,0.0425,0.02,0.07,,,,,,,,,
1,0.1,0.0,0.0,1.0,counterfactual_fraction,A,0.0,0.0,0.0,0.0,0.0,0.0,0.051250000000000004,0.02,0.08,,,,,,,,,
1,0.1,0.0,0.0,1.0,counterfactual_fraction,B,0.0,0.0,0.0,0.0,0.0,0.0,0.0425,0.02,0.07,,,,,,,,,
1,0.1,0.0,0.0,1.0,raw,A,1.0,1.0,1.0,0.051250000000000004,0.02,0.08,0.051250000000000004,0.02,0.08,,,,,,,,,
1,0.1,0.0,0.0,1.0,raw,B,1.0,1.0,1.0,0.0425,0.02,0.07,0.0425,0.02,0.07,,,,,,,,,
1,0.1,0.0,1.0,0.0,activity_normalized,A,0.99875,0.99,1.0,0.051250000000000004,0.02,0.08,0.051250000000000004,0.02,0.08,,,,,,,,,
1,0.1,0.0,1.0,0.0,activity_normalized,B,0.99875,0.99,1.0,0.0425,0.02,0.07,0.0425,0.02,0.07,,,,,,,,,
1,0.1,0.0,1.0,0.0,counterfactual_fraction,A,0.0,0.0,0.0,0.0,0.0,0.0,0.051250000000000004,0.02,0.08,,,,,,,,,
1,0.1,0.0,1.0,0.0,counterfactual_fraction,B,0.0,0.0,0.0,0.0,0.0,0.0,0.0425,0.02,0.07,,,,,,,,,
1,0.1,0.0,1.0,0.0,raw,A,1.0,1.0,1.0,0.051250000000000004,0.02,0.08,0.051250000000000004,0.02,0.08,,,,,,,,,
1,0.1,0.0,1.0,0.0,raw,B,1.0,1.0,1.0,0.0425,0.02,0.07,0.0425,0.02,0.07,,,,,,,,,
1,0.1,0.0,1.0,1.0,activity_normalized,A,0.99875,0.99,1.0,0.051250000000000004,0.02,0.08,0.051250000000000004,0.02,0.08,,,,,,,,,
1,0.1,0.0,1.0,1.0,activity_normalized,B,0.99875,0.99,1.0,0.0425,0.02,0.07,0.0425,0.02,0.07,,,,,,,,,
1,0.1,0.0,1.0,1.0,counterfactual_fraction,A,0.0,0.0,0.0,0.0,0.0,0.0,0.051250000000000004,0.02,0.08,,,,,,,,,
1,0.1,0.0,1.0,1.0,counterfactual_fraction,B,0.0,0.0,0.0,0.0,0.0,0.0,0.0425,0.02,0.07,,,,,,,,,
1,0.1,0.0,1.0,1.0,raw,A,1.0,1.0,1.0,0.051250000000000004,0.02,0.08,0.051250000000000004,0.02,0.08,,,,,,,,,
1,0.1,0.0,1.0,1.0,raw,B,1.0,1.0,1.0,0.0425,0.02,0.07,0.0425,0.02,0.07,,,,,,,,,
1,0.1,0.1,0.0,0.0,activity_normalized,A,0.98375,0.94,1.0,0.8125,0.74,0.86,0.8275,0.75,0.88,0.496875,0.485,0.51,0.410625,0.375,0.44,0.4956,0.47,0.5051
1,0.1,0.1,0.0,0.0,activity_normalized,B,0.99,0.97,1.0,0.80375,0.76,0.86,0.8125,0.76,0.86,0.496875,0.485,0.51,0.410625,0.375,0.44,0.4956,0.47,0.5051
1,0.1,0.1,0.0,0.0,counterfactual_fraction,A,0.0,0.0,0.0,0.0,0.0,0.0,0.8275,0.75,0.88,0.5,0.5,0.5,0.40625,0.38,0.43,0.5,0.5,0.5
1,0.1,0.1,0.0,0.0,counterfactual_fraction,B,0.0,0.0,0.0,0.0,0.0,0.0,0.8125,0.76,0.86,0.5,0.5,0.5,0.40625,0.38,0.43,0.5,0.5,0.5
1,0.1,0.1,0.0,0.0,raw,A,1.0,1.0,1.0,0.8275,0.75,0.88,0.8275,0.75,0.88,0.5,0.5,0.5,0.41375,0.375,0.44,0.4956125,0.47,0.505
1,0.1,0.1,0.0,0.0,raw,B,1.0,1.0,1.0,0.8125,0.76,0.86,0.8125,0.76,0.86,0.5,0.5,0.5,0.41375,0.375,0.44,0.4956125,0.47,0.505
1,0.1,0.1,0.0,1.0,activity_normalized,A,0.9975,0.99,1.0,0.825,0.75,0.88,0.8275,0.75,0.88,0.5,0.495,0.505,0.41375,0.375,0.445,0.49559375,0.47,0.505
1,0.1,0.1,0.0,1.0,activity_normalized,B,0.9975,0.99,1.0,0.81,0.76,0.86,0.8125,0.76,0.86,0.5,0.495,0.505,0.41375,0.375,0.445,0.49559375,0.47,0.505
1,0.1,0.1,0.0,1.0,counterfactual_fraction,A,0.02,0.0,0.07,0.01875,0.0,0.07,0.8275,0.75,0.88,0.50375,0.495,0.53,0.41000000000000003,0.4,0.43,0.5031187500000001,0.4949,0.53
1,0.1,0.1,0.0,1.0,counterfactual_fraction,B,0.0125,0.0,0.04,0.01125,0.0,0.03,0.8125,0.76,0.86,0.50375,0.495,0.53,0.41000000000000003,0.4,0.43,0.5031187500000001,0.4949,0.53
1,0.1,0.1,0.0,1.0,raw,A,1.0,1.0,1.0,0.8275,0.75,0.88,0.8275,0.75,0.88,0.5,0.5,0.5,0.41375,0.375,0.44,0.4956875,0.47,0.505
1,0.1,0.1,0.0,1.0,raw,B,1.0,1.0,1.0,0.8125,0.76,0.86,0.8125,0.76,0.86,0.5,0.5,0.5,0.41375,0.375,0.44,0.4956875,0.47,0.505
1,0.1,0.1,1.0,0.0,activity_normalized,A,0.98375,0.94,1.0,0.8125,0.74,0.86,0.8275,0.75,0.88,0.496875,0.485,0.51,0.410625,0.375,0.44,0.4956,0.47,0.5051
1,0.1,0.1,1.0,0.0,activity_normalized,B,0.99,0.97,1.0,0.80375,0.76,0.86,0.8125,0.76,0.86,0.496875,0.485,0.51,0.410625,0.375,0.44,0.4956,0.47,0.5051
1,0.1,0.1,1.0,0.0,counterfactual_fraction,A,0.0,0.0,0.0,0.0,0.0,0.0,0.8275,0.75,0.88,0.5,0.5,0.5,0.40625,0.38,0.43,0.5,0.5,0.5
1,0.1,0.1,1.0,0.0,counterfactual_fraction,B,0.0,0.0,0.0,0.0,0.0,0.0,0.8125,0.76,0.86,0.5,0.5,0.5,0.40625,0.38,0.43,0.5,0.5,0.5
1,0.1,0.1,1.0,0.0,raw,A,1.0,1.0,1.0,0.8275,0.75,0.88,0.8275,0.75,0.88,0.5,0.5,0.5,0.41375,0.375,0.44,0.4956125,0.47,0.505
1,0.1,0.1,1.0,0.0,raw,B,1.0,1.0,1.0,0.8125,0.76,0.86,0.8125,0.76,0.86,0.5,0.5,0.5,0.41375,0.375,0.44,0.4956125,0.47,0.505
1,0.1,0.1,1.0,1.0,activity_normalized,A,0.9975,0.99,1.0,0.825,0.75,0.88,0.8275,0.75,0.88,0.5,0.495,0.505,0.41375,0.375,0.445,0.4956,0.47,0.505
1,0.1,0.1,1.0,1.0,activity_normalized,B,0.9975,0.99,1.0,0.81,0.76,0.86,0.8125,0.76,0.86,0.5,0.495,0.505,0.41375,0.375,0.445,0.4956,0.47,0.505
1,0.1,0.1,1.0,1.0,counterfactual_fraction,A,0.02,0.0,0.07,0.01875,0.0,0.07,0.8275,0.75,0.88,0.50375,0.495,0.53,0.41000000000000003,0.4,0.43,0.50315,0.4949,0.53
1,0.1,0.1,1.0,1.0,counterfactual_fraction,B,0.0125,0.0,0.04,0.01125,0.0,0.03,0.8125,0.76,0.86,0.50375,0.495,0.53,0.41000000000000003,0.4,0.43,0.50315,0.4949,0.53
1,0.1,0.1,1.0,1.0,raw,A,1.0,1.0,1.0,0.8275,0.75,0.88,0.8275,0.75,0.88,0.5,0.5,0.5,0.41375,0.375,0.44,0.4956875,0.47,0.505
1,0.1,0.1,1.0,1.0,raw,B,1.0,1.0,1.0,0.8125,0.76,0.86,0.8125,0.76,0.86,0.5,0.5,0.5,0.41375,0.375,0.44,0.4956875,0.47,0.505
1,0.1,0.25,0.0,0.0,activity_normalized,A,0.715,0.35,0.94,0.715,0.35,0.94,1.0,1.0,1.0,0.48812500000000003,0.44,0.535,0.48812500000000003,0.44,0.535,0.4847875,0.4103,0.5576
1,0.1,0.25,0.0,0.0,activity_normalized,B,0.73875,0.47,0.98,0.73875,0.47,0.98,1.0,1.0,1.0,0.48812500000000003,0.44,0.535,0.48812500000000003,0.44,0.535,0.4847875,0.4103,0.5576
1,0.1,0.25,0.0,0.0,counterfactual_fraction,A,0.0,0.0,0.0,0.0,0.0,0.0,1.0,1.0,1.0,0.5,0.5,0.5,0.5,0.5,0.5,0.5,0.5,0.5
1,0.1,0.25,0.0,0.0,counterfactual_fraction,B,0.0,0.0,0.0,0.0,0.0,0.0,1.0,1.0,1.0,0.5,0.5,0.5,0.5,0.5,0.5,0.5,0.5,0.5
1,0.1,0.25,0.0,0.0,raw,A,1.0,1.0,1.0,1.0,1.0,1.0,1.0,1.0,1.0,0.5,0.5,0.5,0.5,0.5,0.5,0.46747500000000003,0.2622,0.5592
1,0.1,0.25,0.0,0.0,raw,B,1.0,1.0,1.0,1.0,1.0,1.0,1.0,1.0,1.0,0.5,0.5,0.5,0.5,0.5,0.5,0.46747500000000003,0.2622,0.5592
1,0.1,0.25,0.0,1.0,activity_normalized,A,0.9824999999999999,0.95,1.0,0.9824999999999999,0.95,1.0,1.0,1.0,1.0,0.499375,0.49,0.51,0.499375,0.49,0.51,0.48306875000000005,0.3791,0.5574
1,0.1,0.25,0.0,1.0,activity_normalized,B,0.98375,0.95,1.0,0.98375,0.95,1.0,1.0,1.0,1.0,0.499375,0.49,0.51,0.499375,0.49,0.51,0.48306875000000005,0.3791,0.5574
1,0.1,0.25,0.0,1.0,counterfactual_fraction,A,0.4225,0.06,0.91,0.4225,0.06,0.91,1.0,1.0,1.0,0.514375,0.445,0.655,0.514375,0.445,0.655,0.5145625,0.4315,0.6898
1,0.1,0.25,0.0,1.0,counterfactual_fraction,B,0.39375,0.13,0.89,0.39375,0.13,0.89,1.0,1.0,1.0,0.514375,0.445,0.655,0.514375,0.445,0.655,0.5145625,0.4315,0.6898
1,0.1,0.25,0.0,1.0,raw,A,1.0,1.0,1.0,1.0,1.0,1.0,1.0,1.0,1.0,0.5,0.5,0.5,0.5,0.5,0.5,0.48278750000000004,0.3445,0.5578
1,0.1,0.25,0.0,1.0,raw,B,1.0,1.0,1.0,1.0,1.0,1.0,1.0,1.0,1.0,0.5,0.5,0.5,0.5,0.5,0.5,0.48278750000000004,0.3445,0.5578
1,0.1,0.25,1.0,0.0,activity_normalized,A,0.7162499999999999,0.36,0.94,0.7162499999999999,0.36,0.94,1.0,1.0,1.0,0.489375,0.45,0.535,0.489375,0.45,0.535,0.4839375,0.41195,0.55755
1,0.1,0.25,1.0,0.0,activity_normalized,B,0.7375,0.46,0.98,0.7375,0.46,0.98,1.0,1.0,1.0,0.489375,0.45,0.535,0.489375,0.45,0.535,0.4839375,0.41195,0.55755
1,0.1,0.25,1.0,0.0,counterfactual_fraction,A,0.0,0.0,0.0,0.0,0.0,0.0,1.0,1.0,1.0,0.5,0.5,0.5,0.5,0.5,0.5,0.5,0.5,0.5
1,0.1,0.25,1.0,0.0,counterfactual_fraction,B,0.0,0.0,0.0,0.0,0.0,0.0,1.0,1.0,1.0,0.5,0.5,0.5,0.5,0.5,0.5,0.5,0.5,0.5
1,0.1,0.25,1.0,0.0,raw,A,1.0,1.0,1.0,1.0,1.0,1.0,1.0,1.0,1.0,0.5,0.5,0.5,0.5,0.5,0.5,0.467575,0.2629,0.5592
1,0.1,0.25,1.0,0.0,raw,B,1.0,1.0,1.0,1.0,1.0,1.0,1.0,1.0,1.0,0.5,0.5,0.5,0.5,0.5,0.5,0.467575,0.2629,0.5592
1,0.1,0.25,1.0,1.0,activity_normalized,A,0.985,0.95,1.0,0.985,0.95,1.0,1.0,1.0,1.0,0.5,0.495,0.51,0.5,0.495,0.51,0.48234999999999995,0.3797,0.5574
1,0.1,0.25,1.0,1.0,activity_normalized,B,0.985,0.95,1.0,0.985,0.95,1.0,1.0,1.0,1.0,0.5,0.495,0.51,0.5,0.495,0.51,0.48234999999999995,0.3797,0.5574
1,0.1,0.25,1.0,1.0,counterfactual_fraction,A,0.42375,0.06,0.91,0.42375,0.06,0.91,1.0,1.0,1.0,0.515,0.445,0.66,0.515,0.445,0.66,0.513725,0.4332,0.6901
1,0.1,0.25,1.0,1.0,counterfactual_fraction,B,0.39375,0.13,0.89,0.39375,0.13,0.89,1.0,1.0,1.0,0.515,0.445,0.66,0.515,0.445,0.66,0.513725,0.4332,0.6901
1,0.1,0.25,1.0,1.0,raw,A,1.0,1.0,1.0,1.0,1.0,1.0,1.0,1.0,1.0,0.5,0.5,0.5,0.5,0.5,0.5,0.4832875,0.346,0.5578
1,0.1,0.25,1.0,1.0,raw,B,1.0,1.0,1.0,1.0,1.0,1.0,1.0,1.0,1.0,0.5,0.5,0.5,0.5,0.5,0.5,0.4832875,0.346,0.5578
1,0.1,0.5,0.0,0.0,activity_normalized,A,0.3025,0.01,0.93,0.3025,0.01,0.93,1.0,1.0,1.0,0.484375,0.41,0.54,0.484375,0.41,0.54,0.5504875,0.3349,0.9089
1,0.1,0.5,0.0,0.0,activity_normalized,B,0.33375,0.0,0.96,0.33375,0.0,0.96,1.0,1.0,1.0,0.484375,0.41,0.54,0.484375,0.41,0.54,0.5504875,0.3349,0.9089
1,0.1,0.5,0.0,0.0,counterfactual_fraction,A,0.0,0.0,0.0,0.0,0.0,0.0,1.0,1.0,1.0,0.5,0.5,0.5,0.5,0.5,0.5,0.5,0.5,0.5
1,0.1,0.5,0.0,0.0,counterfactual_fraction,B,0.0,0.0,0.0,0.0,0.0,0.0,1.0,1.0,1.0,0.5,0.5,0.5,0.5,0.5,0.5,0.5,0.5,0.5
1,0.1,0.5,0.0,0.0,raw,A,1.0,1.0,1.0,1.0,1.0,1.0,1.0,1.0,1.0,0.5,0.5,0.5,0.5,0.5,0.5,0.4655375,0.0625,0.8189
1,0.1,0.5,0.0,0.0,raw,B,1.0,1.0,1.0,1.0,1.0,1.0,1.0,1.0,1.0,0.5,0.5,0.5,0.5,0.5,0.5,0.4655375,0.0625,0.8189
1,0.1,0.5,0.0,1.0,activity_normalized,A,0.96625,0.79,1.0,0.96625,0.79,1.0,1.0,1.0,1.0,0.646875,0.505,0.75,0.646875,0.505,0.75,0.832325,0.5901,0.9864
1,0.1,0.5,0.0,1.0,activity_normalized,B,0.6725,0.47,0.98,0.6725,0.47,0.98,1.0,1.0,1.0,0.646875,0.505,0.75,0.646875,0.505,0.75,0.832325,0.5901,0.9864
1,0.1,0.5,0.0,1.0,counterfactual_fraction,A,0.97875,0.87,1.0,0.97875,0.87,1.0,1.0,1.0,1.0,0.654375,0.505,0.845,0.654375,0.505,0.845,0.833,0.5965,0.9858
1,0.1,0.5,0.0,1.0,counterfactual_fraction,B,0.67,0.3,0.99,0.67,0.3,0.99,1.0,1.0,1.0,0.654375,0.505,0.845,0.654375,0.505,0.845,0.833,0.5965,0.9858
1,0.1,0.5,0.0,1.0,raw,A,1.0,1.0,1.0,1.0,1.0,1.0,1.0,1.0,1.0,0.5,0.5,0.5,0.5,0.5,0.5,0.783925,0.5703,0.988
1,0.1,0.5,0.0,1.0,raw,B,1.0,1.0,1.0,1.0,1.0,1.0,1.0,1.0,1.0,0.5,0.5,0.5,0.5,0.5,0.5,0.783925,0.5703,0.988
1,0.1,0.5,1.0,0.0,activity_normalized,A,0.385,0.15,0.93,0.385,0.15,0.93,1.0,1.0,1.0,0.4925,0.415,0.58,0.4925,0.415,0.58,0.5509999999999999,0.3484,0.9087
1,0.1,0.5,1.0,0.0,activity_normalized,B,0.4,0.0,0.97,0.4,0.0,0.97,1.0,1.0,1.0,0.4925,0.415,0.58,0.4925,0.415,0.58,0.5509999999999999,0.3484,0.9087
1,0.1,0.5,1.0,0.0,counterfactual_fraction,A,0.0,0.0,0.0,0.0,0.0,0.0,1.0,1.0,1.0,0.5,0.5,0.5,0.5,0.5,0.5,0.5,0.5,0.5
1,0.1,0.5,1.0,0.0,counterfactual_fraction,B,0.0,0.0,0.0,0.0,0.0,0.0,1.0,1.0,1.0,0.5,0.5,0.5,0.5,0.5,0.5,0.5,0.5,0.5
1,0.1,0.5,1.0,0.0,raw,A,1.0,1.0,1.0,1.0,1.0,1.0,1.0,1.0,1.0,0.5,0.5,0.5,0.5,0.5,0.5,0.465075,0.0673,0.8174
1,0.1,0.5,1.0,0.0,raw,B,1.0,1.0,1.0,1.0,1.0,1.0,1.0,1.0,1.0,0.5,0.5,0.5,0.5,0.5,0.5,0.465075,0.0673,0.8174
1,0.1,0.5,1.0,1.0,activity_normalized,A,0.99625,0.99,1.0,0.99625,0.99,1.0,1.0,1.0,1.0,0.603125,0.51,0.72,0.603125,0.51,0.72,0.8529125,0.608,0.9878
1,0.1,0.5,1.0,1.0,activity_normalized,B,0.79,0.55,0.98,0.79,0.55,0.98,1.0,1.0,1.0,0.603125,0.51,0.72,0.603125,0.51,0.72,0.8529125,0.608,0.9878
1,0.1,0.5,1.0,1.0,counterfactual_fraction,A,0.99625,0.98,1.0,0.99625,0.98,1.0,1.0,1.0,1.0,0.61125,0.505,0.82,0.61125,0.505,0.82,0.8522625,0.6127,0.986
1,0.1,0.5,1.0,1.0,counterfactual_fraction,B,0.77375,0.36,0.99,0.77375,0.36,0.99,1.0,1.0,1.0,0.61125,0.505,0.82,0.61125,0.505,0.82,0.8522625,0.6127,0.986
1,0.1,0.5,1.0,1.0,raw,A,1.0,1.0,1.0,1.0,1.0,1.0,1.0,1.0,1.0,0.5,0.5,0.5,0.5,0.5,0.5,0.8286375,0.5895,0.9883
1,0.1,0.5,1.0,1.0,raw,B,1.0,1.0,1.0,1.0,1.0,1.0,1.0,1.0,1.0,0.5,0.5,0.5,0.5,0.5,0.5,0.8286375,0.5895,0.9883
1,0.1,1.0,0.0,0.0,activity_normalized,A,0.01125,0.0,0.08,0.01125,0.0,0.08,1.0,1.0,1.0,0.494375,0.46,0.5,0.494375,0.46,0.5,0.500225,0.0453,0.9794
1,0.1,1.0,0.0,0.0,activity_normalized,B,0.0225,0.0,0.16,0.0225,0.0,0.16,1.0,1.0,1.0,0.494375,0.46,0.5,0.494375,0.46,0.5,0.500225,0.0453,0.9794
1,0.1,1.0,0.0,0.0,counterfactual_fraction,A,0.0,0.0,0.0,0.0,0.0,0.0,1.0,1.0,1.0,0.5,0.5,0.5,0.5,0.5,0.5,0.5,0.5,0.5
1,0.1,1.0,0.0,0.0,counterfactual_fraction,B,0.0,0.0,0.0,0.0,0.0,0.0,1.0,1.0,1.0,0.5,0.5,0.5,0.5,0.5,0.5,0.5,0.5,0.5
1,0.1,1.0,0.0,0.0,raw,A,0.0,0.0,0.0,0.0,0.0,0.0,1.0,1.0,1.0,0.5,0.5,0.5,0.5,0.5,0.5,0.42433750000000003,0.0009,0.9159
1,0.1,1.0,0.0,0.0,raw,B,0.0,0.0,0.0,0.0,0.0,0.0,1.0,1.0,1.0,0.5,0.5,0.5,0.5,0.5,0.5,0.42433750000000003,0.0009,0.9159
1,0.1,1.0,0.0,1.0,activity_normalized,A,0.105,0.0,0.69,0.105,0.0,0.69,1.0,1.0,1.0,0.5525,0.5,0.845,0.5525,0.5,0.845,0.920925,0.6785,1.0
1,0.1,1.0,0.0,1.0,activity_normalized,B,0.0,0.0,0.0,0.0,0.0,0.0,1.0,1.0,1.0,0.5525,0.5,0.845,0.5525,0.5,0.845,0.920925,0.6785,1.0
1,0.1,1.0,0.0,1.0,counterfactual_fraction,A,0.145,0.0,0.86,0.145,0.0,0.86,1.0,1.0,1.0,0.5725,0.5,0.93,0.5725,0.5,0.93,0.9393874999999999,0.7411,1.0
1,0.1,1.0,0.0,1.0,counterfactual_fraction,B,0.0,0.0,0.0,0.0,0.0,0.0,1.0,1.0,1.0,0.5725,0.5,0.93,0.5725,0.5,0.93,0.9393874999999999,0.7411,1.0
1,0.1,1.0,0.0,1.0,raw,A,0.04125,0.0,0.27,0.04125,0.0,0.27,1.0,1.0,1.0,0.520625,0.5,0.635,0.520625,0.5,0.635,0.7479375,0.4875,1.0
1,0.1,1.0,0.0,1.0,raw,B,0.0,0.0,0.0,0.0,0.0,0.0,1.0,1.0,1.0,0.520625,0.5,0.635,0.520625,0.5,0.635,0.7479375,0.4875,1.0
1,0.1,1.0,1.0,0.0,activity_normalized,A,0.54875,0.0,0.94,0.54875,0.0,0.94,1.0,1.0,1.0,0.598125,0.385,0.865,0.598125,0.385,0.865,0.585,0.3081,0.9387
1,0.1,1.0,1.0,0.0,activity_normalized,B,0.35250000000000004,0.04,0.99,0.35250000000000004,0.04,0.99,1.0,1.0,1.0,0.598125,0.385,0.865,0.598125,0.385,0.865,0.585,0.3081,0.9387
1,0.1,1.0,1.0,0.0,counterfactual_fraction,A,0.0,0.0,0.0,0.0,0.0,0.0,1.0,1.0,1.0,0.5,0.5,0.5,0.5,0.5,0.5,0.5,0.5,0.5
1,0.1,1.0,1.0,0.0,counterfactual_fraction,B,0.0,0.0,0.0,0.0,0.0,0.0,1.0,1.0,1.0,0.5,0.5,0.5,0.5,0.5,0.5,0.5,0.5,0.5
1,0.1,1.0,1.0,0.0,raw,A,0.62375,0.0,0.92,0.62375,0.0,0.92,1.0,1.0,1.0,0.5543750000000001,0.455,0.785,0.5543750000000001,0.455,0.785,0.4185125,0.0008,0.8925
1,0.1,1.0,1.0,0.0,raw,B,0.515,0.01,1.0,0.515,0.01,1.0,1.0,1.0,1.0,0.5543750000000001,0.455,0.785,0.5543750000000001,0.455,0.785,0.4185125,0.0008,0.8925
1,0.1,1.0,1.0,1.0,activity_normalized,A,0.9425,0.72,1.0,0.9425,0.72,1.0,1.0,1.0,1.0,0.945,0.73,1.0,0.945,0.73,1.0,0.97255,0.8498,1.0
1,0.1,1.0,1.0,1.0,activity_normalized,B,0.052500000000000005,0.0,0.26,0.052500000000000005,0.0,0.26,1.0,1.0,1.0,0.945,0.73,1.0,0.945,0.73,1.0,0.97255,0.8498,1.0
1,0.1,1.0,1.0,1.0,counterfactual_fraction,A,0.945,0.71,1.0,0.945,0.71,1.0,1.0,1.0,1.0,0.953125,0.815,1.0,0.953125,0.815,1.0,0.9769625,0.8822,1.0
1,0.1,1.0,1.0,1.0,counterfactual_fraction,B,0.03875,0.0,0.18,0.03875,0.0,0.18,1.0,1.0,1.0,0.953125,0.815,1.0,0.953125,0.815,1.0,0.9769625,0.8822,1.0
1,0.1,1.0,1.0,1.0,raw,A,0.90375,0.54,1.0,0.90375,0.54,1.0,1.0,1.0,1.0,0.921875,0.685,1.0,0.921875,0.685,1.0,0.95195,0.7588,1.0
1,0.1,1.0,1.0,1.0,raw,B,0.06,0.0,0.23,0.06,0.0,0.23,1.0,1.0,1.0,0.921875,0.685,1.0,0.921875,0.685,1.0,0.95195,0.7588,1.0
1,0.4,0.0,0.0,0.0,activity_normalized,A,0.305,0.01,0.49,0.01,0.0,0.04,0.05375,0.03,0.08,,,,,,,,,
1,0.4,0.0,0.0,0.0,activity_normalized,B,0.31625,0.05,0.5,0.007500000000000001,0.0,0.04,0.05,0.01,0.07,,,,,,,,,
1,0.4,0.0,0.0,0.0,counterfactual_fraction,A,0.0,0.0,0.0,0.0,0.0,0.0,0.05375,0.03,0.08,,,,,,,,,
1,0.4,0.0,0.0,0.0,counterfactual_fraction,B,0.0,0.0,0.0,0.0,0.0,0.0,0.05,0.01,0.07,,,,,,,,,
1,0.4,0.0,0.0,0.0,raw,A,0.98625,0.95,1.0,0.052500000000000005,0.03,0.08,0.05375,0.03,0.08,,,,,,,,,
1,0.4,0.0,0.0,0.0,raw,B,0.98,0.91,1.0,0.0425,0.01,0.07,0.05,0.01,0.07,,,,,,,,,
1,0.4,0.0,0.0,1.0,activity_normalized,A,0.0025,0.0,0.01,0.0,0.0,0.0,0.05375,0.03,0.08,,,,,,,,,
1,0.4,0.0,0.0,1.0,activity_normalized,B,0.0075,0.0,0.03,0.0,0.0,0.0,0.05,0.01,0.07,,,,,,,,,
1,0.4,0.0,0.0,1.0,counterfactual_fraction,A,0.0025,0.0,0.01,0.0,0.0,0.0,0.05375,0.03,0.08,,,,,,,,,
1,0.4,0.0,0.0,1.0,counterfactual_fraction,B,0.00875,0.0,0.04,0.0,0.0,0.0,0.05,0.01,0.07,,,,,,,,,
1,0.4,0.0,0.0,1.0,raw,A,0.6,0.41,0.7,0.015,0.0,0.03,0.05375,0.03,0.08,,,,,,,,,
1,0.4,0.0,0.0,1.0,raw,B,0.64125,0.42,0.75,0.01,0.0,0.03,0.05,0.01,0.07,,,,,,,,,
1,0.4,0.0,1.0,0.0,activity_normalized,A,0.3775,0.04,0.57,0.01375,0.0,0.04,0.05375,0.03,0.08,,,,,,,,,
1,0.4,0.0,1.0,0.0,activity_normalized,B,0.39625,0.08,0.57,0.01375,0.0,0.05,0.05,0.01,0.07,,,,,,,,,
1,0.4,0.0,1.0,0.0,counterfactual_fraction,A,0.0,0.0,0.0,0.0,0.0,0.0,0.05375,0.03,0.08,,,,,,,,,
1,0.4,0.0,1.0,0.0,counterfactual_fraction,B,0.0,0.0,0.0,0.0,0.0,0.0,0.05,0.01,0.07,,,,,,,,,
1,0.4,0.0,1.0,0.0,raw,A,1.0,1.0,1.0,0.05375,0.03,0.08,0.05375,0.03,0.08,,,,,,,,,
1,0.4,0.0,1.0,0.0,raw,B,0.99625,0.97,1.0,0.0475,0.01,0.07,0.05,0.01,0.07,,,,,,,,,
1,0.4,0.0,1.0,1.0,activity_normalized,A,0.01125,0.0,0.02,0.0,0.0,0.0,0.05375,0.03,0.08,,,,,,,,,
1,0.4,0.0,1.0,1.0,activity_normalized,B,0.0175,0.0,0.04,0.0,0.0,0.0,0.05,0.01,0.07,,,,,,,,,
1,0.4,0.0,1.0,1.0,counterfactual_fraction,A,0.0075,0.0,0.01,0.0,0.0,0.0,0.05375,0.03,0.08,,,,,,,,,
1,0.4,0.0,1.0,1.0,counterfactual_fraction,B,0.01125,0.0,0.04,0.0,0.0,0.0,0.05,0.01,0.07,,,,,,,,,
1,0.4,0.0,1.0,1.0,raw,A,0.7887500000000001,0.54,0.92,0.02625,0.0,0.06,0.05375,0.03,0.08,,,,,,,,,
1,0.4,0.0,1.0,1.0,raw,B,0.78625,0.56,0.89,0.0225,0.0,0.05,0.05,0.01,0.07,,,,,,,,,
1,0.4,0.1,0.0,0.0,activity_normalized,A,0.2875,0.01,0.49,0.0325,0.0,0.08,0.135,0.08,0.17,0.5,0.455,0.53,0.07625,0.05,0.095,0.482025,0.4233,0.5425
1,0.4,0.1,0.0,0.0,activity_normalized,B,0.2875,0.02,0.47,0.02375,0.0,0.08,0.14375,0.09,0.19,0.5,0.455,0.53,0.07625,0.05,0.095,0.482025,0.4233,0.5425
1,0.4,0.1,0.0,0.0,counterfactual_fraction,A,0.0,0.0,0.0,0.0,0.0,0.0,0.135,0.08,0.17,0.5,0.5,0.5,0.071875,0.045,0.095,0.5,0.5,0.5
1,0.4,0.1,0.0,0.0,counterfactual_fraction,B,0.0,0.0,0.0,0.0,0.0,0.0,0.14375,0.09,0.19,0.5,0.5,0.5,0.071875,0.045,0.095,0.5,0.5,0.5
1,0.4,0.1,0.0,0.0,raw,A,0.9775,0.93,1.0,0.1275,0.08,0.17,0.135,0.08,0.17,0.50125,0.495,0.515,0.07062500000000001,0.045,0.085,0.4792375,0.4366,0.4931
1,0.4,0.1,0.0,0.0,raw,B,0.975,0.9,1.0,0.13,0.08,0.18,0.14375,0.09,0.19,0.50125,0.495,0.515,0.07062500000000001,0.045,0.085,0.4792375,0.4366,0.4931
1,0.4,0.1,0.0,1.0,activity_normalized,A,0.00625,0.0,0.02,0.00125,0.0,0.01,0.135,0.08,0.17,0.498125,0.49,0.505,0.0725,0.045,0.095,0.508625,0.4625,0.5482
1,0.4,0.1,0.0,1.0,activity_normalized,B,0.01,0.0,0.03,0.0,0.0,0.0,0.14375,0.09,0.19,0.498125,0.49,0.505,0.0725,0.045,0.095,0.508625,0.4625,0.5482
1,0.4,0.1,0.0,1.0,counterfactual_fraction,A,0.00625,0.0,0.01,0.00125,0.0,0.01,0.135,0.08,0.17,0.498125,0.485,0.505,0.0725,0.045,0.095,0.513075,0.442,0.5514
1,0.4,0.1,0.0,1.0,counterfactual_fraction,B,0.01,0.0,0.04,0.0,0.0,0.0,0.14375,0.09,0.19,0.498125,0.485,0.505,0.0725,0.045,0.095,0.513075,0.442,0.5514
1,0.4,0.1,0.0,1.0,raw,A,0.55,0.38,0.66,0.0275,0.0,0.05,0.135,0.08,0.17,0.48125,0.415,0.505,0.0675,0.04,0.105,0.4814625,0.4329,0.5071
1,0.4,0.1,0.0,1.0,raw,B,0.5875,0.38,0.69,0.036250000000000004,0.01,0.07,0.14375,0.09,0.19,0.48125,0.415,0.505,0.0675,0.04,0.105,0.4814625,0.4329,0.5071
1,0.4,0.1,1.0,0.0,activity_normalized,A,0.38125,0.06,0.59,0.051250000000000004,0.0,0.12,0.135,0.08,0.17,0.49812500000000004,0.43,0.54,0.075625,0.045,0.095,0.4803,0.421,0.5321
1,0.4,0.1,1.0,0.0,activity_normalized,B,0.385,0.06,0.57,0.043750000000000004,0.0,0.1,0.14375,0.09,0.19,0.49812500000000004,0.43,0.54,0.075625,0.045,0.095,0.4803,0.421,0.5321
1,0.4,0.1,1.0,0.0,counterfactual_fraction,A,0.0,0.0,0.0,0.0,0.0,0.0,0.135,0.08,0.17,0.5,0.5,0.5,0.071875,0.045,0.095,0.5,0.5,0.5
1,0.4,0.1,1.0,0.0,counterfactual_fraction,B,0.0,0.0,0.0,0.0,0.0,0.0,0.14375,0.09,0.19,0.5,0.5,0.5,0.071875,0.045,0.095,0.5,0.5,0.5
1,0.4,0.1,1.0,0.0,raw,A,1.0,1.0,1.0,0.135,0.08,0.17,0.135,0.08,0.17,0.503125,0.5,0.515,0.07,0.04,0.085,0.47716250000000004,0.4359,0.4984
1,0.4,0.1,1.0,0.0,raw,B,0.99375,0.97,1.0,0.13875,0.09,0.19,0.14375,0.09,0.19,0.503125,0.5,0.515,0.07,0.04,0.085,0.47716250000000004,0.4359,0.4984
1,0.4,0.1,1.0,1.0,activity_normalized,A,0.01875,0.0,0.04,0.0025,0.0,0.01,0.135,0.08,0.17,0.496875,0.485,0.505,0.071875,0.045,0.095,0.5042,0.4699,0.549
1,0.4,0.1,1.0,1.0,activity_normalized,B,0.025,0.01,0.04,0.0025,0.0,0.01,0.14375,0.09,0.19,0.496875,0.485,0.505,0.071875,0.045,0.095,0.5042,0.4699,0.549
1,0.4,0.1,1.0,1.0,counterfactual_fraction,A,0.01625,0.01,0.03,0.00125,0.0,0.01,0.135,0.08,0.17,0.49624999999999997,0.485,0.505,0.07125000000000001,0.045,0.095,0.5104625,0.4489,0.5466
1,0.4,0.1,1.0,1.0,counterfactual_fraction,B,0.02375,0.0,0.04,0.0025,0.0,0.01,0.14375,0.09,0.19,0.49624999999999997,0.485,0.505,0.07125000000000001,0.045,0.095,0.5104625,0.4489,0.5466
1,0.4,0.1,1.0,1.0,raw,A,0.77625,0.5,0.92,0.07500000000000001,0.01,0.14,0.135,0.08,0.17,0.496875,0.47,0.54,0.06625,0.045,0.095,0.4794,0.4355,0.5108
1,0.4,0.1,1.0,1.0,raw,B,0.7825,0.56,0.89,0.08625,0.04,0.14,0.14375,0.09,0.19,0.496875,0.47,0.54,0.06625,0.045,0.095,0.4794,0.4355,0.5108
1,0.4,0.25,0.0,0.0,activity_normalized,A,0.24375,0.0,0.44,0.10375000000000001,0.0,0.23,0.47625,0.42,0.52,0.5025,0.445,0.55,0.2275,0.19,0.265,0.49027499999999996,0.4313,0.571
1,0.4,0.25,0.0,0.0,activity_normalized,B,0.23875000000000002,0.03,0.41,0.08125,0.0,0.17,0.4325,0.34,0.49,0.5025,0.445,0.55,0.2275,0.19,0.265,0.49027499999999996,0.4313,0.571
1,0.4,0.25,0.0,0.0,counterfactual_fraction,A,0.0,0.0,0.0,0.0,0.0,0.0,0.47625,0.42,0.52,0.5,0.5,0.5,0.21625,0.17,0.245,0.5,0.5,0.5
1,0.4,0.25,0.0,0.0,counterfactual_fraction,B,0.0,0.0,0.0,0.0,0.0,0.0,0.4325,0.34,0.49,0.5,0.5,0.5,0.21625,0.17,0.245,0.5,0.5,0.5
1,0.4,0.25,0.0,0.0,raw,A,0.9512499999999999,0.82,1.0,0.4375,0.29,0.52,0.47625,0.42,0.52,0.498125,0.465,0.515,0.238125,0.2,0.265,0.485125,0.4254,0.5087
1,0.4,0.25,0.0,0.0,raw,B,0.955,0.85,1.0,0.39375,0.27,0.46,0.4325,0.34,0.49,0.498125,0.465,0.515,0.238125,0.2,0.265,0.485125,0.4254,0.5087
1,0.4,0.25,0.0,1.0,activity_normalized,A,0.00875,0.0,0.02,0.0025,0.0,0.01,0.47625,0.42,0.52,0.499375,0.49,0.51,0.2175,0.17,0.245,0.52305,0.4612,0.5687
1,0.4,0.25,0.0,1.0,activity_normalized,B,0.01,0.0,0.03,0.0,0.0,0.0,0.4325,0.34,0.49,0.499375,0.49,0.51,0.2175,0.17,0.245,0.52305,0.4612,0.5687
1,0.4,0.25,0.0,1.0,counterfactual_fraction,A,0.01625,0.0,0.05,0.0025,0.0,0.01,0.47625,0.42,0.52,0.50375,0.49,0.525,0.2175,0.17,0.25,0.5245875,0.4409,0.569
1,0.4,0.25,0.0,1.0,counterfactual_fraction,B,0.00875,0.0,0.03,0.0,0.0,0.0,0.4325,0.34,0.49,0.50375,0.49,0.525,0.2175,0.17,0.25,0.5245875,0.4409,0.569
1,0.4,0.25,0.0,1.0,raw,A,0.47000000000000003,0.33,0.62,0.145,0.09,0.24,0.47625,0.42,0.52,0.484375,0.425,0.52,0.228125,0.17,0.315,0.49233750000000004,0.4467,0.5255
1,0.4,0.25,0.0,1.0,raw,B,0.50125,0.29,0.62,0.12125,0.04,0.2,0.4325,0.34,0.49,0.484375,0.425,0.52,0.228125,0.17,0.315,0.49233750000000004,0.4467,0.5255
1,0.4,0.25,1.0,0.0,activity_normalized,A,0.3825,0.03,0.61,0.18375,0.02,0.31,0.47625,0.42,0.52,0.50375,0.45,0.545,0.231875,0.205,0.25,0.488175,0.4198,0.5666
1,0.4,0.25,1.0,0.0,activity_normalized,B,0.375,0.06,0.54,0.1525,0.01,0.28,0.4325,0.34,0.49,0.50375,0.45,0.545,0.231875,0.205,0.25,0.488175,0.4198,0.5666
1,0.4,0.25,1.0,0.0,counterfactual_fraction,A,0.0,0.0,0.0,0.0,0.0,0.0,0.47625,0.42,0.52,0.5,0.5,0.5,0.21625,0.17,0.245,0.5,0.5,0.5
1,0.4,0.25,1.0,0.0,counterfactual_fraction,B,0.0,0.0,0.0,0.0,0.0,0.0,0.4325,0.34,0.49,0.5,0.5,0.5,0.21625,0.17,0.245,0.5,0.5,0.5
1,0.4,0.25,1.0,0.0,raw,A,0.99875,0.99,1.0,0.475,0.41,0.52,0.47625,0.42,0.52,0.50375,0.5,0.52,0.241875,0.215,0.27,0.48345,0.4244,0.5125
1,0.4,0.25,1.0,0.0,raw,B,0.99125,0.96,1.0,0.42375,0.34,0.49,0.4325,0.34,0.49,0.50375,0.5,0.52,0.241875,0.215,0.27,0.48345,0.4244,0.5125
1,0.4,0.25,1.0,1.0,activity_normalized,A,0.051250000000000004,0.03,0.08,0.02,0.0,0.05,0.47625,0.42,0.52,0.5,0.49,0.52,0.22125,0.18,0.25,0.5169875,0.4716,0.5691
1,0.4,0.25,1.0,1.0,activity_normalized,B,0.051250000000000004,0.02,0.09,0.01,0.0,0.03,0.4325,0.34,0.49,0.5,0.49,0.52,0.22125,0.18,0.25,0.5169875,0.4716,0.5691
1,0.4,0.25,1.0,1.0,counterfactual_fraction,A,0.04875,0.02,0.08,0.01625,0.0,0.03,0.47625,0.42,0.52,0.50375,0.49,0.525,0.22062500000000002,0.175,0.255,0.519775,0.4536,0.5622
1,0.4,0.25,1.0,1.0,counterfactual_fraction,B,0.04125,0.01,0.08,0.007500000000000001,0.0,0.02,0.4325,0.34,0.49,0.50375,0.49,0.525,0.22062500000000002,0.175,0.255,0.519775,0.4536,0.5622
1,0.4,0.25,1.0,1.0,raw,A,0.76875,0.49,0.91,0.31875,0.18,0.42,0.47625,0.42,0.52,0.500625,0.48,0.525,0.23375,0.195,0.29,0.49222499999999997,0.4488,0.5296
1,0.4,0.25,1.0,1.0,raw,B,0.7675,0.53,0.87,0.28375,0.15,0.41,0.4325,0.34,0.49,0.500625,0.48,0.525,0.23375,0.195,0.29,0.49222499999999997,0.4488,0.5296
1,0.4,0.5,0.0,0.0,activity_normalized,A,0.1575,0.0,0.34,0.1475,0.0,0.32,0.9675,0.96,0.98,0.514375,0.48,0.565,0.5,0.465,0.555,0.51435,0.4558,0.5971
1,0.4,0.5,0.0,0.0,activity_normalized,B,0.12875,0.0,0.22,0.11750000000000001,0.0,0.2,0.97,0.95,0.99,0.514375,0.48,0.565,0.5,0.465,0.555,0.51435,0.4558,0.5971
1,0.4,0.5,0.0,0.0,counterfactual_fraction,A,0.0,0.0,0.0,0.0,0.0,0.0,0.9675,0.96,0.98,0.5,0.5,0.5,0.485,0.475,0.495,0.5,0.5,0.5
1,0.4,0.5,0.0,0.0,counterfactual_fraction,B,0.0,0.0,0.0,0.0,0.0,0.0,0.97,0.95,0.99,0.5,0.5,0.5,0.485,0.475,0.495,0.5,0.5,0.5
1,0.4,0.5,0.0,0.0,raw,A,0.7425,0.41,0.89,0.71,0.39,0.85,0.9675,0.96,0.98,0.494375,0.43,0.525,0.476875,0.415,0.515,0.4909875,0.4007,0.5331
1,0.4,0.5,0.0,0.0,raw,B,0.75375,0.55,0.9,0.7262500000000001,0.52,0.88,0.97,0.95,0.99,0.494375,0.43,0.525,0.476875,0.415,0.515,0.4909875,0.4007,0.5331
1,0.4,0.5,0.0,1.0,activity_normalized,A,0.01625,0.0,0.03,0.01625,0.0,0.03,0.9675,0.96,0.98,0.50375,0.495,0.515,0.49,0.48,0.495,0.5631375000000001,0.4841,0.6308
1,0.4,0.5,0.0,1.0,activity_normalized,B,0.00875,0.0,0.02,0.00625,0.0,0.02,0.97,0.95,0.99,0.50375,0.495,0.515,0.49,0.48,0.495,0.5631375000000001,0.4841,0.6308
1,0.4,0.5,0.0,1.0,counterfactual_fraction,A,0.0275,0.0,0.08,0.025,0.0,0.08,0.9675,0.96,0.98,0.51,0.495,0.535,0.49375,0.475,0.515,0.5580125,0.4732,0.6376
1,0.4,0.5,0.0,1.0,counterfactual_fraction,B,0.0075,0.0,0.03,0.0075,0.0,0.03,0.97,0.95,0.99,0.51,0.495,0.535,0.49375,0.475,0.515,0.5580125,0.4732,0.6376
1,0.4,0.5,0.0,1.0,raw,A,0.2725,0.11,0.43,0.2475,0.09,0.4,0.9675,0.96,0.98,0.5018750000000001,0.465,0.555,0.48375,0.45,0.525,0.5189375,0.4786,0.5823
1,0.4,0.5,0.0,1.0,raw,B,0.26875,0.1,0.5,0.25,0.1,0.46,0.97,0.95,0.99,0.5018750000000001,0.465,0.555,0.48375,0.45,0.525,0.5189375,0.4786,0.5823
1,0.4,0.5,1.0,0.0,activity_normalized,A,0.39375,0.0,0.64,0.38125,0.0,0.62,0.9675,0.96,0.98,0.514375,0.485,0.555,0.501875,0.475,0.54,0.5093125000000001,0.4172,0.5963
1,0.4,0.5,1.0,0.0,activity_normalized,B,0.365,0.02,0.54,0.34750000000000003,0.02,0.52,0.97,0.95,0.99,0.514375,0.485,0.555,0.501875,0.475,0.54,0.5093125000000001,0.4172,0.5963
1,0.4,0.5,1.0,0.0,counterfactual_fraction,A,0.0,0.0,0.0,0.0,0.0,0.0,0.9675,0.96,0.98,0.5,0.5,0.5,0.485,0.475,0.495,0.5,0.5,0.5
1,0.4,0.5,1.0,0.0,counterfactual_fraction,B,0.0,0.0,0.0,0.0,0.0,0.0,0.97,0.95,0.99,0.5,0.5,0.5,0.485,0.475,0.495,0.5,0.5,0.5
1,0.4,0.5,1.0,0.0,raw,A,0.97,0.81,1.0,0.9375,0.79,0.98,0.9675,0.96,0.98,0.499375,0.475,0.52,0.48312499999999997,0.465,0.5,0.49217500000000003,0.3958,0.5389
1,0.4,0.5,1.0,0.0,raw,B,0.97125,0.86,1.0,0.9412499999999999,0.82,0.99,0.97,0.95,0.99,0.499375,0.475,0.52,0.48312499999999997,0.465,0.5,0.49217500000000003,0.3958,0.5389
1,0.4,0.5,1.0,1.0,activity_normalized,A,0.18125,0.11,0.29,0.175,0.11,0.28,0.9675,0.96,0.98,0.520625,0.49,0.545,0.505,0.485,0.525,0.5575125,0.4951,0.6085
1,0.4,0.5,1.0,1.0,activity_normalized,B,0.14,0.06,0.22,0.135,0.06,0.22,0.97,0.95,0.99,0.520625,0.49,0.545,0.505,0.485,0.525,0.5575125,0.4951,0.6085
1,0.4,0.5,1.0,1.0,counterfactual_fraction,A,0.1675,0.12,0.26,0.16125,0.11,0.25,0.9675,0.96,0.98,0.514375,0.48,0.555,0.49875,0.47,0.535,0.5554625,0.4872,0.62
1,0.4,0.5,1.0,1.0,counterfactual_fraction,B,0.13875,0.08,0.24,0.13375,0.08,0.22,0.97,0.95,0.99,0.514375,0.48,0.555,0.49875,0.47,0.535,0.5554625,0.4872,0.62
1,0.4,0.5,1.0,1.0,raw,A,0.755,0.49,0.91,0.725,0.46,0.88,0.9675,0.96,0.98,0.525,0.485,0.575,0.50875,0.475,0.555,0.5302875,0.4825,0.5857
1,0.4,0.5,1.0,1.0,raw,B,0.705,0.42,0.86,0.6775,0.4,0.82,0.97,0.95,0.99,0.525,0.485,0.575,0.50875,0.475,0.555,0.5302875,0.4825,0.5857
1,0.4,1.0,0.0,0.0,activity_normalized,A,0.02,0.0,0.08,0.02,0.0,0.08,1.0,1.0,1.0,0.50625,0.495,0.525,0.50625,0.495,0.525,0.5555625,0.441,0.7106
1,0.4,1.0,0.0,0.0,activity_normalized,B,0.0075,0.0,0.03,0.0075,0.0,0.03,1.0,1.0,1.0,0.50625,0.495,0.525,0.50625,0.495,0.525,0.5555625,0.441,0.7106
1,0.4,1.0,0.0,0.0,counterfactual_fraction,A,0.0,0.0,0.0,0.0,0.0,0.0,1.0,1.0,1.0,0.5,0.5,0.5,0.5,0.5,0.5,0.5,0.5,0.5
1,0.4,1.0,0.0,0.0,counterfactual_fraction,B,0.0,0.0,0.0,0.0,0.0,0.0,1.0,1.0,1.0,0.5,0.5,0.5,0.5,0.5,0.5,0.5,0.5,0.5
1,0.4,1.0,0.0,0.0,raw,A,0.01875,0.0,0.06,0.01875,0.0,0.06,1.0,1.0,1.0,0.5025,0.49,0.515,0.5025,0.49,0.515,0.4993125,0.34,0.612
1,0.4,1.0,0.0,0.0,raw,B,0.01375,0.0,0.06,0.01375,0.0,0.06,1.0,1.0,1.0,0.5025,0.49,0.515,0.5025,0.49,0.515,0.4993125,0.34,0.612
1,0.4,1.0,0.0,1.0,activity_normalized,A,0.0,0.0,0.0,0.0,0.0,0.0,1.0,1.0,1.0,0.5,0.5,0.5,0.5,0.5,0.5,0.6693375,0.5279,0.8075
1,0.4,1.0,0.0,1.0,activity_normalized,B,0.0,0.0,0.0,0.0,0.0,0.0,1.0,1.0,1.0,0.5,0.5,0.5,0.5,0.5,0.5,0.6693375,0.5279,0.8075
1,0.4,1.0,0.0,1.0,counterfactual_fraction,A,0.005,0.0,0.02,0.005,0.0,0.02,1.0,1.0,1.0,0.500625,0.5,0.505,0.500625,0.5,0.505,0.6611875,0.5222,0.7789
1,0.4,1.0,0.0,1.0,counterfactual_fraction,B,0.0037500000000000003,0.0,0.02,0.0037500000000000003,0.0,0.02,1.0,1.0,1.0,0.500625,0.5,0.505,0.500625,0.5,0.505,0.6611875,0.5222,0.7789
1,0.4,1.0,0.0,1.0,raw,A,0.0025,0.0,0.01,0.0025,0.0,0.01,1.0,1.0,1.0,0.500625,0.495,0.505,0.500625,0.495,0.505,0.5767,0.5102,0.6629
1,0.4,1.0,0.0,1.0,raw,B,0.00125,0.0,0.01,0.00125,0.0,0.01,1.0,1.0,1.0,0.500625,0.495,0.505,0.500625,0.495,0.505,0.5767,0.5102,0.6629
1,0.4,1.0,1.0,0.0,activity_normalized,A,0.41875,0.0,0.73,0.41875,0.0,0.73,1.0,1.0,1.0,0.540625,0.5,0.64,0.540625,0.5,0.64,0.55065,0.4093,0.744
1,0.4,1.0,1.0,0.0,activity_normalized,B,0.3375,0.0,0.6,0.3375,0.0,0.6,1.0,1.0,1.0,0.540625,0.5,0.64,0.540625,0.5,0.64,0.55065,0.4093,0.744
1,0.4,1.0,1.0,0.0,counterfactual_fraction,A,0.0,0.0,0.0,0.0,0.0,0.0,1.0,1.0,1.0,0.5,0.5,0.5,0.5,0.5,0.5,0.5,0.5,0.5
1,0.4,1.0,1.0,0.0,counterfactual_fraction,B,0.0,0.0,0.0,0.0,0.0,0.0,1.0,1.0,1.0,0.5,0.5,0.5,0.5,0.5,0.5,0.5,0.5,0.5
1,0.4,1.0,1.0,0.0,raw,A,0.48875,0.0,0.81,0.48875,0.0,0.81,1.0,1.0,1.0,0.520625,0.45,0.565,0.520625,0.45,0.565,0.50735,0.3218,0.6307
1,0.4,1.0,1.0,0.0,raw,B,0.4475,0.03,0.77,0.4475,0.03,0.77,1.0,1.0,1.0,0.520625,0.45,0.565,0.520625,0.45,0.565,0.50735,0.3218,0.6307
1,0.4,1.0,1.0,1.0,activity_normalized,A,0.6275,0.43,0.83,0.6275,0.43,0.83,1.0,1.0,1.0,0.65625,0.55,0.775,0.65625,0.55,0.775,0.70585,0.5685,0.8277
1,0.4,1.0,1.0,1.0,activity_normalized,B,0.315,0.11,0.52,0.315,0.11,0.52,1.0,1.0,1.0,0.65625,0.55,0.775,0.65625,0.55,0.775,0.70585,0.5685,0.8277
1,0.4,1.0,1.0,1.0,counterfactual_fraction,A,0.61,0.49,0.78,0.61,0.49,0.78,1.0,1.0,1.0,0.640625,0.52,0.79,0.640625,0.52,0.79,0.6993625,0.5498,0.855
1,0.4,1.0,1.0,1.0,counterfactual_fraction,B,0.32875,0.16,0.67,0.32875,0.16,0.67,1.0,1.0,1.0,0.640625,0.52,0.79,0.640625,0.52,0.79,0.6993625,0.5498,0.855
1,0.4,1.0,1.0,1.0,raw,A,0.6125,0.27,0.77,0.6125,0.27,0.77,1.0,1.0,1.0,0.606875,0.535,0.725,0.606875,0.535,0.725,0.6663749999999999,0.5386,0.8142
1,0.4,1.0,1.0,1.0,raw,B,0.39875,0.09,0.7,0.39875,0.09,0.7,1.0,1.0,1.0,0.606875,0.535,0.725,0.606875,0.535,0.725,0.6663749999999999,0.5386,0.8142
2,0.1,0.0,0.0,0.0,activity_normalized,A,0.99875,0.99,1.0,0.051250000000000004,0.02,0.08,0.051250000000000004,0.02,0.08,,,,,,,,,
2,0.1,0.0,0.0,0.0,activity_normalized,B,1.0,1.0,1.0,0.0425,0.02,0.07,0.0425,0.02,0.07,,,,,,,,,
2,0.1,0.0,0.0,0.0,counterfactual_fraction,A,0.0,0.0,0.0,0.0,0.0,0.0,0.051250000000000004,0.02,0.08,,,,,,,,,
2,0.1,0.0,0.0,0.0,counterfactual_fraction,B,0.0,0.0,0.0,0.0,0.0,0.0,0.0425,0.02,0.07,,,,,,,,,
2,0.1,0.0,0.0,0.0,raw,A,1.0,1.0,1.0,0.051250000000000004,0.02,0.08,0.051250000000000004,0.02,0.08,,,,,,,,,
2,0.1,0.0,0.0,0.0,raw,B,1.0,1.0,1.0,0.0425,0.02,0.07,0.0425,0.02,0.07,,,,,,,,,
2,0.1,0.0,0.0,1.0,activity_normalized,A,0.99875,0.99,1.0,0.051250000000000004,0.02,0.08,0.051250000000000004,0.02,0.08,,,,,,,,,
2,0.1,0.0,0.0,1.0,activity_normalized,B,0.99875,0.99,1.0,0.0425,0.02,0.07,0.0425,0.02,0.07,,,,,,,,,
2,0.1,0.0,0.0,1.0,counterfactual_fraction,A,0.0,0.0,0.0,0.0,0.0,0.0,0.051250000000000004,0.02,0.08,,,,,,,,,
2,0.1,0.0,0.0,1.0,counterfactual_fraction,B,0.0,0.0,0.0,0.0,0.0,0.0,0.0425,0.02,0.07,,,,,,,,,
2,0.1,0.0,0.0,1.0,raw,A,1.0,1.0,1.0,0.051250000000000004,0.02,0.08,0.051250000000000004,0.02,0.08,,,,,,,,,
2,0.1,0.0,0.0,1.0,raw,B,1.0,1.0,1.0,0.0425,0.02,0.07,0.0425,0.02,0.07,,,,,,,,,
2,0.1,0.0,1.0,0.0,activity_normalized,A,0.99875,0.99,1.0,0.051250000000000004,0.02,0.08,0.051250000000000004,0.02,0.08,,,,,,,,,
2,0.1,0.0,1.0,0.0,activity_normalized,B,1.0,1.0,1.0,0.0425,0.02,0.07,0.0425,0.02,0.07,,,,,,,,,
2,0.1,0.0,1.0,0.0,counterfactual_fraction,A,0.0,0.0,0.0,0.0,0.0,0.0,0.051250000000000004,0.02,0.08,,,,,,,,,
2,0.1,0.0,1.0,0.0,counterfactual_fraction,B,0.0,0.0,0.0,0.0,0.0,0.0,0.0425,0.02,0.07,,,,,,,,,
2,0.1,0.0,1.0,0.0,raw,A,1.0,1.0,1.0,0.051250000000000004,0.02,0.08,0.051250000000000004,0.02,0.08,,,,,,,,,
2,0.1,0.0,1.0,0.0,raw,B,1.0,1.0,1.0,0.0425,0.02,0.07,0.0425,0.02,0.07,,,,,,,,,
2,0.1,0.0,1.0,1.0,activity_normalized,A,0.99875,0.99,1.0,0.051250000000000004,0.02,0.08,0.051250000000000004,0.02,0.08,,,,,,,,,
2,0.1,0.0,1.0,1.0,activity_normalized,B,0.99875,0.99,1.0,0.0425,0.02,0.07,0.0425,0.02,0.07,,,,,,,,,
2,0.1,0.0,1.0,1.0,counterfactual_fraction,A,0.0,0.0,0.0,0.0,0.0,0.0,0.051250000000000004,0.02,0.08,,,,,,,,,
2,0.1,0.0,1.0,1.0,counterfactual_fraction,B,0.0,0.0,0.0,0.0,0.0,0.0,0.0425,0.02,0.07,,,,,,,,,
2,0.1,0.0,1.0,1.0,raw,A,1.0,1.0,1.0,0.051250000000000004,0.02,0.08,0.051250000000000004,0.02,0.08,,,,,,,,,
2,0.1,0.0,1.0,1.0,raw,B,1.0,1.0,1.0,0.0425,0.02,0.07,0.0425,0.02,0.07,,,,,,,,,
2,0.1,0.1,0.0,0.0,activity_normalized,A,0.98625,0.94,1.0,0.81375,0.75,0.85,0.8275,0.75,0.88,0.49624999999999997,0.485,0.505,0.409375,0.38,0.425,0.49434374999999997,0.475,0.50005
2,0.1,0.1,0.0,0.0,activity_normalized,B,0.99375,0.97,1.0,0.8075,0.76,0.86,0.8125,0.76,0.86,0.49624999999999997,0.485,0.505,0.409375,0.38,0.425,0.49434374999999997,0.475,0.50005
2,0.1,0.1,0.0,0.0,counterfactual_fraction,A,0.0,0.0,0.0,0.0,0.0,0.0,0.8275,0.75,0.88,0.5,0.5,0.5,0.40625,0.38,0.43,0.5,0.5,0.5
2,0.1,0.1,0.0,0.0,counterfactual_fraction,B,0.0,0.0,0.0,0.0,0.0,0.0,0.8125,0.76,0.86,0.5,0.5,0.5,0.40625,0.38,0.43,0.5,0.5,0.5
2,0.1,0.1,0.0,0.0,raw,A,1.0,1.0,1.0,0.8275,0.75,0.88,0.8275,0.75,0.88,0.5,0.5,0.5,0.41375,0.375,0.44,0.49438125,0.475,0.50005
2,0.1,0.1,0.0,0.0,raw,B,1.0,1.0,1.0,0.8125,0.76,0.86,0.8125,0.76,0.86,0.5,0.5,0.5,0.41375,0.375,0.44,0.49438125,0.475,0.50005
2,0.1,0.1,0.0,1.0,activity_normalized,A,0.9975,0.99,1.0,0.825,0.75,0.88,0.8275,0.75,0.88,0.5,0.495,0.505,0.41375,0.375,0.445,0.4944375,0.475,0.50005
2,0.1,0.1,0.0,1.0,activity_normalized,B,0.9975,0.99,1.0,0.81,0.76,0.86,0.8125,0.76,0.86,0.5,0.495,0.505,0.41375,0.375,0.445,0.4944375,0.475,0.50005
2,0.1,0.1,0.0,1.0,counterfactual_fraction,A,0.0175,0.0,0.07,0.0175,0.0,0.07,0.8275,0.75,0.88,0.505625,0.495,0.525,0.4125,0.4,0.43,0.5050625,0.495,0.525
2,0.1,0.1,0.0,1.0,counterfactual_fraction,B,0.00625,0.0,0.03,0.005,0.0,0.02,0.8125,0.76,0.86,0.505625,0.495,0.525,0.4125,0.4,0.43,0.5050625,0.495,0.525
2,0.1,0.1,0.0,1.0,raw,A,1.0,1.0,1.0,0.8275,0.75,0.88,0.8275,0.75,0.88,0.5,0.5,0.5,0.41375,0.375,0.44,0.49446875,0.475,0.50005
2,0.1,0.1,0.0,1.0,raw,B,1.0,1.0,1.0,0.8125,0.76,0.86,0.8125,0.76,0.86,0.5,0.5,0.5,0.41375,0.375,0.44,0.49446875,0.475,0.50005
2,0.1,0.1,1.0,0.0,activity_normalized,A,0.98625,0.94,1.0,0.81375,0.75,0.85,0.8275,0.75,0.88,0.49624999999999997,0.485,0.505,0.409375,0.38,0.425,0.4943375,0.475,0.50005
2,0.1,0.1,1.0,0.0,activity_normalized,B,0.99375,0.97,1.0,0.8075,0.76,0.86,0.8125,0.76,0.86,0.49624999999999997,0.485,0.505,0.409375,0.38,0.425,0.4943375,0.475,0.50005
2,0.1,0.1,1.0,0.0,counterfactual_fraction,A,0.0,0.0,0.0,0.0,0.0,0.0,0.8275,0.75,0.88,0.5,0.5,0.5,0.40625,0.38,0.43,0.5,0.5,0.5
2,0.1,0.1,1.0,0.0,counterfactual_fraction,B,0.0,0.0,0.0,0.0,0.0,0.0,0.8125,0.76,0.86,0.5,0.5,0.5,0.40625,0.38,0.43,0.5,0.5,0.5
2,0.1,0.1,1.0,0.0,raw,A,1.0,1.0,1.0,0.8275,0.75,0.88,0.8275,0.75,0.88,0.5,0.5,0.5,0.41375,0.375,0.44,0.49438125,0.475,0.50005
2,0.1,0.1,1.0,0.0,raw,B,1.0,1.0,1.0,0.8125,0.76,0.86,0.8125,0.76,0.86,0.5,0.5,0.5,0.41375,0.375,0.44,0.49438125,0.475,0.50005
2,0.1,0.1,1.0,1.0,activity_normalized,A,0.9975,0.99,1.0,0.825,0.75,0.88,0.8275,0.75,0.88,0.5,0.495,0.505,0.41375,0.375,0.445,0.4944375,0.475,0.50005
2,0.1,0.1,1.0,1.0,activity_normalized,B,0.9975,0.99,1.0,0.81,0.76,0.86,0.8125,0.76,0.86,0.5,0.495,0.505,0.41375,0.375,0.445,0.4944375,0.475,0.50005
2,0.1,0.1,1.0,1.0,counterfactual_fraction,A,0.0175,0.0,0.07,0.0175,0.0,0.07,0.8275,0.75,0.88,0.505625,0.495,0.525,0.4125,0.4,0.43,0.5050875,0.495,0.525
2,0.1,0.1,1.0,1.0,counterfactual_fraction,B,0.00625,0.0,0.03,0.005,0.0,0.02,0.8125,0.76,0.86,0.505625,0.495,0.525,0.4125,0.4,0.43,0.5050875,0.495,0.525
2,0.1,0.1,1.0,1.0,raw,A,1.0,1.0,1.0,0.8275,0.75,0.88,0.8275,0.75,0.88,0.5,0.5,0.5,0.41375,0.375,0.44,0.49446875,0.475,0.50005
2,0.1,0.1,1.0,1.0,raw,B,1.0,1.0,1.0,0.8125,0.76,0.86,0.8125,0.76,0.86,0.5,0.5,0.5,0.41375,0.375,0.44,0.49446875,0.475,0.50005
2,0.1,0.25,0.0,0.0,activity_normalized,A,0.7999999999999999,0.59,0.96,0.7999999999999999,0.59,0.96,1.0,1.0,1.0,0.515,0.43,0.655,0.515,0.43,0.655,0.50999375,0.3165,0.65335
2,0.1,0.25,0.0,0.0,activity_normalized,B,0.77,0.48,0.92,0.77,0.48,0.92,1.0,1.0,1.0,0.515,0.43,0.655,0.515,0.43,0.655,0.50999375,0.3165,0.65335
2,0.1,0.25,0.0,0.0,counterfactual_fraction,A,0.0,0.0,0.0,0.0,0.0,0.0,1.0,1.0,1.0,0.5,0.5,0.5,0.5,0.5,0.5,0.5,0.5,0.5
2,0.1,0.25,0.0,0.0,counterfactual_fraction,B,0.0,0.0,0.0,0.0,0.0,0.0,1.0,1.0,1.0,0.5,0.5,0.5,0.5,0.5,0.5,0.5,0.5,0.5
2,0.1,0.25,0.0,0.0,raw,A,1.0,1.0,1.0,1.0,1.0,1.0,1.0,1.0,1.0,0.5,0.5,0.5,0.5,0.5,0.5,0.48881874999999997,0.23525,0.65625
2,0.1,0.25,0.0,0.0,raw,B,1.0,1.0,1.0,1.0,1.0,1.0,1.0,1.0,1.0,0.5,0.5,0.5,0.5,0.5,0.5,0.48881874999999997,0.23525,0.65625
2,0.1,0.25,0.0,1.0,activity_normalized,A,0.9875,0.96,1.0,0.9875,0.96,1.0,1.0,1.0,1.0,0.5025,0.49,0.515,0.5025,0.49,0.515,0.50158125,0.3303,0.63265
2,0.1,0.25,0.0,1.0,activity_normalized,B,0.9824999999999999,0.95,1.0,0.9824999999999999,0.95,1.0,1.0,1.0,1.0,0.5025,0.49,0.515,0.5025,0.49,0.515,0.50158125,0.3303,0.63265
2,0.1,0.25,0.0,1.0,counterfactual_fraction,A,0.39375,0.06,0.88,0.39375,0.06,0.88,1.0,1.0,1.0,0.499375,0.355,0.69,0.499375,0.355,0.69,0.49245,0.34465,0.71545
2,0.1,0.25,0.0,1.0,counterfactual_fraction,B,0.395,0.23,0.89,0.395,0.23,0.89,1.0,1.0,1.0,0.499375,0.355,0.69,0.499375,0.355,0.69,0.49245,0.34465,0.71545
2,0.1,0.25,0.0,1.0,raw,A,1.0,1.0,1.0,1.0,1.0,1.0,1.0,1.0,1.0,0.5,0.5,0.5,0.5,0.5,0.5,0.49920624999999996,0.31115,0.64125
2,0.1,0.25,0.0,1.0,raw,B,1.0,1.0,1.0,1.0,1.0,1.0,1.0,1.0,1.0,0.5,0.5,0.5,0.5,0.5,0.5,0.49920624999999996,0.31115,0.64125
2,0.1,0.25,1.0,0.0,activity_normalized,A,0.8025,0.6,0.96,0.8025,0.6,0.96,1.0,1.0,1.0,0.515,0.43,0.655,0.515,0.43,0.655,0.510025,0.3169,0.65235
2,0.1,0.25,1.0,0.0,activity_normalized,B,0.7725,0.49,0.93,0.7725,0.49,0.93,1.0,1.0,1.0,0.515,0.43,0.655,0.515,0.43,0.655,0.510025,0.3169,0.65235
2,0.1,0.25,1.0,0.0,counterfactual_fraction,A,0.0,0.0,0.0,0.0,0.0,0.0,1.0,1.0,1.0,0.5,0.5,0.5,0.5,0.5,0.5,0.5,0.5,0.5
2,0.1,0.25,1.0,0.0,counterfactual_fraction,B,0.0,0.0,0.0,0.0,0.0,0.0,1.0,1.0,1.0,0.5,0.5,0.5,0.5,0.5,0.5,0.5,0.5,0.5
2,0.1,0.25,1.0,0.0,raw,A,1.0,1.0,1.0,1.0,1.0,1.0,1.0,1.0,1.0,0.5,0.5,0.5,0.5,0.5,0.5,0.48904375,0.23615,0.65625
2,0.1,0.25,1.0,0.0,raw,B,1.0,1.0,1.0,1.0,1.0,1.0,1.0,1.0,1.0,0.5,0.5,0.5,0.5,0.5,0.5,0.48904375,0.23615,0.65625
2,0.1,0.25,1.0,1.0,activity_normalized,A,0.9875,0.96,1.0,0.9875,0.96,1.0,1.0,1.0,1.0,0.50125,0.49,0.51,0.50125,0.49,0.51,0.50253125,0.3312,0.6327
2,0.1,0.25,1.0,1.0,activity_normalized,B,0.985,0.97,1.0,0.985,0.97,1.0,1.0,1.0,1.0,0.50125,0.49,0.51,0.50125,0.49,0.51,0.50253125,0.3312,0.6327
2,0.1,0.25,1.0,1.0,counterfactual_fraction,A,0.39375,0.06,0.88,0.39375,0.06,0.88,1.0,1.0,1.0,0.49875,0.355,0.69,0.49875,0.355,0.69,0.49375,0.3482,0.71595
2,0.1,0.25,1.0,1.0,counterfactual_fraction,B,0.39625,0.23,0.89,0.39625,0.23,0.89,1.0,1.0,1.0,0.49875,0.355,0.69,0.49875,0.355,0.69,0.49375,0.3482,0.71595
2,0.1,0.25,1.0,1.0,raw,A,1.0,1.0,1.0,1.0,1.0,1.0,1.0,1.0,1.0,0.5,0.5,0.5,0.5,0.5,0.5,0.49995625,0.31235,0.64125
2,0.1,0.25,1.0,1.0,raw,B,1.0,1.0,1.0,1.0,1.0,1.0,1.0,1.0,1.0,0.5,0.5,0.5,0.5,0.5,0.5,0.49995625,0.31235,0.64125
2,0.1,0.5,0.0,0.0,activity_normalized,A,0.25625,0.02,0.6,0.25625,0.02,0.6,1.0,1.0,1.0,0.5293749999999999,0.43,0.615,0.5293749999999999,0.43,0.615,0.5905,0.3532,0.9578
2,0.1,0.5,0.0,0.0,activity_normalized,B,0.1975,0.0,0.47,0.1975,0.0,0.47,1.0,1.0,1.0,0.5293749999999999,0.43,0.615,0.5293749999999999,0.43,0.615,0.5905,0.3532,0.9578
2,0.1,0.5,0.0,0.0,counterfactual_fraction,A,0.0,0.0,0.0,0.0,0.0,0.0,1.0,1.0,1.0,0.5,0.5,0.5,0.5,0.5,0.5,0.5,0.5,0.5
2,0.1,0.5,0.0,0.0,counterfactual_fraction,B,0.0,0.0,0.0,0.0,0.0,0.0,1.0,1.0,1.0,0.5,0.5,0.5,0.5,0.5,0.5,0.5,0.5,0.5
2,0.1,0.5,0.0,0.0,raw,A,1.0,1.0,1.0,1.0,1.0,1.0,1.0,1.0,1.0,0.5,0.5,0.5,0.5,0.5,0.5,0.4886875,0.0552,0.963
2,0.1,0.5,0.0,0.0,raw,B,1.0,1.0,1.0,1.0,1.0,1.0,1.0,1.0,1.0,0.5,0.5,0.5,0.5,0.5,0.5,0.4886875,0.0552,0.963
2,0.1,0.5,0.0,1.0,activity_normalized,A,0.9675,0.81,1.0,0.9675,0.81,1.0,1.0,1.0,1.0,0.640625,0.505,0.915,0.640625,0.505,0.915,0.79475,0.6543,0.9992
2,0.1,0.5,0.0,1.0,activity_normalized,B,0.68625,0.17,0.98,0.68625,0.17,0.98,1.0,1.0,1.0,0.640625,0.505,0.915,0.640625,0.505,0.915,0.79475,0.6543,0.9992
2,0.1,0.5,0.0,1.0,counterfactual_fraction,A,0.9775,0.87,1.0,0.9775,0.87,1.0,1.0,1.0,1.0,0.6275000000000001,0.5,0.805,0.6275000000000001,0.5,0.805,0.7948875,0.6236,0.9962
2,0.1,0.5,0.0,1.0,counterfactual_fraction,B,0.7225,0.38,0.99,0.7225,0.38,0.99,1.0,1.0,1.0,0.6275000000000001,0.5,0.805,0.6275000000000001,0.5,0.805,0.7948875,0.6236,0.9962
2,0.1,0.5,0.0,1.0,raw,A,1.0,1.0,1.0,1.0,1.0,1.0,1.0,1.0,1.0,0.5,0.5,0.5,0.5,0.5,0.5,0.7439875,0.534,0.9992
2,0.1,0.5,0.0,1.0,raw,B,1.0,1.0,1.0,1.0,1.0,1.0,1.0,1.0,1.0,0.5,0.5,0.5,0.5,0.5,0.5,0.7439875,0.534,0.9992
2,0.1,0.5,1.0,0.0,activity_normalized,A,0.35,0.02,0.76,0.35,0.02,0.76,1.0,1.0,1.0,0.534375,0.42,0.655,0.534375,0.42,0.655,0.5970625,0.3658,0.9589
2,0.1,0.5,1.0,0.0,activity_normalized,B,0.28125,0.0,0.8,0.28125,0.0,0.8,1.0,1.0,1.0,0.534375,0.42,0.655,0.534375,0.42,0.655,0.5970625,0.3658,0.9589
2,0.1,0.5,1.0,0.0,counterfactual_fraction,A,0.0,0.0,0.0,0.0,0.0,0.0,1.0,1.0,1.0,0.5,0.5,0.5,0.5,0.5,0.5,0.5,0.5,0.5
2,0.1,0.5,1.0,0.0,counterfactual_fraction,B,0.0,0.0,0.0,0.0,0.0,0.0,1.0,1.0,1.0,0.5,0.5,0.5,0.5,0.5,0.5,0.5,0.5,0.5
2,0.1,0.5,1.0,0.0,raw,A,1.0,1.0,1.0,1.0,1.0,1.0,1.0,1.0,1.0,0.5,0.5,0.5,0.5,0.5,0.5,0.49260000000000004,0.065,0.9666
2,0.1,0.5,1.0,0.0,raw,B,1.0,1.0,1.0,1.0,1.0,1.0,1.0,1.0,1.0,0.5,0.5,0.5,0.5,0.5,0.5,0.49260000000000004,0.065,0.9666
2,0.1,0.5,1.0,1.0,activity_normalized,A,0.995,0.99,1.0,0.995,0.99,1.0,1.0,1.0,1.0,0.614375,0.505,0.905,0.614375,0.505,0.905,0.8184625,0.6551,0.9991
2,0.1,0.5,1.0,1.0,activity_normalized,B,0.76625,0.19,0.98,0.76625,0.19,0.98,1.0,1.0,1.0,0.614375,0.505,0.905,0.614375,0.505,0.905,0.8184625,0.6551,0.9991
2,0.1,0.5,1.0,1.0,counterfactual_fraction,A,0.99625,0.99,1.0,0.99625,0.99,1.0,1.0,1.0,1.0,0.5962500000000001,0.5,0.765,0.5962500000000001,0.5,0.765,0.8177875,0.6296,0.9955
2,0.1,0.5,1.0,1.0,counterfactual_fraction,B,0.80375,0.47,0.99,0.80375,0.47,0.99,1.0,1.0,1.0,0.5962500000000001,0.5,0.765,0.5962500000000001,0.5,0.765,0.8177875,0.6296,0.9955
2,0.1,0.5,1.0,1.0,raw,A,1.0,1.0,1.0,1.0,1.0,1.0,1.0,1.0,1.0,0.5,0.5,0.5,0.5,0.5,0.5,0.7891375,0.6329,0.9992
2,0.1,0.5,1.0,1.0,raw,B,1.0,1.0,1.0,1.0,1.0,1.0,1.0,1.0,1.0,0.5,0.5,0.5,0.5,0.5,0.5,0.7891375,0.6329,0.9992
2,0.1,1.0,0.0,0.0,activity_normalized,A,0.15125,0.0,0.93,0.15125,0.0,0.93,1.0,1.0,1.0,0.569375,0.5,0.925,0.569375,0.5,0.925,0.6452375,0.0041,0.9755
2,0.1,1.0,0.0,0.0,activity_normalized,B,0.0125,0.0,0.08,0.0125,0.0,0.08,1.0,1.0,1.0,0.569375,0.5,0.925,0.569375,0.5,0.925,0.6452375,0.0041,0.9755
2,0.1,1.0,0.0,0.0,counterfactual_fraction,A,0.0,0.0,0.0,0.0,0.0,0.0,1.0,1.0,1.0,0.5,0.5,0.5,0.5,0.5,0.5,0.5,0.5,0.5
2,0.1,1.0,0.0,0.0,counterfactual_fraction,B,0.0,0.0,0.0,0.0,0.0,0.0,1.0,1.0,1.0,0.5,0.5,0.5,0.5,0.5,0.5,0.5,0.5,0.5
2,0.1,1.0,0.0,0.0,raw,A,0.0075,0.0,0.03,0.0075,0.0,0.03,1.0,1.0,1.0,0.50375,0.5,0.515,0.50375,0.5,0.515,0.4497875,0.0015,0.9778
2,0.1,1.0,0.0,0.0,raw,B,0.0,0.0,0.0,0.0,0.0,0.0,1.0,1.0,1.0,0.50375,0.5,0.515,0.50375,0.5,0.515,0.4497875,0.0015,0.9778
2,0.1,1.0,0.0,1.0,activity_normalized,A,0.195,0.0,0.78,0.195,0.0,0.78,1.0,1.0,1.0,0.5975,0.5,0.89,0.5975,0.5,0.89,0.909675,0.7295,1.0
2,0.1,1.0,0.0,1.0,activity_normalized,B,0.0,0.0,0.0,0.0,0.0,0.0,1.0,1.0,1.0,0.5975,0.5,0.89,0.5975,0.5,0.89,0.909675,0.7295,1.0
2,0.1,1.0,0.0,1.0,counterfactual_fraction,A,0.20750000000000002,0.0,0.91,0.20750000000000002,0.0,0.91,1.0,1.0,1.0,0.60375,0.5,0.955,0.60375,0.5,0.955,0.92135,0.6785,1.0
2,0.1,1.0,0.0,1.0,counterfactual_fraction,B,0.0,0.0,0.0,0.0,0.0,0.0,1.0,1.0,1.0,0.60375,0.5,0.955,0.60375,0.5,0.955,0.92135,0.6785,1.0
2,0.1,1.0,0.0,1.0,raw,A,0.11249999999999999,0.0,0.47,0.11249999999999999,0.0,0.47,1.0,1.0,1.0,0.55625,0.5,0.735,0.55625,0.5,0.735,0.70945,0.3436,1.0
2,0.1,1.0,0.0,1.0,raw,B,0.0,0.0,0.0,0.0,0.0,0.0,1.0,1.0,1.0,0.55625,0.5,0.735,0.55625,0.5,0.735,0.70945,0.3436,1.0
2,0.1,1.0,1.0,0.0,activity_normalized,A,0.57875,0.0,0.99,0.57875,0.0,0.99,1.0,1.0,1.0,0.6637500000000001,0.455,0.965,0.6637500000000001,0.455,0.965,0.6555,0.1086,0.9968
2,0.1,1.0,1.0,0.0,activity_normalized,B,0.25125000000000003,0.05,0.54,0.25125000000000003,0.05,0.54,1.0,1.0,1.0,0.6637500000000001,0.455,0.965,0.6637500000000001,0.455,0.965,0.6555,0.1086,0.9968
2,0.1,1.0,1.0,0.0,counterfactual_fraction,A,0.0,0.0,0.0,0.0,0.0,0.0,1.0,1.0,1.0,0.5,0.5,0.5,0.5,0.5,0.5,0.5,0.5,0.5
2,0.1,1.0,1.0,0.0,counterfactual_fraction,B,0.0,0.0,0.0,0.0,0.0,0.0,1.0,1.0,1.0,0.5,0.5,0.5,0.5,0.5,0.5,0.5,0.5,0.5
2,0.1,1.0,1.0,0.0,raw,A,0.73625,0.0,0.96,0.73625,0.0,0.96,1.0,1.0,1.0,0.58125,0.44,0.96,0.58125,0.44,0.96,0.44029999999999997,0.0013,0.9892
2,0.1,1.0,1.0,0.0,raw,B,0.57375,0.01,1.0,0.57375,0.01,1.0,1.0,1.0,1.0,0.58125,0.44,0.96,0.58125,0.44,0.96,0.44029999999999997,0.0013,0.9892
2,0.1,1.0,1.0,1.0,activity_normalized,A,0.9375,0.75,1.0,0.9375,0.75,1.0,1.0,1.0,1.0,0.9325,0.73,1.0,0.9325,0.73,1.0,0.968125,0.8412,1.0
2,0.1,1.0,1.0,1.0,activity_normalized,B,0.0725,0.0,0.42,0.0725,0.0,0.42,1.0,1.0,1.0,0.9325,0.73,1.0,0.9325,0.73,1.0,0.968125,0.8412,1.0
2,0.1,1.0,1.0,1.0,counterfactual_fraction,A,0.9175,0.73,1.0,0.9175,0.73,1.0,1.0,1.0,1.0,0.9325,0.72,1.0,0.9325,0.72,1.0,0.965275,0.8146,1.0
2,0.1,1.0,1.0,1.0,counterfactual_fraction,B,0.0525,0.0,0.29,0.0525,0.0,0.29,1.0,1.0,1.0,0.9325,0.72,1.0,0.9325,0.72,1.0,0.965275,0.8146,1.0
2,0.1,1.0,1.0,1.0,raw,A,0.89875,0.69,1.0,0.89875,0.69,1.0,1.0,1.0,1.0,0.903125,0.665,1.0,0.903125,0.665,1.0,0.9458624999999999,0.7458,1.0
2,0.1,1.0,1.0,1.0,raw,B,0.0925,0.0,0.36,0.0925,0.0,0.36,1.0,1.0,1.0,0.903125,0.665,1.0,0.903125,0.665,1.0,0.9458624999999999,0.7458,1.0
2,0.4,0.0,0.0,0.0,activity_normalized,A,0.28375,0.02,0.65,0.01125,0.0,0.03,0.05375,0.03,0.08,,,,,,,,,
2,0.4,0.0,0.0,0.0,activity_normalized,B,0.27875,0.03,0.58,0.01125,0.0,0.03,0.05,0.01,0.07,,,,,,,,,
2,0.4,0.0,0.0,0.0,counterfactual_fraction,A,0.0,0.0,0.0,0.0,0.0,0.0,0.05375,0.03,0.08,,,,,,,,,
2,0.4,0.0,0.0,0.0,counterfactual_fraction,B,0.0,0.0,0.0,0.0,0.0,0.0,0.05,0.01,0.07,,,,,,,,,
2,0.4,0.0,0.0,0.0,raw,A,0.99125,0.96,1.0,0.052500000000000005,0.03,0.08,0.05375,0.03,0.08,,,,,,,,,
2,0.4,0.0,0.0,0.0,raw,B,0.985,0.95,1.0,0.045,0.01,0.07,0.05,0.01,0.07,,,,,,,,,
2,0.4,0.0,0.0,1.0,activity_normalized,A,0.00875,0.0,0.03,0.0,0.0,0.0,0.05375,0.03,0.08,,,,,,,,,
2,0.4,0.0,0.0,1.0,activity_normalized,B,0.01,0.0,0.02,0.0,0.0,0.0,0.05,0.01,0.07,,,,,,,,,
2,0.4,0.0,0.0,1.0,counterfactual_fraction,A,0.0075,0.0,0.02,0.0,0.0,0.0,0.05375,0.03,0.08,,,,,,,,,
2,0.4,0.0,0.0,1.0,counterfactual_fraction,B,0.00875,0.0,0.02,0.0,0.0,0.0,0.05,0.01,0.07,,,,,,,,,
2,0.4,0.0,0.0,1.0,raw,A,0.6,0.44,0.7,0.01375,0.0,0.02,0.05375,0.03,0.08,,,,,,,,,
2,0.4,0.0,0.0,1.0,raw,B,0.6487499999999999,0.49,0.72,0.00875,0.0,0.02,0.05,0.01,0.07,,,,,,,,,
2,0.4,0.0,1.0,0.0,activity_normalized,A,0.34750000000000003,0.03,0.72,0.0175,0.0,0.05,0.05375,0.03,0.08,,,,,,,,,
2,0.4,0.0,1.0,0.0,activity_normalized,B,0.34125,0.04,0.61,0.018750000000000003,0.0,0.04,0.05,0.01,0.07,,,,,,,,,
2,0.4,0.0,1.0,0.0,counterfactual_fraction,A,0.0,0.0,0.0,0.0,0.0,0.0,0.05375,0.03,0.08,,,,,,,,,
2,0.4,0.0,1.0,0.0,counterfactual_fraction,B,0.0,0.0,0.0,0.0,0.0,0.0,0.05,0.01,0.07,,,,,,,,,
2,0.4,0.0,1.0,0.0,raw,A,1.0,1.0,1.0,0.05375,0.03,0.08,0.05375,0.03,0.08,,,,,,,,,
2,0.4,0.0,1.0,0.0,raw,B,0.99875,0.99,1.0,0.05,0.01,0.07,0.05,0.01,0.07,,,,,,,,,
2,0.4,0.0,1.0,1.0,activity_normalized,A,0.01875,0.01,0.04,0.00125,0.0,0.01,0.05375,0.03,0.08,,,,,,,,,
2,0.4,0.0,1.0,1.0,activity_normalized,B,0.01625,0.0,0.04,0.0,0.0,0.0,0.05,0.01,0.07,,,,,,,,,
2,0.4,0.0,1.0,1.0,counterfactual_fraction,A,0.02,0.01,0.03,0.0025,0.0,0.01,0.05375,0.03,0.08,,,,,,,,,
2,0.4,0.0,1.0,1.0,counterfactual_fraction,B,0.01625,0.0,0.05,0.0,0.0,0.0,0.05,0.01,0.07,,,,,,,,,
2,0.4,0.0,1.0,1.0,raw,A,0.78,0.61,0.88,0.0275,0.02,0.04,0.05375,0.03,0.08,,,,,,,,,
2,0.4,0.0,1.0,1.0,raw,B,0.79375,0.62,0.86,0.01875,0.0,0.04,0.05,0.01,0.07,,,,,,,,,
2,0.4,0.1,0.0,0.0,activity_normalized,A,0.26875,0.01,0.65,0.035,0.0,0.1,0.135,0.08,0.17,0.51,0.45,0.54,0.075,0.055,0.095,0.5029250000000001,0.4818,0.5321
2,0.4,0.1,0.0,0.0,activity_normalized,B,0.24875,0.03,0.58,0.02875,0.0,0.07,0.14375,0.09,0.19,0.51,0.45,0.54,0.075,0.055,0.095,0.5029250000000001,0.4818,0.5321
2,0.4,0.1,0.0,0.0,counterfactual_fraction,A,0.0,0.0,0.0,0.0,0.0,0.0,0.135,0.08,0.17,0.5,0.5,0.5,0.071875,0.045,0.095,0.5,0.5,0.5
2,0.4,0.1,0.0,0.0,counterfactual_fraction,B,0.0,0.0,0.0,0.0,0.0,0.0,0.14375,0.09,0.19,0.5,0.5,0.5,0.071875,0.045,0.095,0.5,0.5,0.5
2,0.4,0.1,0.0,0.0,raw,A,0.97125,0.92,1.0,0.12625,0.08,0.15,0.135,0.08,0.17,0.49875,0.48,0.525,0.069375,0.04,0.085,0.48417499999999997,0.4343,0.509
2,0.4,0.1,0.0,0.0,raw,B,0.97375,0.93,1.0,0.13125,0.08,0.19,0.14375,0.09,0.19,0.49875,0.48,0.525,0.069375,0.04,0.085,0.48417499999999997,0.4343,0.509
2,0.4,0.1,0.0,1.0,activity_normalized,A,0.01125,0.0,0.03,0.00125,0.0,0.01,0.135,0.08,0.17,0.50125,0.495,0.505,0.071875,0.045,0.095,0.5054125,0.4436,0.5683
2,0.4,0.1,0.0,1.0,activity_normalized,B,0.00875,0.0,0.02,0.00125,0.0,0.01,0.14375,0.09,0.19,0.50125,0.495,0.505,0.071875,0.045,0.095,0.5054125,0.4436,0.5683
2,0.4,0.1,0.0,1.0,counterfactual_fraction,A,0.01,0.0,0.03,0.0,0.0,0.0,0.135,0.08,0.17,0.5,0.49,0.51,0.07125000000000001,0.045,0.095,0.49936250000000004,0.4133,0.5429
2,0.4,0.1,0.0,1.0,counterfactual_fraction,B,0.01,0.0,0.02,0.00125,0.0,0.01,0.14375,0.09,0.19,0.5,0.49,0.51,0.07125000000000001,0.045,0.095,0.49936250000000004,0.4133,0.5429
2,0.4,0.1,0.0,1.0,raw,A,0.55375,0.39,0.62,0.03625,0.01,0.06,0.135,0.08,0.17,0.470625,0.4,0.505,0.066875,0.045,0.095,0.4821,0.4279,0.5173
2,0.4,0.1,0.0,1.0,raw,B,0.6125,0.46,0.68,0.04625,0.01,0.07,0.14375,0.09,0.19,0.470625,0.4,0.505,0.066875,0.045,0.095,0.4821,0.4279,0.5173
2,0.4,0.1,1.0,0.0,activity_normalized,A,0.33875,0.01,0.69,0.051250000000000004,0.0,0.12,0.135,0.08,0.17,0.504375,0.475,0.55,0.0725,0.055,0.095,0.499475,0.4621,0.5366
2,0.4,0.1,1.0,0.0,activity_normalized,B,0.33,0.03,0.62,0.05,0.0,0.1,0.14375,0.09,0.19,0.504375,0.475,0.55,0.0725,0.055,0.095,0.499475,0.4621,0.5366
2,0.4,0.1,1.0,0.0,counterfactual_fraction,A,0.0,0.0,0.0,0.0,0.0,0.0,0.135,0.08,0.17,0.5,0.5,0.5,0.071875,0.045,0.095,0.5,0.5,0.5
2,0.4,0.1,1.0,0.0,counterfactual_fraction,B,0.0,0.0,0.0,0.0,0.0,0.0,0.14375,0.09,0.19,0.5,0.5,0.5,0.071875,0.045,0.095,0.5,0.5,0.5
2,0.4,0.1,1.0,0.0,raw,A,1.0,1.0,1.0,0.135,0.08,0.17,0.135,0.08,0.17,0.501875,0.5,0.51,0.06875,0.04,0.085,0.4834625,0.4358,0.5226
2,0.4,0.1,1.0,0.0,raw,B,0.99625,0.98,1.0,0.14125000000000001,0.09,0.19,0.14375,0.09,0.19,0.501875,0.5,0.51,0.06875,0.04,0.085,0.4834625,0.4358,0.5226
2,0.4,0.1,1.0,1.0,activity_normalized,A,0.0275,0.01,0.05,0.00625,0.0,0.02,0.135,0.08,0.17,0.50125,0.49,0.52,0.07375000000000001,0.055,0.1,0.5029125,0.4418,0.5727
2,0.4,0.1,1.0,1.0,activity_normalized,B,0.025,0.0,0.05,0.0025,0.0,0.01,0.14375,0.09,0.19,0.50125,0.49,0.52,0.07375000000000001,0.055,0.1,0.5029125,0.4418,0.5727
2,0.4,0.1,1.0,1.0,counterfactual_fraction,A,0.025,0.01,0.04,0.00625,0.0,0.02,0.135,0.08,0.17,0.5025,0.495,0.51,0.074375,0.05,0.105,0.4956375,0.4187,0.5436
2,0.4,0.1,1.0,1.0,counterfactual_fraction,B,0.02,0.0,0.05,0.00125,0.0,0.01,0.14375,0.09,0.19,0.5025,0.495,0.51,0.074375,0.05,0.105,0.4956375,0.4187,0.5436
2,0.4,0.1,1.0,1.0,raw,A,0.77625,0.61,0.89,0.08,0.03,0.11,0.135,0.08,0.17,0.49812500000000004,0.44,0.55,0.07250000000000001,0.045,0.085,0.4800125,0.4187,0.5328
2,0.4,0.1,1.0,1.0,raw,B,0.78,0.61,0.86,0.07875,0.05,0.11,0.14375,0.09,0.19,0.49812500000000004,0.44,0.55,0.07250000000000001,0.045,0.085,0.4800125,0.4187,0.5328
2,0.4,0.25,0.0,0.0,activity_normalized,A,0.21000000000000002,0.0,0.55,0.09,0.0,0.26,0.47625,0.42,0.52,0.508125,0.47,0.55,0.225,0.19,0.255,0.5038625,0.467,0.5484
2,0.4,0.25,0.0,0.0,activity_normalized,B,0.19375,0.03,0.54,0.0725,0.01,0.15,0.4325,0.34,0.49,0.508125,0.47,0.55,0.225,0.19,0.255,0.5038625,0.467,0.5484
2,0.4,0.25,0.0,0.0,counterfactual_fraction,A,0.0,0.0,0.0,0.0,0.0,0.0,0.47625,0.42,0.52,0.5,0.5,0.5,0.21625,0.17,0.245,0.5,0.5,0.5
2,0.4,0.25,0.0,0.0,counterfactual_fraction,B,0.0,0.0,0.0,0.0,0.0,0.0,0.4325,0.34,0.49,0.5,0.5,0.5,0.21625,0.17,0.245,0.5,0.5,0.5
2,0.4,0.25,0.0,0.0,raw,A,0.92,0.77,1.0,0.41375,0.26,0.5,0.47625,0.42,0.52,0.49375,0.455,0.535,0.234375,0.195,0.28,0.48819999999999997,0.4232,0.5111
2,0.4,0.25,0.0,0.0,raw,B,0.9325,0.86,0.98,0.3775,0.3,0.47,0.4325,0.34,0.49,0.49375,0.455,0.535,0.234375,0.195,0.28,0.48819999999999997,0.4232,0.5111
2,0.4,0.25,0.0,1.0,activity_normalized,A,0.02,0.01,0.04,0.0025,0.0,0.01,0.47625,0.42,0.52,0.504375,0.495,0.515,0.216875,0.17,0.245,0.5148874999999999,0.4467,0.5747
2,0.4,0.25,0.0,1.0,activity_normalized,B,0.01125,0.0,0.03,0.00125,0.0,0.01,0.4325,0.34,0.49,0.504375,0.495,0.515,0.216875,0.17,0.245,0.5148874999999999,0.4467,0.5747
2,0.4,0.25,0.0,1.0,counterfactual_fraction,A,0.0125,0.0,0.03,0.00125,0.0,0.01,0.47625,0.42,0.52,0.499375,0.485,0.51,0.21625,0.17,0.245,0.51385,0.4207,0.583
2,0.4,0.25,0.0,1.0,counterfactual_fraction,B,0.01375,0.0,0.03,0.00125,0.0,0.01,0.4325,0.34,0.49,0.499375,0.485,0.51,0.21625,0.17,0.245,0.51385,0.4207,0.583
2,0.4,0.25,0.0,1.0,raw,A,0.4675,0.35,0.58,0.14250000000000002,0.08,0.21,0.47625,0.42,0.52,0.481875,0.46,0.505,0.225,0.185,0.295,0.49048749999999997,0.444,0.5251
2,0.4,0.25,0.0,1.0,raw,B,0.50375,0.39,0.6,0.125,0.06,0.23,0.4325,0.34,0.49,0.481875,0.46,0.505,0.225,0.185,0.295,0.49048749999999997,0.444,0.5251
2,0.4,0.25,1.0,0.0,activity_normalized,A,0.32,0.0,0.66,0.16125,0.0,0.34,0.47625,0.42,0.52,0.514375,0.485,0.57,0.23375,0.2,0.275,0.5007,0.4652,0.5515
2,0.4,0.25,1.0,0.0,activity_normalized,B,0.29125,0.03,0.59,0.12625,0.01,0.25,0.4325,0.34,0.49,0.514375,0.485,0.57,0.23375,0.2,0.275,0.5007,0.4652,0.5515
2,0.4,0.25,1.0,0.0,counterfactual_fraction,A,0.0,0.0,0.0,0.0,0.0,0.0,0.47625,0.42,0.52,0.5,0.5,0.5,0.21625,0.17,0.245,0.5,0.5,0.5
2,0.4,0.25,1.0,0.0,counterfactual_fraction,B,0.0,0.0,0.0,0.0,0.0,0.0,0.4325,0.34,0.49,0.5,0.5,0.5,0.21625,0.17,0.245,0.5,0.5,0.5
2,0.4,0.25,1.0,0.0,raw,A,0.99625,0.97,1.0,0.47375,0.4,0.52,0.47625,0.42,0.52,0.50125,0.5,0.505,0.239375,0.215,0.26,0.488175,0.4207,0.5198
2,0.4,0.25,1.0,0.0,raw,B,0.99375,0.97,1.0,0.4275,0.34,0.49,0.4325,0.34,0.49,0.50125,0.5,0.505,0.239375,0.215,0.26,0.488175,0.4207,0.5198
2,0.4,0.25,1.0,1.0,activity_normalized,A,0.058750000000000004,0.03,0.09,0.02375,0.0,0.04,0.47625,0.42,0.52,0.50625,0.47,0.53,0.225625,0.19,0.265,0.5129625,0.4446,0.5803
2,0.4,0.25,1.0,1.0,activity_normalized,B,0.04625,0.01,0.1,0.005,0.0,0.02,0.4325,0.34,0.49,0.50625,0.47,0.53,0.225625,0.19,0.265,0.5129625,0.4446,0.5803
2,0.4,0.25,1.0,1.0,counterfactual_fraction,A,0.0625,0.04,0.08,0.02625,0.0,0.05,0.47625,0.42,0.52,0.50875,0.48,0.53,0.226875,0.185,0.27,0.5087625,0.4261,0.5672
2,0.4,0.25,1.0,1.0,counterfactual_fraction,B,0.045,0.01,0.11,0.005,0.0,0.02,0.4325,0.34,0.49,0.50875,0.48,0.53,0.226875,0.185,0.27,0.5087625,0.4261,0.5672
2,0.4,0.25,1.0,1.0,raw,A,0.76125,0.61,0.89,0.315,0.22,0.43,0.47625,0.42,0.52,0.49312500000000004,0.425,0.55,0.230625,0.2,0.3,0.4897125,0.4344,0.5431
2,0.4,0.25,1.0,1.0,raw,B,0.775,0.62,0.86,0.28625,0.2,0.41,0.4325,0.34,0.49,0.49312500000000004,0.425,0.55,0.230625,0.2,0.3,0.4897125,0.4344,0.5431
2,0.4,0.5,0.0,0.0,activity_normalized,A,0.11250000000000002,0.0,0.34,0.10750000000000001,0.0,0.32,0.9675,0.96,0.98,0.5025,0.47,0.525,0.488125,0.46,0.515,0.504375,0.4714,0.5589
2,0.4,0.5,0.0,0.0,activity_normalized,B,0.1075,0.0,0.33,0.10124999999999999,0.0,0.31,0.97,0.95,0.99,0.5025,0.47,0.525,0.488125,0.46,0.515,0.504375,0.4714,0.5589
2,0.4,0.5,0.0,0.0,counterfactual_fraction,A,0.0,0.0,0.0,0.0,0.0,0.0,0.9675,0.96,0.98,0.5,0.5,0.5,0.485,0.475,0.495,0.5,0.5,0.5
2,0.4,0.5,0.0,0.0,counterfactual_fraction,B,0.0,0.0,0.0,0.0,0.0,0.0,0.97,0.95,0.99,0.5,0.5,0.5,0.485,0.475,0.495,0.5,0.5,0.5
2,0.4,0.5,0.0,0.0,raw,A,0.6725,0.33,0.95,0.64125,0.31,0.91,0.9675,0.96,0.98,0.495625,0.41,0.56,0.478125,0.395,0.55,0.4907125,0.406,0.5308
2,0.4,0.5,0.0,0.0,raw,B,0.68125,0.5,0.9,0.655,0.48,0.86,0.97,0.95,0.99,0.495625,0.41,0.56,0.478125,0.395,0.55,0.4907125,0.406,0.5308
2,0.4,0.5,0.0,1.0,activity_normalized,A,0.01875,0.0,0.06,0.01625,0.0,0.05,0.9675,0.96,0.98,0.504375,0.5,0.515,0.488125,0.475,0.505,0.5448375,0.4786,0.6291
2,0.4,0.5,0.0,1.0,activity_normalized,B,0.01,0.0,0.05,0.01,0.0,0.05,0.97,0.95,0.99,0.504375,0.5,0.515,0.488125,0.475,0.505,0.5448375,0.4786,0.6291
2,0.4,0.5,0.0,1.0,counterfactual_fraction,A,0.02875,0.0,0.1,0.02625,0.0,0.09,0.9675,0.96,0.98,0.505625,0.495,0.525,0.489375,0.475,0.505,0.5445,0.4659,0.6569
2,0.4,0.5,0.0,1.0,counterfactual_fraction,B,0.017499999999999998,0.0,0.09,0.017499999999999998,0.0,0.09,0.97,0.95,0.99,0.505625,0.495,0.525,0.489375,0.475,0.505,0.5445,0.4659,0.6569
2,0.4,0.5,0.0,1.0,raw,A,0.25125,0.15,0.38,0.22625,0.12,0.35,0.9675,0.96,0.98,0.493125,0.475,0.535,0.476875,0.455,0.51,0.51045,0.4734,0.5617
2,0.4,0.5,0.0,1.0,raw,B,0.265,0.12,0.43,0.2425,0.11,0.39,0.97,0.95,0.99,0.493125,0.475,0.535,0.476875,0.455,0.51,0.51045,0.4734,0.5617
2,0.4,0.5,1.0,0.0,activity_normalized,A,0.28125,0.0,0.61,0.27375,0.0,0.59,0.9675,0.96,0.98,0.50625,0.46,0.565,0.491875,0.445,0.55,0.5022375,0.4591,0.5648
2,0.4,0.5,1.0,0.0,activity_normalized,B,0.26875,0.02,0.6,0.26,0.02,0.58,0.97,0.95,0.99,0.50625,0.46,0.565,0.491875,0.445,0.55,0.5022375,0.4591,0.5648
2,0.4,0.5,1.0,0.0,counterfactual_fraction,A,0.0,0.0,0.0,0.0,0.0,0.0,0.9675,0.96,0.98,0.5,0.5,0.5,0.485,0.475,0.495,0.5,0.5,0.5
2,0.4,0.5,1.0,0.0,counterfactual_fraction,B,0.0,0.0,0.0,0.0,0.0,0.0,0.97,0.95,0.99,0.5,0.5,0.5,0.485,0.475,0.495,0.5,0.5,0.5
2,0.4,0.5,1.0,0.0,raw,A,0.94625,0.75,1.0,0.91375,0.73,0.96,0.9675,0.96,0.98,0.49125,0.435,0.515,0.474375,0.425,0.49,0.4916875,0.3974,0.5364
2,0.4,0.5,1.0,0.0,raw,B,0.96375,0.88,1.0,0.9349999999999999,0.84,0.98,0.97,0.95,0.99,0.49125,0.435,0.515,0.474375,0.425,0.49,0.4916875,0.3974,0.5364
2,0.4,0.5,1.0,1.0,activity_normalized,A,0.18,0.1,0.23,0.16999999999999998,0.09,0.22,0.9675,0.96,0.98,0.529375,0.475,0.575,0.5118750000000001,0.455,0.555,0.5449875,0.4753,0.6067
2,0.4,0.5,1.0,1.0,activity_normalized,B,0.12125,0.05,0.21,0.11625,0.05,0.21,0.97,0.95,0.99,0.529375,0.475,0.575,0.5118750000000001,0.455,0.555,0.5449875,0.4753,0.6067
2,0.4,0.5,1.0,1.0,counterfactual_fraction,A,0.20375000000000001,0.15,0.28,0.19375,0.13,0.26,0.9675,0.96,0.98,0.53375,0.48,0.565,0.51625,0.46,0.545,0.541525,0.4643,0.6281
2,0.4,0.5,1.0,1.0,counterfactual_fraction,B,0.13625,0.06,0.21,0.13125,0.06,0.21,0.97,0.95,0.99,0.53375,0.48,0.565,0.51625,0.46,0.545,0.541525,0.4643,0.6281
2,0.4,0.5,1.0,1.0,raw,A,0.735,0.58,0.88,0.705,0.55,0.84,0.9675,0.96,0.98,0.50375,0.46,0.575,0.4875,0.445,0.555,0.5214,0.478,0.568
2,0.4,0.5,1.0,1.0,raw,B,0.7275,0.59,0.84,0.7,0.57,0.82,0.97,0.95,0.99,0.50375,0.46,0.575,0.4875,0.445,0.555,0.5214,0.478,0.568
2,0.4,1.0,0.0,0.0,activity_normalized,A,0.02125,0.0,0.08,0.02125,0.0,0.08,1.0,1.0,1.0,0.5025,0.5,0.51,0.5025,0.5,0.51,0.5079125,0.4056,0.5661
2,0.4,1.0,0.0,0.0,activity_normalized,B,0.01625,0.0,0.06,0.01625,0.0,0.06,1.0,1.0,1.0,0.5025,0.5,0.51,0.5025,0.5,0.51,0.5079125,0.4056,0.5661
2,0.4,1.0,0.0,0.0,counterfactual_fraction,A,0.0,0.0,0.0,0.0,0.0,0.0,1.0,1.0,1.0,0.5,0.5,0.5,0.5,0.5,0.5,0.5,0.5,0.5
2,0.4,1.0,0.0,0.0,counterfactual_fraction,B,0.0,0.0,0.0,0.0,0.0,0.0,1.0,1.0,1.0,0.5,0.5,0.5,0.5,0.5,0.5,0.5,0.5,0.5
2,0.4,1.0,0.0,0.0,raw,A,0.02625,0.0,0.06,0.02625,0.0,0.06,1.0,1.0,1.0,0.504375,0.49,0.525,0.504375,0.49,0.525,0.487325,0.3444,0.5789
2,0.4,1.0,0.0,0.0,raw,B,0.0175,0.0,0.06,0.0175,0.0,0.06,1.0,1.0,1.0,0.504375,0.49,0.525,0.504375,0.49,0.525,0.487325,0.3444,0.5789
2,0.4,1.0,0.0,1.0,activity_normalized,A,0.00375,0.0,0.03,0.00375,0.0,0.03,1.0,1.0,1.0,0.501875,0.5,0.515,0.501875,0.5,0.515,0.64075,0.5038,0.7808
2,0.4,1.0,0.0,1.0,activity_normalized,B,0.0,0.0,0.0,0.0,0.0,0.0,1.0,1.0,1.0,0.501875,0.5,0.515,0.501875,0.5,0.515,0.64075,0.5038,0.7808
2,0.4,1.0,0.0,1.0,counterfactual_fraction,A,0.00875,0.0,0.07,0.00875,0.0,0.07,1.0,1.0,1.0,0.503125,0.5,0.525,0.503125,0.5,0.525,0.6400375,0.5015,0.781
2,0.4,1.0,0.0,1.0,counterfactual_fraction,B,0.0025,0.0,0.02,0.0025,0.0,0.02,1.0,1.0,1.0,0.503125,0.5,0.525,0.503125,0.5,0.525,0.6400375,0.5015,0.781
2,0.4,1.0,0.0,1.0,raw,A,0.00625,0.0,0.03,0.00625,0.0,0.03,1.0,1.0,1.0,0.5025,0.5,0.515,0.5025,0.5,0.515,0.55645,0.5014,0.632
2,0.4,1.0,0.0,1.0,raw,B,0.00125,0.0,0.01,0.00125,0.0,0.01,1.0,1.0,1.0,0.5025,0.5,0.515,0.5025,0.5,0.515,0.55645,0.5014,0.632
2,0.4,1.0,1.0,0.0,activity_normalized,A,0.27375,0.0,0.65,0.27375,0.0,0.65,1.0,1.0,1.0,0.51125,0.465,0.535,0.51125,0.465,0.535,0.517225,0.4449,0.5676
2,0.4,1.0,1.0,0.0,activity_normalized,B,0.25125,0.0,0.58,0.25125,0.0,0.58,1.0,1.0,1.0,0.51125,0.465,0.535,0.51125,0.465,0.535,0.517225,0.4449,0.5676
2,0.4,1.0,1.0,0.0,counterfactual_fraction,A,0.0,0.0,0.0,0.0,0.0,0.0,1.0,1.0,1.0,0.5,0.5,0.5,0.5,0.5,0.5,0.5,0.5,0.5
2,0.4,1.0,1.0,0.0,counterfactual_fraction,B,0.0,0.0,0.0,0.0,0.0,0.0,1.0,1.0,1.0,0.5,0.5,0.5,0.5,0.5,0.5,0.5,0.5,0.5
2,0.4,1.0,1.0,0.0,raw,A,0.395,0.0,0.85,0.395,0.0,0.85,1.0,1.0,1.0,0.52,0.475,0.555,0.52,0.475,0.555,0.493025,0.3254,0.5977
2,0.4,1.0,1.0,0.0,raw,B,0.355,0.01,0.77,0.355,0.01,0.77,1.0,1.0,1.0,0.52,0.475,0.555,0.52,0.475,0.555,0.493025,0.3254,0.5977
2,0.4,1.0,1.0,1.0,activity_normalized,A,0.55125,0.38,0.72,0.55125,0.38,0.72,1.0,1.0,1.0,0.618125,0.495,0.74,0.618125,0.495,0.74,0.6690125,0.5084,0.805
2,0.4,1.0,1.0,1.0,activity_normalized,B,0.315,0.07,0.57,0.315,0.07,0.57,1.0,1.0,1.0,0.618125,0.495,0.74,0.618125,0.495,0.74,0.6690125,0.5084,0.805
2,0.4,1.0,1.0,1.0,counterfactual_fraction,A,0.555,0.4,0.7,0.555,0.4,0.7,1.0,1.0,1.0,0.62125,0.515,0.75,0.62125,0.515,0.75,0.668825,0.527,0.8186
2,0.4,1.0,1.0,1.0,counterfactual_fraction,B,0.3125,0.15,0.57,0.3125,0.15,0.57,1.0,1.0,1.0,0.62125,0.515,0.75,0.62125,0.515,0.75,0.668825,0.527,0.8186
2,0.4,1.0,1.0,1.0,raw,A,0.5762499999999999,0.44,0.7,0.5762499999999999,0.44,0.7,1.0,1.0,1.0,0.583125,0.505,0.695,0.583125,0.505,0.695,0.6377625,0.5272,0.7991
2,0.4,1.0,1.0,1.0,raw,B,0.41,0.25,0.67,0.41,0.25,0.67,1.0,1.0,1.0,0.583125,0.505,0.695,0.583125,0.505,0.695,0.6377625,0.5272,0.7991
3,0.1,0.0,0.0,0.0,activity_normalized,A,0.99875,0.99,1.0,0.051250000000000004,0.02,0.08,0.051250000000000004,0.02,0.08,,,,,,,,,
3,0.1,0.0,0.0,0.0,activity_normalized,B,1.0,1.0,1.0,0.0425,0.02,0.07,0.0425,0.02,0.07,,,,,,,,,
3,0.1,0.0,0.0,0.0,counterfactual_fraction,A,0.0,0.0,0.0,0.0,0.0,0.0,0.051250000000000004,0.02,0.08,,,,,,,,,
3,0.1,0.0,0.0,0.0,counterfactual_fraction,B,0.0,0.0,0.0,0.0,0.0,0.0,0.0425,0.02,0.07,,,,,,,,,
3,0.1,0.0,0.0,0.0,raw,A,1.0,1.0,1.0,0.051250000000000004,0.02,0.08,0.051250000000000004,0.02,0.08,,,,,,,,,
3,0.1,0.0,0.0,0.0,raw,B,1.0,1.0,1.0,0.0425,0.02,0.07,0.0425,0.02,0.07,,,,,,,,,
3,0.1,0.0,0.0,1.0,activity_normalized,A,0.99875,0.99,1.0,0.051250000000000004,0.02,0.08,0.051250000000000004,0.02,0.08,,,,,,,,,
3,0.1,0.0,0.0,1.0,activity_normalized,B,1.0,1.0,1.0,0.0425,0.02,0.07,0.0425,0.02,0.07,,,,,,,,,
3,0.1,0.0,0.0,1.0,counterfactual_fraction,A,0.0,0.0,0.0,0.0,0.0,0.0,0.051250000000000004,0.02,0.08,,,,,,,,,
3,0.1,0.0,0.0,1.0,counterfactual_fraction,B,0.0,0.0,0.0,0.0,0.0,0.0,0.0425,0.02,0.07,,,,,,,,,
3,0.1,0.0,0.0,1.0,raw,A,1.0,1.0,1.0,0.051250000000000004,0.02,0.08,0.051250000000000004,0.02,0.08,,,,,,,,,
3,0.1,0.0,0.0,1.0,raw,B,1.0,1.0,1.0,0.0425,0.02,0.07,0.0425,0.02,0.07,,,,,,,,,
3,0.1,0.0,1.0,0.0,activity_normalized,A,0.99875,0.99,1.0,0.051250000000000004,0.02,0.08,0.051250000000000004,0.02,0.08,,,,,,,,,
3,0.1,0.0,1.0,0.0,activity_normalized,B,1.0,1.0,1.0,0.0425,0.02,0.07,0.0425,0.02,0.07,,,,,,,,,
3,0.1,0.0,1.0,0.0,counterfactual_fraction,A,0.0,0.0,0.0,0.0,0.0,0.0,0.051250000000000004,0.02,0.08,,,,,,,,,
3,0.1,0.0,1.0,0.0,counterfactual_fraction,B,0.0,0.0,0.0,0.0,0.0,0.0,0.0425,0.02,0.07,,,,,,,,,
3,0.1,0.0,1.0,0.0,raw,A,1.0,1.0,1.0,0.051250000000000004,0.02,0.08,0.051250000000000004,0.02,0.08,,,,,,,,,
3,0.1,0.0,1.0,0.0,raw,B,1.0,1.0,1.0,0.0425,0.02,0.07,0.0425,0.02,0.07,,,,,,,,,
3,0.1,0.0,1.0,1.0,activity_normalized,A,0.99875,0.99,1.0,0.051250000000000004,0.02,0.08,0.051250000000000004,0.02,0.08,,,,,,,,,
3,0.1,0.0,1.0,1.0,activity_normalized,B,1.0,1.0,1.0,0.0425,0.02,0.07,0.0425,0.02,0.07,,,,,,,,,
3,0.1,0.0,1.0,1.0,counterfactual_fraction,A,0.0,0.0,0.0,0.0,0.0,0.0,0.051250000000000004,0.02,0.08,,,,,,,,,
3,0.1,0.0,1.0,1.0,counterfactual_fraction,B,0.0,0.0,0.0,0.0,0.0,0.0,0.0425,0.02,0.07,,,,,,,,,
3,0.1,0.0,1.0,1.0,raw,A,1.0,1.0,1.0,0.051250000000000004,0.02,0.08,0.051250000000000004,0.02,0.08,,,,,,,,,
3,0.1,0.0,1.0,1.0,raw,B,1.0,1.0,1.0,0.0425,0.02,0.07,0.0425,0.02,0.07,,,,,,,,,
3,0.1,0.1,0.0,0.0,activity_normalized,A,0.9924999999999999,0.98,1.0,0.82,0.74,0.86,0.8275,0.75,0.88,0.49875,0.49,0.505,0.411875,0.375,0.43,0.4962625,0.475,0.505
3,0.1,0.1,0.0,0.0,activity_normalized,B,0.995,0.99,1.0,0.8087500000000001,0.76,0.86,0.8125,0.76,0.86,0.49875,0.49,0.505,0.411875,0.375,0.43,0.4962625,0.475,0.505
3,0.1,0.1,0.0,0.0,counterfactual_fraction,A,0.0,0.0,0.0,0.0,0.0,0.0,0.8275,0.75,0.88,0.5,0.5,0.5,0.40625,0.38,0.43,0.5,0.5,0.5
3,0.1,0.1,0.0,0.0,counterfactual_fraction,B,0.0,0.0,0.0,0.0,0.0,0.0,0.8125,0.76,0.86,0.5,0.5,0.5,0.40625,0.38,0.43,0.5,0.5,0.5
3,0.1,0.1,0.0,0.0,raw,A,1.0,1.0,1.0,0.8275,0.75,0.88,0.8275,0.75,0.88,0.5,0.5,0.5,0.41375,0.375,0.44,0.496275,0.475,0.505
3,0.1,0.1,0.0,0.0,raw,B,1.0,1.0,1.0,0.8125,0.76,0.86,0.8125,0.76,0.86,0.5,0.5,0.5,0.41375,0.375,0.44,0.496275,0.475,0.505
3,0.1,0.1,0.0,1.0,activity_normalized,A,0.9975,0.99,1.0,0.825,0.75,0.88,0.8275,0.75,0.88,0.49875,0.495,0.5,0.4125,0.375,0.44,0.49626875,0.475,0.505
3,0.1,0.1,0.0,1.0,activity_normalized,B,1.0,1.0,1.0,0.8125,0.76,0.86,0.8125,0.76,0.86,0.49875,0.495,0.5,0.4125,0.375,0.44,0.49626875,0.475,0.505
3,0.1,0.1,0.0,1.0,counterfactual_fraction,A,0.0125,0.0,0.05,0.0125,0.0,0.05,0.8275,0.75,0.88,0.5025,0.495,0.525,0.409375,0.4,0.43,0.5031375,0.495,0.525
3,0.1,0.1,0.0,1.0,counterfactual_fraction,B,0.0075,0.0,0.02,0.00625,0.0,0.01,0.8125,0.76,0.86,0.5025,0.495,0.525,0.409375,0.4,0.43,0.5031375,0.495,0.525
3,0.1,0.1,0.0,1.0,raw,A,1.0,1.0,1.0,0.8275,0.75,0.88,0.8275,0.75,0.88,0.5,0.5,0.5,0.41375,0.375,0.44,0.4962875,0.475,0.505
3,0.1,0.1,0.0,1.0,raw,B,1.0,1.0,1.0,0.8125,0.76,0.86,0.8125,0.76,0.86,0.5,0.5,0.5,0.41375,0.375,0.44,0.4962875,0.475,0.505
3,0.1,0.1,1.0,0.0,activity_normalized,A,0.9924999999999999,0.98,1.0,0.82,0.74,0.86,0.8275,0.75,0.88,0.49875,0.49,0.505,0.411875,0.375,0.43,0.49625625,0.475,0.505
3,0.1,0.1,1.0,0.0,activity_normalized,B,0.995,0.99,1.0,0.8087500000000001,0.76,0.86,0.8125,0.76,0.86,0.49875,0.49,0.505,0.411875,0.375,0.43,0.49625625,0.475,0.505
3,0.1,0.1,1.0,0.0,counterfactual_fraction,A,0.0,0.0,0.0,0.0,0.0,0.0,0.8275,0.75,0.88,0.5,0.5,0.5,0.40625,0.38,0.43,0.5,0.5,0.5
3,0.1,0.1,1.0,0.0,counterfactual_fraction,B,0.0,0.0,0.0,0.0,0.0,0.0,0.8125,0.76,0.86,0.5,0.5,0.5,0.40625,0.38,0.43,0.5,0.5,0.5
3,0.1,0.1,1.0,0.0,raw,A,1.0,1.0,1.0,0.8275,0.75,0.88,0.8275,0.75,0.88,0.5,0.5,0.5,0.41375,0.375,0.44,0.496275,0.475,0.505
3,0.1,0.1,1.0,0.0,raw,B,1.0,1.0,1.0,0.8125,0.76,0.86,0.8125,0.76,0.86,0.5,0.5,0.5,0.41375,0.375,0.44,0.496275,0.475,0.505
3,0.1,0.1,1.0,1.0,activity_normalized,A,0.9975,0.99,1.0,0.825,0.75,0.88,0.8275,0.75,0.88,0.49875,0.495,0.5,0.4125,0.375,0.44,0.49626875,0.475,0.505
3,0.1,0.1,1.0,1.0,activity_normalized,B,1.0,1.0,1.0,0.8125,0.76,0.86,0.8125,0.76,0.86,0.49875,0.495,0.5,0.4125,0.375,0.44,0.49626875,0.475,0.505
3,0.1,0.1,1.0,1.0,counterfactual_fraction,A,0.0125,0.0,0.05,0.0125,0.0,0.05,0.8275,0.75,0.88,0.5025,0.495,0.525,0.409375,0.4,0.43,0.50315625,0.495,0.525
3,0.1,0.1,1.0,1.0,counterfactual_fraction,B,0.0075,0.0,0.02,0.00625,0.0,0.01,0.8125,0.76,0.86,0.5025,0.495,0.525,0.409375,0.4,0.43,0.50315625,0.495,0.525
3,0.1,0.1,1.0,1.0,raw,A,1.0,1.0,1.0,0.8275,0.75,0.88,0.8275,0.75,0.88,0.5,0.5,0.5,0.41375,0.375,0.44,0.4962875,0.475,0.505
3,0.1,0.1,1.0,1.0,raw,B,1.0,1.0,1.0,0.8125,0.76,0.86,0.8125,0.76,0.86,0.5,0.5,0.5,0.41375,0.375,0.44,0.4962875,0.475,0.505
3,0.1,0.25,0.0,0.0,activity_normalized,A,0.83,0.71,0.96,0.83,0.71,0.96,1.0,1.0,1.0,0.53,0.47,0.63,0.53,0.47,0.63,0.52625,0.3855,0.65495
3,0.1,0.25,0.0,0.0,activity_normalized,B,0.77,0.59,0.99,0.77,0.59,0.99,1.0,1.0,1.0,0.53,0.47,0.63,0.53,0.47,0.63,0.52625,0.3855,0.65495
3,0.1,0.25,0.0,0.0,counterfactual_fraction,A,0.0,0.0,0.0,0.0,0.0,0.0,1.0,1.0,1.0,0.5,0.5,0.5,0.5,0.5,0.5,0.5,0.5,0.5
3,0.1,0.25,0.0,0.0,counterfactual_fraction,B,0.0,0.0,0.0,0.0,0.0,0.0,1.0,1.0,1.0,0.5,0.5,0.5,0.5,0.5,0.5,0.5,0.5,0.5
3,0.1,0.25,0.0,0.0,raw,A,1.0,1.0,1.0,1.0,1.0,1.0,1.0,1.0,1.0,0.5,0.5,0.5,0.5,0.5,0.5,0.4956125,0.2621,0.6587
3,0.1,0.25,0.0,0.0,raw,B,1.0,1.0,1.0,1.0,1.0,1.0,1.0,1.0,1.0,0.5,0.5,0.5,0.5,0.5,0.5,0.4956125,0.2621,0.6587
3,0.1,0.25,0.0,1.0,activity_normalized,A,0.98625,0.97,1.0,0.98625,0.97,1.0,1.0,1.0,1.0,0.500625,0.49,0.505,0.500625,0.49,0.505,0.50565625,0.36055,0.64945
3,0.1,0.25,0.0,1.0,activity_normalized,B,0.985,0.96,1.0,0.985,0.96,1.0,1.0,1.0,1.0,0.500625,0.49,0.505,0.500625,0.49,0.505,0.50565625,0.36055,0.64945
3,0.1,0.25,0.0,1.0,counterfactual_fraction,A,0.44,0.07,0.82,0.44,0.07,0.82,1.0,1.0,1.0,0.49624999999999997,0.35,0.65,0.49624999999999997,0.35,0.65,0.4989,0.34125,0.6707
3,0.1,0.25,0.0,1.0,counterfactual_fraction,B,0.4475,0.11,0.89,0.4475,0.11,0.89,1.0,1.0,1.0,0.49624999999999997,0.35,0.65,0.49624999999999997,0.35,0.65,0.4989,0.34125,0.6707
3,0.1,0.25,0.0,1.0,raw,A,1.0,1.0,1.0,1.0,1.0,1.0,1.0,1.0,1.0,0.5,0.5,0.5,0.5,0.5,0.5,0.5021375,0.3347,0.6533
3,0.1,0.25,0.0,1.0,raw,B,1.0,1.0,1.0,1.0,1.0,1.0,1.0,1.0,1.0,0.5,0.5,0.5,0.5,0.5,0.5,0.5021375,0.3347,0.6533
3,0.1,0.25,1.0,0.0,activity_normalized,A,0.8325,0.72,0.96,0.8325,0.72,0.96,1.0,1.0,1.0,0.530625,0.47,0.63,0.530625,0.47,0.63,0.5261,0.38575,0.6539
3,0.1,0.25,1.0,0.0,activity_normalized,B,0.77125,0.59,0.99,0.77125,0.59,0.99,1.0,1.0,1.0,0.530625,0.47,0.63,0.530625,0.47,0.63,0.5261,0.38575,0.6539
3,0.1,0.25,1.0,0.0,counterfactual_fraction,A,0.0,0.0,0.0,0.0,0.0,0.0,1.0,1.0,1.0,0.5,0.5,0.5,0.5,0.5,0.5,0.5,0.5,0.5
3,0.1,0.25,1.0,0.0,counterfactual_fraction,B,0.0,0.0,0.0,0.0,0.0,0.0,1.0,1.0,1.0,0.5,0.5,0.5,0.5,0.5,0.5,0.5,0.5,0.5
3,0.1,0.25,1.0,0.0,raw,A,1.0,1.0,1.0,1.0,1.0,1.0,1.0,1.0,1.0,0.5,0.5,0.5,0.5,0.5,0.5,0.49646250000000003,0.2635,0.6587
3,0.1,0.25,1.0,0.0,raw,B,1.0,1.0,1.0,1.0,1.0,1.0,1.0,1.0,1.0,0.5,0.5,0.5,0.5,0.5,0.5,0.49646250000000003,0.2635,0.6587
3,0.1,0.25,1.0,1.0,activity_normalized,A,0.98875,0.97,1.0,0.98875,0.97,1.0,1.0,1.0,1.0,0.501875,0.49,0.505,0.501875,0.49,0.505,0.50809375,0.3614,0.64975
3,0.1,0.25,1.0,1.0,activity_normalized,B,0.985,0.96,1.0,0.985,0.96,1.0,1.0,1.0,1.0,0.501875,0.49,0.505,0.501875,0.49,0.505,0.50809375,0.3614,0.64975
3,0.1,0.25,1.0,1.0,counterfactual_fraction,A,0.43875,0.07,0.82,0.43875,0.07,0.82,1.0,1.0,1.0,0.495625,0.35,0.65,0.495625,0.35,0.65,0.5000875,0.3447,0.67065
3,0.1,0.25,1.0,1.0,counterfactual_fraction,B,0.4475,0.11,0.89,0.4475,0.11,0.89,1.0,1.0,1.0,0.495625,0.35,0.65,0.495625,0.35,0.65,0.5000875,0.3447,0.67065
3,0.1,0.25,1.0,1.0,raw,A,1.0,1.0,1.0,1.0,1.0,1.0,1.0,1.0,1.0,0.5,0.5,0.5,0.5,0.5,0.5,0.5046625,0.3358,0.6534
3,0.1,0.25,1.0,1.0,raw,B,1.0,1.0,1.0,1.0,1.0,1.0,1.0,1.0,1.0,0.5,0.5,0.5,0.5,0.5,0.5,0.5046625,0.3358,0.6534
3,0.1,0.5,0.0,0.0,activity_normalized,A,0.24625,0.0,0.8,0.24625,0.0,0.8,1.0,1.0,1.0,0.49125,0.325,0.79,0.49125,0.325,0.79,0.50505,0.2833,0.9325
3,0.1,0.5,0.0,0.0,activity_normalized,B,0.26375,0.01,0.88,0.26375,0.01,0.88,1.0,1.0,1.0,0.49125,0.325,0.79,0.49125,0.325,0.79,0.50505,0.2833,0.9325
3,0.1,0.5,0.0,0.0,counterfactual_fraction,A,0.0,0.0,0.0,0.0,0.0,0.0,1.0,1.0,1.0,0.5,0.5,0.5,0.5,0.5,0.5,0.5,0.5,0.5
3,0.1,0.5,0.0,0.0,counterfactual_fraction,B,0.0,0.0,0.0,0.0,0.0,0.0,1.0,1.0,1.0,0.5,0.5,0.5,0.5,0.5,0.5,0.5,0.5,0.5
3,0.1,0.5,0.0,0.0,raw,A,1.0,1.0,1.0,1.0,1.0,1.0,1.0,1.0,1.0,0.5,0.5,0.5,0.5,0.5,0.5,0.4440625,0.058,0.9588
3,0.1,0.5,0.0,0.0,raw,B,1.0,1.0,1.0,1.0,1.0,1.0,1.0,1.0,1.0,0.5,0.5,0.5,0.5,0.5,0.5,0.4440625,0.058,0.9588
3,0.1,0.5,0.0,1.0,activity_normalized,A,0.97875,0.92,1.0,0.97875,0.92,1.0,1.0,1.0,1.0,0.67125,0.51,0.87,0.67125,0.51,0.87,0.8225125,0.5487,0.9812
3,0.1,0.5,0.0,1.0,activity_normalized,B,0.63625,0.26,0.98,0.63625,0.26,0.98,1.0,1.0,1.0,0.67125,0.51,0.87,0.67125,0.51,0.87,0.8225125,0.5487,0.9812
3,0.1,0.5,0.0,1.0,counterfactual_fraction,A,0.9875,0.98,1.0,0.9875,0.98,1.0,1.0,1.0,1.0,0.654375,0.51,0.81,0.654375,0.51,0.81,0.82601875,0.5571,0.97
3,0.1,0.5,0.0,1.0,counterfactual_fraction,B,0.67875,0.37,0.98,0.67875,0.37,0.98,1.0,1.0,1.0,0.654375,0.51,0.81,0.654375,0.51,0.81,0.82601875,0.5571,0.97
3,0.1,0.5,0.0,1.0,raw,A,1.0,1.0,1.0,1.0,1.0,1.0,1.0,1.0,1.0,0.5,0.5,0.5,0.5,0.5,0.5,0.768525,0.5279,0.9816
3,0.1,0.5,0.0,1.0,raw,B,1.0,1.0,1.0,1.0,1.0,1.0,1.0,1.0,1.0,0.5,0.5,0.5,0.5,0.5,0.5,0.768525,0.5279,0.9816
3,0.1,0.5,1.0,0.0,activity_normalized,A,0.32875,0.03,0.82,0.32875,0.03,0.82,1.0,1.0,1.0,0.505625,0.32,0.795,0.505625,0.32,0.795,0.5106375,0.2893,0.9392
3,0.1,0.5,1.0,0.0,activity_normalized,B,0.3175,0.01,0.9,0.3175,0.01,0.9,1.0,1.0,1.0,0.505625,0.32,0.795,0.505625,0.32,0.795,0.5106375,0.2893,0.9392
3,0.1,0.5,1.0,0.0,counterfactual_fraction,A,0.0,0.0,0.0,0.0,0.0,0.0,1.0,1.0,1.0,0.5,0.5,0.5,0.5,0.5,0.5,0.5,0.5,0.5
3,0.1,0.5,1.0,0.0,counterfactual_fraction,B,0.0,0.0,0.0,0.0,0.0,0.0,1.0,1.0,1.0,0.5,0.5,0.5,0.5,0.5,0.5,0.5,0.5,0.5
3,0.1,0.5,1.0,0.0,raw,A,1.0,1.0,1.0,1.0,1.0,1.0,1.0,1.0,1.0,0.5,0.5,0.5,0.5,0.5,0.5,0.4407375,0.06,0.9648
3,0.1,0.5,1.0,0.0,raw,B,1.0,1.0,1.0,1.0,1.0,1.0,1.0,1.0,1.0,0.5,0.5,0.5,0.5,0.5,0.5,0.4407375,0.06,0.9648
3,0.1,0.5,1.0,1.0,activity_normalized,A,0.9975,0.99,1.0,0.9975,0.99,1.0,1.0,1.0,1.0,0.62625,0.505,0.865,0.62625,0.505,0.865,0.825775,0.5867,0.972
3,0.1,0.5,1.0,1.0,activity_normalized,B,0.745,0.27,0.99,0.745,0.27,0.99,1.0,1.0,1.0,0.62625,0.505,0.865,0.62625,0.505,0.865,0.825775,0.5867,0.972
3,0.1,0.5,1.0,1.0,counterfactual_fraction,A,0.99375,0.99,1.0,0.99375,0.99,1.0,1.0,1.0,1.0,0.6175,0.505,0.8,0.6175,0.505,0.8,0.8280375,0.5913,0.9599
3,0.1,0.5,1.0,1.0,counterfactual_fraction,B,0.75875,0.39,0.99,0.75875,0.39,0.99,1.0,1.0,1.0,0.6175,0.505,0.8,0.6175,0.505,0.8,0.8280375,0.5913,0.9599
3,0.1,0.5,1.0,1.0,raw,A,1.0,1.0,1.0,1.0,1.0,1.0,1.0,1.0,1.0,0.5,0.5,0.5,0.5,0.5,0.5,0.800875,0.5656,0.974
3,0.1,0.5,1.0,1.0,raw,B,1.0,1.0,1.0,1.0,1.0,1.0,1.0,1.0,1.0,0.5,0.5,0.5,0.5,0.5,0.5,0.800875,0.5656,0.974
3,0.1,1.0,0.0,0.0,activity_normalized,A,0.0675,0.0,0.29,0.0675,0.0,0.29,1.0,1.0,1.0,0.533125,0.495,0.645,0.533125,0.495,0.645,0.6249875,0.0444,0.9968
3,0.1,1.0,0.0,0.0,activity_normalized,B,0.00125,0.0,0.01,0.00125,0.0,0.01,1.0,1.0,1.0,0.533125,0.495,0.645,0.533125,0.495,0.645,0.6249875,0.0444,0.9968
3,0.1,1.0,0.0,0.0,counterfactual_fraction,A,0.0,0.0,0.0,0.0,0.0,0.0,1.0,1.0,1.0,0.5,0.5,0.5,0.5,0.5,0.5,0.5,0.5,0.5
3,0.1,1.0,0.0,0.0,counterfactual_fraction,B,0.0,0.0,0.0,0.0,0.0,0.0,1.0,1.0,1.0,0.5,0.5,0.5,0.5,0.5,0.5,0.5,0.5,0.5
3,0.1,1.0,0.0,0.0,raw,A,0.00625,0.0,0.05,0.00625,0.0,0.05,1.0,1.0,1.0,0.503125,0.5,0.525,0.503125,0.5,0.525,0.4323125,0.0024,0.9765
3,0.1,1.0,0.0,0.0,raw,B,0.0,0.0,0.0,0.0,0.0,0.0,1.0,1.0,1.0,0.503125,0.5,0.525,0.503125,0.5,0.525,0.4323125,0.0024,0.9765
3,0.1,1.0,0.0,1.0,activity_normalized,A,0.19124999999999998,0.0,0.95,0.19124999999999998,0.0,0.95,1.0,1.0,1.0,0.595625,0.5,0.975,0.595625,0.5,0.975,0.936025,0.6684,1.0
3,0.1,1.0,0.0,1.0,activity_normalized,B,0.0,0.0,0.0,0.0,0.0,0.0,1.0,1.0,1.0,0.595625,0.5,0.975,0.595625,0.5,0.975,0.936025,0.6684,1.0
3,0.1,1.0,0.0,1.0,counterfactual_fraction,A,0.21,0.0,0.99,0.21,0.0,0.99,1.0,1.0,1.0,0.605,0.5,0.995,0.605,0.5,0.995,0.93695,0.6901,1.0
3,0.1,1.0,0.0,1.0,counterfactual_fraction,B,0.0,0.0,0.0,0.0,0.0,0.0,1.0,1.0,1.0,0.605,0.5,0.995,0.605,0.5,0.995,0.93695,0.6901,1.0
3,0.1,1.0,0.0,1.0,raw,A,0.12625,0.0,0.65,0.12625,0.0,0.65,1.0,1.0,1.0,0.563125,0.5,0.825,0.563125,0.5,0.825,0.740225,0.2872,1.0
3,0.1,1.0,0.0,1.0,raw,B,0.0,0.0,0.0,0.0,0.0,0.0,1.0,1.0,1.0,0.563125,0.5,0.825,0.563125,0.5,0.825,0.740225,0.2872,1.0
3,0.1,1.0,1.0,0.0,activity_normalized,A,0.5625,0.0,0.98,0.5625,0.0,0.98,1.0,1.0,1.0,0.670625,0.465,0.965,0.670625,0.465,0.965,0.5955,0.0354,0.9976
3,0.1,1.0,1.0,0.0,activity_normalized,B,0.22125,0.01,0.79,0.22125,0.01,0.79,1.0,1.0,1.0,0.670625,0.465,0.965,0.670625,0.465,0.965,0.5955,0.0354,0.9976
3,0.1,1.0,1.0,0.0,counterfactual_fraction,A,0.0,0.0,0.0,0.0,0.0,0.0,1.0,1.0,1.0,0.5,0.5,0.5,0.5,0.5,0.5,0.5,0.5,0.5
3,0.1,1.0,1.0,0.0,counterfactual_fraction,B,0.0,0.0,0.0,0.0,0.0,0.0,1.0,1.0,1.0,0.5,0.5,0.5,0.5,0.5,0.5,0.5,0.5,0.5
3,0.1,1.0,1.0,0.0,raw,A,0.39375,0.0,0.95,0.39375,0.0,0.95,1.0,1.0,1.0,0.56125,0.355,0.93,0.56125,0.355,0.93,0.394525,0.0035,0.9854
3,0.1,1.0,1.0,0.0,raw,B,0.27125,0.01,0.88,0.27125,0.01,0.88,1.0,1.0,1.0,0.56125,0.355,0.93,0.56125,0.355,0.93,0.394525,0.0035,0.9854
3,0.1,1.0,1.0,1.0,activity_normalized,A,0.94625,0.78,1.0,0.94625,0.78,1.0,1.0,1.0,1.0,0.92625,0.735,1.0,0.92625,0.735,1.0,0.9580500000000001,0.8323,1.0
3,0.1,1.0,1.0,1.0,activity_normalized,B,0.09375,0.0,0.43,0.09375,0.0,0.43,1.0,1.0,1.0,0.92625,0.735,1.0,0.92625,0.735,1.0,0.9580500000000001,0.8323,1.0
3,0.1,1.0,1.0,1.0,counterfactual_fraction,A,0.93875,0.8,1.0,0.93875,0.8,1.0,1.0,1.0,1.0,0.9393750000000001,0.8,1.0,0.9393750000000001,0.8,1.0,0.9651375,0.8589,1.0
3,0.1,1.0,1.0,1.0,counterfactual_fraction,B,0.06,0.0,0.24,0.06,0.0,0.24,1.0,1.0,1.0,0.9393750000000001,0.8,1.0,0.9393750000000001,0.8,1.0,0.9651375,0.8589,1.0
3,0.1,1.0,1.0,1.0,raw,A,0.9125,0.72,1.0,0.9125,0.72,1.0,1.0,1.0,1.0,0.90125,0.69,1.0,0.90125,0.69,1.0,0.9336,0.7359,1.0
3,0.1,1.0,1.0,1.0,raw,B,0.11,0.0,0.36,0.11,0.0,0.36,1.0,1.0,1.0,0.90125,0.69,1.0,0.90125,0.69,1.0,0.9336,0.7359,1.0
3,0.4,0.0,0.0,0.0,activity_normalized,A,0.30625,0.06,0.81,0.0125,0.0,0.05,0.05375,0.03,0.08,,,,,,,,,
3,0.4,0.0,0.0,0.0,activity_normalized,B,0.33125,0.06,0.86,0.01375,0.0,0.06,0.05,0.01,0.07,,,,,,,,,
3,0.4,0.0,0.0,0.0,counterfactual_fraction,A,0.0,0.0,0.0,0.0,0.0,0.0,0.05375,0.03,0.08,,,,,,,,,
3,0.4,0.0,0.0,0.0,counterfactual_fraction,B,0.0,0.0,0.0,0.0,0.0,0.0,0.05,0.01,0.07,,,,,,,,,
3,0.4,0.0,0.0,0.0,raw,A,0.98875,0.95,1.0,0.051250000000000004,0.03,0.08,0.05375,0.03,0.08,,,,,,,,,
3,0.4,0.0,0.0,0.0,raw,B,0.985,0.93,1.0,0.045,0.01,0.07,0.05,0.01,0.07,,,,,,,,,
3,0.4,0.0,0.0,1.0,activity_normalized,A,0.01125,0.0,0.03,0.0,0.0,0.0,0.05375,0.03,0.08,,,,,,,,,
3,0.4,0.0,0.0,1.0,activity_normalized,B,0.00875,0.0,0.03,0.0,0.0,0.0,0.05,0.01,0.07,,,,,,,,,
3,0.4,0.0,0.0,1.0,counterfactual_fraction,A,0.005,0.0,0.02,0.0,0.0,0.0,0.05375,0.03,0.08,,,,,,,,,
3,0.4,0.0,0.0,1.0,counterfactual_fraction,B,0.00625,0.0,0.03,0.0,0.0,0.0,0.05,0.01,0.07,,,,,,,,,
3,0.4,0.0,0.0,1.0,raw,A,0.6125,0.4,0.8,0.01125,0.0,0.02,0.05375,0.03,0.08,,,,,,,,,
3,0.4,0.0,0.0,1.0,raw,B,0.645,0.4,0.74,0.0125,0.0,0.02,0.05,0.01,0.07,,,,,,,,,
3,0.4,0.0,1.0,0.0,activity_normalized,A,0.37375,0.08,0.84,0.01625,0.0,0.05,0.05375,0.03,0.08,,,,,,,,,
3,0.4,0.0,1.0,0.0,activity_normalized,B,0.40249999999999997,0.13,0.87,0.0175,0.0,0.06,0.05,0.01,0.07,,,,,,,,,
3,0.4,0.0,1.0,0.0,counterfactual_fraction,A,0.0,0.0,0.0,0.0,0.0,0.0,0.05375,0.03,0.08,,,,,,,,,
3,0.4,0.0,1.0,0.0,counterfactual_fraction,B,0.0,0.0,0.0,0.0,0.0,0.0,0.05,0.01,0.07,,,,,,,,,
3,0.4,0.0,1.0,0.0,raw,A,1.0,1.0,1.0,0.05375,0.03,0.08,0.05375,0.03,0.08,,,,,,,,,
3,0.4,0.0,1.0,0.0,raw,B,1.0,1.0,1.0,0.05,0.01,0.07,0.05,0.01,0.07,,,,,,,,,
3,0.4,0.0,1.0,1.0,activity_normalized,A,0.02,0.0,0.04,0.0,0.0,0.0,0.05375,0.03,0.08,,,,,,,,,
3,0.4,0.0,1.0,1.0,activity_normalized,B,0.01875,0.01,0.04,0.0,0.0,0.0,0.05,0.01,0.07,,,,,,,,,
3,0.4,0.0,1.0,1.0,counterfactual_fraction,A,0.008749999999999999,0.0,0.03,0.0,0.0,0.0,0.05375,0.03,0.08,,,,,,,,,
3,0.4,0.0,1.0,1.0,counterfactual_fraction,B,0.01125,0.0,0.03,0.0,0.0,0.0,0.05,0.01,0.07,,,,,,,,,
3,0.4,0.0,1.0,1.0,raw,A,0.785,0.53,0.95,0.0275,0.01,0.04,0.05375,0.03,0.08,,,,,,,,,
3,0.4,0.0,1.0,1.0,raw,B,0.7825,0.47,0.89,0.0225,0.0,0.04,0.05,0.01,0.07,,,,,,,,,
3,0.4,0.1,0.0,0.0,activity_normalized,A,0.28500000000000003,0.05,0.81,0.0325,0.0,0.14,0.135,0.08,0.17,0.48625,0.465,0.52,0.071875,0.05,0.095,0.4934875,0.4601,0.547
3,0.4,0.1,0.0,0.0,activity_normalized,B,0.3125,0.05,0.86,0.0325,0.0,0.13,0.14375,0.09,0.19,0.48625,0.465,0.52,0.071875,0.05,0.095,0.4934875,0.4601,0.547
3,0.4,0.1,0.0,0.0,counterfactual_fraction,A,0.0,0.0,0.0,0.0,0.0,0.0,0.135,0.08,0.17,0.5,0.5,0.5,0.071875,0.045,0.095,0.5,0.5,0.5
3,0.4,0.1,0.0,0.0,counterfactual_fraction,B,0.0,0.0,0.0,0.0,0.0,0.0,0.14375,0.09,0.19,0.5,0.5,0.5,0.071875,0.045,0.095,0.5,0.5,0.5
3,0.4,0.1,0.0,0.0,raw,A,0.98,0.92,1.0,0.12875,0.08,0.16,0.135,0.08,0.17,0.500625,0.485,0.535,0.07062500000000001,0.045,0.085,0.480775,0.4471,0.5011
3,0.4,0.1,0.0,0.0,raw,B,0.97875,0.92,1.0,0.13125,0.08,0.18,0.14375,0.09,0.19,0.500625,0.485,0.535,0.07062500000000001,0.045,0.085,0.480775,0.4471,0.5011
3,0.4,0.1,0.0,1.0,activity_normalized,A,0.0075,0.0,0.02,0.0025,0.0,0.02,0.135,0.08,0.17,0.498125,0.485,0.51,0.073125,0.045,0.095,0.5002875,0.459,0.5318
3,0.4,0.1,0.0,1.0,activity_normalized,B,0.01125,0.0,0.04,0.0,0.0,0.0,0.14375,0.09,0.19,0.498125,0.485,0.51,0.073125,0.045,0.095,0.5002875,0.459,0.5318
3,0.4,0.1,0.0,1.0,counterfactual_fraction,A,0.00625,0.0,0.03,0.0,0.0,0.0,0.135,0.08,0.17,0.49875,0.485,0.515,0.07125000000000001,0.045,0.095,0.505325,0.4344,0.5693
3,0.4,0.1,0.0,1.0,counterfactual_fraction,B,0.008749999999999999,0.0,0.03,0.00125,0.0,0.01,0.14375,0.09,0.19,0.49875,0.485,0.515,0.07125000000000001,0.045,0.095,0.505325,0.4344,0.5693
3,0.4,0.1,0.0,1.0,raw,A,0.5775,0.38,0.77,0.0375,0.0,0.07,0.135,0.08,0.17,0.4875,0.41,0.54,0.0675,0.035,0.105,0.4816875,0.4316,0.5266
3,0.4,0.1,0.0,1.0,raw,B,0.6025,0.35,0.72,0.04625,0.01,0.09,0.14375,0.09,0.19,0.4875,0.41,0.54,0.0675,0.035,0.105,0.4816875,0.4316,0.5266
3,0.4,0.1,1.0,0.0,activity_normalized,A,0.37375,0.09,0.84,0.04875,0.0,0.14,0.135,0.08,0.17,0.490625,0.465,0.55,0.0725,0.06,0.095,0.4919125,0.4559,0.5517
3,0.4,0.1,1.0,0.0,activity_normalized,B,0.3925,0.15,0.86,0.0475,0.0,0.13,0.14375,0.09,0.19,0.490625,0.465,0.55,0.0725,0.06,0.095,0.4919125,0.4559,0.5517
3,0.4,0.1,1.0,0.0,counterfactual_fraction,A,0.0,0.0,0.0,0.0,0.0,0.0,0.135,0.08,0.17,0.5,0.5,0.5,0.071875,0.045,0.095,0.5,0.5,0.5
3,0.4,0.1,1.0,0.0,counterfactual_fraction,B,0.0,0.0,0.0,0.0,0.0,0.0,0.14375,0.09,0.19,0.5,0.5,0.5,0.071875,0.045,0.095,0.5,0.5,0.5
3,0.4,0.1,1.0,0.0,raw,A,1.0,1.0,1.0,0.135,0.08,0.17,0.135,0.08,0.17,0.500625,0.5,0.505,0.068125,0.04,0.085,0.47914999999999996,0.4478,0.5062
3,0.4,0.1,1.0,0.0,raw,B,0.99875,0.99,1.0,0.14250000000000002,0.09,0.19,0.14375,0.09,0.19,0.500625,0.5,0.505,0.068125,0.04,0.085,0.47914999999999996,0.4478,0.5062
3,0.4,0.1,1.0,1.0,activity_normalized,A,0.026250000000000002,0.01,0.04,0.00375,0.0,0.02,0.135,0.08,0.17,0.496875,0.48,0.505,0.073125,0.05,0.095,0.4979875,0.4625,0.5404
3,0.4,0.1,1.0,1.0,activity_normalized,B,0.0325,0.01,0.06,0.00125,0.0,0.01,0.14375,0.09,0.19,0.496875,0.48,0.505,0.073125,0.05,0.095,0.4979875,0.4625,0.5404
3,0.4,0.1,1.0,1.0,counterfactual_fraction,A,0.01875,0.0,0.04,0.00375,0.0,0.02,0.135,0.08,0.17,0.499375,0.485,0.515,0.071875,0.05,0.095,0.5022,0.4341,0.5558
3,0.4,0.1,1.0,1.0,counterfactual_fraction,B,0.02,0.0,0.04,0.00375,0.0,0.01,0.14375,0.09,0.19,0.499375,0.485,0.515,0.071875,0.05,0.095,0.5022,0.4341,0.5558
3,0.4,0.1,1.0,1.0,raw,A,0.77875,0.51,0.95,0.08125,0.01,0.11,0.135,0.08,0.17,0.499375,0.45,0.54,0.06875,0.045,0.085,0.47886249999999997,0.4236,0.5296
3,0.4,0.1,1.0,1.0,raw,B,0.78,0.48,0.89,0.0875,0.04,0.15,0.14375,0.09,0.19,0.499375,0.45,0.54,0.06875,0.045,0.085,0.47886249999999997,0.4236,0.5296
3,0.4,0.25,0.0,0.0,activity_normalized,A,0.2475,0.01,0.82,0.11,0.01,0.44,0.47625,0.42,0.52,0.484375,0.465,0.51,0.21625,0.18,0.245,0.4945,0.4507,0.5646
3,0.4,0.25,0.0,0.0,activity_normalized,B,0.27875,0.07,0.84,0.11,0.01,0.42,0.4325,0.34,0.49,0.484375,0.465,0.51,0.21625,0.18,0.245,0.4945,0.4507,0.5646
3,0.4,0.25,0.0,0.0,counterfactual_fraction,A,0.0,0.0,0.0,0.0,0.0,0.0,0.47625,0.42,0.52,0.5,0.5,0.5,0.21625,0.17,0.245,0.5,0.5,0.5
3,0.4,0.25,0.0,0.0,counterfactual_fraction,B,0.0,0.0,0.0,0.0,0.0,0.0,0.4325,0.34,0.49,0.5,0.5,0.5,0.21625,0.17,0.245,0.5,0.5,0.5
3,0.4,0.25,0.0,0.0,raw,A,0.945,0.77,1.0,0.4375,0.25,0.52,0.47625,0.42,0.52,0.50125,0.46,0.53,0.2425,0.195,0.28,0.4859625,0.4356,0.5081
3,0.4,0.25,0.0,0.0,raw,B,0.9425,0.85,1.0,0.385,0.31,0.46,0.4325,0.34,0.49,0.50125,0.46,0.53,0.2425,0.195,0.28,0.4859625,0.4356,0.5081
3,0.4,0.25,0.0,1.0,activity_normalized,A,0.015,0.0,0.03,0.00375,0.0,0.01,0.47625,0.42,0.52,0.500625,0.49,0.51,0.2175,0.17,0.25,0.5173,0.4623,0.5545
3,0.4,0.25,0.0,1.0,activity_normalized,B,0.01375,0.0,0.04,0.00125,0.0,0.01,0.4325,0.34,0.49,0.500625,0.49,0.51,0.2175,0.17,0.25,0.5173,0.4623,0.5545
3,0.4,0.25,0.0,1.0,counterfactual_fraction,A,0.01625,0.0,0.05,0.005,0.0,0.02,0.47625,0.42,0.52,0.50375,0.495,0.525,0.218125,0.17,0.255,0.5230125,0.4426,0.5764
3,0.4,0.25,0.0,1.0,counterfactual_fraction,B,0.008749999999999999,0.0,0.03,0.00125,0.0,0.01,0.4325,0.34,0.49,0.50375,0.495,0.525,0.218125,0.17,0.255,0.5230125,0.4426,0.5764
3,0.4,0.25,0.0,1.0,raw,A,0.49375,0.33,0.67,0.15125,0.07,0.23,0.47625,0.42,0.52,0.49375,0.445,0.525,0.226875,0.175,0.295,0.492775,0.4498,0.5343
3,0.4,0.25,0.0,1.0,raw,B,0.50625,0.31,0.65,0.13,0.06,0.24,0.4325,0.34,0.49,0.49375,0.445,0.525,0.226875,0.175,0.295,0.492775,0.4498,0.5343
3,0.4,0.25,1.0,0.0,activity_normalized,A,0.35875,0.06,0.86,0.175,0.03,0.47,0.47625,0.42,0.52,0.4875,0.455,0.54,0.221875,0.2,0.245,0.492825,0.4517,0.5698
3,0.4,0.25,1.0,0.0,activity_normalized,B,0.38375000000000004,0.12,0.87,0.16375,0.05,0.43,0.4325,0.34,0.49,0.4875,0.455,0.54,0.221875,0.2,0.245,0.492825,0.4517,0.5698
3,0.4,0.25,1.0,0.0,counterfactual_fraction,A,0.0,0.0,0.0,0.0,0.0,0.0,0.47625,0.42,0.52,0.5,0.5,0.5,0.21625,0.17,0.245,0.5,0.5,0.5
3,0.4,0.25,1.0,0.0,counterfactual_fraction,B,0.0,0.0,0.0,0.0,0.0,0.0,0.4325,0.34,0.49,0.5,0.5,0.5,0.21625,0.17,0.245,0.5,0.5,0.5
3,0.4,0.25,1.0,0.0,raw,A,0.9975,0.99,1.0,0.47375,0.41,0.52,0.47625,0.42,0.52,0.50125,0.495,0.515,0.239375,0.215,0.26,0.48535,0.4358,0.5105
3,0.4,0.25,1.0,0.0,raw,B,0.995,0.96,1.0,0.4275,0.34,0.49,0.4325,0.34,0.49,0.50125,0.495,0.515,0.239375,0.215,0.26,0.48535,0.4358,0.5105
3,0.4,0.25,1.0,1.0,activity_normalized,A,0.06125,0.03,0.08,0.02625,0.01,0.05,0.47625,0.42,0.52,0.501875,0.48,0.52,0.22562500000000002,0.185,0.255,0.5121875,0.4634,0.555
3,0.4,0.25,1.0,1.0,activity_normalized,B,0.0575,0.02,0.1,0.007500000000000001,0.0,0.02,0.4325,0.34,0.49,0.501875,0.48,0.52,0.22562500000000002,0.185,0.255,0.5121875,0.4634,0.555
3,0.4,0.25,1.0,1.0,counterfactual_fraction,A,0.04,0.02,0.06,0.015,0.0,0.03,0.47625,0.42,0.52,0.5,0.465,0.515,0.22,0.18,0.255,0.5175125,0.4413,0.568
3,0.4,0.25,1.0,1.0,counterfactual_fraction,B,0.04,0.02,0.09,0.0075,0.0,0.02,0.4325,0.34,0.49,0.5,0.465,0.515,0.22,0.18,0.255,0.5175125,0.4413,0.568
3,0.4,0.25,1.0,1.0,raw,A,0.7625,0.49,0.93,0.32375,0.15,0.47,0.47625,0.42,0.52,0.49875,0.465,0.53,0.23249999999999998,0.185,0.295,0.4924,0.4392,0.5385
3,0.4,0.25,1.0,1.0,raw,B,0.765,0.44,0.88,0.29125,0.12,0.4,0.4325,0.34,0.49,0.49875,0.465,0.53,0.23249999999999998,0.185,0.295,0.4924,0.4392,0.5385
3,0.4,0.5,0.0,0.0,activity_normalized,A,0.16999999999999998,0.0,0.84,0.1625,0.0,0.81,0.9675,0.96,0.98,0.4975,0.465,0.53,0.483125,0.455,0.515,0.4999375,0.4574,0.5596
3,0.4,0.5,0.0,0.0,activity_normalized,B,0.175,0.0,0.78,0.16625,0.0,0.76,0.97,0.95,0.99,0.4975,0.465,0.53,0.483125,0.455,0.515,0.4999375,0.4574,0.5596
3,0.4,0.5,0.0,0.0,counterfactual_fraction,A,0.0,0.0,0.0,0.0,0.0,0.0,0.9675,0.96,0.98,0.5,0.5,0.5,0.485,0.475,0.495,0.5,0.5,0.5
3,0.4,0.5,0.0,0.0,counterfactual_fraction,B,0.0,0.0,0.0,0.0,0.0,0.0,0.97,0.95,0.99,0.5,0.5,0.5,0.485,0.475,0.495,0.5,0.5,0.5
3,0.4,0.5,0.0,0.0,raw,A,0.7637499999999999,0.37,0.96,0.73125,0.35,0.92,0.9675,0.96,0.98,0.505625,0.46,0.535,0.48812500000000003,0.445,0.525,0.4899375,0.4093,0.5311
3,0.4,0.5,0.0,0.0,raw,B,0.7525000000000001,0.45,0.96,0.725,0.42,0.94,0.97,0.95,0.99,0.505625,0.46,0.535,0.48812500000000003,0.445,0.525,0.4899375,0.4093,0.5311
3,0.4,0.5,0.0,1.0,activity_normalized,A,0.0225,0.0,0.05,0.02,0.0,0.05,0.9675,0.96,0.98,0.50625,0.495,0.52,0.490625,0.48,0.5,0.5551875000000001,0.485,0.6368
3,0.4,0.5,0.0,1.0,activity_normalized,B,0.01,0.0,0.04,0.00875,0.0,0.04,0.97,0.95,0.99,0.50625,0.495,0.52,0.490625,0.48,0.5,0.5551875000000001,0.485,0.6368
3,0.4,0.5,0.0,1.0,counterfactual_fraction,A,0.02375,0.0,0.08,0.02375,0.0,0.08,0.9675,0.96,0.98,0.508125,0.5,0.535,0.49375,0.48,0.52,0.558625,0.4586,0.6243
3,0.4,0.5,0.0,1.0,counterfactual_fraction,B,0.0075,0.0,0.03,0.00625,0.0,0.03,0.97,0.95,0.99,0.508125,0.5,0.535,0.49375,0.48,0.52,0.558625,0.4586,0.6243
3,0.4,0.5,0.0,1.0,raw,A,0.2625,0.14,0.4,0.23625000000000002,0.11,0.38,0.9675,0.96,0.98,0.49875,0.47,0.535,0.48,0.45,0.515,0.5183125,0.4677,0.5773
3,0.4,0.5,0.0,1.0,raw,B,0.265,0.14,0.46,0.24625,0.12,0.43,0.97,0.95,0.99,0.49875,0.47,0.535,0.48,0.45,0.515,0.5183125,0.4677,0.5773
3,0.4,0.5,1.0,0.0,activity_normalized,A,0.35625,0.03,0.88,0.34249999999999997,0.03,0.85,0.9675,0.96,0.98,0.494375,0.44,0.55,0.479375,0.435,0.53,0.4987125,0.438,0.5731
3,0.4,0.5,1.0,0.0,activity_normalized,B,0.3675,0.08,0.86,0.35375,0.07,0.84,0.97,0.95,0.99,0.494375,0.44,0.55,0.479375,0.435,0.53,0.4987125,0.438,0.5731
3,0.4,0.5,1.0,0.0,counterfactual_fraction,A,0.0,0.0,0.0,0.0,0.0,0.0,0.9675,0.96,0.98,0.5,0.5,0.5,0.485,0.475,0.495,0.5,0.5,0.5
3,0.4,0.5,1.0,0.0,counterfactual_fraction,B,0.0,0.0,0.0,0.0,0.0,0.0,0.97,0.95,0.99,0.5,0.5,0.5,0.485,0.475,0.495,0.5,0.5,0.5
3,0.4,0.5,1.0,0.0,raw,A,0.96375,0.78,1.0,0.93125,0.76,0.97,0.9675,0.96,0.98,0.493125,0.455,0.515,0.476875,0.445,0.495,0.4885125,0.4007,0.5326
3,0.4,0.5,1.0,0.0,raw,B,0.9775,0.87,1.0,0.9475,0.83,0.98,0.97,0.95,0.99,0.493125,0.455,0.515,0.476875,0.445,0.495,0.4885125,0.4007,0.5326
3,0.4,0.5,1.0,1.0,activity_normalized,A,0.20875,0.07,0.26,0.2,0.07,0.24,0.9675,0.96,0.98,0.5225,0.48,0.565,0.5075000000000001,0.47,0.54,0.55185,0.4801,0.6042
3,0.4,0.5,1.0,1.0,activity_normalized,B,0.16375,0.06,0.24,0.155,0.06,0.23,0.97,0.95,0.99,0.5225,0.48,0.565,0.5075000000000001,0.47,0.54,0.55185,0.4801,0.6042
3,0.4,0.5,1.0,1.0,counterfactual_fraction,A,0.17,0.11,0.28,0.1625,0.1,0.27,0.9675,0.96,0.98,0.52125,0.48,0.605,0.504375,0.465,0.585,0.5550375,0.4613,0.6095
3,0.4,0.5,1.0,1.0,counterfactual_fraction,B,0.1275,0.05,0.23,0.12375,0.05,0.22,0.97,0.95,0.99,0.52125,0.48,0.605,0.504375,0.465,0.585,0.5550375,0.4613,0.6095
3,0.4,0.5,1.0,1.0,raw,A,0.7375,0.47,0.92,0.7075,0.44,0.88,0.9675,0.96,0.98,0.511875,0.47,0.57,0.49625,0.46,0.55,0.5284125000000001,0.4714,0.5836
3,0.4,0.5,1.0,1.0,raw,B,0.71375,0.4,0.84,0.685,0.38,0.8,0.97,0.95,0.99,0.511875,0.47,0.57,0.49625,0.46,0.55,0.5284125000000001,0.4714,0.5836
3,0.4,1.0,0.0,0.0,activity_normalized,A,0.11125,0.0,0.89,0.11125,0.0,0.89,1.0,1.0,1.0,0.4975,0.485,0.5,0.4975,0.485,0.5,0.5139,0.4615,0.6774
3,0.4,1.0,0.0,0.0,activity_normalized,B,0.11625,0.0,0.92,0.11625,0.0,0.92,1.0,1.0,1.0,0.4975,0.485,0.5,0.4975,0.485,0.5,0.5139,0.4615,0.6774
3,0.4,1.0,0.0,0.0,counterfactual_fraction,A,0.0,0.0,0.0,0.0,0.0,0.0,1.0,1.0,1.0,0.5,0.5,0.5,0.5,0.5,0.5,0.5,0.5,0.5
3,0.4,1.0,0.0,0.0,counterfactual_fraction,B,0.0,0.0,0.0,0.0,0.0,0.0,1.0,1.0,1.0,0.5,0.5,0.5,0.5,0.5,0.5,0.5,0.5,0.5
3,0.4,1.0,0.0,0.0,raw,A,0.025,0.0,0.1,0.025,0.0,0.1,1.0,1.0,1.0,0.501875,0.49,0.52,0.501875,0.49,0.52,0.493725,0.3518,0.6061
3,0.4,1.0,0.0,0.0,raw,B,0.021249999999999998,0.0,0.08,0.021249999999999998,0.0,0.08,1.0,1.0,1.0,0.501875,0.49,0.52,0.501875,0.49,0.52,0.493725,0.3518,0.6061
3,0.4,1.0,0.0,1.0,activity_normalized,A,0.0,0.0,0.0,0.0,0.0,0.0,1.0,1.0,1.0,0.5,0.5,0.5,0.5,0.5,0.5,0.666475,0.5405,0.8169
3,0.4,1.0,0.0,1.0,activity_normalized,B,0.0,0.0,0.0,0.0,0.0,0.0,1.0,1.0,1.0,0.5,0.5,0.5,0.5,0.5,0.5,0.666475,0.5405,0.8169
3,0.4,1.0,0.0,1.0,counterfactual_fraction,A,0.005,0.0,0.04,0.005,0.0,0.04,1.0,1.0,1.0,0.501875,0.5,0.515,0.501875,0.5,0.515,0.670875,0.5176,0.7987
3,0.4,1.0,0.0,1.0,counterfactual_fraction,B,0.00125,0.0,0.01,0.00125,0.0,0.01,1.0,1.0,1.0,0.501875,0.5,0.515,0.501875,0.5,0.515,0.670875,0.5176,0.7987
3,0.4,1.0,0.0,1.0,raw,A,0.0025,0.0,0.01,0.0025,0.0,0.01,1.0,1.0,1.0,0.50125,0.5,0.505,0.50125,0.5,0.505,0.5757375,0.5082,0.6763
3,0.4,1.0,0.0,1.0,raw,B,0.0,0.0,0.0,0.0,0.0,0.0,1.0,1.0,1.0,0.50125,0.5,0.505,0.50125,0.5,0.505,0.5757375,0.5082,0.6763
3,0.4,1.0,1.0,0.0,activity_normalized,A,0.31,0.0,0.99,0.31,0.0,0.99,1.0,1.0,1.0,0.4975,0.46,0.58,0.4975,0.46,0.58,0.505625,0.3633,0.6976
3,0.4,1.0,1.0,0.0,activity_normalized,B,0.315,0.07,1.0,0.315,0.07,1.0,1.0,1.0,1.0,0.4975,0.46,0.58,0.4975,0.46,0.58,0.505625,0.3633,0.6976
3,0.4,1.0,1.0,0.0,counterfactual_fraction,A,0.0,0.0,0.0,0.0,0.0,0.0,1.0,1.0,1.0,0.5,0.5,0.5,0.5,0.5,0.5,0.5,0.5,0.5
3,0.4,1.0,1.0,0.0,counterfactual_fraction,B,0.0,0.0,0.0,0.0,0.0,0.0,1.0,1.0,1.0,0.5,0.5,0.5,0.5,0.5,0.5,0.5,0.5,0.5
3,0.4,1.0,1.0,0.0,raw,A,0.525,0.01,0.98,0.525,0.01,0.98,1.0,1.0,1.0,0.505625,0.47,0.58,0.505625,0.47,0.58,0.4929875,0.3193,0.6094
3,0.4,1.0,1.0,0.0,raw,B,0.51375,0.01,0.97,0.51375,0.01,0.97,1.0,1.0,1.0,0.505625,0.47,0.58,0.505625,0.47,0.58,0.4929875,0.3193,0.6094
3,0.4,1.0,1.0,1.0,activity_normalized,A,0.65,0.4,0.74,0.65,0.4,0.74,1.0,1.0,1.0,0.63375,0.555,0.745,0.63375,0.555,0.745,0.694175,0.5801,0.8362
3,0.4,1.0,1.0,1.0,activity_normalized,B,0.3825,0.12,0.61,0.3825,0.12,0.61,1.0,1.0,1.0,0.63375,0.555,0.745,0.63375,0.555,0.745,0.694175,0.5801,0.8362
3,0.4,1.0,1.0,1.0,counterfactual_fraction,A,0.56625,0.44,0.67,0.56625,0.44,0.67,1.0,1.0,1.0,0.64375,0.55,0.76,0.64375,0.55,0.76,0.69755,0.5618,0.87
3,0.4,1.0,1.0,1.0,counterfactual_fraction,B,0.27875,0.1,0.47,0.27875,0.1,0.47,1.0,1.0,1.0,0.64375,0.55,0.76,0.64375,0.55,0.76,0.69755,0.5618,0.87
3,0.4,1.0,1.0,1.0,raw,A,0.59,0.27,0.85,0.59,0.27,0.85,1.0,1.0,1.0,0.603125,0.51,0.735,0.603125,0.51,0.735,0.6598125,0.5473,0.8245
3,0.4,1.0,1.0,1.0,raw,B,0.38375,0.08,0.7,0.38375,0.08,0.7,1.0,1.0,1.0,0.603125,0.51,0.735,0.603125,0.51,0.735,0.6598125,0.5473,0.8245
