pair,noise,amplitude,learning_gate,readout,policy,accuracy,accuracy_rejections_wrong,raw_score_auc,margin_auc,signal_detected_fraction,A_assigned_A,B_assigned_A,blank_assigned_A,pattern_seed,calibration_seed,evaluation_seed,residual
0,0.1,0.0,0.0,raw,single_intensity,,,,,0.06,,,0.06,100200,120000,140000,3.993319889171454e-16
0,0.1,0.0,0.0,raw,mixed_global,,,,,0.06,,,0.06,100200,120000,140000,3.993319889171454e-16
0,0.1,0.0,0.0,raw,mixed_context,,,,,0.06,,,0.06,100200,120000,140000,3.993319889171454e-16
0,0.1,0.0,0.0,activity_normalized,single_intensity,,,,,0.06,,,0.06,100200,120000,140000,3.993319889171454e-16
0,0.1,0.0,0.0,activity_normalized,mixed_global,,,,,0.06,,,0.06,100200,120000,140000,3.993319889171454e-16
0,0.1,0.0,0.0,activity_normalized,mixed_context,,,,,0.06,,,0.06,100200,120000,140000,3.993319889171454e-16
0,0.1,0.0,0.0,counterfactual_fraction,single_intensity,,,,,0.06,,,0.0,100200,120000,140000,3.993319889171454e-16
0,0.1,0.0,0.0,counterfactual_fraction,mixed_global,,,,,0.06,,,0.0,100200,120000,140000,3.993319889171454e-16
0,0.1,0.0,0.0,counterfactual_fraction,mixed_context,,,,,0.06,,,0.0,100200,120000,140000,3.993319889171454e-16
0,0.1,0.0,1.0,raw,single_intensity,,,,,0.06,,,0.06,100200,120000,140000,3.993319889171454e-16
0,0.1,0.0,1.0,raw,mixed_global,,,,,0.06,,,0.06,100200,120000,140000,3.993319889171454e-16
0,0.1,0.0,1.0,raw,mixed_context,,,,,0.06,,,0.06,100200,120000,140000,3.993319889171454e-16
0,0.1,0.0,1.0,activity_normalized,single_intensity,,,,,0.06,,,0.06,100200,120000,140000,3.993319889171454e-16
0,0.1,0.0,1.0,activity_normalized,mixed_global,,,,,0.06,,,0.06,100200,120000,140000,3.993319889171454e-16
0,0.1,0.0,1.0,activity_normalized,mixed_context,,,,,0.06,,,0.0,100200,120000,140000,3.993319889171454e-16
0,0.1,0.0,1.0,counterfactual_fraction,single_intensity,,,,,0.06,,,0.0,100200,120000,140000,3.993319889171454e-16
0,0.1,0.0,1.0,counterfactual_fraction,mixed_global,,,,,0.06,,,0.0,100200,120000,140000,3.993319889171454e-16
0,0.1,0.0,1.0,counterfactual_fraction,mixed_context,,,,,0.06,,,0.0,100200,120000,140000,3.993319889171454e-16
0,0.1,0.1,0.0,raw,single_intensity,0.5,0.375,0.505,0.505,0.775,0.75,0.8,,100200,120000,140000,3.572256422959552e-15
0,0.1,0.1,0.0,raw,mixed_global,0.5,0.375,0.505,0.505,0.775,0.75,0.8,,100200,120000,140000,3.572256422959552e-15
0,0.1,0.1,0.0,raw,mixed_context,0.505,0.38,0.505,0.505,0.775,0.75,0.79,,100200,120000,140000,3.572256422959552e-15
0,0.1,0.1,0.0,activity_normalized,single_intensity,0.5,0.375,0.505,0.505,0.775,0.75,0.8,,100200,120000,140000,3.572256422959552e-15
0,0.1,0.1,0.0,activity_normalized,mixed_global,0.505,0.38,0.505,0.505,0.775,0.75,0.79,,100200,120000,140000,3.572256422959552e-15
0,0.1,0.1,0.0,activity_normalized,mixed_context,0.505,0.38,0.505,0.505,0.775,0.75,0.79,,100200,120000,140000,3.572256422959552e-15
0,0.1,0.1,0.0,counterfactual_fraction,single_intensity,0.5,0.4,0.5,0.5,0.775,0.0,0.0,,100200,120000,140000,3.572256422959552e-15
0,0.1,0.1,0.0,counterfactual_fraction,mixed_global,0.5,0.4,0.5,0.5,0.775,0.0,0.0,,100200,120000,140000,3.572256422959552e-15
0,0.1,0.1,0.0,counterfactual_fraction,mixed_context,0.5,0.4,0.5,0.5,0.775,0.0,0.0,,100200,120000,140000,3.572256422959552e-15
0,0.1,0.1,1.0,raw,single_intensity,0.5,0.375,0.505,0.505,0.775,0.75,0.8,,100200,120000,140000,3.572256422959552e-15
0,0.1,0.1,1.0,raw,mixed_global,0.5,0.375,0.505,0.505,0.775,0.75,0.8,,100200,120000,140000,3.572256422959552e-15
0,0.1,0.1,1.0,raw,mixed_context,0.5,0.375,0.505,0.505,0.775,0.75,0.8,,100200,120000,140000,3.572256422959552e-15
0,0.1,0.1,1.0,activity_normalized,single_intensity,0.5,0.375,0.505,0.505,0.775,0.75,0.8,,100200,120000,140000,3.572256422959552e-15
0,0.1,0.1,1.0,activity_normalized,mixed_global,0.5,0.375,0.505,0.505,0.775,0.75,0.8,,100200,120000,140000,3.572256422959552e-15
0,0.1,0.1,1.0,activity_normalized,mixed_context,0.5,0.4,0.505,0.505,0.775,0.0,0.0,,100200,120000,140000,3.572256422959552e-15
0,0.1,0.1,1.0,counterfactual_fraction,single_intensity,0.495,0.395,0.495,0.495,0.775,0.0,0.01,,100200,120000,140000,3.572256422959552e-15
0,0.1,0.1,1.0,counterfactual_fraction,mixed_global,0.495,0.395,0.495,0.495,0.775,0.0,0.01,,100200,120000,140000,3.572256422959552e-15
0,0.1,0.1,1.0,counterfactual_fraction,mixed_context,0.495,0.395,0.495,0.495,0.775,0.0,0.01,,100200,120000,140000,3.572256422959552e-15
0,0.1,0.25,0.0,raw,single_intensity,0.5,0.5,0.4732,0.4732,1.0,1.0,1.0,,100200,120000,140000,9.329342853803269e-15
0,0.1,0.25,0.0,raw,mixed_global,0.47,0.47,0.4732,0.4732,1.0,0.91,0.97,,100200,120000,140000,9.329342853803269e-15
0,0.1,0.25,0.0,raw,mixed_context,0.465,0.465,0.4732,0.42235,1.0,0.8,0.87,,100200,120000,140000,9.329342853803269e-15
0,0.1,0.25,0.0,activity_normalized,single_intensity,0.43,0.43,0.45565,0.45565,1.0,0.78,0.92,,100200,120000,140000,9.329342853803269e-15
0,0.1,0.25,0.0,activity_normalized,mixed_global,0.495,0.495,0.45565,0.45565,1.0,0.53,0.54,,100200,120000,140000,9.329342853803269e-15
0,0.1,0.25,0.0,activity_normalized,mixed_context,0.48,0.48,0.45565,0.41455,1.0,0.85,0.89,,100200,120000,140000,9.329342853803269e-15
0,0.1,0.25,0.0,counterfactual_fraction,single_intensity,0.5,0.5,0.5,0.5,1.0,0.0,0.0,,100200,120000,140000,9.329342853803269e-15
0,0.1,0.25,0.0,counterfactual_fraction,mixed_global,0.5,0.5,0.5,0.5,1.0,0.0,0.0,,100200,120000,140000,9.329342853803269e-15
0,0.1,0.25,0.0,counterfactual_fraction,mixed_context,0.45,0.45,0.5,0.45,1.0,0.53,0.63,,100200,120000,140000,9.329342853803269e-15
0,0.1,0.25,1.0,raw,single_intensity,0.5,0.5,0.5214,0.5214,1.0,1.0,1.0,,100200,120000,140000,9.329342853803269e-15
0,0.1,0.25,1.0,raw,mixed_global,0.5,0.5,0.5214,0.5214,1.0,0.99,0.99,,100200,120000,140000,9.329342853803269e-15
0,0.1,0.25,1.0,raw,mixed_context,0.5,0.5,0.5214,0.46545,1.0,0.89,0.89,,100200,120000,140000,9.329342853803269e-15
0,0.1,0.25,1.0,activity_normalized,single_intensity,0.525,0.525,0.5177,0.5176,1.0,0.99,0.94,,100200,120000,140000,9.329342853803269e-15
0,0.1,0.25,1.0,activity_normalized,mixed_global,0.535,0.535,0.5177,0.5176,1.0,0.98,0.91,,100200,120000,140000,9.329342853803269e-15
0,0.1,0.25,1.0,activity_normalized,mixed_context,0.49,0.49,0.5177,0.49345,1.0,0.51,0.53,,100200,120000,140000,9.329342853803269e-15
0,0.1,0.25,1.0,counterfactual_fraction,single_intensity,0.545,0.545,0.5389,0.5389,1.0,0.45,0.36,,100200,120000,140000,9.329342853803269e-15
0,0.1,0.25,1.0,counterfactual_fraction,mixed_global,0.545,0.545,0.5389,0.5389,1.0,0.45,0.36,,100200,120000,140000,9.329342853803269e-15
0,0.1,0.25,1.0,counterfactual_fraction,mixed_context,0.54,0.54,0.5389,0.5112,1.0,0.36,0.28,,100200,120000,140000,9.329342853803269e-15
0,0.1,0.5,0.0,raw,single_intensity,0.5,0.5,0.454,0.454,1.0,1.0,1.0,,100200,120000,140000,1.2710405644655864e-13
0,0.1,0.5,0.0,raw,mixed_global,0.5,0.5,0.454,0.454,1.0,0.0,0.0,,100200,120000,140000,1.2710405644655864e-13
0,0.1,0.5,0.0,raw,mixed_context,0.505,0.505,0.454,0.3982,1.0,0.01,0.0,,100200,120000,140000,1.2710405644655864e-13
0,0.1,0.5,0.0,activity_normalized,single_intensity,0.44,0.44,0.1483,0.1483,1.0,0.02,0.14,,100200,120000,140000,1.2710405644655864e-13
0,0.1,0.5,0.0,activity_normalized,mixed_global,0.5,0.5,0.1483,0.1483,1.0,0.0,0.0,,100200,120000,140000,1.2710405644655864e-13
0,0.1,0.5,0.0,activity_normalized,mixed_context,0.56,0.56,0.1483,0.3759,1.0,0.63,0.51,,100200,120000,140000,1.2710405644655864e-13
0,0.1,0.5,0.0,counterfactual_fraction,single_intensity,0.5,0.5,0.5,0.5,1.0,0.0,0.0,,100200,120000,140000,1.2710405644655864e-13
0,0.1,0.5,0.0,counterfactual_fraction,mixed_global,0.5,0.5,0.5,0.5,1.0,0.0,0.0,,100200,120000,140000,1.2710405644655864e-13
0,0.1,0.5,0.0,counterfactual_fraction,mixed_context,0.555,0.555,0.5,0.555,1.0,0.62,0.51,,100200,120000,140000,1.2710405644655864e-13
0,0.1,0.5,1.0,raw,single_intensity,0.5,0.5,0.9845,0.9845,1.0,1.0,1.0,,100200,120000,140000,1.2710405644655864e-13
0,0.1,0.5,1.0,raw,mixed_global,0.935,0.935,0.9845,0.9845,1.0,0.93,0.06,,100200,120000,140000,1.2710405644655864e-13
0,0.1,0.5,1.0,raw,mixed_context,0.735,0.735,0.9845,0.6891,1.0,0.98,0.51,,100200,120000,140000,1.2710405644655864e-13
0,0.1,0.5,1.0,activity_normalized,single_intensity,0.845,0.845,0.9862,0.9862,1.0,1.0,0.31,,100200,120000,140000,1.2710405644655864e-13
0,0.1,0.5,1.0,activity_normalized,mixed_global,0.905,0.905,0.9862,0.9862,1.0,1.0,0.19,,100200,120000,140000,1.2710405644655864e-13
0,0.1,0.5,1.0,activity_normalized,mixed_context,0.94,0.94,0.9862,0.9607,1.0,0.99,0.11,,100200,120000,140000,1.2710405644655864e-13
0,0.1,0.5,1.0,counterfactual_fraction,single_intensity,0.835,0.835,0.988,0.988,1.0,1.0,0.33,,100200,120000,140000,1.2710405644655864e-13
0,0.1,0.5,1.0,counterfactual_fraction,mixed_global,0.915,0.915,0.988,0.988,1.0,1.0,0.17,,100200,120000,140000,1.2710405644655864e-13
0,0.1,0.5,1.0,counterfactual_fraction,mixed_context,0.94,0.94,0.988,0.9682,1.0,0.99,0.11,,100200,120000,140000,1.2710405644655864e-13
0,0.1,1.0,0.0,raw,single_intensity,0.485,0.485,0.5166,0.5166,1.0,0.9,0.93,,100200,120000,140000,1.4800868863851235e-12
0,0.1,1.0,0.0,raw,mixed_global,0.5,0.5,0.5166,0.5166,1.0,0.0,0.0,,100200,120000,140000,1.4800868863851235e-12
0,0.1,1.0,0.0,raw,mixed_context,0.5,0.5,0.5166,0.5166,1.0,0.0,0.0,,100200,120000,140000,1.4800868863851235e-12
0,0.1,1.0,0.0,activity_normalized,single_intensity,0.5,0.5,0.0603,0.0603,1.0,0.0,0.0,,100200,120000,140000,1.4800868863851235e-12
0,0.1,1.0,0.0,activity_normalized,mixed_global,0.5,0.5,0.0603,0.0603,1.0,0.0,0.0,,100200,120000,140000,1.4800868863851235e-12
0,0.1,1.0,0.0,activity_normalized,mixed_context,0.5,0.5,0.0603,0.0603,1.0,0.0,0.0,,100200,120000,140000,1.4800868863851235e-12
0,0.1,1.0,0.0,counterfactual_fraction,single_intensity,0.5,0.5,0.5,0.5,1.0,0.0,0.0,,100200,120000,140000,1.4800868863851235e-12
0,0.1,1.0,0.0,counterfactual_fraction,mixed_global,0.5,0.5,0.5,0.5,1.0,0.0,0.0,,100200,120000,140000,1.4800868863851235e-12
0,0.1,1.0,0.0,counterfactual_fraction,mixed_context,0.5,0.5,0.5,0.5,1.0,0.0,0.0,,100200,120000,140000,1.4800868863851235e-12
0,0.1,1.0,1.0,raw,single_intensity,1.0,1.0,1.0,1.0,1.0,1.0,0.0,,100200,120000,140000,1.4800868863851235e-12
0,0.1,1.0,1.0,raw,mixed_global,0.5,0.5,1.0,1.0,1.0,0.0,0.0,,100200,120000,140000,1.4800868863851235e-12
0,0.1,1.0,1.0,raw,mixed_context,1.0,1.0,1.0,1.0,1.0,1.0,0.0,,100200,120000,140000,1.4800868863851235e-12
0,0.1,1.0,1.0,activity_normalized,single_intensity,0.995,0.995,1.0,1.0,1.0,1.0,0.01,,100200,120000,140000,1.4800868863851235e-12
0,0.1,1.0,1.0,activity_normalized,mixed_global,0.995,0.995,1.0,1.0,1.0,0.99,0.0,,100200,120000,140000,1.4800868863851235e-12
0,0.1,1.0,1.0,activity_normalized,mixed_context,0.995,0.995,1.0,1.0,1.0,0.99,0.0,,100200,120000,140000,1.4800868863851235e-12
0,0.1,1.0,1.0,counterfactual_fraction,single_intensity,0.995,0.995,1.0,1.0,1.0,1.0,0.01,,100200,120000,140000,1.4800868863851235e-12
0,0.1,1.0,1.0,counterfactual_fraction,mixed_global,0.955,0.955,1.0,1.0,1.0,0.91,0.0,,100200,120000,140000,1.4800868863851235e-12
0,0.1,1.0,1.0,counterfactual_fraction,mixed_context,0.955,0.955,1.0,1.0,1.0,0.91,0.0,,100200,120000,140000,1.4800868863851235e-12
0,0.4,0.0,0.0,raw,single_intensity,,,,,0.05,,,0.05,100201,120001,140001,3.4372504842394846e-13
0,0.4,0.0,0.0,raw,mixed_global,,,,,0.05,,,0.025,100201,120001,140001,3.4372504842394846e-13
0,0.4,0.0,0.0,raw,mixed_context,,,,,0.05,,,0.04,100201,120001,140001,3.4372504842394846e-13
0,0.4,0.0,0.0,activity_normalized,single_intensity,,,,,0.05,,,0.015,100201,120001,140001,3.4372504842394846e-13
0,0.4,0.0,0.0,activity_normalized,mixed_global,,,,,0.05,,,0.015,100201,120001,140001,3.4372504842394846e-13
0,0.4,0.0,0.0,activity_normalized,mixed_context,,,,,0.05,,,0.0,100201,120001,140001,3.4372504842394846e-13
0,0.4,0.0,0.0,counterfactual_fraction,single_intensity,,,,,0.05,,,0.0,100201,120001,140001,3.4372504842394846e-13
0,0.4,0.0,0.0,counterfactual_fraction,mixed_global,,,,,0.05,,,0.0,100201,120001,140001,3.4372504842394846e-13
0,0.4,0.0,0.0,counterfactual_fraction,mixed_context,,,,,0.05,,,0.05,100201,120001,140001,3.4372504842394846e-13
0,0.4,0.0,1.0,raw,single_intensity,,,,,0.05,,,0.03,100201,120001,140001,3.4372504842394846e-13
0,0.4,0.0,1.0,raw,mixed_global,,,,,0.05,,,0.02,100201,120001,140001,3.4372504842394846e-13
0,0.4,0.0,1.0,raw,mixed_context,,,,,0.05,,,0.03,100201,120001,140001,3.4372504842394846e-13
0,0.4,0.0,1.0,activity_normalized,single_intensity,,,,,0.05,,,0.0,100201,120001,140001,3.4372504842394846e-13
0,0.4,0.0,1.0,activity_normalized,mixed_global,,,,,0.05,,,0.0,100201,120001,140001,3.4372504842394846e-13
0,0.4,0.0,1.0,activity_normalized,mixed_context,,,,,0.05,,,0.0,100201,120001,140001,3.4372504842394846e-13
0,0.4,0.0,1.0,counterfactual_fraction,single_intensity,,,,,0.05,,,0.0,100201,120001,140001,3.4372504842394846e-13
0,0.4,0.0,1.0,counterfactual_fraction,mixed_global,,,,,0.05,,,0.0,100201,120001,140001,3.4372504842394846e-13
0,0.4,0.0,1.0,counterfactual_fraction,mixed_context,,,,,0.05,,,0.0,100201,120001,140001,3.4372504842394846e-13
0,0.4,0.1,0.0,raw,single_intensity,0.5,0.045,0.5692,0.5692,0.1,0.09,0.11,,100201,120001,140001,1.0708170461448674e-12
0,0.4,0.1,0.0,raw,mixed_global,0.52,0.055,0.5692,0.5692,0.1,0.04,0.04,,100201,120001,140001,1.0708170461448674e-12
0,0.4,0.1,0.0,raw,mixed_context,0.55,0.055,0.5692,0.5499,0.1,0.08,0.08,,100201,120001,140001,1.0708170461448674e-12
0,0.4,0.1,0.0,activity_normalized,single_intensity,0.515,0.045,0.4935,0.4935,0.1,0.01,0.03,,100201,120001,140001,1.0708170461448674e-12
0,0.4,0.1,0.0,activity_normalized,mixed_global,0.515,0.04,0.4935,0.4935,0.1,0.0,0.03,,100201,120001,140001,1.0708170461448674e-12
0,0.4,0.1,0.0,activity_normalized,mixed_context,0.525,0.05,0.4935,0.5026,0.1,0.0,0.01,,100201,120001,140001,1.0708170461448674e-12
0,0.4,0.1,0.0,counterfactual_fraction,single_intensity,0.5,0.055,0.5,0.5,0.1,0.0,0.0,,100201,120001,140001,1.0708170461448674e-12
0,0.4,0.1,0.0,counterfactual_fraction,mixed_global,0.5,0.055,0.5,0.5,0.1,0.0,0.0,,100201,120001,140001,1.0708170461448674e-12
0,0.4,0.1,0.0,counterfactual_fraction,mixed_context,0.5,0.045,0.5,0.5,0.1,0.09,0.11,,100201,120001,140001,1.0708170461448674e-12
0,0.4,0.1,1.0,raw,single_intensity,0.545,0.045,0.5798,0.5798,0.1,0.04,0.06,,100201,120001,140001,1.0708170461448674e-12
0,0.4,0.1,1.0,raw,mixed_global,0.535,0.055,0.5798,0.5798,0.1,0.02,0.02,,100201,120001,140001,1.0708170461448674e-12
0,0.4,0.1,1.0,raw,mixed_context,0.535,0.045,0.5798,0.5553,0.1,0.04,0.06,,100201,120001,140001,1.0708170461448674e-12
0,0.4,0.1,1.0,activity_normalized,single_intensity,0.5,0.055,0.5186,0.5186,0.1,0.0,0.0,,100201,120001,140001,1.0708170461448674e-12
0,0.4,0.1,1.0,activity_normalized,mixed_global,0.5,0.055,0.5186,0.5186,0.1,0.0,0.0,,100201,120001,140001,1.0708170461448674e-12
0,0.4,0.1,1.0,activity_normalized,mixed_context,0.555,0.06,0.5186,0.5258,0.1,0.01,0.0,,100201,120001,140001,1.0708170461448674e-12
0,0.4,0.1,1.0,counterfactual_fraction,single_intensity,0.51,0.055,0.5344,0.5344,0.1,0.0,0.0,,100201,120001,140001,1.0708170461448674e-12
0,0.4,0.1,1.0,counterfactual_fraction,mixed_global,0.515,0.055,0.5344,0.5344,0.1,0.0,0.0,,100201,120001,140001,1.0708170461448674e-12
0,0.4,0.1,1.0,counterfactual_fraction,mixed_context,0.53,0.055,0.5344,0.5447,0.1,0.0,0.0,,100201,120001,140001,1.0708170461448674e-12
0,0.4,0.25,0.0,raw,single_intensity,0.5,0.21,0.5708,0.5708,0.43,0.42,0.44,,100201,120001,140001,9.028264247312734e-13
0,0.4,0.25,0.0,raw,mixed_global,0.57,0.24,0.5708,0.5708,0.43,0.18,0.14,,100201,120001,140001,9.028264247312734e-13
0,0.4,0.25,0.0,raw,mixed_context,0.54,0.225,0.5708,0.5226,0.43,0.33,0.32,,100201,120001,140001,9.028264247312734e-13
0,0.4,0.25,0.0,activity_normalized,single_intensity,0.53,0.22,0.5007,0.5007,0.43,0.1,0.1,,100201,120001,140001,9.028264247312734e-13
0,0.4,0.25,0.0,activity_normalized,mixed_global,0.53,0.22,0.5007,0.5007,0.43,0.09,0.09,,100201,120001,140001,9.028264247312734e-13
0,0.4,0.25,0.0,activity_normalized,mixed_context,0.51,0.22,0.5007,0.5143,0.43,0.03,0.03,,100201,120001,140001,9.028264247312734e-13
0,0.4,0.25,0.0,counterfactual_fraction,single_intensity,0.5,0.22,0.5,0.5,0.43,0.0,0.0,,100201,120001,140001,9.028264247312734e-13
0,0.4,0.25,0.0,counterfactual_fraction,mixed_global,0.5,0.22,0.5,0.5,0.43,0.0,0.0,,100201,120001,140001,9.028264247312734e-13
0,0.4,0.25,0.0,counterfactual_fraction,mixed_context,0.51,0.22,0.5,0.51,0.43,0.42,0.42,,100201,120001,140001,9.028264247312734e-13
0,0.4,0.25,1.0,raw,single_intensity,0.54,0.235,0.5891,0.5891,0.43,0.33,0.3,,100201,120001,140001,9.028264247312734e-13
0,0.4,0.25,1.0,raw,mixed_global,0.545,0.235,0.5891,0.5891,0.43,0.19,0.16,,100201,120001,140001,9.028264247312734e-13
0,0.4,0.25,1.0,raw,mixed_context,0.545,0.235,0.5891,0.5478,0.43,0.33,0.3,,100201,120001,140001,9.028264247312734e-13
0,0.4,0.25,1.0,activity_normalized,single_intensity,0.515,0.23,0.5501,0.5501,0.43,0.02,0.0,,100201,120001,140001,9.028264247312734e-13
0,0.4,0.25,1.0,activity_normalized,mixed_global,0.515,0.23,0.5501,0.5501,0.43,0.02,0.0,,100201,120001,140001,9.028264247312734e-13
0,0.4,0.25,1.0,activity_normalized,mixed_context,0.535,0.235,0.5501,0.5565,0.43,0.11,0.08,,100201,120001,140001,9.028264247312734e-13
0,0.4,0.25,1.0,counterfactual_fraction,single_intensity,0.52,0.23,0.5576,0.5576,0.43,0.03,0.01,,100201,120001,140001,9.028264247312734e-13
0,0.4,0.25,1.0,counterfactual_fraction,mixed_global,0.56,0.235,0.5576,0.5576,0.43,0.05,0.02,,100201,120001,140001,9.028264247312734e-13
0,0.4,0.25,1.0,counterfactual_fraction,mixed_context,0.54,0.235,0.5576,0.561,0.43,0.05,0.02,,100201,120001,140001,9.028264247312734e-13
0,0.4,0.5,0.0,raw,single_intensity,0.505,0.49,0.5756,0.5756,0.97,0.97,0.96,,100201,120001,140001,1.8670828771938375e-12
0,0.4,0.5,0.0,raw,mixed_global,0.515,0.495,0.5756,0.5756,0.97,0.11,0.09,,100201,120001,140001,1.8670828771938375e-12
0,0.4,0.5,0.0,raw,mixed_context,0.48,0.455,0.5756,0.4695,0.97,0.64,0.7,,100201,120001,140001,1.8670828771938375e-12
0,0.4,0.5,0.0,activity_normalized,single_intensity,0.54,0.525,0.5108,0.5108,0.97,0.31,0.23,,100201,120001,140001,1.8670828771938375e-12
0,0.4,0.5,0.0,activity_normalized,mixed_global,0.53,0.515,0.5108,0.5108,0.97,0.28,0.22,,100201,120001,140001,1.8670828771938375e-12
0,0.4,0.5,0.0,activity_normalized,mixed_context,0.485,0.475,0.5108,0.4896,0.97,0.11,0.13,,100201,120001,140001,1.8670828771938375e-12
0,0.4,0.5,0.0,counterfactual_fraction,single_intensity,0.5,0.485,0.5,0.5,0.97,0.0,0.0,,100201,120001,140001,1.8670828771938375e-12
0,0.4,0.5,0.0,counterfactual_fraction,mixed_global,0.5,0.485,0.5,0.5,0.97,0.0,0.0,,100201,120001,140001,1.8670828771938375e-12
0,0.4,0.5,0.0,counterfactual_fraction,mixed_context,0.57,0.555,0.5,0.57,0.97,0.75,0.61,,100201,120001,140001,1.8670828771938375e-12
0,0.4,0.5,1.0,raw,single_intensity,0.565,0.545,0.6186,0.6186,0.97,0.8,0.68,,100201,120001,140001,1.8670828771938375e-12
0,0.4,0.5,1.0,raw,mixed_global,0.58,0.555,0.6186,0.6186,0.97,0.46,0.32,,100201,120001,140001,1.8670828771938375e-12
0,0.4,0.5,1.0,raw,mixed_context,0.595,0.575,0.6186,0.6307,0.97,0.72,0.54,,100201,120001,140001,1.8670828771938375e-12
0,0.4,0.5,1.0,activity_normalized,single_intensity,0.545,0.53,0.5945,0.5945,0.97,0.15,0.06,,100201,120001,140001,1.8670828771938375e-12
0,0.4,0.5,1.0,activity_normalized,mixed_global,0.535,0.52,0.5945,0.5945,0.97,0.13,0.06,,100201,120001,140001,1.8670828771938375e-12
0,0.4,0.5,1.0,activity_normalized,mixed_context,0.58,0.56,0.5945,0.6117,0.97,0.53,0.38,,100201,120001,140001,1.8670828771938375e-12
0,0.4,0.5,1.0,counterfactual_fraction,single_intensity,0.565,0.55,0.605,0.605,0.97,0.29,0.16,,100201,120001,140001,1.8670828771938375e-12
0,0.4,0.5,1.0,counterfactual_fraction,mixed_global,0.55,0.535,0.605,0.605,0.97,0.49,0.39,,100201,120001,140001,1.8670828771938375e-12
0,0.4,0.5,1.0,counterfactual_fraction,mixed_context,0.56,0.545,0.605,0.6164,0.97,0.4,0.28,,100201,120001,140001,1.8670828771938375e-12
0,0.4,1.0,0.0,raw,single_intensity,0.545,0.545,0.57,0.57,1.0,0.4,0.31,,100201,120001,140001,4.032080225258028e-12
0,0.4,1.0,0.0,raw,mixed_global,0.5,0.5,0.57,0.57,1.0,0.0,0.0,,100201,120001,140001,4.032080225258028e-12
0,0.4,1.0,0.0,raw,mixed_context,0.525,0.525,0.57,0.57,1.0,0.26,0.21,,100201,120001,140001,4.032080225258028e-12
0,0.4,1.0,0.0,activity_normalized,single_intensity,0.48,0.48,0.4963,0.4963,1.0,0.39,0.43,,100201,120001,140001,4.032080225258028e-12
0,0.4,1.0,0.0,activity_normalized,mixed_global,0.505,0.505,0.4963,0.4963,1.0,0.31,0.3,,100201,120001,140001,4.032080225258028e-12
0,0.4,1.0,0.0,activity_normalized,mixed_context,0.505,0.505,0.4963,0.4963,1.0,0.31,0.3,,100201,120001,140001,4.032080225258028e-12
0,0.4,1.0,0.0,counterfactual_fraction,single_intensity,0.5,0.5,0.5,0.5,1.0,0.0,0.0,,100201,120001,140001,4.032080225258028e-12
0,0.4,1.0,0.0,counterfactual_fraction,mixed_global,0.5,0.5,0.5,0.5,1.0,0.0,0.0,,100201,120001,140001,4.032080225258028e-12
0,0.4,1.0,0.0,counterfactual_fraction,mixed_context,0.5,0.5,0.5,0.5,1.0,0.0,0.0,,100201,120001,140001,4.032080225258028e-12
0,0.4,1.0,1.0,raw,single_intensity,0.62,0.62,0.6749,0.6749,1.0,0.58,0.34,,100201,120001,140001,4.032080225258028e-12
0,0.4,1.0,1.0,raw,mixed_global,0.56,0.56,0.6749,0.6749,1.0,0.13,0.01,,100201,120001,140001,4.032080225258028e-12
0,0.4,1.0,1.0,raw,mixed_context,0.575,0.575,0.6749,0.6749,1.0,0.18,0.03,,100201,120001,140001,4.032080225258028e-12
0,0.4,1.0,1.0,activity_normalized,single_intensity,0.61,0.61,0.6713,0.6713,1.0,0.47,0.25,,100201,120001,140001,4.032080225258028e-12
0,0.4,1.0,1.0,activity_normalized,mixed_global,0.595,0.595,0.6713,0.6713,1.0,0.44,0.25,,100201,120001,140001,4.032080225258028e-12
0,0.4,1.0,1.0,activity_normalized,mixed_context,0.605,0.605,0.6713,0.6713,1.0,0.46,0.25,,100201,120001,140001,4.032080225258028e-12
0,0.4,1.0,1.0,counterfactual_fraction,single_intensity,0.66,0.66,0.6909,0.6909,1.0,0.77,0.45,,100201,120001,140001,4.032080225258028e-12
0,0.4,1.0,1.0,counterfactual_fraction,mixed_global,0.57,0.57,0.6909,0.6909,1.0,0.88,0.74,,100201,120001,140001,4.032080225258028e-12
0,0.4,1.0,1.0,counterfactual_fraction,mixed_context,0.64,0.64,0.6909,0.6909,1.0,0.59,0.31,,100201,120001,140001,4.032080225258028e-12
1,0.1,0.0,0.0,raw,single_intensity,,,,,0.06,,,0.06,101200,120100,140100,0.0
1,0.1,0.0,0.0,raw,mixed_global,,,,,0.06,,,0.06,101200,120100,140100,0.0
1,0.1,0.0,0.0,raw,mixed_context,,,,,0.06,,,0.06,101200,120100,140100,0.0
1,0.1,0.0,0.0,activity_normalized,single_intensity,,,,,0.06,,,0.06,101200,120100,140100,0.0
1,0.1,0.0,0.0,activity_normalized,mixed_global,,,,,0.06,,,0.06,101200,120100,140100,0.0
1,0.1,0.0,0.0,activity_normalized,mixed_context,,,,,0.06,,,0.06,101200,120100,140100,0.0
1,0.1,0.0,0.0,counterfactual_fraction,single_intensity,,,,,0.06,,,0.0,101200,120100,140100,0.0
1,0.1,0.0,0.0,counterfactual_fraction,mixed_global,,,,,0.06,,,0.0,101200,120100,140100,0.0
1,0.1,0.0,0.0,counterfactual_fraction,mixed_context,,,,,0.06,,,0.06,101200,120100,140100,0.0
1,0.1,0.0,1.0,raw,single_intensity,,,,,0.06,,,0.06,101200,120100,140100,0.0
1,0.1,0.0,1.0,raw,mixed_global,,,,,0.06,,,0.06,101200,120100,140100,0.0
1,0.1,0.0,1.0,raw,mixed_context,,,,,0.06,,,0.06,101200,120100,140100,0.0
1,0.1,0.0,1.0,activity_normalized,single_intensity,,,,,0.06,,,0.06,101200,120100,140100,0.0
1,0.1,0.0,1.0,activity_normalized,mixed_global,,,,,0.06,,,0.06,101200,120100,140100,0.0
1,0.1,0.0,1.0,activity_normalized,mixed_context,,,,,0.06,,,0.06,101200,120100,140100,0.0
1,0.1,0.0,1.0,counterfactual_fraction,single_intensity,,,,,0.06,,,0.0,101200,120100,140100,0.0
1,0.1,0.0,1.0,counterfactual_fraction,mixed_global,,,,,0.06,,,0.0,101200,120100,140100,0.0
1,0.1,0.0,1.0,counterfactual_fraction,mixed_context,,,,,0.06,,,0.0,101200,120100,140100,0.0
1,0.1,0.1,0.0,raw,single_intensity,0.5,0.415,0.495,0.495,0.835,0.83,0.84,,101200,120100,140100,1.4198813294823837e-17
1,0.1,0.1,0.0,raw,mixed_global,0.5,0.415,0.495,0.495,0.835,0.83,0.84,,101200,120100,140100,1.4198813294823837e-17
1,0.1,0.1,0.0,raw,mixed_context,0.495,0.41,0.495,0.495,0.835,0.82,0.84,,101200,120100,140100,1.4198813294823837e-17
1,0.1,0.1,0.0,activity_normalized,single_intensity,0.495,0.41,0.495,0.495,0.835,0.82,0.84,,101200,120100,140100,1.4198813294823837e-17
1,0.1,0.1,0.0,activity_normalized,mixed_global,0.495,0.41,0.495,0.495,0.835,0.82,0.84,,101200,120100,140100,1.4198813294823837e-17
1,0.1,0.1,0.0,activity_normalized,mixed_context,0.495,0.41,0.495,0.495,0.835,0.82,0.84,,101200,120100,140100,1.4198813294823837e-17
1,0.1,0.1,0.0,counterfactual_fraction,single_intensity,0.5,0.42,0.5,0.5,0.835,0.0,0.0,,101200,120100,140100,1.4198813294823837e-17
1,0.1,0.1,0.0,counterfactual_fraction,mixed_global,0.5,0.42,0.5,0.5,0.835,0.0,0.0,,101200,120100,140100,1.4198813294823837e-17
1,0.1,0.1,0.0,counterfactual_fraction,mixed_context,0.5,0.415,0.5,0.5,0.835,0.83,0.84,,101200,120100,140100,1.4198813294823837e-17
1,0.1,0.1,1.0,raw,single_intensity,0.5,0.415,0.495,0.495,0.835,0.83,0.84,,101200,120100,140100,1.4198813294823837e-17
1,0.1,0.1,1.0,raw,mixed_global,0.5,0.415,0.495,0.495,0.835,0.83,0.84,,101200,120100,140100,1.4198813294823837e-17
1,0.1,0.1,1.0,raw,mixed_context,0.5,0.415,0.495,0.495,0.835,0.83,0.84,,101200,120100,140100,1.4198813294823837e-17
1,0.1,0.1,1.0,activity_normalized,single_intensity,0.5,0.415,0.495,0.495,0.835,0.83,0.84,,101200,120100,140100,1.4198813294823837e-17
1,0.1,0.1,1.0,activity_normalized,mixed_global,0.5,0.415,0.495,0.495,0.835,0.83,0.84,,101200,120100,140100,1.4198813294823837e-17
1,0.1,0.1,1.0,activity_normalized,mixed_context,0.5,0.415,0.495,0.495,0.835,0.83,0.84,,101200,120100,140100,1.4198813294823837e-17
1,0.1,0.1,1.0,counterfactual_fraction,single_intensity,0.505,0.425,0.505,0.505,0.835,0.01,0.0,,101200,120100,140100,1.4198813294823837e-17
1,0.1,0.1,1.0,counterfactual_fraction,mixed_global,0.505,0.425,0.505,0.505,0.835,0.01,0.0,,101200,120100,140100,1.4198813294823837e-17
1,0.1,0.1,1.0,counterfactual_fraction,mixed_context,0.505,0.425,0.505,0.505,0.835,0.01,0.0,,101200,120100,140100,1.4198813294823837e-17
1,0.1,0.25,0.0,raw,single_intensity,0.5,0.5,0.5069,0.5069,1.0,1.0,1.0,,101200,120100,140100,4.106578358614721e-15
1,0.1,0.25,0.0,raw,mixed_global,0.5,0.5,0.5069,0.5069,1.0,1.0,1.0,,101200,120100,140100,4.106578358614721e-15
1,0.1,0.25,0.0,raw,mixed_context,0.505,0.505,0.5069,0.5145,1.0,0.39,0.38,,101200,120100,140100,4.106578358614721e-15
1,0.1,0.25,0.0,activity_normalized,single_intensity,0.495,0.495,0.50675,0.50675,1.0,0.74,0.75,,101200,120100,140100,4.106578358614721e-15
1,0.1,0.25,0.0,activity_normalized,mixed_global,0.495,0.495,0.50675,0.50675,1.0,0.74,0.75,,101200,120100,140100,4.106578358614721e-15
1,0.1,0.25,0.0,activity_normalized,mixed_context,0.525,0.525,0.50675,0.5205,1.0,0.72,0.67,,101200,120100,140100,4.106578358614721e-15
1,0.1,0.25,0.0,counterfactual_fraction,single_intensity,0.5,0.5,0.5,0.5,1.0,0.0,0.0,,101200,120100,140100,4.106578358614721e-15
1,0.1,0.25,0.0,counterfactual_fraction,mixed_global,0.5,0.5,0.5,0.5,1.0,0.0,0.0,,101200,120100,140100,4.106578358614721e-15
1,0.1,0.25,0.0,counterfactual_fraction,mixed_context,0.535,0.535,0.5,0.535,1.0,0.37,0.3,,101200,120100,140100,4.106578358614721e-15
1,0.1,0.25,1.0,raw,single_intensity,0.5,0.5,0.5257,0.5257,1.0,1.0,1.0,,101200,120100,140100,4.106578358614721e-15
1,0.1,0.25,1.0,raw,mixed_global,0.5,0.5,0.5257,0.5257,1.0,1.0,1.0,,101200,120100,140100,4.106578358614721e-15
1,0.1,0.25,1.0,raw,mixed_context,0.505,0.505,0.5257,0.4813,1.0,0.99,0.98,,101200,120100,140100,4.106578358614721e-15
1,0.1,0.25,1.0,activity_normalized,single_intensity,0.505,0.505,0.54645,0.54225,1.0,0.99,0.98,,101200,120100,140100,4.106578358614721e-15
1,0.1,0.25,1.0,activity_normalized,mixed_global,0.5,0.5,0.54645,0.54225,1.0,0.98,0.98,,101200,120100,140100,4.106578358614721e-15
1,0.1,0.25,1.0,activity_normalized,mixed_context,0.505,0.505,0.54645,0.488,1.0,0.98,0.97,,101200,120100,140100,4.106578358614721e-15
1,0.1,0.25,1.0,counterfactual_fraction,single_intensity,0.49,0.49,0.5209,0.5209,1.0,0.7,0.72,,101200,120100,140100,4.106578358614721e-15
1,0.1,0.25,1.0,counterfactual_fraction,mixed_global,0.495,0.495,0.5209,0.5209,1.0,0.7,0.71,,101200,120100,140100,4.106578358614721e-15
1,0.1,0.25,1.0,counterfactual_fraction,mixed_context,0.495,0.495,0.5209,0.5273,1.0,0.7,0.71,,101200,120100,140100,4.106578358614721e-15
1,0.1,0.5,0.0,raw,single_intensity,0.5,0.5,0.485,0.485,1.0,1.0,1.0,,101200,120100,140100,8.915177623913806e-14
1,0.1,0.5,0.0,raw,mixed_global,0.5,0.5,0.485,0.485,1.0,1.0,1.0,,101200,120100,140100,8.915177623913806e-14
1,0.1,0.5,0.0,raw,mixed_context,0.465,0.465,0.485,0.4339,1.0,0.29,0.36,,101200,120100,140100,8.915177623913806e-14
1,0.1,0.5,0.0,activity_normalized,single_intensity,0.46,0.46,0.287,0.287,1.0,0.05,0.13,,101200,120100,140100,8.915177623913806e-14
1,0.1,0.5,0.0,activity_normalized,mixed_global,0.46,0.46,0.287,0.287,1.0,0.05,0.13,,101200,120100,140100,8.915177623913806e-14
1,0.1,0.5,0.0,activity_normalized,mixed_context,0.485,0.485,0.287,0.2956,1.0,0.02,0.05,,101200,120100,140100,8.915177623913806e-14
1,0.1,0.5,0.0,counterfactual_fraction,single_intensity,0.5,0.5,0.5,0.5,1.0,0.0,0.0,,101200,120100,140100,8.915177623913806e-14
1,0.1,0.5,0.0,counterfactual_fraction,mixed_global,0.5,0.5,0.5,0.5,1.0,0.0,0.0,,101200,120100,140100,8.915177623913806e-14
1,0.1,0.5,0.0,counterfactual_fraction,mixed_context,0.465,0.465,0.5,0.465,1.0,0.29,0.36,,101200,120100,140100,8.915177623913806e-14
1,0.1,0.5,1.0,raw,single_intensity,0.5,0.5,0.9555,0.9555,1.0,1.0,1.0,,101200,120100,140100,8.915177623913806e-14
1,0.1,0.5,1.0,raw,mixed_global,0.5,0.5,0.9555,0.9555,1.0,1.0,1.0,,101200,120100,140100,8.915177623913806e-14
1,0.1,0.5,1.0,raw,mixed_context,0.77,0.77,0.9555,0.7206,1.0,0.97,0.43,,101200,120100,140100,8.915177623913806e-14
1,0.1,0.5,1.0,activity_normalized,single_intensity,0.7,0.7,0.9589,0.9589,1.0,1.0,0.6,,101200,120100,140100,8.915177623913806e-14
1,0.1,0.5,1.0,activity_normalized,mixed_global,0.835,0.835,0.9589,0.9589,1.0,1.0,0.33,,101200,120100,140100,8.915177623913806e-14
1,0.1,0.5,1.0,activity_normalized,mixed_context,0.895,0.895,0.9589,0.912,1.0,0.97,0.18,,101200,120100,140100,8.915177623913806e-14
1,0.1,0.5,1.0,counterfactual_fraction,single_intensity,0.675,0.675,0.9601,0.9601,1.0,1.0,0.65,,101200,120100,140100,8.915177623913806e-14
1,0.1,0.5,1.0,counterfactual_fraction,mixed_global,0.82,0.82,0.9601,0.9601,1.0,1.0,0.36,,101200,120100,140100,8.915177623913806e-14
1,0.1,0.5,1.0,counterfactual_fraction,mixed_context,0.895,0.895,0.9601,0.8996,1.0,0.97,0.18,,101200,120100,140100,8.915177623913806e-14
1,0.1,1.0,0.0,raw,single_intensity,0.95,0.95,0.9937,0.9937,1.0,0.93,0.03,,101200,120100,140100,7.74429131933374e-13
1,0.1,1.0,0.0,raw,mixed_global,0.94,0.94,0.9937,0.9937,1.0,0.96,0.08,,101200,120100,140100,7.74429131933374e-13
1,0.1,1.0,0.0,raw,mixed_context,0.94,0.94,0.9937,0.9937,1.0,0.96,0.08,,101200,120100,140100,7.74429131933374e-13
1,0.1,1.0,0.0,activity_normalized,single_intensity,0.945,0.945,0.9876,0.9876,1.0,0.91,0.02,,101200,120100,140100,7.74429131933374e-13
1,0.1,1.0,0.0,activity_normalized,mixed_global,0.945,0.945,0.9876,0.9876,1.0,0.92,0.03,,101200,120100,140100,7.74429131933374e-13
1,0.1,1.0,0.0,activity_normalized,mixed_context,0.945,0.945,0.9876,0.9876,1.0,0.92,0.03,,101200,120100,140100,7.74429131933374e-13
1,0.1,1.0,0.0,counterfactual_fraction,single_intensity,0.5,0.5,0.5,0.5,1.0,0.0,0.0,,101200,120100,140100,7.74429131933374e-13
1,0.1,1.0,0.0,counterfactual_fraction,mixed_global,0.5,0.5,0.5,0.5,1.0,0.0,0.0,,101200,120100,140100,7.74429131933374e-13
1,0.1,1.0,0.0,counterfactual_fraction,mixed_context,0.5,0.5,0.5,0.5,1.0,1.0,1.0,,101200,120100,140100,7.74429131933374e-13
1,0.1,1.0,1.0,raw,single_intensity,1.0,1.0,1.0,1.0,1.0,1.0,0.0,,101200,120100,140100,7.74429131933374e-13
1,0.1,1.0,1.0,raw,mixed_global,1.0,1.0,1.0,1.0,1.0,1.0,0.0,,101200,120100,140100,7.74429131933374e-13
1,0.1,1.0,1.0,raw,mixed_context,1.0,1.0,1.0,1.0,1.0,1.0,0.0,,101200,120100,140100,7.74429131933374e-13
1,0.1,1.0,1.0,activity_normalized,single_intensity,1.0,1.0,1.0,1.0,1.0,1.0,0.0,,101200,120100,140100,7.74429131933374e-13
1,0.1,1.0,1.0,activity_normalized,mixed_global,0.955,0.955,1.0,1.0,1.0,0.91,0.0,,101200,120100,140100,7.74429131933374e-13
1,0.1,1.0,1.0,activity_normalized,mixed_context,0.955,0.955,1.0,1.0,1.0,0.91,0.0,,101200,120100,140100,7.74429131933374e-13
1,0.1,1.0,1.0,counterfactual_fraction,single_intensity,1.0,1.0,1.0,1.0,1.0,1.0,0.0,,101200,120100,140100,7.74429131933374e-13
1,0.1,1.0,1.0,counterfactual_fraction,mixed_global,0.955,0.955,1.0,1.0,1.0,0.91,0.0,,101200,120100,140100,7.74429131933374e-13
1,0.1,1.0,1.0,counterfactual_fraction,mixed_context,0.995,0.995,1.0,1.0,1.0,0.99,0.0,,101200,120100,140100,7.74429131933374e-13
1,0.4,0.0,0.0,raw,single_intensity,,,,,0.03,,,0.03,101201,120101,140101,5.10778919160515e-13
1,0.4,0.0,0.0,raw,mixed_global,,,,,0.03,,,0.03,101201,120101,140101,5.10778919160515e-13
1,0.4,0.0,0.0,raw,mixed_context,,,,,0.03,,,0.03,101201,120101,140101,5.10778919160515e-13
1,0.4,0.0,0.0,activity_normalized,single_intensity,,,,,0.03,,,0.015,101201,120101,140101,5.10778919160515e-13
1,0.4,0.0,0.0,activity_normalized,mixed_global,,,,,0.03,,,0.005,101201,120101,140101,5.10778919160515e-13
1,0.4,0.0,0.0,activity_normalized,mixed_context,,,,,0.03,,,0.005,101201,120101,140101,5.10778919160515e-13
1,0.4,0.0,0.0,counterfactual_fraction,single_intensity,,,,,0.03,,,0.0,101201,120101,140101,5.10778919160515e-13
1,0.4,0.0,0.0,counterfactual_fraction,mixed_global,,,,,0.03,,,0.0,101201,120101,140101,5.10778919160515e-13
1,0.4,0.0,0.0,counterfactual_fraction,mixed_context,,,,,0.03,,,0.03,101201,120101,140101,5.10778919160515e-13
1,0.4,0.0,1.0,raw,single_intensity,,,,,0.03,,,0.0,101201,120101,140101,5.10778919160515e-13
1,0.4,0.0,1.0,raw,mixed_global,,,,,0.03,,,0.025,101201,120101,140101,5.10778919160515e-13
1,0.4,0.0,1.0,raw,mixed_context,,,,,0.03,,,0.025,101201,120101,140101,5.10778919160515e-13
1,0.4,0.0,1.0,activity_normalized,single_intensity,,,,,0.03,,,0.0,101201,120101,140101,5.10778919160515e-13
1,0.4,0.0,1.0,activity_normalized,mixed_global,,,,,0.03,,,0.0,101201,120101,140101,5.10778919160515e-13
1,0.4,0.0,1.0,activity_normalized,mixed_context,,,,,0.03,,,0.01,101201,120101,140101,5.10778919160515e-13
1,0.4,0.0,1.0,counterfactual_fraction,single_intensity,,,,,0.03,,,0.0,101201,120101,140101,5.10778919160515e-13
1,0.4,0.0,1.0,counterfactual_fraction,mixed_global,,,,,0.03,,,0.0,101201,120101,140101,5.10778919160515e-13
1,0.4,0.0,1.0,counterfactual_fraction,mixed_context,,,,,0.03,,,0.015,101201,120101,140101,5.10778919160515e-13
1,0.4,0.1,0.0,raw,single_intensity,0.495,0.065,0.4824,0.4824,0.14,0.13,0.14,,101201,120101,140101,4.392944341624627e-13
1,0.4,0.1,0.0,raw,mixed_global,0.505,0.07,0.4824,0.4824,0.14,0.11,0.11,,101201,120101,140101,4.392944341624627e-13
1,0.4,0.1,0.0,raw,mixed_context,0.49,0.065,0.4824,0.4831,0.14,0.12,0.13,,101201,120101,140101,4.392944341624627e-13
1,0.4,0.1,0.0,activity_normalized,single_intensity,0.5,0.06,0.5376,0.5376,0.14,0.06,0.08,,101201,120101,140101,4.392944341624627e-13
1,0.4,0.1,0.0,activity_normalized,mixed_global,0.525,0.075,0.5376,0.5376,0.14,0.05,0.04,,101201,120101,140101,4.392944341624627e-13
1,0.4,0.1,0.0,activity_normalized,mixed_context,0.505,0.08,0.5376,0.5328,0.14,0.06,0.04,,101201,120101,140101,4.392944341624627e-13
1,0.4,0.1,0.0,counterfactual_fraction,single_intensity,0.5,0.07,0.5,0.5,0.14,0.0,0.0,,101201,120101,140101,4.392944341624627e-13
1,0.4,0.1,0.0,counterfactual_fraction,mixed_global,0.5,0.07,0.5,0.5,0.14,0.0,0.0,,101201,120101,140101,4.392944341624627e-13
1,0.4,0.1,0.0,counterfactual_fraction,mixed_context,0.5,0.07,0.5,0.5,0.14,0.14,0.14,,101201,120101,140101,4.392944341624627e-13
1,0.4,0.1,1.0,raw,single_intensity,0.505,0.08,0.4812,0.4812,0.14,0.07,0.05,,101201,120101,140101,4.392944341624627e-13
1,0.4,0.1,1.0,raw,mixed_global,0.515,0.08,0.4812,0.4812,0.14,0.12,0.1,,101201,120101,140101,4.392944341624627e-13
1,0.4,0.1,1.0,raw,mixed_context,0.48,0.08,0.4812,0.4828,0.14,0.12,0.1,,101201,120101,140101,4.392944341624627e-13
1,0.4,0.1,1.0,activity_normalized,single_intensity,0.515,0.07,0.5231,0.5231,0.14,0.0,0.0,,101201,120101,140101,4.392944341624627e-13
1,0.4,0.1,1.0,activity_normalized,mixed_global,0.52,0.075,0.5231,0.5231,0.14,0.01,0.0,,101201,120101,140101,4.392944341624627e-13
1,0.4,0.1,1.0,activity_normalized,mixed_context,0.525,0.08,0.5231,0.5188,0.14,0.08,0.06,,101201,120101,140101,4.392944341624627e-13
1,0.4,0.1,1.0,counterfactual_fraction,single_intensity,0.495,0.07,0.4825,0.4825,0.14,0.0,0.0,,101201,120101,140101,4.392944341624627e-13
1,0.4,0.1,1.0,counterfactual_fraction,mixed_global,0.505,0.07,0.4825,0.4825,0.14,0.0,0.0,,101201,120101,140101,4.392944341624627e-13
1,0.4,0.1,1.0,counterfactual_fraction,mixed_context,0.505,0.075,0.4825,0.4787,0.14,0.11,0.1,,101201,120101,140101,4.392944341624627e-13
1,0.4,0.25,0.0,raw,single_intensity,0.51,0.215,0.4662,0.4662,0.43,0.4,0.41,,101201,120101,140101,6.102271465913134e-13
1,0.4,0.25,0.0,raw,mixed_global,0.495,0.215,0.4662,0.4662,0.43,0.31,0.32,,101201,120101,140101,6.102271465913134e-13
1,0.4,0.25,0.0,raw,mixed_context,0.515,0.21,0.4662,0.4929,0.43,0.35,0.37,,101201,120101,140101,6.102271465913134e-13
1,0.4,0.25,0.0,activity_normalized,single_intensity,0.535,0.23,0.5646,0.5646,0.43,0.23,0.21,,101201,120101,140101,6.102271465913134e-13
1,0.4,0.25,0.0,activity_normalized,mixed_global,0.545,0.245,0.5646,0.5646,0.43,0.2,0.15,,101201,120101,140101,6.102271465913134e-13
1,0.4,0.25,0.0,activity_normalized,mixed_context,0.53,0.245,0.5646,0.5498,0.43,0.2,0.15,,101201,120101,140101,6.102271465913134e-13
1,0.4,0.25,0.0,counterfactual_fraction,single_intensity,0.5,0.22,0.5,0.5,0.43,0.0,0.0,,101201,120101,140101,6.102271465913134e-13
1,0.4,0.25,0.0,counterfactual_fraction,mixed_global,0.5,0.22,0.5,0.5,0.43,0.0,0.0,,101201,120101,140101,6.102271465913134e-13
1,0.4,0.25,0.0,counterfactual_fraction,mixed_context,0.5,0.21,0.5,0.5,0.43,0.42,0.44,,101201,120101,140101,6.102271465913134e-13
1,0.4,0.25,1.0,raw,single_intensity,0.51,0.22,0.4785,0.4785,0.43,0.25,0.25,,101201,120101,140101,6.102271465913134e-13
1,0.4,0.25,1.0,raw,mixed_global,0.51,0.225,0.4785,0.4785,0.43,0.36,0.35,,101201,120101,140101,6.102271465913134e-13
1,0.4,0.25,1.0,raw,mixed_context,0.495,0.225,0.4785,0.489,0.43,0.36,0.35,,101201,120101,140101,6.102271465913134e-13
1,0.4,0.25,1.0,activity_normalized,single_intensity,0.52,0.235,0.5388,0.5388,0.43,0.03,0.0,,101201,120101,140101,6.102271465913134e-13
1,0.4,0.25,1.0,activity_normalized,mixed_global,0.525,0.235,0.5388,0.5388,0.43,0.03,0.0,,101201,120101,140101,6.102271465913134e-13
1,0.4,0.25,1.0,activity_normalized,mixed_context,0.53,0.235,0.5388,0.5243,0.43,0.32,0.29,,101201,120101,140101,6.102271465913134e-13
1,0.4,0.25,1.0,counterfactual_fraction,single_intensity,0.51,0.23,0.493,0.493,0.43,0.02,0.0,,101201,120101,140101,6.102271465913134e-13
1,0.4,0.25,1.0,counterfactual_fraction,mixed_global,0.51,0.235,0.493,0.493,0.43,0.03,0.0,,101201,120101,140101,6.102271465913134e-13
1,0.4,0.25,1.0,counterfactual_fraction,mixed_context,0.495,0.21,0.493,0.4873,0.43,0.37,0.39,,101201,120101,140101,6.102271465913134e-13
1,0.4,0.5,0.0,raw,single_intensity,0.475,0.46,0.4376,0.4376,0.96,0.71,0.74,,101201,120101,140101,1.2410593386302793e-12
1,0.4,0.5,0.0,raw,mixed_global,0.445,0.425,0.4376,0.4376,0.96,0.43,0.53,,101201,120101,140101,1.2410593386302793e-12
1,0.4,0.5,0.0,raw,mixed_context,0.43,0.42,0.4376,0.4429,0.96,0.47,0.58,,101201,120101,140101,1.2410593386302793e-12
1,0.4,0.5,0.0,activity_normalized,single_intensity,0.595,0.565,0.613,0.613,0.96,0.6,0.42,,101201,120101,140101,1.2410593386302793e-12
1,0.4,0.5,0.0,activity_normalized,mixed_global,0.59,0.555,0.613,0.613,0.96,0.44,0.28,,101201,120101,140101,1.2410593386302793e-12
1,0.4,0.5,0.0,activity_normalized,mixed_context,0.595,0.57,0.613,0.6025,0.96,0.54,0.35,,101201,120101,140101,1.2410593386302793e-12
1,0.4,0.5,0.0,counterfactual_fraction,single_intensity,0.5,0.475,0.5,0.5,0.96,0.0,0.0,,101201,120101,140101,1.2410593386302793e-12
1,0.4,0.5,0.0,counterfactual_fraction,mixed_global,0.5,0.475,0.5,0.5,0.96,0.0,0.0,,101201,120101,140101,1.2410593386302793e-12
1,0.4,0.5,0.0,counterfactual_fraction,mixed_context,0.5,0.485,0.5,0.5,0.96,0.97,0.95,,101201,120101,140101,1.2410593386302793e-12
1,0.4,0.5,1.0,raw,single_intensity,0.52,0.505,0.4893,0.4893,0.96,0.71,0.65,,101201,120101,140101,1.2410593386302793e-12
1,0.4,0.5,1.0,raw,mixed_global,0.525,0.51,0.4893,0.4893,0.96,0.87,0.8,,101201,120101,140101,1.2410593386302793e-12
1,0.4,0.5,1.0,raw,mixed_context,0.5,0.495,0.4893,0.491,0.96,0.87,0.83,,101201,120101,140101,1.2410593386302793e-12
1,0.4,0.5,1.0,activity_normalized,single_intensity,0.535,0.505,0.5771,0.5771,0.96,0.18,0.12,,101201,120101,140101,1.2410593386302793e-12
1,0.4,0.5,1.0,activity_normalized,mixed_global,0.545,0.515,0.5771,0.5771,0.96,0.22,0.14,,101201,120101,140101,1.2410593386302793e-12
1,0.4,0.5,1.0,activity_normalized,mixed_context,0.54,0.52,0.5771,0.5537,0.96,0.72,0.63,,101201,120101,140101,1.2410593386302793e-12
1,0.4,0.5,1.0,counterfactual_fraction,single_intensity,0.515,0.485,0.5263,0.5263,0.96,0.08,0.06,,101201,120101,140101,1.2410593386302793e-12
1,0.4,0.5,1.0,counterfactual_fraction,mixed_global,0.55,0.52,0.5263,0.5263,0.96,0.2,0.11,,101201,120101,140101,1.2410593386302793e-12
1,0.4,0.5,1.0,counterfactual_fraction,mixed_context,0.545,0.525,0.5263,0.5252,0.96,0.76,0.66,,101201,120101,140101,1.2410593386302793e-12
1,0.4,1.0,0.0,raw,single_intensity,0.495,0.495,0.381,0.381,1.0,0.0,0.01,,101201,120101,140101,3.0655408767010783e-12
1,0.4,1.0,0.0,raw,mixed_global,0.5,0.5,0.381,0.381,1.0,0.0,0.0,,101201,120101,140101,3.0655408767010783e-12
1,0.4,1.0,0.0,raw,mixed_context,0.5,0.5,0.381,0.381,1.0,0.0,0.0,,101201,120101,140101,3.0655408767010783e-12
1,0.4,1.0,0.0,activity_normalized,single_intensity,0.65,0.65,0.7117,0.7117,1.0,0.6,0.3,,101201,120101,140101,3.0655408767010783e-12
1,0.4,1.0,0.0,activity_normalized,mixed_global,0.635,0.635,0.7117,0.7117,1.0,0.37,0.1,,101201,120101,140101,3.0655408767010783e-12
1,0.4,1.0,0.0,activity_normalized,mixed_context,0.65,0.65,0.7117,0.7117,1.0,0.76,0.46,,101201,120101,140101,3.0655408767010783e-12
1,0.4,1.0,0.0,counterfactual_fraction,single_intensity,0.5,0.5,0.5,0.5,1.0,0.0,0.0,,101201,120101,140101,3.0655408767010783e-12
1,0.4,1.0,0.0,counterfactual_fraction,mixed_global,0.5,0.5,0.5,0.5,1.0,0.0,0.0,,101201,120101,140101,3.0655408767010783e-12
1,0.4,1.0,0.0,counterfactual_fraction,mixed_context,0.5,0.5,0.5,0.5,1.0,1.0,1.0,,101201,120101,140101,3.0655408767010783e-12
1,0.4,1.0,1.0,raw,single_intensity,0.515,0.515,0.552,0.552,1.0,0.38,0.35,,101201,120101,140101,3.0655408767010783e-12
1,0.4,1.0,1.0,raw,mixed_global,0.555,0.555,0.552,0.552,1.0,0.86,0.75,,101201,120101,140101,3.0655408767010783e-12
1,0.4,1.0,1.0,raw,mixed_context,0.55,0.55,0.552,0.552,1.0,0.86,0.76,,101201,120101,140101,3.0655408767010783e-12
1,0.4,1.0,1.0,activity_normalized,single_intensity,0.66,0.66,0.7153,0.7153,1.0,0.64,0.32,,101201,120101,140101,3.0655408767010783e-12
1,0.4,1.0,1.0,activity_normalized,mixed_global,0.67,0.67,0.7153,0.7153,1.0,0.72,0.38,,101201,120101,140101,3.0655408767010783e-12
1,0.4,1.0,1.0,activity_normalized,mixed_context,0.67,0.67,0.7153,0.7153,1.0,0.74,0.4,,101201,120101,140101,3.0655408767010783e-12
1,0.4,1.0,1.0,counterfactual_fraction,single_intensity,0.585,0.585,0.6676,0.6676,1.0,0.31,0.14,,101201,120101,140101,3.0655408767010783e-12
1,0.4,1.0,1.0,counterfactual_fraction,mixed_global,0.65,0.65,0.6676,0.6676,1.0,0.72,0.42,,101201,120101,140101,3.0655408767010783e-12
1,0.4,1.0,1.0,counterfactual_fraction,mixed_context,0.64,0.64,0.6676,0.6676,1.0,0.7,0.42,,101201,120101,140101,3.0655408767010783e-12
2,0.1,0.0,0.0,raw,single_intensity,,,,,0.045,,,0.045,102200,120200,140200,2.4537697449009827e-17
2,0.1,0.0,0.0,raw,mixed_global,,,,,0.045,,,0.045,102200,120200,140200,2.4537697449009827e-17
2,0.1,0.0,0.0,raw,mixed_context,,,,,0.045,,,0.045,102200,120200,140200,2.4537697449009827e-17
2,0.1,0.0,0.0,activity_normalized,single_intensity,,,,,0.045,,,0.045,102200,120200,140200,2.4537697449009827e-17
2,0.1,0.0,0.0,activity_normalized,mixed_global,,,,,0.045,,,0.045,102200,120200,140200,2.4537697449009827e-17
2,0.1,0.0,0.0,activity_normalized,mixed_context,,,,,0.045,,,0.045,102200,120200,140200,2.4537697449009827e-17
2,0.1,0.0,0.0,counterfactual_fraction,single_intensity,,,,,0.045,,,0.0,102200,120200,140200,2.4537697449009827e-17
2,0.1,0.0,0.0,counterfactual_fraction,mixed_global,,,,,0.045,,,0.0,102200,120200,140200,2.4537697449009827e-17
2,0.1,0.0,0.0,counterfactual_fraction,mixed_context,,,,,0.045,,,0.045,102200,120200,140200,2.4537697449009827e-17
2,0.1,0.0,1.0,raw,single_intensity,,,,,0.045,,,0.045,102200,120200,140200,2.4537697449009827e-17
2,0.1,0.0,1.0,raw,mixed_global,,,,,0.045,,,0.045,102200,120200,140200,2.4537697449009827e-17
2,0.1,0.0,1.0,raw,mixed_context,,,,,0.045,,,0.045,102200,120200,140200,2.4537697449009827e-17
2,0.1,0.0,1.0,activity_normalized,single_intensity,,,,,0.045,,,0.045,102200,120200,140200,2.4537697449009827e-17
2,0.1,0.0,1.0,activity_normalized,mixed_global,,,,,0.045,,,0.045,102200,120200,140200,2.4537697449009827e-17
2,0.1,0.0,1.0,activity_normalized,mixed_context,,,,,0.045,,,0.045,102200,120200,140200,2.4537697449009827e-17
2,0.1,0.0,1.0,counterfactual_fraction,single_intensity,,,,,0.045,,,0.0,102200,120200,140200,2.4537697449009827e-17
2,0.1,0.0,1.0,counterfactual_fraction,mixed_global,,,,,0.045,,,0.0,102200,120200,140200,2.4537697449009827e-17
2,0.1,0.0,1.0,counterfactual_fraction,mixed_context,,,,,0.045,,,0.0,102200,120200,140200,2.4537697449009827e-17
2,0.1,0.1,0.0,raw,single_intensity,0.5,0.4,0.4898,0.4898,0.785,0.8,0.77,,102200,120200,140200,3.3824939377202767e-15
2,0.1,0.1,0.0,raw,mixed_global,0.5,0.4,0.4898,0.4898,0.785,0.8,0.77,,102200,120200,140200,3.3824939377202767e-15
2,0.1,0.1,0.0,raw,mixed_context,0.5,0.4,0.4898,0.4898,0.785,0.8,0.77,,102200,120200,140200,3.3824939377202767e-15
2,0.1,0.1,0.0,activity_normalized,single_intensity,0.5,0.4,0.4899,0.4899,0.785,0.77,0.74,,102200,120200,140200,3.3824939377202767e-15
2,0.1,0.1,0.0,activity_normalized,mixed_global,0.5,0.4,0.4899,0.4899,0.785,0.77,0.74,,102200,120200,140200,3.3824939377202767e-15
2,0.1,0.1,0.0,activity_normalized,mixed_context,0.5,0.4,0.4899,0.4899,0.785,0.77,0.74,,102200,120200,140200,3.3824939377202767e-15
2,0.1,0.1,0.0,counterfactual_fraction,single_intensity,0.5,0.385,0.5,0.5,0.785,0.0,0.0,,102200,120200,140200,3.3824939377202767e-15
2,0.1,0.1,0.0,counterfactual_fraction,mixed_global,0.5,0.385,0.5,0.5,0.785,0.0,0.0,,102200,120200,140200,3.3824939377202767e-15
2,0.1,0.1,0.0,counterfactual_fraction,mixed_context,0.5,0.4,0.5,0.5,0.785,0.8,0.77,,102200,120200,140200,3.3824939377202767e-15
2,0.1,0.1,1.0,raw,single_intensity,0.5,0.4,0.4903,0.4903,0.785,0.8,0.77,,102200,120200,140200,3.3824939377202767e-15
2,0.1,0.1,1.0,raw,mixed_global,0.5,0.4,0.4903,0.4903,0.785,0.8,0.77,,102200,120200,140200,3.3824939377202767e-15
2,0.1,0.1,1.0,raw,mixed_context,0.495,0.395,0.4903,0.4903,0.785,0.79,0.77,,102200,120200,140200,3.3824939377202767e-15
2,0.1,0.1,1.0,activity_normalized,single_intensity,0.5,0.4,0.49065,0.49065,0.785,0.8,0.77,,102200,120200,140200,3.3824939377202767e-15
2,0.1,0.1,1.0,activity_normalized,mixed_global,0.5,0.4,0.49065,0.49065,0.785,0.8,0.77,,102200,120200,140200,3.3824939377202767e-15
2,0.1,0.1,1.0,activity_normalized,mixed_context,0.495,0.395,0.49065,0.49065,0.785,0.79,0.77,,102200,120200,140200,3.3824939377202767e-15
2,0.1,0.1,1.0,counterfactual_fraction,single_intensity,0.51,0.395,0.5104,0.5104,0.785,0.06,0.04,,102200,120200,140200,3.3824939377202767e-15
2,0.1,0.1,1.0,counterfactual_fraction,mixed_global,0.505,0.39,0.5104,0.5104,0.785,0.05,0.04,,102200,120200,140200,3.3824939377202767e-15
2,0.1,0.1,1.0,counterfactual_fraction,mixed_context,0.505,0.39,0.5104,0.5104,0.785,0.05,0.04,,102200,120200,140200,3.3824939377202767e-15
2,0.1,0.25,0.0,raw,single_intensity,0.5,0.5,0.1602,0.1602,1.0,1.0,1.0,,102200,120200,140200,2.4640229093209065e-14
2,0.1,0.25,0.0,raw,mixed_global,0.5,0.5,0.1602,0.1602,1.0,1.0,1.0,,102200,120200,140200,2.4640229093209065e-14
2,0.1,0.25,0.0,raw,mixed_context,0.44,0.44,0.1602,0.2975,1.0,0.38,0.5,,102200,120200,140200,2.4640229093209065e-14
2,0.1,0.25,0.0,activity_normalized,single_intensity,0.57,0.57,0.49495,0.49495,1.0,0.84,0.7,,102200,120200,140200,2.4640229093209065e-14
2,0.1,0.25,0.0,activity_normalized,mixed_global,0.57,0.57,0.49495,0.49495,1.0,0.84,0.7,,102200,120200,140200,2.4640229093209065e-14
2,0.1,0.25,0.0,activity_normalized,mixed_context,0.555,0.555,0.49495,0.48705,1.0,0.74,0.63,,102200,120200,140200,2.4640229093209065e-14
2,0.1,0.25,0.0,counterfactual_fraction,single_intensity,0.5,0.5,0.5,0.5,1.0,0.0,0.0,,102200,120200,140200,2.4640229093209065e-14
2,0.1,0.25,0.0,counterfactual_fraction,mixed_global,0.5,0.5,0.5,0.5,1.0,0.0,0.0,,102200,120200,140200,2.4640229093209065e-14
2,0.1,0.25,0.0,counterfactual_fraction,mixed_context,0.48,0.48,0.5,0.48,1.0,0.4,0.44,,102200,120200,140200,2.4640229093209065e-14
2,0.1,0.25,1.0,raw,single_intensity,0.5,0.5,0.3905,0.3905,1.0,1.0,1.0,,102200,120200,140200,2.4640229093209065e-14
2,0.1,0.25,1.0,raw,mixed_global,0.5,0.5,0.3905,0.3905,1.0,1.0,1.0,,102200,120200,140200,2.4640229093209065e-14
2,0.1,0.25,1.0,raw,mixed_context,0.525,0.525,0.3905,0.4668,1.0,0.95,0.9,,102200,120200,140200,2.4640229093209065e-14
2,0.1,0.25,1.0,activity_normalized,single_intensity,0.535,0.535,0.4842,0.4842,1.0,0.99,0.92,,102200,120200,140200,2.4640229093209065e-14
2,0.1,0.25,1.0,activity_normalized,mixed_global,0.55,0.55,0.4842,0.4842,1.0,0.99,0.89,,102200,120200,140200,2.4640229093209065e-14
2,0.1,0.25,1.0,activity_normalized,mixed_context,0.56,0.56,0.4842,0.53885,1.0,0.94,0.82,,102200,120200,140200,2.4640229093209065e-14
2,0.1,0.25,1.0,counterfactual_fraction,single_intensity,0.605,0.605,0.567,0.567,1.0,0.99,0.78,,102200,120200,140200,2.4640229093209065e-14
2,0.1,0.25,1.0,counterfactual_fraction,mixed_global,0.62,0.62,0.567,0.567,1.0,0.99,0.75,,102200,120200,140200,2.4640229093209065e-14
2,0.1,0.25,1.0,counterfactual_fraction,mixed_context,0.605,0.605,0.567,0.59105,1.0,0.92,0.71,,102200,120200,140200,2.4640229093209065e-14
2,0.1,0.5,0.0,raw,single_intensity,0.5,0.5,0.076,0.076,1.0,1.0,1.0,,102200,120200,140200,4.656379448686465e-13
2,0.1,0.5,0.0,raw,mixed_global,0.5,0.5,0.076,0.076,1.0,0.0,0.0,,102200,120200,140200,4.656379448686465e-13
2,0.1,0.5,0.0,raw,mixed_context,0.54,0.54,0.076,0.3092,1.0,0.42,0.34,,102200,120200,140200,4.656379448686465e-13
2,0.1,0.5,0.0,activity_normalized,single_intensity,0.745,0.745,0.8168,0.8168,1.0,0.95,0.46,,102200,120200,140200,4.656379448686465e-13
2,0.1,0.5,0.0,activity_normalized,mixed_global,0.745,0.745,0.8168,0.8168,1.0,0.95,0.46,,102200,120200,140200,4.656379448686465e-13
2,0.1,0.5,0.0,activity_normalized,mixed_context,0.73,0.73,0.8168,0.8251,1.0,0.68,0.22,,102200,120200,140200,4.656379448686465e-13
2,0.1,0.5,0.0,counterfactual_fraction,single_intensity,0.5,0.5,0.5,0.5,1.0,0.0,0.0,,102200,120200,140200,4.656379448686465e-13
2,0.1,0.5,0.0,counterfactual_fraction,mixed_global,0.5,0.5,0.5,0.5,1.0,0.0,0.0,,102200,120200,140200,4.656379448686465e-13
2,0.1,0.5,0.0,counterfactual_fraction,mixed_context,0.54,0.54,0.5,0.54,1.0,0.42,0.34,,102200,120200,140200,4.656379448686465e-13
2,0.1,0.5,1.0,raw,single_intensity,0.5,0.5,0.9677,0.9677,1.0,1.0,1.0,,102200,120200,140200,4.656379448686465e-13
2,0.1,0.5,1.0,raw,mixed_global,0.5,0.5,0.9677,0.9677,1.0,1.0,1.0,,102200,120200,140200,4.656379448686465e-13
2,0.1,0.5,1.0,raw,mixed_context,0.755,0.755,0.9677,0.7896,1.0,0.94,0.43,,102200,120200,140200,4.656379448686465e-13
2,0.1,0.5,1.0,activity_normalized,single_intensity,0.62,0.62,0.9973,0.9973,1.0,1.0,0.76,,102200,120200,140200,4.656379448686465e-13
2,0.1,0.5,1.0,activity_normalized,mixed_global,0.795,0.795,0.9973,0.9973,1.0,1.0,0.41,,102200,120200,140200,4.656379448686465e-13
2,0.1,0.5,1.0,activity_normalized,mixed_context,0.915,0.915,0.9973,0.9666,1.0,0.96,0.13,,102200,120200,140200,4.656379448686465e-13
2,0.1,0.5,1.0,counterfactual_fraction,single_intensity,0.62,0.62,0.9969,0.9969,1.0,1.0,0.76,,102200,120200,140200,4.656379448686465e-13
2,0.1,0.5,1.0,counterfactual_fraction,mixed_global,0.88,0.88,0.9969,0.9969,1.0,1.0,0.24,,102200,120200,140200,4.656379448686465e-13
2,0.1,0.5,1.0,counterfactual_fraction,mixed_context,0.92,0.92,0.9969,0.9728,1.0,0.96,0.12,,102200,120200,140200,4.656379448686465e-13
2,0.1,1.0,0.0,raw,single_intensity,0.485,0.485,0.0009,0.0009,1.0,0.0,0.03,,102200,120200,140200,2.7992747009264463e-12
2,0.1,1.0,0.0,raw,mixed_global,0.5,0.5,0.0009,0.0009,1.0,0.0,0.0,,102200,120200,140200,2.7992747009264463e-12
2,0.1,1.0,0.0,raw,mixed_context,0.5,0.5,0.0009,0.0009,1.0,0.0,0.0,,102200,120200,140200,2.7992747009264463e-12
2,0.1,1.0,0.0,activity_normalized,single_intensity,0.875,0.875,0.9587,0.9587,1.0,0.83,0.08,,102200,120200,140200,2.7992747009264463e-12
2,0.1,1.0,0.0,activity_normalized,mixed_global,0.88,0.88,0.9587,0.9587,1.0,0.85,0.09,,102200,120200,140200,2.7992747009264463e-12
2,0.1,1.0,0.0,activity_normalized,mixed_context,0.88,0.88,0.9587,0.9587,1.0,0.85,0.09,,102200,120200,140200,2.7992747009264463e-12
2,0.1,1.0,0.0,counterfactual_fraction,single_intensity,0.5,0.5,0.5,0.5,1.0,0.0,0.0,,102200,120200,140200,2.7992747009264463e-12
2,0.1,1.0,0.0,counterfactual_fraction,mixed_global,0.5,0.5,0.5,0.5,1.0,0.0,0.0,,102200,120200,140200,2.7992747009264463e-12
2,0.1,1.0,0.0,counterfactual_fraction,mixed_context,0.5,0.5,0.5,0.5,1.0,1.0,1.0,,102200,120200,140200,2.7992747009264463e-12
2,0.1,1.0,1.0,raw,single_intensity,0.995,0.995,1.0,1.0,1.0,1.0,0.01,,102200,120200,140200,2.7992747009264463e-12
2,0.1,1.0,1.0,raw,mixed_global,0.995,0.995,1.0,1.0,1.0,1.0,0.01,,102200,120200,140200,2.7992747009264463e-12
2,0.1,1.0,1.0,raw,mixed_context,0.995,0.995,1.0,1.0,1.0,1.0,0.01,,102200,120200,140200,2.7992747009264463e-12
2,0.1,1.0,1.0,activity_normalized,single_intensity,1.0,1.0,1.0,1.0,1.0,1.0,0.0,,102200,120200,140200,2.7992747009264463e-12
2,0.1,1.0,1.0,activity_normalized,mixed_global,0.99,0.99,1.0,1.0,1.0,0.98,0.0,,102200,120200,140200,2.7992747009264463e-12
2,0.1,1.0,1.0,activity_normalized,mixed_context,1.0,1.0,1.0,1.0,1.0,1.0,0.0,,102200,120200,140200,2.7992747009264463e-12
2,0.1,1.0,1.0,counterfactual_fraction,single_intensity,1.0,1.0,1.0,1.0,1.0,1.0,0.0,,102200,120200,140200,2.7992747009264463e-12
2,0.1,1.0,1.0,counterfactual_fraction,mixed_global,0.96,0.96,1.0,1.0,1.0,0.92,0.0,,102200,120200,140200,2.7992747009264463e-12
2,0.1,1.0,1.0,counterfactual_fraction,mixed_context,1.0,1.0,1.0,1.0,1.0,1.0,0.0,,102200,120200,140200,2.7992747009264463e-12
2,0.4,0.0,0.0,raw,single_intensity,,,,,0.06,,,0.06,102201,120201,140201,5.8056337515211e-13
2,0.4,0.0,0.0,raw,mixed_global,,,,,0.06,,,0.005,102201,120201,140201,5.8056337515211e-13
2,0.4,0.0,0.0,raw,mixed_context,,,,,0.06,,,0.005,102201,120201,140201,5.8056337515211e-13
2,0.4,0.0,0.0,activity_normalized,single_intensity,,,,,0.06,,,0.005,102201,120201,140201,5.8056337515211e-13
2,0.4,0.0,0.0,activity_normalized,mixed_global,,,,,0.06,,,0.05,102201,120201,140201,5.8056337515211e-13
2,0.4,0.0,0.0,activity_normalized,mixed_context,,,,,0.06,,,0.0,102201,120201,140201,5.8056337515211e-13
2,0.4,0.0,0.0,counterfactual_fraction,single_intensity,,,,,0.06,,,0.0,102201,120201,140201,5.8056337515211e-13
2,0.4,0.0,0.0,counterfactual_fraction,mixed_global,,,,,0.06,,,0.0,102201,120201,140201,5.8056337515211e-13
2,0.4,0.0,0.0,counterfactual_fraction,mixed_context,,,,,0.06,,,0.0,102201,120201,140201,5.8056337515211e-13
2,0.4,0.0,1.0,raw,single_intensity,,,,,0.06,,,0.025,102201,120201,140201,5.8056337515211e-13
2,0.4,0.0,1.0,raw,mixed_global,,,,,0.06,,,0.015,102201,120201,140201,5.8056337515211e-13
2,0.4,0.0,1.0,raw,mixed_context,,,,,0.06,,,0.005,102201,120201,140201,5.8056337515211e-13
2,0.4,0.0,1.0,activity_normalized,single_intensity,,,,,0.06,,,0.0,102201,120201,140201,5.8056337515211e-13
2,0.4,0.0,1.0,activity_normalized,mixed_global,,,,,0.06,,,0.0,102201,120201,140201,5.8056337515211e-13
2,0.4,0.0,1.0,activity_normalized,mixed_context,,,,,0.06,,,0.0,102201,120201,140201,5.8056337515211e-13
2,0.4,0.0,1.0,counterfactual_fraction,single_intensity,,,,,0.06,,,0.0,102201,120201,140201,5.8056337515211e-13
2,0.4,0.0,1.0,counterfactual_fraction,mixed_global,,,,,0.06,,,0.0,102201,120201,140201,5.8056337515211e-13
2,0.4,0.0,1.0,counterfactual_fraction,mixed_context,,,,,0.06,,,0.0,102201,120201,140201,5.8056337515211e-13
2,0.4,0.1,0.0,raw,single_intensity,0.5,0.095,0.5698,0.5698,0.18,0.19,0.17,,102201,120201,140201,6.299787080887853e-13
2,0.4,0.1,0.0,raw,mixed_global,0.57,0.09,0.5698,0.5698,0.18,0.03,0.02,,102201,120201,140201,6.299787080887853e-13
2,0.4,0.1,0.0,raw,mixed_context,0.575,0.09,0.5698,0.5702,0.18,0.03,0.02,,102201,120201,140201,6.299787080887853e-13
2,0.4,0.1,0.0,activity_normalized,single_intensity,0.525,0.1,0.5026,0.5026,0.18,0.03,0.0,,102201,120201,140201,6.299787080887853e-13
2,0.4,0.1,0.0,activity_normalized,mixed_global,0.52,0.1,0.5026,0.5026,0.18,0.16,0.13,,102201,120201,140201,6.299787080887853e-13
2,0.4,0.1,0.0,activity_normalized,mixed_context,0.49,0.095,0.5026,0.5016,0.18,0.02,0.0,,102201,120201,140201,6.299787080887853e-13
2,0.4,0.1,0.0,counterfactual_fraction,single_intensity,0.5,0.085,0.5,0.5,0.18,0.0,0.0,,102201,120201,140201,6.299787080887853e-13
2,0.4,0.1,0.0,counterfactual_fraction,mixed_global,0.5,0.085,0.5,0.5,0.18,0.0,0.0,,102201,120201,140201,6.299787080887853e-13
2,0.4,0.1,0.0,counterfactual_fraction,mixed_context,0.5,0.085,0.5,0.5,0.18,0.0,0.0,,102201,120201,140201,6.299787080887853e-13
2,0.4,0.1,1.0,raw,single_intensity,0.515,0.1,0.586,0.586,0.18,0.11,0.08,,102201,120201,140201,6.299787080887853e-13
2,0.4,0.1,1.0,raw,mixed_global,0.525,0.105,0.586,0.586,0.18,0.1,0.06,,102201,120201,140201,6.299787080887853e-13
2,0.4,0.1,1.0,raw,mixed_context,0.56,0.095,0.586,0.5855,0.18,0.06,0.04,,102201,120201,140201,6.299787080887853e-13
2,0.4,0.1,1.0,activity_normalized,single_intensity,0.52,0.085,0.5764,0.5764,0.18,0.0,0.0,,102201,120201,140201,6.299787080887853e-13
2,0.4,0.1,1.0,activity_normalized,mixed_global,0.51,0.085,0.5764,0.5764,0.18,0.0,0.0,,102201,120201,140201,6.299787080887853e-13
2,0.4,0.1,1.0,activity_normalized,mixed_context,0.55,0.105,0.5764,0.5719,0.18,0.05,0.01,,102201,120201,140201,6.299787080887853e-13
2,0.4,0.1,1.0,counterfactual_fraction,single_intensity,0.53,0.085,0.5776,0.5776,0.18,0.0,0.0,,102201,120201,140201,6.299787080887853e-13
2,0.4,0.1,1.0,counterfactual_fraction,mixed_global,0.53,0.085,0.5776,0.5776,0.18,0.0,0.0,,102201,120201,140201,6.299787080887853e-13
2,0.4,0.1,1.0,counterfactual_fraction,mixed_context,0.53,0.09,0.5776,0.5722,0.18,0.02,0.01,,102201,120201,140201,6.299787080887853e-13
2,0.4,0.25,0.0,raw,single_intensity,0.495,0.21,0.5604,0.5604,0.5,0.42,0.57,,102201,120201,140201,8.325250211438373e-13
2,0.4,0.25,0.0,raw,mixed_global,0.505,0.28,0.5604,0.5604,0.5,0.0,0.01,,102201,120201,140201,8.325250211438373e-13
2,0.4,0.25,0.0,raw,mixed_context,0.505,0.29,0.5604,0.5753,0.5,0.02,0.01,,102201,120201,140201,8.325250211438373e-13
2,0.4,0.25,0.0,activity_normalized,single_intensity,0.515,0.3,0.4805,0.4805,0.5,0.04,0.01,,102201,120201,140201,8.325250211438373e-13
2,0.4,0.25,0.0,activity_normalized,mixed_global,0.495,0.255,0.4805,0.4805,0.5,0.38,0.44,,102201,120201,140201,8.325250211438373e-13
2,0.4,0.25,0.0,activity_normalized,mixed_context,0.525,0.295,0.4805,0.5538,0.5,0.03,0.01,,102201,120201,140201,8.325250211438373e-13
2,0.4,0.25,0.0,counterfactual_fraction,single_intensity,0.5,0.285,0.5,0.5,0.5,0.0,0.0,,102201,120201,140201,8.325250211438373e-13
2,0.4,0.25,0.0,counterfactual_fraction,mixed_global,0.5,0.285,0.5,0.5,0.5,0.0,0.0,,102201,120201,140201,8.325250211438373e-13
2,0.4,0.25,0.0,counterfactual_fraction,mixed_context,0.575,0.295,0.5,0.575,0.5,0.02,0.0,,102201,120201,140201,8.325250211438373e-13
2,0.4,0.25,1.0,raw,single_intensity,0.535,0.255,0.6141,0.6141,0.5,0.27,0.33,,102201,120201,140201,8.325250211438373e-13
2,0.4,0.25,1.0,raw,mixed_global,0.545,0.26,0.6141,0.6141,0.5,0.22,0.27,,102201,120201,140201,8.325250211438373e-13
2,0.4,0.25,1.0,raw,mixed_context,0.59,0.28,0.6141,0.6215,0.5,0.12,0.13,,102201,120201,140201,8.325250211438373e-13
2,0.4,0.25,1.0,activity_normalized,single_intensity,0.55,0.285,0.6254,0.6254,0.5,0.01,0.01,,102201,120201,140201,8.325250211438373e-13
2,0.4,0.25,1.0,activity_normalized,mixed_global,0.525,0.29,0.6254,0.6254,0.5,0.01,0.0,,102201,120201,140201,8.325250211438373e-13
2,0.4,0.25,1.0,activity_normalized,mixed_context,0.58,0.31,0.6254,0.6305,0.5,0.16,0.11,,102201,120201,140201,8.325250211438373e-13
2,0.4,0.25,1.0,counterfactual_fraction,single_intensity,0.54,0.28,0.6365,0.6365,0.5,0.02,0.03,,102201,120201,140201,8.325250211438373e-13
2,0.4,0.25,1.0,counterfactual_fraction,mixed_global,0.54,0.28,0.6365,0.6365,0.5,0.02,0.03,,102201,120201,140201,8.325250211438373e-13
2,0.4,0.25,1.0,counterfactual_fraction,mixed_context,0.58,0.29,0.6365,0.6419,0.5,0.11,0.1,,102201,120201,140201,8.325250211438373e-13
2,0.4,0.5,0.0,raw,single_intensity,0.5,0.475,0.5488,0.5488,0.975,0.83,0.88,,102201,120201,140201,1.3151632560770565e-12
2,0.4,0.5,0.0,raw,mixed_global,0.505,0.505,0.5488,0.5488,0.975,0.01,0.0,,102201,120201,140201,1.3151632560770565e-12
2,0.4,0.5,0.0,raw,mixed_context,0.5,0.5,0.5488,0.5332,0.975,0.32,0.32,,102201,120201,140201,1.3151632560770565e-12
2,0.4,0.5,0.0,activity_normalized,single_intensity,0.49,0.49,0.4641,0.4641,0.975,0.01,0.03,,102201,120201,140201,1.3151632560770565e-12
2,0.4,0.5,0.0,activity_normalized,mixed_global,0.505,0.485,0.4641,0.4641,0.975,0.86,0.89,,102201,120201,140201,1.3151632560770565e-12
2,0.4,0.5,0.0,activity_normalized,mixed_context,0.51,0.49,0.4641,0.4797,0.975,0.28,0.3,,102201,120201,140201,1.3151632560770565e-12
2,0.4,0.5,0.0,counterfactual_fraction,single_intensity,0.5,0.5,0.5,0.5,0.975,0.0,0.0,,102201,120201,140201,1.3151632560770565e-12
2,0.4,0.5,0.0,counterfactual_fraction,mixed_global,0.5,0.5,0.5,0.5,0.975,0.0,0.0,,102201,120201,140201,1.3151632560770565e-12
2,0.4,0.5,0.0,counterfactual_fraction,mixed_context,0.52,0.495,0.5,0.52,0.975,0.31,0.32,,102201,120201,140201,1.3151632560770565e-12
2,0.4,0.5,1.0,raw,single_intensity,0.59,0.565,0.6811,0.6811,0.975,0.73,0.6,,102201,120201,140201,1.3151632560770565e-12
2,0.4,0.5,1.0,raw,mixed_global,0.63,0.605,0.6811,0.6811,0.975,0.63,0.42,,102201,120201,140201,1.3151632560770565e-12
2,0.4,0.5,1.0,raw,mixed_context,0.655,0.63,0.6811,0.679,0.975,0.52,0.26,,102201,120201,140201,1.3151632560770565e-12
2,0.4,0.5,1.0,activity_normalized,single_intensity,0.6,0.585,0.7159,0.7159,0.975,0.23,0.06,,102201,120201,140201,1.3151632560770565e-12
2,0.4,0.5,1.0,activity_normalized,mixed_global,0.59,0.575,0.7159,0.7159,0.975,0.19,0.04,,102201,120201,140201,1.3151632560770565e-12
2,0.4,0.5,1.0,activity_normalized,mixed_context,0.59,0.565,0.7159,0.675,0.975,0.56,0.43,,102201,120201,140201,1.3151632560770565e-12
2,0.4,0.5,1.0,counterfactual_fraction,single_intensity,0.63,0.615,0.7394,0.7394,0.975,0.3,0.07,,102201,120201,140201,1.3151632560770565e-12
2,0.4,0.5,1.0,counterfactual_fraction,mixed_global,0.625,0.61,0.7394,0.7394,0.975,0.27,0.05,,102201,120201,140201,1.3151632560770565e-12
2,0.4,0.5,1.0,counterfactual_fraction,mixed_context,0.625,0.6,0.7394,0.6929,0.975,0.56,0.36,,102201,120201,140201,1.3151632560770565e-12
2,0.4,1.0,0.0,raw,single_intensity,0.52,0.52,0.5122,0.5122,1.0,0.04,0.0,,102201,120201,140201,3.3950758870915365e-12
2,0.4,1.0,0.0,raw,mixed_global,0.5,0.5,0.5122,0.5122,1.0,0.0,0.0,,102201,120201,140201,3.3950758870915365e-12
2,0.4,1.0,0.0,raw,mixed_context,0.5,0.5,0.5122,0.5122,1.0,1.0,1.0,,102201,120201,140201,3.3950758870915365e-12
2,0.4,1.0,0.0,activity_normalized,single_intensity,0.505,0.505,0.405,0.405,1.0,0.01,0.0,,102201,120201,140201,3.3950758870915365e-12
2,0.4,1.0,0.0,activity_normalized,mixed_global,0.5,0.5,0.405,0.405,1.0,1.0,1.0,,102201,120201,140201,3.3950758870915365e-12
2,0.4,1.0,0.0,activity_normalized,mixed_context,0.5,0.5,0.405,0.405,1.0,1.0,1.0,,102201,120201,140201,3.3950758870915365e-12
2,0.4,1.0,0.0,counterfactual_fraction,single_intensity,0.5,0.5,0.5,0.5,1.0,0.0,0.0,,102201,120201,140201,3.3950758870915365e-12
2,0.4,1.0,0.0,counterfactual_fraction,mixed_global,0.5,0.5,0.5,0.5,1.0,0.0,0.0,,102201,120201,140201,3.3950758870915365e-12
2,0.4,1.0,0.0,counterfactual_fraction,mixed_context,0.5,0.5,0.5,0.5,1.0,1.0,1.0,,102201,120201,140201,3.3950758870915365e-12
2,0.4,1.0,1.0,raw,single_intensity,0.745,0.745,0.8418,0.8418,1.0,0.62,0.13,,102201,120201,140201,3.3950758870915365e-12
2,0.4,1.0,1.0,raw,mixed_global,0.7,0.7,0.8418,0.8418,1.0,0.43,0.03,,102201,120201,140201,3.3950758870915365e-12
2,0.4,1.0,1.0,raw,mixed_context,0.78,0.78,0.8418,0.8418,1.0,0.77,0.21,,102201,120201,140201,3.3950758870915365e-12
2,0.4,1.0,1.0,activity_normalized,single_intensity,0.79,0.79,0.8789,0.8789,1.0,0.69,0.11,,102201,120201,140201,3.3950758870915365e-12
2,0.4,1.0,1.0,activity_normalized,mixed_global,0.77,0.77,0.8789,0.8789,1.0,0.59,0.05,,102201,120201,140201,3.3950758870915365e-12
2,0.4,1.0,1.0,activity_normalized,mixed_context,0.77,0.77,0.8789,0.8789,1.0,0.59,0.05,,102201,120201,140201,3.3950758870915365e-12
2,0.4,1.0,1.0,counterfactual_fraction,single_intensity,0.845,0.845,0.9142,0.9142,1.0,0.79,0.1,,102201,120201,140201,3.3950758870915365e-12
2,0.4,1.0,1.0,counterfactual_fraction,mixed_global,0.84,0.84,0.9142,0.9142,1.0,0.72,0.04,,102201,120201,140201,3.3950758870915365e-12
2,0.4,1.0,1.0,counterfactual_fraction,mixed_context,0.84,0.84,0.9142,0.9142,1.0,0.7,0.02,,102201,120201,140201,3.3950758870915365e-12
3,0.1,0.0,0.0,raw,single_intensity,,,,,0.045,,,0.045,103200,120300,140300,7.388498992309811e-17
3,0.1,0.0,0.0,raw,mixed_global,,,,,0.045,,,0.045,103200,120300,140300,7.388498992309811e-17
3,0.1,0.0,0.0,raw,mixed_context,,,,,0.045,,,0.045,103200,120300,140300,7.388498992309811e-17
3,0.1,0.0,0.0,activity_normalized,single_intensity,,,,,0.045,,,0.045,103200,120300,140300,7.388498992309811e-17
3,0.1,0.0,0.0,activity_normalized,mixed_global,,,,,0.045,,,0.045,103200,120300,140300,7.388498992309811e-17
3,0.1,0.0,0.0,activity_normalized,mixed_context,,,,,0.045,,,0.045,103200,120300,140300,7.388498992309811e-17
3,0.1,0.0,0.0,counterfactual_fraction,single_intensity,,,,,0.045,,,0.0,103200,120300,140300,7.388498992309811e-17
3,0.1,0.0,0.0,counterfactual_fraction,mixed_global,,,,,0.045,,,0.0,103200,120300,140300,7.388498992309811e-17
3,0.1,0.0,0.0,counterfactual_fraction,mixed_context,,,,,0.045,,,0.0,103200,120300,140300,7.388498992309811e-17
3,0.1,0.0,1.0,raw,single_intensity,,,,,0.045,,,0.045,103200,120300,140300,7.388498992309811e-17
3,0.1,0.0,1.0,raw,mixed_global,,,,,0.045,,,0.045,103200,120300,140300,7.388498992309811e-17
3,0.1,0.0,1.0,raw,mixed_context,,,,,0.045,,,0.045,103200,120300,140300,7.388498992309811e-17
3,0.1,0.0,1.0,activity_normalized,single_intensity,,,,,0.045,,,0.045,103200,120300,140300,7.388498992309811e-17
3,0.1,0.0,1.0,activity_normalized,mixed_global,,,,,0.045,,,0.045,103200,120300,140300,7.388498992309811e-17
3,0.1,0.0,1.0,activity_normalized,mixed_context,,,,,0.045,,,0.045,103200,120300,140300,7.388498992309811e-17
3,0.1,0.0,1.0,counterfactual_fraction,single_intensity,,,,,0.045,,,0.0,103200,120300,140300,7.388498992309811e-17
3,0.1,0.0,1.0,counterfactual_fraction,mixed_global,,,,,0.045,,,0.0,103200,120300,140300,7.388498992309811e-17
3,0.1,0.0,1.0,counterfactual_fraction,mixed_context,,,,,0.045,,,0.0,103200,120300,140300,7.388498992309811e-17
3,0.1,0.1,0.0,raw,single_intensity,0.5,0.415,0.50995,0.50995,0.81,0.83,0.79,,103200,120300,140300,1.169203622808368e-15
3,0.1,0.1,0.0,raw,mixed_global,0.5,0.415,0.50995,0.50995,0.81,0.83,0.79,,103200,120300,140300,1.169203622808368e-15
3,0.1,0.1,0.0,raw,mixed_context,0.51,0.42,0.50995,0.50995,0.81,0.81,0.76,,103200,120300,140300,1.169203622808368e-15
3,0.1,0.1,0.0,activity_normalized,single_intensity,0.505,0.415,0.5098,0.5098,0.81,0.82,0.78,,103200,120300,140300,1.169203622808368e-15
3,0.1,0.1,0.0,activity_normalized,mixed_global,0.51,0.42,0.5098,0.5098,0.81,0.8,0.75,,103200,120300,140300,1.169203622808368e-15
3,0.1,0.1,0.0,activity_normalized,mixed_context,0.505,0.415,0.5098,0.5098,0.81,0.81,0.77,,103200,120300,140300,1.169203622808368e-15
3,0.1,0.1,0.0,counterfactual_fraction,single_intensity,0.5,0.395,0.5,0.5,0.81,0.0,0.0,,103200,120300,140300,1.169203622808368e-15
3,0.1,0.1,0.0,counterfactual_fraction,mixed_global,0.5,0.395,0.5,0.5,0.81,0.0,0.0,,103200,120300,140300,1.169203622808368e-15
3,0.1,0.1,0.0,counterfactual_fraction,mixed_context,0.5,0.395,0.5,0.5,0.81,0.0,0.0,,103200,120300,140300,1.169203622808368e-15
3,0.1,0.1,1.0,raw,single_intensity,0.5,0.415,0.50975,0.50975,0.81,0.83,0.79,,103200,120300,140300,1.169203622808368e-15
3,0.1,0.1,1.0,raw,mixed_global,0.5,0.415,0.50975,0.50975,0.81,0.83,0.79,,103200,120300,140300,1.169203622808368e-15
3,0.1,0.1,1.0,raw,mixed_context,0.495,0.41,0.50975,0.50975,0.81,0.81,0.78,,103200,120300,140300,1.169203622808368e-15
3,0.1,0.1,1.0,activity_normalized,single_intensity,0.5,0.415,0.5097,0.50975,0.81,0.82,0.78,,103200,120300,140300,1.169203622808368e-15
3,0.1,0.1,1.0,activity_normalized,mixed_global,0.5,0.415,0.5097,0.50975,0.81,0.82,0.78,,103200,120300,140300,1.169203622808368e-15
3,0.1,0.1,1.0,activity_normalized,mixed_context,0.5,0.41,0.5097,0.5097,0.81,0.81,0.78,,103200,120300,140300,1.169203622808368e-15
3,0.1,0.1,1.0,counterfactual_fraction,single_intensity,0.49,0.39,0.4899,0.4899,0.81,0.02,0.03,,103200,120300,140300,1.169203622808368e-15
3,0.1,0.1,1.0,counterfactual_fraction,mixed_global,0.49,0.39,0.4899,0.4899,0.81,0.02,0.03,,103200,120300,140300,1.169203622808368e-15
3,0.1,0.1,1.0,counterfactual_fraction,mixed_context,0.495,0.39,0.4899,0.4899,0.81,0.0,0.01,,103200,120300,140300,1.169203622808368e-15
3,0.1,0.25,0.0,raw,single_intensity,0.5,0.5,0.54565,0.54565,1.0,1.0,1.0,,103200,120300,140300,1.198227714965805e-14
3,0.1,0.25,0.0,raw,mixed_global,0.5,0.5,0.54565,0.54565,1.0,1.0,1.0,,103200,120300,140300,1.198227714965805e-14
3,0.1,0.25,0.0,raw,mixed_context,0.545,0.545,0.54565,0.5338,1.0,0.66,0.57,,103200,120300,140300,1.198227714965805e-14
3,0.1,0.25,0.0,activity_normalized,single_intensity,0.525,0.525,0.53285,0.53285,1.0,0.87,0.82,,103200,120300,140300,1.198227714965805e-14
3,0.1,0.25,0.0,activity_normalized,mixed_global,0.525,0.525,0.53285,0.53285,1.0,0.61,0.56,,103200,120300,140300,1.198227714965805e-14
3,0.1,0.25,0.0,activity_normalized,mixed_context,0.52,0.52,0.53285,0.50845,1.0,0.65,0.61,,103200,120300,140300,1.198227714965805e-14
3,0.1,0.25,0.0,counterfactual_fraction,single_intensity,0.5,0.5,0.5,0.5,1.0,0.0,0.0,,103200,120300,140300,1.198227714965805e-14
3,0.1,0.25,0.0,counterfactual_fraction,mixed_global,0.5,0.5,0.5,0.5,1.0,0.0,0.0,,103200,120300,140300,1.198227714965805e-14
3,0.1,0.25,0.0,counterfactual_fraction,mixed_context,0.5,0.5,0.5,0.5,1.0,0.0,0.0,,103200,120300,140300,1.198227714965805e-14
3,0.1,0.25,1.0,raw,single_intensity,0.5,0.5,0.55015,0.55015,1.0,1.0,1.0,,103200,120300,140300,1.198227714965805e-14
3,0.1,0.25,1.0,raw,mixed_global,0.515,0.515,0.55015,0.55015,1.0,1.0,0.97,,103200,120300,140300,1.198227714965805e-14
3,0.1,0.25,1.0,raw,mixed_context,0.52,0.52,0.55015,0.5497,1.0,0.97,0.93,,103200,120300,140300,1.198227714965805e-14
3,0.1,0.25,1.0,activity_normalized,single_intensity,0.525,0.525,0.5477,0.5477,1.0,0.98,0.93,,103200,120300,140300,1.198227714965805e-14
3,0.1,0.25,1.0,activity_normalized,mixed_global,0.535,0.535,0.5477,0.5477,1.0,0.98,0.91,,103200,120300,140300,1.198227714965805e-14
3,0.1,0.25,1.0,activity_normalized,mixed_context,0.53,0.53,0.5477,0.5596,1.0,0.94,0.88,,103200,120300,140300,1.198227714965805e-14
3,0.1,0.25,1.0,counterfactual_fraction,single_intensity,0.495,0.495,0.46815,0.46815,1.0,0.37,0.38,,103200,120300,140300,1.198227714965805e-14
3,0.1,0.25,1.0,counterfactual_fraction,mixed_global,0.495,0.495,0.46815,0.46815,1.0,0.37,0.38,,103200,120300,140300,1.198227714965805e-14
3,0.1,0.25,1.0,counterfactual_fraction,mixed_context,0.48,0.48,0.46815,0.48555,1.0,0.27,0.31,,103200,120300,140300,1.198227714965805e-14
3,0.1,0.5,0.0,raw,single_intensity,0.5,0.5,0.5606,0.5606,1.0,1.0,1.0,,103200,120300,140300,1.146313946542854e-13
3,0.1,0.5,0.0,raw,mixed_global,0.51,0.51,0.5606,0.5606,1.0,0.93,0.91,,103200,120300,140300,1.146313946542854e-13
3,0.1,0.5,0.0,raw,mixed_context,0.495,0.495,0.5606,0.502,1.0,0.29,0.3,,103200,120300,140300,1.146313946542854e-13
3,0.1,0.5,0.0,activity_normalized,single_intensity,0.39,0.39,0.3411,0.3411,1.0,0.18,0.4,,103200,120300,140300,1.146313946542854e-13
3,0.1,0.5,0.0,activity_normalized,mixed_global,0.5,0.5,0.3411,0.3411,1.0,0.0,0.0,,103200,120300,140300,1.146313946542854e-13
3,0.1,0.5,0.0,activity_normalized,mixed_context,0.47,0.47,0.3411,0.3801,1.0,0.31,0.37,,103200,120300,140300,1.146313946542854e-13
3,0.1,0.5,0.0,counterfactual_fraction,single_intensity,0.5,0.5,0.5,0.5,1.0,0.0,0.0,,103200,120300,140300,1.146313946542854e-13
3,0.1,0.5,0.0,counterfactual_fraction,mixed_global,0.5,0.5,0.5,0.5,1.0,0.0,0.0,,103200,120300,140300,1.146313946542854e-13
3,0.1,0.5,0.0,counterfactual_fraction,mixed_context,0.47,0.47,0.5,0.47,1.0,0.31,0.37,,103200,120300,140300,1.146313946542854e-13
3,0.1,0.5,1.0,raw,single_intensity,0.5,0.5,0.9275,0.9275,1.0,1.0,1.0,,103200,120300,140300,1.146313946542854e-13
3,0.1,0.5,1.0,raw,mixed_global,0.845,0.845,0.9275,0.9275,1.0,0.96,0.27,,103200,120300,140300,1.146313946542854e-13
3,0.1,0.5,1.0,raw,mixed_context,0.695,0.695,0.9275,0.7048,1.0,0.99,0.6,,103200,120300,140300,1.146313946542854e-13
3,0.1,0.5,1.0,activity_normalized,single_intensity,0.615,0.615,0.9332,0.9332,1.0,1.0,0.77,,103200,120300,140300,1.146313946542854e-13
3,0.1,0.5,1.0,activity_normalized,mixed_global,0.86,0.86,0.9332,0.9332,1.0,0.96,0.24,,103200,120300,140300,1.146313946542854e-13
3,0.1,0.5,1.0,activity_normalized,mixed_context,0.78,0.78,0.9332,0.8167,1.0,0.98,0.42,,103200,120300,140300,1.146313946542854e-13
3,0.1,0.5,1.0,counterfactual_fraction,single_intensity,0.62,0.62,0.9335,0.9335,1.0,1.0,0.76,,103200,120300,140300,1.146313946542854e-13
3,0.1,0.5,1.0,counterfactual_fraction,mixed_global,0.635,0.635,0.9335,0.9335,1.0,1.0,0.73,,103200,120300,140300,1.146313946542854e-13
3,0.1,0.5,1.0,counterfactual_fraction,mixed_context,0.78,0.78,0.9335,0.8558,1.0,0.98,0.42,,103200,120300,140300,1.146313946542854e-13
3,0.1,1.0,0.0,raw,single_intensity,0.51,0.51,0.478,0.478,1.0,0.89,0.87,,103200,120300,140300,1.1523351717279695e-12
3,0.1,1.0,0.0,raw,mixed_global,0.5,0.5,0.478,0.478,1.0,0.0,0.0,,103200,120300,140300,1.1523351717279695e-12
3,0.1,1.0,0.0,raw,mixed_context,0.5,0.5,0.478,0.478,1.0,0.0,0.0,,103200,120300,140300,1.1523351717279695e-12
3,0.1,1.0,0.0,activity_normalized,single_intensity,0.495,0.495,0.1095,0.1095,1.0,0.0,0.01,,103200,120300,140300,1.1523351717279695e-12
3,0.1,1.0,0.0,activity_normalized,mixed_global,0.5,0.5,0.1095,0.1095,1.0,0.0,0.0,,103200,120300,140300,1.1523351717279695e-12
3,0.1,1.0,0.0,activity_normalized,mixed_context,0.5,0.5,0.1095,0.1095,1.0,1.0,1.0,,103200,120300,140300,1.1523351717279695e-12
3,0.1,1.0,0.0,counterfactual_fraction,single_intensity,0.5,0.5,0.5,0.5,1.0,0.0,0.0,,103200,120300,140300,1.1523351717279695e-12
3,0.1,1.0,0.0,counterfactual_fraction,mixed_global,0.5,0.5,0.5,0.5,1.0,0.0,0.0,,103200,120300,140300,1.1523351717279695e-12
3,0.1,1.0,0.0,counterfactual_fraction,mixed_context,0.5,0.5,0.5,0.5,1.0,1.0,1.0,,103200,120300,140300,1.1523351717279695e-12
3,0.1,1.0,1.0,raw,single_intensity,0.915,0.915,0.9744,0.9744,1.0,0.93,0.1,,103200,120300,140300,1.1523351717279695e-12
3,0.1,1.0,1.0,raw,mixed_global,0.5,0.5,0.9744,0.9744,1.0,0.0,0.0,,103200,120300,140300,1.1523351717279695e-12
3,0.1,1.0,1.0,raw,mixed_context,0.905,0.905,0.9744,0.9744,1.0,0.93,0.12,,103200,120300,140300,1.1523351717279695e-12
3,0.1,1.0,1.0,activity_normalized,single_intensity,0.94,0.94,0.9903,0.9903,1.0,0.93,0.05,,103200,120300,140300,1.1523351717279695e-12
3,0.1,1.0,1.0,activity_normalized,mixed_global,0.5,0.5,0.9903,0.9903,1.0,0.0,0.0,,103200,120300,140300,1.1523351717279695e-12
3,0.1,1.0,1.0,activity_normalized,mixed_context,0.94,0.94,0.9903,0.9903,1.0,0.92,0.04,,103200,120300,140300,1.1523351717279695e-12
3,0.1,1.0,1.0,counterfactual_fraction,single_intensity,0.965,0.965,0.9952,0.9952,1.0,0.99,0.06,,103200,120300,140300,1.1523351717279695e-12
3,0.1,1.0,1.0,counterfactual_fraction,mixed_global,0.965,0.965,0.9952,0.9952,1.0,0.95,0.02,,103200,120300,140300,1.1523351717279695e-12
3,0.1,1.0,1.0,counterfactual_fraction,mixed_context,0.965,0.965,0.9952,0.9952,1.0,0.95,0.02,,103200,120300,140300,1.1523351717279695e-12
3,0.4,0.0,0.0,raw,single_intensity,,,,,0.06,,,0.06,103201,120301,140301,7.693706782774257e-13
3,0.4,0.0,0.0,raw,mixed_global,,,,,0.06,,,0.06,103201,120301,140301,7.693706782774257e-13
3,0.4,0.0,0.0,raw,mixed_context,,,,,0.06,,,0.02,103201,120301,140301,7.693706782774257e-13
3,0.4,0.0,0.0,activity_normalized,single_intensity,,,,,0.06,,,0.035,103201,120301,140301,7.693706782774257e-13
3,0.4,0.0,0.0,activity_normalized,mixed_global,,,,,0.06,,,0.035,103201,120301,140301,7.693706782774257e-13
3,0.4,0.0,0.0,activity_normalized,mixed_context,,,,,0.06,,,0.025,103201,120301,140301,7.693706782774257e-13
3,0.4,0.0,0.0,counterfactual_fraction,single_intensity,,,,,0.06,,,0.0,103201,120301,140301,7.693706782774257e-13
3,0.4,0.0,0.0,counterfactual_fraction,mixed_global,,,,,0.06,,,0.0,103201,120301,140301,7.693706782774257e-13
3,0.4,0.0,0.0,counterfactual_fraction,mixed_context,,,,,0.06,,,0.0,103201,120301,140301,7.693706782774257e-13
3,0.4,0.0,1.0,raw,single_intensity,,,,,0.06,,,0.05,103201,120301,140301,7.693706782774257e-13
3,0.4,0.0,1.0,raw,mixed_global,,,,,0.06,,,0.05,103201,120301,140301,7.693706782774257e-13
3,0.4,0.0,1.0,raw,mixed_context,,,,,0.06,,,0.005,103201,120301,140301,7.693706782774257e-13
3,0.4,0.0,1.0,activity_normalized,single_intensity,,,,,0.06,,,0.0,103201,120301,140301,7.693706782774257e-13
3,0.4,0.0,1.0,activity_normalized,mixed_global,,,,,0.06,,,0.0,103201,120301,140301,7.693706782774257e-13
3,0.4,0.0,1.0,activity_normalized,mixed_context,,,,,0.06,,,0.0,103201,120301,140301,7.693706782774257e-13
3,0.4,0.0,1.0,counterfactual_fraction,single_intensity,,,,,0.06,,,0.0,103201,120301,140301,7.693706782774257e-13
3,0.4,0.0,1.0,counterfactual_fraction,mixed_global,,,,,0.06,,,0.0,103201,120301,140301,7.693706782774257e-13
3,0.4,0.0,1.0,counterfactual_fraction,mixed_context,,,,,0.06,,,0.0,103201,120301,140301,7.693706782774257e-13
3,0.4,0.1,0.0,raw,single_intensity,0.5,0.055,0.5606,0.5606,0.12,0.11,0.13,,103201,120301,140301,6.977612931891031e-13
3,0.4,0.1,0.0,raw,mixed_global,0.5,0.055,0.5606,0.5606,0.12,0.11,0.13,,103201,120301,140301,6.977612931891031e-13
3,0.4,0.1,0.0,raw,mixed_context,0.54,0.065,0.5606,0.5597,0.12,0.04,0.04,,103201,120301,140301,6.977612931891031e-13
3,0.4,0.1,0.0,activity_normalized,single_intensity,0.54,0.055,0.5277,0.5277,0.12,0.06,0.08,,103201,120301,140301,6.977612931891031e-13
3,0.4,0.1,0.0,activity_normalized,mixed_global,0.525,0.055,0.5277,0.5277,0.12,0.06,0.08,,103201,120301,140301,6.977612931891031e-13
3,0.4,0.1,0.0,activity_normalized,mixed_context,0.54,0.065,0.5277,0.5203,0.12,0.04,0.04,,103201,120301,140301,6.977612931891031e-13
3,0.4,0.1,0.0,counterfactual_fraction,single_intensity,0.5,0.065,0.5,0.5,0.12,0.0,0.0,,103201,120301,140301,6.977612931891031e-13
3,0.4,0.1,0.0,counterfactual_fraction,mixed_global,0.5,0.065,0.5,0.5,0.12,0.0,0.0,,103201,120301,140301,6.977612931891031e-13
3,0.4,0.1,0.0,counterfactual_fraction,mixed_context,0.535,0.065,0.5,0.535,0.12,0.0,0.0,,103201,120301,140301,6.977612931891031e-13
3,0.4,0.1,1.0,raw,single_intensity,0.5,0.06,0.5387,0.5387,0.12,0.09,0.1,,103201,120301,140301,6.977612931891031e-13
3,0.4,0.1,1.0,raw,mixed_global,0.5,0.06,0.5387,0.5387,0.12,0.09,0.1,,103201,120301,140301,6.977612931891031e-13
3,0.4,0.1,1.0,raw,mixed_context,0.53,0.075,0.5387,0.5396,0.12,0.02,0.0,,103201,120301,140301,6.977612931891031e-13
3,0.4,0.1,1.0,activity_normalized,single_intensity,0.51,0.065,0.4849,0.4849,0.12,0.0,0.0,,103201,120301,140301,6.977612931891031e-13
3,0.4,0.1,1.0,activity_normalized,mixed_global,0.49,0.065,0.4849,0.4849,0.12,0.0,0.0,,103201,120301,140301,6.977612931891031e-13
3,0.4,0.1,1.0,activity_normalized,mixed_context,0.51,0.065,0.4849,0.5065,0.12,0.0,0.0,,103201,120301,140301,6.977612931891031e-13
3,0.4,0.1,1.0,counterfactual_fraction,single_intensity,0.5,0.065,0.4782,0.4782,0.12,0.0,0.0,,103201,120301,140301,6.977612931891031e-13
3,0.4,0.1,1.0,counterfactual_fraction,mixed_global,0.495,0.065,0.4782,0.4782,0.12,0.0,0.0,,103201,120301,140301,6.977612931891031e-13
3,0.4,0.1,1.0,counterfactual_fraction,mixed_context,0.495,0.065,0.4782,0.5117,0.12,0.0,0.0,,103201,120301,140301,6.977612931891031e-13
3,0.4,0.25,0.0,raw,single_intensity,0.5,0.24,0.5811,0.5811,0.485,0.48,0.49,,103201,120301,140301,7.844350169428083e-13
3,0.4,0.25,0.0,raw,mixed_global,0.5,0.24,0.5811,0.5811,0.485,0.48,0.49,,103201,120301,140301,7.844350169428083e-13
3,0.4,0.25,0.0,raw,mixed_context,0.555,0.265,0.5811,0.5901,0.485,0.17,0.13,,103201,120301,140301,7.844350169428083e-13
3,0.4,0.25,0.0,activity_normalized,single_intensity,0.51,0.24,0.5433,0.5433,0.485,0.28,0.29,,103201,120301,140301,7.844350169428083e-13
3,0.4,0.25,0.0,activity_normalized,mixed_global,0.52,0.255,0.5433,0.5433,0.485,0.28,0.26,,103201,120301,140301,7.844350169428083e-13
3,0.4,0.25,0.0,activity_normalized,mixed_context,0.56,0.29,0.5433,0.5437,0.485,0.24,0.15,,103201,120301,140301,7.844350169428083e-13
3,0.4,0.25,0.0,counterfactual_fraction,single_intensity,0.5,0.245,0.5,0.5,0.485,0.0,0.0,,103201,120301,140301,7.844350169428083e-13
3,0.4,0.25,0.0,counterfactual_fraction,mixed_global,0.5,0.245,0.5,0.5,0.485,0.0,0.0,,103201,120301,140301,7.844350169428083e-13
3,0.4,0.25,0.0,counterfactual_fraction,mixed_context,0.485,0.24,0.5,0.485,0.485,0.0,0.01,,103201,120301,140301,7.844350169428083e-13
3,0.4,0.25,1.0,raw,single_intensity,0.515,0.26,0.5748,0.5748,0.485,0.43,0.4,,103201,120301,140301,7.844350169428083e-13
3,0.4,0.25,1.0,raw,mixed_global,0.515,0.26,0.5748,0.5748,0.485,0.43,0.4,,103201,120301,140301,7.844350169428083e-13
3,0.4,0.25,1.0,raw,mixed_context,0.535,0.265,0.5748,0.5622,0.485,0.13,0.09,,103201,120301,140301,7.844350169428083e-13
3,0.4,0.25,1.0,activity_normalized,single_intensity,0.5,0.245,0.5333,0.5333,0.485,0.02,0.02,,103201,120301,140301,7.844350169428083e-13
3,0.4,0.25,1.0,activity_normalized,mixed_global,0.495,0.255,0.5333,0.5333,0.485,0.06,0.04,,103201,120301,140301,7.844350169428083e-13
3,0.4,0.25,1.0,activity_normalized,mixed_context,0.515,0.255,0.5333,0.5198,0.485,0.06,0.04,,103201,120301,140301,7.844350169428083e-13
3,0.4,0.25,1.0,counterfactual_fraction,single_intensity,0.485,0.24,0.5177,0.5177,0.485,0.01,0.02,,103201,120301,140301,7.844350169428083e-13
3,0.4,0.25,1.0,counterfactual_fraction,mixed_global,0.5,0.24,0.5177,0.5177,0.485,0.02,0.03,,103201,120301,140301,7.844350169428083e-13
3,0.4,0.25,1.0,counterfactual_fraction,mixed_context,0.495,0.245,0.5177,0.5027,0.485,0.01,0.01,,103201,120301,140301,7.844350169428083e-13
3,0.4,0.5,0.0,raw,single_intensity,0.505,0.49,0.6219,0.6219,0.97,0.97,0.96,,103201,120301,140301,1.248189052116544e-12
3,0.4,0.5,0.0,raw,mixed_global,0.505,0.49,0.6219,0.6219,0.97,0.97,0.96,,103201,120301,140301,1.248189052116544e-12
3,0.4,0.5,0.0,raw,mixed_context,0.5,0.48,0.6219,0.5222,0.97,0.37,0.38,,103201,120301,140301,1.248189052116544e-12
3,0.4,0.5,0.0,activity_normalized,single_intensity,0.53,0.51,0.5693,0.5693,0.97,0.59,0.54,,103201,120301,140301,1.248189052116544e-12
3,0.4,0.5,0.0,activity_normalized,mixed_global,0.56,0.54,0.5693,0.5693,0.97,0.57,0.46,,103201,120301,140301,1.248189052116544e-12
3,0.4,0.5,0.0,activity_normalized,mixed_context,0.545,0.525,0.5693,0.5612,0.97,0.44,0.36,,103201,120301,140301,1.248189052116544e-12
3,0.4,0.5,0.0,counterfactual_fraction,single_intensity,0.5,0.485,0.5,0.5,0.97,0.0,0.0,,103201,120301,140301,1.248189052116544e-12
3,0.4,0.5,0.0,counterfactual_fraction,mixed_global,0.5,0.485,0.5,0.5,0.97,0.0,0.0,,103201,120301,140301,1.248189052116544e-12
3,0.4,0.5,0.0,counterfactual_fraction,mixed_context,0.47,0.45,0.5,0.47,0.97,0.2,0.27,,103201,120301,140301,1.248189052116544e-12
3,0.4,0.5,1.0,raw,single_intensity,0.55,0.535,0.6543,0.6543,0.97,0.88,0.78,,103201,120301,140301,1.248189052116544e-12
3,0.4,0.5,1.0,raw,mixed_global,0.55,0.535,0.6543,0.6543,0.97,0.88,0.78,,103201,120301,140301,1.248189052116544e-12
3,0.4,0.5,1.0,raw,mixed_context,0.58,0.56,0.6543,0.6169,0.97,0.42,0.27,,103201,120301,140301,1.248189052116544e-12
3,0.4,0.5,1.0,activity_normalized,single_intensity,0.54,0.525,0.6375,0.6375,0.97,0.24,0.16,,103201,120301,140301,1.248189052116544e-12
3,0.4,0.5,1.0,activity_normalized,mixed_global,0.57,0.55,0.6375,0.6375,0.97,0.37,0.24,,103201,120301,140301,1.248189052116544e-12
3,0.4,0.5,1.0,activity_normalized,mixed_context,0.565,0.545,0.6375,0.6386,0.97,0.37,0.25,,103201,120301,140301,1.248189052116544e-12
3,0.4,0.5,1.0,counterfactual_fraction,single_intensity,0.575,0.555,0.6103,0.6103,0.97,0.28,0.14,,103201,120301,140301,1.248189052116544e-12
3,0.4,0.5,1.0,counterfactual_fraction,mixed_global,0.58,0.56,0.6103,0.6103,0.97,0.33,0.18,,103201,120301,140301,1.248189052116544e-12
3,0.4,0.5,1.0,counterfactual_fraction,mixed_context,0.55,0.53,0.6103,0.6027,0.97,0.21,0.12,,103201,120301,140301,1.248189052116544e-12
3,0.4,1.0,0.0,raw,single_intensity,0.625,0.625,0.7086,0.7086,1.0,0.81,0.56,,103201,120301,140301,2.6910973449645326e-12
3,0.4,1.0,0.0,raw,mixed_global,0.64,0.64,0.7086,0.7086,1.0,0.81,0.53,,103201,120301,140301,2.6910973449645326e-12
3,0.4,1.0,0.0,raw,mixed_context,0.64,0.64,0.7086,0.7086,1.0,0.81,0.53,,103201,120301,140301,2.6910973449645326e-12
3,0.4,1.0,0.0,activity_normalized,single_intensity,0.575,0.575,0.6563,0.6563,1.0,0.67,0.52,,103201,120301,140301,2.6910973449645326e-12
3,0.4,1.0,0.0,activity_normalized,mixed_global,0.6,0.6,0.6563,0.6563,1.0,0.61,0.41,,103201,120301,140301,2.6910973449645326e-12
3,0.4,1.0,0.0,activity_normalized,mixed_context,0.625,0.625,0.6563,0.6563,1.0,0.58,0.33,,103201,120301,140301,2.6910973449645326e-12
3,0.4,1.0,0.0,counterfactual_fraction,single_intensity,0.5,0.5,0.5,0.5,1.0,0.0,0.0,,103201,120301,140301,2.6910973449645326e-12
3,0.4,1.0,0.0,counterfactual_fraction,mixed_global,0.5,0.5,0.5,0.5,1.0,0.0,0.0,,103201,120301,140301,2.6910973449645326e-12
3,0.4,1.0,0.0,counterfactual_fraction,mixed_context,0.5,0.5,0.5,0.5,1.0,1.0,1.0,,103201,120301,140301,2.6910973449645326e-12
3,0.4,1.0,1.0,raw,single_intensity,0.725,0.725,0.8462,0.8462,1.0,0.89,0.44,,103201,120301,140301,2.6910973449645326e-12
3,0.4,1.0,1.0,raw,mixed_global,0.725,0.725,0.8462,0.8462,1.0,0.89,0.44,,103201,120301,140301,2.6910973449645326e-12
3,0.4,1.0,1.0,raw,mixed_context,0.745,0.745,0.8462,0.8462,1.0,0.87,0.38,,103201,120301,140301,2.6910973449645326e-12
3,0.4,1.0,1.0,activity_normalized,single_intensity,0.8,0.8,0.8696,0.8696,1.0,0.77,0.17,,103201,120301,140301,2.6910973449645326e-12
3,0.4,1.0,1.0,activity_normalized,mixed_global,0.745,0.745,0.8696,0.8696,1.0,0.89,0.4,,103201,120301,140301,2.6910973449645326e-12
3,0.4,1.0,1.0,activity_normalized,mixed_context,0.75,0.75,0.8696,0.8696,1.0,0.91,0.41,,103201,120301,140301,2.6910973449645326e-12
3,0.4,1.0,1.0,counterfactual_fraction,single_intensity,0.77,0.77,0.8547,0.8547,1.0,0.81,0.27,,103201,120301,140301,2.6910973449645326e-12
3,0.4,1.0,1.0,counterfactual_fraction,mixed_global,0.76,0.76,0.8547,0.8547,1.0,0.86,0.34,,103201,120301,140301,2.6910973449645326e-12
3,0.4,1.0,1.0,counterfactual_fraction,mixed_context,0.755,0.755,0.8547,0.8547,1.0,0.88,0.37,,103201,120301,140301,2.6910973449645326e-12
4,0.1,0.0,0.0,raw,single_intensity,,,,,0.015,,,0.015,104200,120400,140400,2.642099050393504e-16
4,0.1,0.0,0.0,raw,mixed_global,,,,,0.015,,,0.015,104200,120400,140400,2.642099050393504e-16
4,0.1,0.0,0.0,raw,mixed_context,,,,,0.015,,,0.015,104200,120400,140400,2.642099050393504e-16
4,0.1,0.0,0.0,activity_normalized,single_intensity,,,,,0.015,,,0.015,104200,120400,140400,2.642099050393504e-16
4,0.1,0.0,0.0,activity_normalized,mixed_global,,,,,0.015,,,0.015,104200,120400,140400,2.642099050393504e-16
4,0.1,0.0,0.0,activity_normalized,mixed_context,,,,,0.015,,,0.015,104200,120400,140400,2.642099050393504e-16
4,0.1,0.0,0.0,counterfactual_fraction,single_intensity,,,,,0.015,,,0.0,104200,120400,140400,2.642099050393504e-16
4,0.1,0.0,0.0,counterfactual_fraction,mixed_global,,,,,0.015,,,0.0,104200,120400,140400,2.642099050393504e-16
4,0.1,0.0,0.0,counterfactual_fraction,mixed_context,,,,,0.015,,,0.0,104200,120400,140400,2.642099050393504e-16
4,0.1,0.0,1.0,raw,single_intensity,,,,,0.015,,,0.015,104200,120400,140400,2.642099050393504e-16
4,0.1,0.0,1.0,raw,mixed_global,,,,,0.015,,,0.015,104200,120400,140400,2.642099050393504e-16
4,0.1,0.0,1.0,raw,mixed_context,,,,,0.015,,,0.015,104200,120400,140400,2.642099050393504e-16
4,0.1,0.0,1.0,activity_normalized,single_intensity,,,,,0.015,,,0.015,104200,120400,140400,2.642099050393504e-16
4,0.1,0.0,1.0,activity_normalized,mixed_global,,,,,0.015,,,0.015,104200,120400,140400,2.642099050393504e-16
4,0.1,0.0,1.0,activity_normalized,mixed_context,,,,,0.015,,,0.015,104200,120400,140400,2.642099050393504e-16
4,0.1,0.0,1.0,counterfactual_fraction,single_intensity,,,,,0.015,,,0.0,104200,120400,140400,2.642099050393504e-16
4,0.1,0.0,1.0,counterfactual_fraction,mixed_global,,,,,0.015,,,0.0,104200,120400,140400,2.642099050393504e-16
4,0.1,0.0,1.0,counterfactual_fraction,mixed_context,,,,,0.015,,,0.0,104200,120400,140400,2.642099050393504e-16
4,0.1,0.1,0.0,raw,single_intensity,0.5,0.435,0.49995,0.49995,0.84,0.87,0.81,,104200,120400,140400,5.988861750266805e-16
4,0.1,0.1,0.0,raw,mixed_global,0.5,0.435,0.49995,0.49995,0.84,0.87,0.81,,104200,120400,140400,5.988861750266805e-16
4,0.1,0.1,0.0,raw,mixed_context,0.5,0.435,0.49995,0.49995,0.84,0.87,0.81,,104200,120400,140400,5.988861750266805e-16
4,0.1,0.1,0.0,activity_normalized,single_intensity,0.495,0.43,0.49975,0.49975,0.84,0.85,0.8,,104200,120400,140400,5.988861750266805e-16
4,0.1,0.1,0.0,activity_normalized,mixed_global,0.495,0.43,0.49975,0.49975,0.84,0.85,0.8,,104200,120400,140400,5.988861750266805e-16
4,0.1,0.1,0.0,activity_normalized,mixed_context,0.495,0.43,0.49975,0.49975,0.84,0.85,0.8,,104200,120400,140400,5.988861750266805e-16
4,0.1,0.1,0.0,counterfactual_fraction,single_intensity,0.5,0.405,0.5,0.5,0.84,0.0,0.0,,104200,120400,140400,5.988861750266805e-16
4,0.1,0.1,0.0,counterfactual_fraction,mixed_global,0.5,0.405,0.5,0.5,0.84,0.0,0.0,,104200,120400,140400,5.988861750266805e-16
4,0.1,0.1,0.0,counterfactual_fraction,mixed_context,0.5,0.405,0.5,0.5,0.84,0.0,0.0,,104200,120400,140400,5.988861750266805e-16
4,0.1,0.1,1.0,raw,single_intensity,0.5,0.435,0.50005,0.50005,0.84,0.87,0.81,,104200,120400,140400,5.988861750266805e-16
4,0.1,0.1,1.0,raw,mixed_global,0.5,0.435,0.50005,0.50005,0.84,0.87,0.81,,104200,120400,140400,5.988861750266805e-16
4,0.1,0.1,1.0,raw,mixed_context,0.5,0.435,0.50005,0.50005,0.84,0.87,0.81,,104200,120400,140400,5.988861750266805e-16
4,0.1,0.1,1.0,activity_normalized,single_intensity,0.5,0.435,0.4999,0.4999,0.84,0.87,0.81,,104200,120400,140400,5.988861750266805e-16
4,0.1,0.1,1.0,activity_normalized,mixed_global,0.5,0.435,0.4999,0.4999,0.84,0.87,0.81,,104200,120400,140400,5.988861750266805e-16
4,0.1,0.1,1.0,activity_normalized,mixed_context,0.5,0.435,0.4999,0.4999,0.84,0.87,0.81,,104200,120400,140400,5.988861750266805e-16
4,0.1,0.1,1.0,counterfactual_fraction,single_intensity,0.5,0.405,0.50015,0.50015,0.84,0.03,0.03,,104200,120400,140400,5.988861750266805e-16
4,0.1,0.1,1.0,counterfactual_fraction,mixed_global,0.5,0.405,0.50015,0.50015,0.84,0.03,0.03,,104200,120400,140400,5.988861750266805e-16
4,0.1,0.1,1.0,counterfactual_fraction,mixed_context,0.5,0.405,0.50015,0.50015,0.84,0.03,0.03,,104200,120400,140400,5.988861750266805e-16
4,0.1,0.25,0.0,raw,single_intensity,0.5,0.5,0.52405,0.52405,1.0,1.0,1.0,,104200,120400,140400,1.4365461944998437e-14
4,0.1,0.25,0.0,raw,mixed_global,0.525,0.525,0.52405,0.52405,1.0,0.92,0.87,,104200,120400,140400,1.4365461944998437e-14
4,0.1,0.25,0.0,raw,mixed_context,0.53,0.53,0.52405,0.51565,1.0,0.47,0.41,,104200,120400,140400,1.4365461944998437e-14
4,0.1,0.25,0.0,activity_normalized,single_intensity,0.555,0.555,0.5526,0.5526,1.0,0.75,0.64,,104200,120400,140400,1.4365461944998437e-14
4,0.1,0.25,0.0,activity_normalized,mixed_global,0.52,0.52,0.5526,0.5526,1.0,0.56,0.52,,104200,120400,140400,1.4365461944998437e-14
4,0.1,0.25,0.0,activity_normalized,mixed_context,0.555,0.555,0.5526,0.5692,1.0,0.81,0.7,,104200,120400,140400,1.4365461944998437e-14
4,0.1,0.25,0.0,counterfactual_fraction,single_intensity,0.5,0.5,0.5,0.5,1.0,0.0,0.0,,104200,120400,140400,1.4365461944998437e-14
4,0.1,0.25,0.0,counterfactual_fraction,mixed_global,0.5,0.5,0.5,0.5,1.0,0.0,0.0,,104200,120400,140400,1.4365461944998437e-14
4,0.1,0.25,0.0,counterfactual_fraction,mixed_context,0.515,0.515,0.5,0.515,1.0,0.64,0.61,,104200,120400,140400,1.4365461944998437e-14
4,0.1,0.25,1.0,raw,single_intensity,0.5,0.5,0.51345,0.51345,1.0,1.0,1.0,,104200,120400,140400,1.4365461944998437e-14
4,0.1,0.25,1.0,raw,mixed_global,0.5,0.5,0.51345,0.51345,1.0,1.0,1.0,,104200,120400,140400,1.4365461944998437e-14
4,0.1,0.25,1.0,raw,mixed_context,0.52,0.52,0.51345,0.53905,1.0,0.9,0.86,,104200,120400,140400,1.4365461944998437e-14
4,0.1,0.25,1.0,activity_normalized,single_intensity,0.505,0.505,0.52435,0.52435,1.0,1.0,0.99,,104200,120400,140400,1.4365461944998437e-14
4,0.1,0.25,1.0,activity_normalized,mixed_global,0.505,0.505,0.52435,0.52435,1.0,1.0,0.99,,104200,120400,140400,1.4365461944998437e-14
4,0.1,0.25,1.0,activity_normalized,mixed_context,0.52,0.52,0.52435,0.55015,1.0,0.87,0.83,,104200,120400,140400,1.4365461944998437e-14
4,0.1,0.25,1.0,counterfactual_fraction,single_intensity,0.505,0.505,0.4928,0.4928,1.0,0.85,0.84,,104200,120400,140400,1.4365461944998437e-14
4,0.1,0.25,1.0,counterfactual_fraction,mixed_global,0.505,0.505,0.4928,0.4928,1.0,0.85,0.84,,104200,120400,140400,1.4365461944998437e-14
4,0.1,0.25,1.0,counterfactual_fraction,mixed_context,0.515,0.515,0.4928,0.51885,1.0,0.74,0.71,,104200,120400,140400,1.4365461944998437e-14
4,0.1,0.5,0.0,raw,single_intensity,0.5,0.5,0.3892,0.3892,1.0,1.0,1.0,,104200,120400,140400,1.9065478362723098e-13
4,0.1,0.5,0.0,raw,mixed_global,0.5,0.5,0.3892,0.3892,1.0,0.0,0.0,,104200,120400,140400,1.9065478362723098e-13
4,0.1,0.5,0.0,raw,mixed_context,0.5,0.5,0.3892,0.403,1.0,0.0,0.0,,104200,120400,140400,1.9065478362723098e-13
4,0.1,0.5,0.0,activity_normalized,single_intensity,0.27,0.27,0.1821,0.1821,1.0,0.1,0.56,,104200,120400,140400,1.9065478362723098e-13
4,0.1,0.5,0.0,activity_normalized,mixed_global,0.5,0.5,0.1821,0.1821,1.0,0.0,0.0,,104200,120400,140400,1.9065478362723098e-13
4,0.1,0.5,0.0,activity_normalized,mixed_context,0.465,0.465,0.1821,0.3076,1.0,0.64,0.71,,104200,120400,140400,1.9065478362723098e-13
4,0.1,0.5,0.0,counterfactual_fraction,single_intensity,0.5,0.5,0.5,0.5,1.0,0.0,0.0,,104200,120400,140400,1.9065478362723098e-13
4,0.1,0.5,0.0,counterfactual_fraction,mixed_global,0.5,0.5,0.5,0.5,1.0,0.0,0.0,,104200,120400,140400,1.9065478362723098e-13
4,0.1,0.5,0.0,counterfactual_fraction,mixed_context,0.495,0.495,0.5,0.495,1.0,0.7,0.71,,104200,120400,140400,1.9065478362723098e-13
4,0.1,0.5,1.0,raw,single_intensity,0.5,0.5,0.75,0.75,1.0,1.0,1.0,,104200,120400,140400,1.9065478362723098e-13
4,0.1,0.5,1.0,raw,mixed_global,0.5,0.5,0.75,0.75,1.0,1.0,1.0,,104200,120400,140400,1.9065478362723098e-13
4,0.1,0.5,1.0,raw,mixed_context,0.615,0.615,0.75,0.6506,1.0,0.78,0.55,,104200,120400,140400,1.9065478362723098e-13
4,0.1,0.5,1.0,activity_normalized,single_intensity,0.51,0.51,0.7618,0.7618,1.0,1.0,0.98,,104200,120400,140400,1.9065478362723098e-13
4,0.1,0.5,1.0,activity_normalized,mixed_global,0.51,0.51,0.7618,0.7618,1.0,1.0,0.98,,104200,120400,140400,1.9065478362723098e-13
4,0.1,0.5,1.0,activity_normalized,mixed_context,0.635,0.635,0.7618,0.656,1.0,0.89,0.62,,104200,120400,140400,1.9065478362723098e-13
4,0.1,0.5,1.0,counterfactual_fraction,single_intensity,0.51,0.51,0.7798,0.7798,1.0,1.0,0.98,,104200,120400,140400,1.9065478362723098e-13
4,0.1,0.5,1.0,counterfactual_fraction,mixed_global,0.51,0.51,0.7798,0.7798,1.0,1.0,0.98,,104200,120400,140400,1.9065478362723098e-13
4,0.1,0.5,1.0,counterfactual_fraction,mixed_context,0.635,0.635,0.7798,0.6668,1.0,0.83,0.56,,104200,120400,140400,1.9065478362723098e-13
4,0.1,1.0,0.0,raw,single_intensity,0.5,0.5,0.2513,0.2513,1.0,0.0,0.0,,104200,120400,140400,1.694408502395106e-12
4,0.1,1.0,0.0,raw,mixed_global,0.5,0.5,0.2513,0.2513,1.0,0.0,0.0,,104200,120400,140400,1.694408502395106e-12
4,0.1,1.0,0.0,raw,mixed_context,0.5,0.5,0.2513,0.2513,1.0,0.0,0.0,,104200,120400,140400,1.694408502395106e-12
4,0.1,1.0,0.0,activity_normalized,single_intensity,0.49,0.49,0.0168,0.0168,1.0,0.0,0.02,,104200,120400,140400,1.694408502395106e-12
4,0.1,1.0,0.0,activity_normalized,mixed_global,0.5,0.5,0.0168,0.0168,1.0,0.0,0.0,,104200,120400,140400,1.694408502395106e-12
4,0.1,1.0,0.0,activity_normalized,mixed_context,0.5,0.5,0.0168,0.0168,1.0,0.0,0.0,,104200,120400,140400,1.694408502395106e-12
4,0.1,1.0,0.0,counterfactual_fraction,single_intensity,0.5,0.5,0.5,0.5,1.0,0.0,0.0,,104200,120400,140400,1.694408502395106e-12
4,0.1,1.0,0.0,counterfactual_fraction,mixed_global,0.5,0.5,0.5,0.5,1.0,0.0,0.0,,104200,120400,140400,1.694408502395106e-12
4,0.1,1.0,0.0,counterfactual_fraction,mixed_context,0.5,0.5,0.5,0.5,1.0,0.0,0.0,,104200,120400,140400,1.694408502395106e-12
4,0.1,1.0,1.0,raw,single_intensity,0.885,0.885,0.9393,0.9393,1.0,0.85,0.08,,104200,120400,140400,1.694408502395106e-12
4,0.1,1.0,1.0,raw,mixed_global,0.87,0.87,0.9393,0.9393,1.0,0.87,0.13,,104200,120400,140400,1.694408502395106e-12
4,0.1,1.0,1.0,raw,mixed_context,0.87,0.87,0.9393,0.9393,1.0,0.87,0.13,,104200,120400,140400,1.694408502395106e-12
4,0.1,1.0,1.0,activity_normalized,single_intensity,0.9,0.9,0.9549,0.9549,1.0,0.89,0.09,,104200,120400,140400,1.694408502395106e-12
4,0.1,1.0,1.0,activity_normalized,mixed_global,0.89,0.89,0.9549,0.9549,1.0,0.9,0.12,,104200,120400,140400,1.694408502395106e-12
4,0.1,1.0,1.0,activity_normalized,mixed_context,0.89,0.89,0.9549,0.9549,1.0,0.9,0.12,,104200,120400,140400,1.694408502395106e-12
4,0.1,1.0,1.0,counterfactual_fraction,single_intensity,0.925,0.925,0.9773,0.9773,1.0,0.91,0.06,,104200,120400,140400,1.694408502395106e-12
4,0.1,1.0,1.0,counterfactual_fraction,mixed_global,0.91,0.91,0.9773,0.9773,1.0,0.92,0.1,,104200,120400,140400,1.694408502395106e-12
4,0.1,1.0,1.0,counterfactual_fraction,mixed_context,0.91,0.91,0.9773,0.9773,1.0,0.92,0.1,,104200,120400,140400,1.694408502395106e-12
4,0.4,0.0,0.0,raw,single_intensity,,,,,0.03,,,0.03,104201,120401,140401,7.642081412129187e-13
4,0.4,0.0,0.0,raw,mixed_global,,,,,0.03,,,0.005,104201,120401,140401,7.642081412129187e-13
4,0.4,0.0,0.0,raw,mixed_context,,,,,0.03,,,0.01,104201,120401,140401,7.642081412129187e-13
4,0.4,0.0,0.0,activity_normalized,single_intensity,,,,,0.03,,,0.015,104201,120401,140401,7.642081412129187e-13
4,0.4,0.0,0.0,activity_normalized,mixed_global,,,,,0.03,,,0.02,104201,120401,140401,7.642081412129187e-13
4,0.4,0.0,0.0,activity_normalized,mixed_context,,,,,0.03,,,0.015,104201,120401,140401,7.642081412129187e-13
4,0.4,0.0,0.0,counterfactual_fraction,single_intensity,,,,,0.03,,,0.0,104201,120401,140401,7.642081412129187e-13
4,0.4,0.0,0.0,counterfactual_fraction,mixed_global,,,,,0.03,,,0.0,104201,120401,140401,7.642081412129187e-13
4,0.4,0.0,0.0,counterfactual_fraction,mixed_context,,,,,0.03,,,0.0,104201,120401,140401,7.642081412129187e-13
4,0.4,0.0,1.0,raw,single_intensity,,,,,0.03,,,0.015,104201,120401,140401,7.642081412129187e-13
4,0.4,0.0,1.0,raw,mixed_global,,,,,0.03,,,0.01,104201,120401,140401,7.642081412129187e-13
4,0.4,0.0,1.0,raw,mixed_context,,,,,0.03,,,0.005,104201,120401,140401,7.642081412129187e-13
4,0.4,0.0,1.0,activity_normalized,single_intensity,,,,,0.03,,,0.0,104201,120401,140401,7.642081412129187e-13
4,0.4,0.0,1.0,activity_normalized,mixed_global,,,,,0.03,,,0.0,104201,120401,140401,7.642081412129187e-13
4,0.4,0.0,1.0,activity_normalized,mixed_context,,,,,0.03,,,0.0,104201,120401,140401,7.642081412129187e-13
4,0.4,0.0,1.0,counterfactual_fraction,single_intensity,,,,,0.03,,,0.0,104201,120401,140401,7.642081412129187e-13
4,0.4,0.0,1.0,counterfactual_fraction,mixed_global,,,,,0.03,,,0.0,104201,120401,140401,7.642081412129187e-13
4,0.4,0.0,1.0,counterfactual_fraction,mixed_context,,,,,0.03,,,0.0,104201,120401,140401,7.642081412129187e-13
4,0.4,0.1,0.0,raw,single_intensity,0.5,0.07,0.4514,0.4514,0.15,0.14,0.16,,104201,120401,140401,7.192059447991284e-13
4,0.4,0.1,0.0,raw,mixed_global,0.48,0.095,0.4514,0.4514,0.15,0.09,0.06,,104201,120401,140401,7.192059447991284e-13
4,0.4,0.1,0.0,raw,mixed_context,0.5,0.085,0.4514,0.446,0.15,0.09,0.08,,104201,120401,140401,7.192059447991284e-13
4,0.4,0.1,0.0,activity_normalized,single_intensity,0.55,0.08,0.5764,0.5764,0.15,0.07,0.07,,104201,120401,140401,7.192059447991284e-13
4,0.4,0.1,0.0,activity_normalized,mixed_global,0.56,0.095,0.5764,0.5764,0.15,0.11,0.08,,104201,120401,140401,7.192059447991284e-13
4,0.4,0.1,0.0,activity_normalized,mixed_context,0.51,0.08,0.5764,0.5686,0.15,0.03,0.03,,104201,120401,140401,7.192059447991284e-13
4,0.4,0.1,0.0,counterfactual_fraction,single_intensity,0.5,0.08,0.5,0.5,0.15,0.0,0.0,,104201,120401,140401,7.192059447991284e-13
4,0.4,0.1,0.0,counterfactual_fraction,mixed_global,0.5,0.08,0.5,0.5,0.15,0.0,0.0,,104201,120401,140401,7.192059447991284e-13
4,0.4,0.1,0.0,counterfactual_fraction,mixed_context,0.5,0.08,0.5,0.5,0.15,0.0,0.0,,104201,120401,140401,7.192059447991284e-13
4,0.4,0.1,1.0,raw,single_intensity,0.47,0.075,0.4948,0.4948,0.15,0.09,0.1,,104201,120401,140401,7.192059447991284e-13
4,0.4,0.1,1.0,raw,mixed_global,0.48,0.075,0.4948,0.4948,0.15,0.09,0.1,,104201,120401,140401,7.192059447991284e-13
4,0.4,0.1,1.0,raw,mixed_context,0.51,0.075,0.4948,0.491,0.15,0.05,0.06,,104201,120401,140401,7.192059447991284e-13
4,0.4,0.1,1.0,activity_normalized,single_intensity,0.485,0.08,0.5544,0.5544,0.15,0.0,0.0,,104201,120401,140401,7.192059447991284e-13
4,0.4,0.1,1.0,activity_normalized,mixed_global,0.485,0.08,0.5544,0.5544,0.15,0.0,0.0,,104201,120401,140401,7.192059447991284e-13
4,0.4,0.1,1.0,activity_normalized,mixed_context,0.53,0.09,0.5544,0.5573,0.15,0.03,0.01,,104201,120401,140401,7.192059447991284e-13
4,0.4,0.1,1.0,counterfactual_fraction,single_intensity,0.48,0.08,0.515,0.515,0.15,0.0,0.0,,104201,120401,140401,7.192059447991284e-13
4,0.4,0.1,1.0,counterfactual_fraction,mixed_global,0.485,0.08,0.515,0.515,0.15,0.0,0.0,,104201,120401,140401,7.192059447991284e-13
4,0.4,0.1,1.0,counterfactual_fraction,mixed_context,0.515,0.09,0.515,0.5192,0.15,0.04,0.02,,104201,120401,140401,7.192059447991284e-13
4,0.4,0.25,0.0,raw,single_intensity,0.5,0.22,0.4491,0.4491,0.49,0.44,0.54,,104201,120401,140401,8.241324289670615e-13
4,0.4,0.25,0.0,raw,mixed_global,0.43,0.195,0.4491,0.4491,0.49,0.14,0.29,,104201,120401,140401,8.241324289670615e-13
4,0.4,0.25,0.0,raw,mixed_context,0.425,0.2,0.4491,0.4126,0.49,0.17,0.31,,104201,120401,140401,8.241324289670615e-13
4,0.4,0.25,0.0,activity_normalized,single_intensity,0.555,0.285,0.588,0.588,0.49,0.21,0.18,,104201,120401,140401,8.241324289670615e-13
4,0.4,0.25,0.0,activity_normalized,mixed_global,0.59,0.3,0.588,0.588,0.49,0.32,0.26,,104201,120401,140401,8.241324289670615e-13
4,0.4,0.25,0.0,activity_normalized,mixed_context,0.5,0.265,0.588,0.5452,0.49,0.1,0.11,,104201,120401,140401,8.241324289670615e-13
4,0.4,0.25,0.0,counterfactual_fraction,single_intensity,0.5,0.27,0.5,0.5,0.49,0.0,0.0,,104201,120401,140401,8.241324289670615e-13
4,0.4,0.25,0.0,counterfactual_fraction,mixed_global,0.5,0.27,0.5,0.5,0.49,0.0,0.0,,104201,120401,140401,8.241324289670615e-13
4,0.4,0.25,0.0,counterfactual_fraction,mixed_context,0.5,0.27,0.5,0.5,0.49,0.0,0.0,,104201,120401,140401,8.241324289670615e-13
4,0.4,0.25,1.0,raw,single_intensity,0.485,0.22,0.5168,0.5168,0.49,0.31,0.41,,104201,120401,140401,8.241324289670615e-13
4,0.4,0.25,1.0,raw,mixed_global,0.5,0.24,0.5168,0.5168,0.49,0.31,0.37,,104201,120401,140401,8.241324289670615e-13
4,0.4,0.25,1.0,raw,mixed_context,0.52,0.28,0.5168,0.5002,0.49,0.19,0.17,,104201,120401,140401,8.241324289670615e-13
4,0.4,0.25,1.0,activity_normalized,single_intensity,0.51,0.285,0.5818,0.5818,0.49,0.04,0.01,,104201,120401,140401,8.241324289670615e-13
4,0.4,0.25,1.0,activity_normalized,mixed_global,0.51,0.285,0.5818,0.5818,0.49,0.04,0.01,,104201,120401,140401,8.241324289670615e-13
4,0.4,0.25,1.0,activity_normalized,mixed_context,0.54,0.29,0.5818,0.5955,0.49,0.1,0.06,,104201,120401,140401,8.241324289670615e-13
4,0.4,0.25,1.0,counterfactual_fraction,single_intensity,0.505,0.285,0.5437,0.5437,0.49,0.04,0.01,,104201,120401,140401,8.241324289670615e-13
4,0.4,0.25,1.0,counterfactual_fraction,mixed_global,0.5,0.28,0.5437,0.5437,0.49,0.03,0.01,,104201,120401,140401,8.241324289670615e-13
4,0.4,0.25,1.0,counterfactual_fraction,mixed_context,0.54,0.29,0.5437,0.5586,0.49,0.12,0.08,,104201,120401,140401,8.241324289670615e-13
4,0.4,0.5,0.0,raw,single_intensity,0.505,0.475,0.4561,0.4561,0.97,0.94,0.99,,104201,120401,140401,1.6251722190219198e-12
4,0.4,0.5,0.0,raw,mixed_global,0.52,0.505,0.4561,0.4561,0.97,0.12,0.11,,104201,120401,140401,1.6251722190219198e-12
4,0.4,0.5,0.0,raw,mixed_context,0.465,0.465,0.4561,0.4326,0.97,0.42,0.49,,104201,120401,140401,1.6251722190219198e-12
4,0.4,0.5,0.0,activity_normalized,single_intensity,0.57,0.555,0.5964,0.5964,0.97,0.5,0.39,,104201,120401,140401,1.6251722190219198e-12
4,0.4,0.5,0.0,activity_normalized,mixed_global,0.6,0.585,0.5964,0.5964,0.97,0.72,0.55,,104201,120401,140401,1.6251722190219198e-12
4,0.4,0.5,0.0,activity_normalized,mixed_context,0.52,0.52,0.5964,0.5426,0.97,0.4,0.36,,104201,120401,140401,1.6251722190219198e-12
4,0.4,0.5,0.0,counterfactual_fraction,single_intensity,0.5,0.5,0.5,0.5,0.97,0.0,0.0,,104201,120401,140401,1.6251722190219198e-12
4,0.4,0.5,0.0,counterfactual_fraction,mixed_global,0.5,0.5,0.5,0.5,0.97,0.0,0.0,,104201,120401,140401,1.6251722190219198e-12
4,0.4,0.5,0.0,counterfactual_fraction,mixed_context,0.47,0.47,0.5,0.47,0.97,0.29,0.35,,104201,120401,140401,1.6251722190219198e-12
4,0.4,0.5,1.0,raw,single_intensity,0.545,0.52,0.5722,0.5722,0.97,0.77,0.73,,104201,120401,140401,1.6251722190219198e-12
4,0.4,0.5,1.0,raw,mixed_global,0.54,0.515,0.5722,0.5722,0.97,0.74,0.71,,104201,120401,140401,1.6251722190219198e-12
4,0.4,0.5,1.0,raw,mixed_context,0.555,0.53,0.5722,0.5459,0.97,0.6,0.54,,104201,120401,140401,1.6251722190219198e-12
4,0.4,0.5,1.0,activity_normalized,single_intensity,0.55,0.535,0.6354,0.6354,0.97,0.2,0.13,,104201,120401,140401,1.6251722190219198e-12
4,0.4,0.5,1.0,activity_normalized,mixed_global,0.55,0.535,0.6354,0.6354,0.97,0.2,0.13,,104201,120401,140401,1.6251722190219198e-12
4,0.4,0.5,1.0,activity_normalized,mixed_context,0.58,0.55,0.6354,0.6411,0.97,0.43,0.33,,104201,120401,140401,1.6251722190219198e-12
4,0.4,0.5,1.0,counterfactual_fraction,single_intensity,0.545,0.54,0.6188,0.6188,0.97,0.18,0.1,,104201,120401,140401,1.6251722190219198e-12
4,0.4,0.5,1.0,counterfactual_fraction,mixed_global,0.545,0.54,0.6188,0.6188,0.97,0.17,0.09,,104201,120401,140401,1.6251722190219198e-12
4,0.4,0.5,1.0,counterfactual_fraction,mixed_context,0.57,0.545,0.6188,0.6147,0.97,0.47,0.38,,104201,120401,140401,1.6251722190219198e-12
4,0.4,1.0,0.0,raw,single_intensity,0.515,0.515,0.5131,0.5131,1.0,0.27,0.24,,104201,120401,140401,3.381045443617836e-12
4,0.4,1.0,0.0,raw,mixed_global,0.5,0.5,0.5131,0.5131,1.0,0.0,0.0,,104201,120401,140401,3.381045443617836e-12
4,0.4,1.0,0.0,raw,mixed_context,0.505,0.505,0.5131,0.5131,1.0,0.79,0.78,,104201,120401,140401,3.381045443617836e-12
4,0.4,1.0,0.0,activity_normalized,single_intensity,0.62,0.62,0.6825,0.6825,1.0,0.5,0.26,,104201,120401,140401,3.381045443617836e-12
4,0.4,1.0,0.0,activity_normalized,mixed_global,0.635,0.635,0.6825,0.6825,1.0,0.83,0.56,,104201,120401,140401,3.381045443617836e-12
4,0.4,1.0,0.0,activity_normalized,mixed_context,0.635,0.635,0.6825,0.6825,1.0,0.83,0.56,,104201,120401,140401,3.381045443617836e-12
4,0.4,1.0,0.0,counterfactual_fraction,single_intensity,0.5,0.5,0.5,0.5,1.0,0.0,0.0,,104201,120401,140401,3.381045443617836e-12
4,0.4,1.0,0.0,counterfactual_fraction,mixed_global,0.5,0.5,0.5,0.5,1.0,0.0,0.0,,104201,120401,140401,3.381045443617836e-12
4,0.4,1.0,0.0,counterfactual_fraction,mixed_context,0.5,0.5,0.5,0.5,1.0,1.0,1.0,,104201,120401,140401,3.381045443617836e-12
4,0.4,1.0,1.0,raw,single_intensity,0.66,0.66,0.7301,0.7301,1.0,0.66,0.34,,104201,120401,140401,3.381045443617836e-12
4,0.4,1.0,1.0,raw,mixed_global,0.64,0.64,0.7301,0.7301,1.0,0.6,0.32,,104201,120401,140401,3.381045443617836e-12
4,0.4,1.0,1.0,raw,mixed_context,0.65,0.65,0.7301,0.7301,1.0,0.63,0.33,,104201,120401,140401,3.381045443617836e-12
4,0.4,1.0,1.0,activity_normalized,single_intensity,0.71,0.71,0.7907,0.7907,1.0,0.71,0.29,,104201,120401,140401,3.381045443617836e-12
4,0.4,1.0,1.0,activity_normalized,mixed_global,0.71,0.71,0.7907,0.7907,1.0,0.71,0.29,,104201,120401,140401,3.381045443617836e-12
4,0.4,1.0,1.0,activity_normalized,mixed_context,0.705,0.705,0.7907,0.7907,1.0,0.68,0.27,,104201,120401,140401,3.381045443617836e-12
4,0.4,1.0,1.0,counterfactual_fraction,single_intensity,0.73,0.73,0.7795,0.7795,1.0,0.73,0.27,,104201,120401,140401,3.381045443617836e-12
4,0.4,1.0,1.0,counterfactual_fraction,mixed_global,0.715,0.715,0.7795,0.7795,1.0,0.67,0.24,,104201,120401,140401,3.381045443617836e-12
4,0.4,1.0,1.0,counterfactual_fraction,mixed_context,0.69,0.69,0.7795,0.7795,1.0,0.59,0.21,,104201,120401,140401,3.381045443617836e-12
5,0.1,0.0,0.0,raw,single_intensity,,,,,0.03,,,0.03,105200,120500,140500,0.0
5,0.1,0.0,0.0,raw,mixed_global,,,,,0.03,,,0.03,105200,120500,140500,0.0
5,0.1,0.0,0.0,raw,mixed_context,,,,,0.03,,,0.03,105200,120500,140500,0.0
5,0.1,0.0,0.0,activity_normalized,single_intensity,,,,,0.03,,,0.03,105200,120500,140500,0.0
5,0.1,0.0,0.0,activity_normalized,mixed_global,,,,,0.03,,,0.03,105200,120500,140500,0.0
5,0.1,0.0,0.0,activity_normalized,mixed_context,,,,,0.03,,,0.03,105200,120500,140500,0.0
5,0.1,0.0,0.0,counterfactual_fraction,single_intensity,,,,,0.03,,,0.0,105200,120500,140500,0.0
5,0.1,0.0,0.0,counterfactual_fraction,mixed_global,,,,,0.03,,,0.0,105200,120500,140500,0.0
5,0.1,0.0,0.0,counterfactual_fraction,mixed_context,,,,,0.03,,,0.03,105200,120500,140500,0.0
5,0.1,0.0,1.0,raw,single_intensity,,,,,0.03,,,0.03,105200,120500,140500,0.0
5,0.1,0.0,1.0,raw,mixed_global,,,,,0.03,,,0.03,105200,120500,140500,0.0
5,0.1,0.0,1.0,raw,mixed_context,,,,,0.03,,,0.03,105200,120500,140500,0.0
5,0.1,0.0,1.0,activity_normalized,single_intensity,,,,,0.03,,,0.03,105200,120500,140500,0.0
5,0.1,0.0,1.0,activity_normalized,mixed_global,,,,,0.03,,,0.03,105200,120500,140500,0.0
5,0.1,0.0,1.0,activity_normalized,mixed_context,,,,,0.03,,,0.03,105200,120500,140500,0.0
5,0.1,0.0,1.0,counterfactual_fraction,single_intensity,,,,,0.03,,,0.0,105200,120500,140500,0.0
5,0.1,0.0,1.0,counterfactual_fraction,mixed_global,,,,,0.03,,,0.0,105200,120500,140500,0.0
5,0.1,0.0,1.0,counterfactual_fraction,mixed_context,,,,,0.03,,,0.0,105200,120500,140500,0.0
5,0.1,0.1,0.0,raw,single_intensity,0.5,0.405,0.495,0.495,0.835,0.81,0.86,,105200,120500,140500,7.983370231166506e-17
5,0.1,0.1,0.0,raw,mixed_global,0.5,0.405,0.495,0.495,0.835,0.81,0.86,,105200,120500,140500,7.983370231166506e-17
5,0.1,0.1,0.0,raw,mixed_context,0.5,0.405,0.495,0.495,0.835,0.81,0.86,,105200,120500,140500,7.983370231166506e-17
5,0.1,0.1,0.0,activity_normalized,single_intensity,0.5,0.405,0.495,0.495,0.835,0.81,0.86,,105200,120500,140500,7.983370231166506e-17
5,0.1,0.1,0.0,activity_normalized,mixed_global,0.5,0.405,0.495,0.495,0.835,0.81,0.86,,105200,120500,140500,7.983370231166506e-17
5,0.1,0.1,0.0,activity_normalized,mixed_context,0.5,0.405,0.495,0.495,0.835,0.81,0.86,,105200,120500,140500,7.983370231166506e-17
5,0.1,0.1,0.0,counterfactual_fraction,single_intensity,0.5,0.43,0.5,0.5,0.835,0.0,0.0,,105200,120500,140500,7.983370231166506e-17
5,0.1,0.1,0.0,counterfactual_fraction,mixed_global,0.5,0.43,0.5,0.5,0.835,0.0,0.0,,105200,120500,140500,7.983370231166506e-17
5,0.1,0.1,0.0,counterfactual_fraction,mixed_context,0.5,0.405,0.5,0.5,0.835,0.81,0.86,,105200,120500,140500,7.983370231166506e-17
5,0.1,0.1,1.0,raw,single_intensity,0.5,0.405,0.495,0.495,0.835,0.81,0.86,,105200,120500,140500,7.983370231166506e-17
5,0.1,0.1,1.0,raw,mixed_global,0.5,0.405,0.495,0.495,0.835,0.81,0.86,,105200,120500,140500,7.983370231166506e-17
5,0.1,0.1,1.0,raw,mixed_context,0.495,0.4,0.495,0.495,0.835,0.8,0.86,,105200,120500,140500,7.983370231166506e-17
5,0.1,0.1,1.0,activity_normalized,single_intensity,0.5,0.405,0.495,0.495,0.835,0.81,0.86,,105200,120500,140500,7.983370231166506e-17
5,0.1,0.1,1.0,activity_normalized,mixed_global,0.5,0.405,0.495,0.495,0.835,0.81,0.86,,105200,120500,140500,7.983370231166506e-17
5,0.1,0.1,1.0,activity_normalized,mixed_context,0.495,0.4,0.495,0.495,0.835,0.8,0.86,,105200,120500,140500,7.983370231166506e-17
5,0.1,0.1,1.0,counterfactual_fraction,single_intensity,0.505,0.435,0.505,0.505,0.835,0.01,0.0,,105200,120500,140500,7.983370231166506e-17
5,0.1,0.1,1.0,counterfactual_fraction,mixed_global,0.505,0.435,0.505,0.505,0.835,0.01,0.0,,105200,120500,140500,7.983370231166506e-17
5,0.1,0.1,1.0,counterfactual_fraction,mixed_context,0.5,0.43,0.505,0.505,0.835,0.0,0.0,,105200,120500,140500,7.983370231166506e-17
5,0.1,0.25,0.0,raw,single_intensity,0.5,0.5,0.5312,0.5312,1.0,1.0,1.0,,105200,120500,140500,2.3966289022792076e-15
5,0.1,0.25,0.0,raw,mixed_global,0.5,0.5,0.5312,0.5312,1.0,1.0,1.0,,105200,120500,140500,2.3966289022792076e-15
5,0.1,0.25,0.0,raw,mixed_context,0.535,0.535,0.5312,0.5231,1.0,0.99,0.92,,105200,120500,140500,2.3966289022792076e-15
5,0.1,0.25,0.0,activity_normalized,single_intensity,0.57,0.57,0.5461,0.5461,1.0,0.86,0.72,,105200,120500,140500,2.3966289022792076e-15
5,0.1,0.25,0.0,activity_normalized,mixed_global,0.57,0.57,0.5461,0.5461,1.0,0.86,0.72,,105200,120500,140500,2.3966289022792076e-15
5,0.1,0.25,0.0,activity_normalized,mixed_context,0.565,0.565,0.5461,0.54855,1.0,0.89,0.76,,105200,120500,140500,2.3966289022792076e-15
5,0.1,0.25,0.0,counterfactual_fraction,single_intensity,0.5,0.5,0.5,0.5,1.0,0.0,0.0,,105200,120500,140500,2.3966289022792076e-15
5,0.1,0.25,0.0,counterfactual_fraction,mixed_global,0.5,0.5,0.5,0.5,1.0,0.0,0.0,,105200,120500,140500,2.3966289022792076e-15
5,0.1,0.25,0.0,counterfactual_fraction,mixed_context,0.49,0.49,0.5,0.49,1.0,0.31,0.33,,105200,120500,140500,2.3966289022792076e-15
5,0.1,0.25,1.0,raw,single_intensity,0.5,0.5,0.5144,0.5144,1.0,1.0,1.0,,105200,120500,140500,2.3966289022792076e-15
5,0.1,0.25,1.0,raw,mixed_global,0.5,0.5,0.5144,0.5144,1.0,1.0,1.0,,105200,120500,140500,2.3966289022792076e-15
5,0.1,0.25,1.0,raw,mixed_context,0.535,0.535,0.5144,0.5167,1.0,0.97,0.9,,105200,120500,140500,2.3966289022792076e-15
5,0.1,0.25,1.0,activity_normalized,single_intensity,0.5,0.5,0.51345,0.5135,1.0,0.99,0.99,,105200,120500,140500,2.3966289022792076e-15
5,0.1,0.25,1.0,activity_normalized,mixed_global,0.495,0.495,0.51345,0.5135,1.0,0.98,0.99,,105200,120500,140500,2.3966289022792076e-15
5,0.1,0.25,1.0,activity_normalized,mixed_context,0.525,0.525,0.51345,0.5103,1.0,0.93,0.88,,105200,120500,140500,2.3966289022792076e-15
5,0.1,0.25,1.0,counterfactual_fraction,single_intensity,0.49,0.49,0.49045,0.49045,1.0,0.35,0.37,,105200,120500,140500,2.3966289022792076e-15
5,0.1,0.25,1.0,counterfactual_fraction,mixed_global,0.49,0.49,0.49045,0.49045,1.0,0.35,0.37,,105200,120500,140500,2.3966289022792076e-15
5,0.1,0.25,1.0,counterfactual_fraction,mixed_context,0.515,0.515,0.49045,0.49135,1.0,0.29,0.26,,105200,120500,140500,2.3966289022792076e-15
5,0.1,0.5,0.0,raw,single_intensity,0.5,0.5,0.5594,0.5594,1.0,1.0,1.0,,105200,120500,140500,7.757900225002778e-14
5,0.1,0.5,0.0,raw,mixed_global,0.5,0.5,0.5594,0.5594,1.0,1.0,1.0,,105200,120500,140500,7.757900225002778e-14
5,0.1,0.5,0.0,raw,mixed_context,0.555,0.555,0.5594,0.5529,1.0,0.71,0.6,,105200,120500,140500,7.757900225002778e-14
5,0.1,0.5,0.0,activity_normalized,single_intensity,0.66,0.66,0.8328,0.8328,1.0,0.34,0.02,,105200,120500,140500,7.757900225002778e-14
5,0.1,0.5,0.0,activity_normalized,mixed_global,0.655,0.655,0.8328,0.8328,1.0,0.34,0.03,,105200,120500,140500,7.757900225002778e-14
5,0.1,0.5,0.0,activity_normalized,mixed_context,0.725,0.725,0.8328,0.7915,1.0,0.73,0.28,,105200,120500,140500,7.757900225002778e-14
5,0.1,0.5,0.0,counterfactual_fraction,single_intensity,0.5,0.5,0.5,0.5,1.0,0.0,0.0,,105200,120500,140500,7.757900225002778e-14
5,0.1,0.5,0.0,counterfactual_fraction,mixed_global,0.5,0.5,0.5,0.5,1.0,0.0,0.0,,105200,120500,140500,7.757900225002778e-14
5,0.1,0.5,0.0,counterfactual_fraction,mixed_context,0.52,0.52,0.5,0.52,1.0,0.27,0.23,,105200,120500,140500,7.757900225002778e-14
5,0.1,0.5,1.0,raw,single_intensity,0.5,0.5,0.8311,0.8311,1.0,1.0,1.0,,105200,120500,140500,7.757900225002778e-14
5,0.1,0.5,1.0,raw,mixed_global,0.5,0.5,0.8311,0.8311,1.0,1.0,1.0,,105200,120500,140500,7.757900225002778e-14
5,0.1,0.5,1.0,raw,mixed_context,0.69,0.69,0.8311,0.7278,1.0,0.86,0.48,,105200,120500,140500,7.757900225002778e-14
5,0.1,0.5,1.0,activity_normalized,single_intensity,0.535,0.535,0.8597,0.8597,1.0,1.0,0.93,,105200,120500,140500,7.757900225002778e-14
5,0.1,0.5,1.0,activity_normalized,mixed_global,0.635,0.635,0.8597,0.8597,1.0,1.0,0.73,,105200,120500,140500,7.757900225002778e-14
5,0.1,0.5,1.0,activity_normalized,mixed_context,0.72,0.72,0.8597,0.7745,1.0,0.86,0.42,,105200,120500,140500,7.757900225002778e-14
5,0.1,0.5,1.0,counterfactual_fraction,single_intensity,0.51,0.51,0.8473,0.8473,1.0,1.0,0.98,,105200,120500,140500,7.757900225002778e-14
5,0.1,0.5,1.0,counterfactual_fraction,mixed_global,0.565,0.565,0.8473,0.8473,1.0,1.0,0.87,,105200,120500,140500,7.757900225002778e-14
5,0.1,0.5,1.0,counterfactual_fraction,mixed_context,0.73,0.73,0.8473,0.7662,1.0,0.89,0.43,,105200,120500,140500,7.757900225002778e-14
5,0.1,1.0,0.0,raw,single_intensity,0.7,0.7,0.7493,0.7493,1.0,0.74,0.34,,105200,120500,140500,8.377014359961521e-13
5,0.1,1.0,0.0,raw,mixed_global,0.69,0.69,0.7493,0.7493,1.0,0.7,0.32,,105200,120500,140500,8.377014359961521e-13
5,0.1,1.0,0.0,raw,mixed_context,0.69,0.69,0.7493,0.7493,1.0,0.7,0.32,,105200,120500,140500,8.377014359961521e-13
5,0.1,1.0,0.0,activity_normalized,single_intensity,0.92,0.92,0.9774,0.9774,1.0,0.92,0.08,,105200,120500,140500,8.377014359961521e-13
5,0.1,1.0,0.0,activity_normalized,mixed_global,0.92,0.92,0.9774,0.9774,1.0,0.95,0.11,,105200,120500,140500,8.377014359961521e-13
5,0.1,1.0,0.0,activity_normalized,mixed_context,0.92,0.92,0.9774,0.9774,1.0,0.95,0.11,,105200,120500,140500,8.377014359961521e-13
5,0.1,1.0,0.0,counterfactual_fraction,single_intensity,0.5,0.5,0.5,0.5,1.0,0.0,0.0,,105200,120500,140500,8.377014359961521e-13
5,0.1,1.0,0.0,counterfactual_fraction,mixed_global,0.5,0.5,0.5,0.5,1.0,0.0,0.0,,105200,120500,140500,8.377014359961521e-13
5,0.1,1.0,0.0,counterfactual_fraction,mixed_context,0.5,0.5,0.5,0.5,1.0,1.0,1.0,,105200,120500,140500,8.377014359961521e-13
5,0.1,1.0,1.0,raw,single_intensity,1.0,1.0,1.0,1.0,1.0,1.0,0.0,,105200,120500,140500,8.377014359961521e-13
5,0.1,1.0,1.0,raw,mixed_global,1.0,1.0,1.0,1.0,1.0,1.0,0.0,,105200,120500,140500,8.377014359961521e-13
5,0.1,1.0,1.0,raw,mixed_context,1.0,1.0,1.0,1.0,1.0,1.0,0.0,,105200,120500,140500,8.377014359961521e-13
5,0.1,1.0,1.0,activity_normalized,single_intensity,1.0,1.0,1.0,1.0,1.0,1.0,0.0,,105200,120500,140500,8.377014359961521e-13
5,0.1,1.0,1.0,activity_normalized,mixed_global,0.86,0.86,1.0,1.0,1.0,0.72,0.0,,105200,120500,140500,8.377014359961521e-13
5,0.1,1.0,1.0,activity_normalized,mixed_context,0.985,0.985,1.0,1.0,1.0,0.97,0.0,,105200,120500,140500,8.377014359961521e-13
5,0.1,1.0,1.0,counterfactual_fraction,single_intensity,1.0,1.0,1.0,1.0,1.0,1.0,0.0,,105200,120500,140500,8.377014359961521e-13
5,0.1,1.0,1.0,counterfactual_fraction,mixed_global,0.98,0.98,1.0,1.0,1.0,0.96,0.0,,105200,120500,140500,8.377014359961521e-13
5,0.1,1.0,1.0,counterfactual_fraction,mixed_context,0.98,0.98,1.0,1.0,1.0,0.96,0.0,,105200,120500,140500,8.377014359961521e-13
5,0.4,0.0,0.0,raw,single_intensity,,,,,0.065,,,0.065,105201,120501,140501,9.13109865496864e-13
5,0.4,0.0,0.0,raw,mixed_global,,,,,0.065,,,0.04,105201,120501,140501,9.13109865496864e-13
5,0.4,0.0,0.0,raw,mixed_context,,,,,0.065,,,0.04,105201,120501,140501,9.13109865496864e-13
5,0.4,0.0,0.0,activity_normalized,single_intensity,,,,,0.065,,,0.015,105201,120501,140501,9.13109865496864e-13
5,0.4,0.0,0.0,activity_normalized,mixed_global,,,,,0.065,,,0.005,105201,120501,140501,9.13109865496864e-13
5,0.4,0.0,0.0,activity_normalized,mixed_context,,,,,0.065,,,0.06,105201,120501,140501,9.13109865496864e-13
5,0.4,0.0,0.0,counterfactual_fraction,single_intensity,,,,,0.065,,,0.0,105201,120501,140501,9.13109865496864e-13
5,0.4,0.0,0.0,counterfactual_fraction,mixed_global,,,,,0.065,,,0.0,105201,120501,140501,9.13109865496864e-13
5,0.4,0.0,0.0,counterfactual_fraction,mixed_context,,,,,0.065,,,0.065,105201,120501,140501,9.13109865496864e-13
5,0.4,0.0,1.0,raw,single_intensity,,,,,0.065,,,0.06,105201,120501,140501,9.13109865496864e-13
5,0.4,0.0,1.0,raw,mixed_global,,,,,0.065,,,0.045,105201,120501,140501,9.13109865496864e-13
5,0.4,0.0,1.0,raw,mixed_context,,,,,0.065,,,0.005,105201,120501,140501,9.13109865496864e-13
5,0.4,0.0,1.0,activity_normalized,single_intensity,,,,,0.065,,,0.0,105201,120501,140501,9.13109865496864e-13
5,0.4,0.0,1.0,activity_normalized,mixed_global,,,,,0.065,,,0.0,105201,120501,140501,9.13109865496864e-13
5,0.4,0.0,1.0,activity_normalized,mixed_context,,,,,0.065,,,0.0,105201,120501,140501,9.13109865496864e-13
5,0.4,0.0,1.0,counterfactual_fraction,single_intensity,,,,,0.065,,,0.0,105201,120501,140501,9.13109865496864e-13
5,0.4,0.0,1.0,counterfactual_fraction,mixed_global,,,,,0.065,,,0.0,105201,120501,140501,9.13109865496864e-13
5,0.4,0.0,1.0,counterfactual_fraction,mixed_context,,,,,0.065,,,0.0,105201,120501,140501,9.13109865496864e-13
5,0.4,0.1,0.0,raw,single_intensity,0.5,0.08,0.4638,0.4638,0.13,0.16,0.1,,105201,120501,140501,9.310364978976082e-13
5,0.4,0.1,0.0,raw,mixed_global,0.49,0.065,0.4638,0.4638,0.13,0.07,0.04,,105201,120501,140501,9.310364978976082e-13
5,0.4,0.1,0.0,raw,mixed_context,0.485,0.065,0.4638,0.4449,0.13,0.07,0.04,,105201,120501,140501,9.310364978976082e-13
5,0.4,0.1,0.0,activity_normalized,single_intensity,0.45,0.05,0.4588,0.4588,0.13,0.03,0.03,,105201,120501,140501,9.310364978976082e-13
5,0.4,0.1,0.0,activity_normalized,mixed_global,0.445,0.04,0.4588,0.4588,0.13,0.0,0.02,,105201,120501,140501,9.310364978976082e-13
5,0.4,0.1,0.0,activity_normalized,mixed_context,0.51,0.095,0.4588,0.502,0.13,0.15,0.06,,105201,120501,140501,9.310364978976082e-13
5,0.4,0.1,0.0,counterfactual_fraction,single_intensity,0.5,0.05,0.5,0.5,0.13,0.0,0.0,,105201,120501,140501,9.310364978976082e-13
5,0.4,0.1,0.0,counterfactual_fraction,mixed_global,0.5,0.05,0.5,0.5,0.13,0.0,0.0,,105201,120501,140501,9.310364978976082e-13
5,0.4,0.1,0.0,counterfactual_fraction,mixed_context,0.5,0.08,0.5,0.5,0.13,0.16,0.1,,105201,120501,140501,9.310364978976082e-13
5,0.4,0.1,1.0,raw,single_intensity,0.5,0.065,0.4928,0.4928,0.13,0.12,0.09,,105201,120501,140501,9.310364978976082e-13
5,0.4,0.1,1.0,raw,mixed_global,0.51,0.055,0.4928,0.4928,0.13,0.09,0.08,,105201,120501,140501,9.310364978976082e-13
5,0.4,0.1,1.0,raw,mixed_context,0.5,0.055,0.4928,0.4811,0.13,0.01,0.0,,105201,120501,140501,9.310364978976082e-13
5,0.4,0.1,1.0,activity_normalized,single_intensity,0.505,0.05,0.5384,0.5384,0.13,0.0,0.0,,105201,120501,140501,9.310364978976082e-13
5,0.4,0.1,1.0,activity_normalized,mixed_global,0.505,0.05,0.5384,0.5384,0.13,0.0,0.0,,105201,120501,140501,9.310364978976082e-13
5,0.4,0.1,1.0,activity_normalized,mixed_context,0.5,0.05,0.5384,0.5585,0.13,0.0,0.0,,105201,120501,140501,9.310364978976082e-13
5,0.4,0.1,1.0,counterfactual_fraction,single_intensity,0.51,0.05,0.573,0.573,0.13,0.0,0.0,,105201,120501,140501,9.310364978976082e-13
5,0.4,0.1,1.0,counterfactual_fraction,mixed_global,0.505,0.05,0.573,0.573,0.13,0.0,0.0,,105201,120501,140501,9.310364978976082e-13
5,0.4,0.1,1.0,counterfactual_fraction,mixed_context,0.5,0.05,0.573,0.5816,0.13,0.0,0.0,,105201,120501,140501,9.310364978976082e-13
5,0.4,0.25,0.0,raw,single_intensity,0.5,0.235,0.4518,0.4518,0.425,0.47,0.38,,105201,120501,140501,8.571858500783236e-13
5,0.4,0.25,0.0,raw,mixed_global,0.49,0.23,0.4518,0.4518,0.425,0.21,0.13,,105201,120501,140501,8.571858500783236e-13
5,0.4,0.25,0.0,raw,mixed_context,0.51,0.24,0.4518,0.4306,0.425,0.21,0.11,,105201,120501,140501,8.571858500783236e-13
5,0.4,0.25,0.0,activity_normalized,single_intensity,0.46,0.225,0.4633,0.4633,0.425,0.14,0.07,,105201,120501,140501,8.571858500783236e-13
5,0.4,0.25,0.0,activity_normalized,mixed_global,0.44,0.195,0.4633,0.4633,0.425,0.04,0.03,,105201,120501,140501,8.571858500783236e-13
5,0.4,0.25,0.0,activity_normalized,mixed_context,0.49,0.25,0.4633,0.504,0.425,0.4,0.28,,105201,120501,140501,8.571858500783236e-13
5,0.4,0.25,0.0,counterfactual_fraction,single_intensity,0.5,0.19,0.5,0.5,0.425,0.0,0.0,,105201,120501,140501,8.571858500783236e-13
5,0.4,0.25,0.0,counterfactual_fraction,mixed_global,0.5,0.19,0.5,0.5,0.425,0.0,0.0,,105201,120501,140501,8.571858500783236e-13
5,0.4,0.25,0.0,counterfactual_fraction,mixed_context,0.495,0.23,0.5,0.495,0.425,0.45,0.37,,105201,120501,140501,8.571858500783236e-13
5,0.4,0.25,1.0,raw,single_intensity,0.495,0.22,0.508,0.508,0.425,0.39,0.33,,105201,120501,140501,8.571858500783236e-13
5,0.4,0.25,1.0,raw,mixed_global,0.51,0.22,0.508,0.508,0.425,0.36,0.3,,105201,120501,140501,8.571858500783236e-13
5,0.4,0.25,1.0,raw,mixed_context,0.505,0.24,0.508,0.4748,0.425,0.14,0.04,,105201,120501,140501,8.571858500783236e-13
5,0.4,0.25,1.0,activity_normalized,single_intensity,0.51,0.2,0.5877,0.5877,0.425,0.04,0.02,,105201,120501,140501,8.571858500783236e-13
5,0.4,0.25,1.0,activity_normalized,mixed_global,0.505,0.195,0.5877,0.5877,0.425,0.03,0.02,,105201,120501,140501,8.571858500783236e-13
5,0.4,0.25,1.0,activity_normalized,mixed_context,0.51,0.2,0.5877,0.6081,0.425,0.04,0.02,,105201,120501,140501,8.571858500783236e-13
5,0.4,0.25,1.0,counterfactual_fraction,single_intensity,0.52,0.2,0.5993,0.5993,0.425,0.02,0.0,,105201,120501,140501,8.571858500783236e-13
5,0.4,0.25,1.0,counterfactual_fraction,mixed_global,0.5,0.19,0.5993,0.5993,0.425,0.02,0.02,,105201,120501,140501,8.571858500783236e-13
5,0.4,0.25,1.0,counterfactual_fraction,mixed_context,0.495,0.19,0.5993,0.6123,0.425,0.02,0.02,,105201,120501,140501,8.571858500783236e-13
5,0.4,0.5,0.0,raw,single_intensity,0.5,0.495,0.4138,0.4138,0.975,0.99,0.96,,105201,120501,140501,1.2405146354588226e-12
5,0.4,0.5,0.0,raw,mixed_global,0.475,0.47,0.4138,0.4138,0.975,0.1,0.12,,105201,120501,140501,1.2405146354588226e-12
5,0.4,0.5,0.0,raw,mixed_context,0.485,0.48,0.4138,0.4382,0.975,0.21,0.21,,105201,120501,140501,1.2405146354588226e-12
5,0.4,0.5,0.0,activity_normalized,single_intensity,0.465,0.45,0.462,0.462,0.975,0.12,0.18,,105201,120501,140501,1.2405146354588226e-12
5,0.4,0.5,0.0,activity_normalized,mixed_global,0.47,0.455,0.462,0.462,0.975,0.01,0.06,,105201,120501,140501,1.2405146354588226e-12
5,0.4,0.5,0.0,activity_normalized,mixed_context,0.44,0.425,0.462,0.4292,0.975,0.53,0.64,,105201,120501,140501,1.2405146354588226e-12
5,0.4,0.5,0.0,counterfactual_fraction,single_intensity,0.5,0.48,0.5,0.5,0.975,0.0,0.0,,105201,120501,140501,1.2405146354588226e-12
5,0.4,0.5,0.0,counterfactual_fraction,mixed_global,0.5,0.48,0.5,0.5,0.975,0.0,0.0,,105201,120501,140501,1.2405146354588226e-12
5,0.4,0.5,0.0,counterfactual_fraction,mixed_context,0.455,0.45,0.5,0.455,0.975,0.64,0.7,,105201,120501,140501,1.2405146354588226e-12
5,0.4,0.5,1.0,raw,single_intensity,0.52,0.515,0.5581,0.5581,0.975,0.91,0.84,,105201,120501,140501,1.2405146354588226e-12
5,0.4,0.5,1.0,raw,mixed_global,0.555,0.55,0.5581,0.5581,0.975,0.85,0.71,,105201,120501,140501,1.2405146354588226e-12
5,0.4,0.5,1.0,raw,mixed_context,0.52,0.515,0.5581,0.5659,0.975,0.41,0.34,,105201,120501,140501,1.2405146354588226e-12
5,0.4,0.5,1.0,activity_normalized,single_intensity,0.595,0.57,0.6728,0.6728,0.975,0.33,0.15,,105201,120501,140501,1.2405146354588226e-12
5,0.4,0.5,1.0,activity_normalized,mixed_global,0.585,0.56,0.6728,0.6728,0.975,0.3,0.14,,105201,120501,140501,1.2405146354588226e-12
5,0.4,0.5,1.0,activity_normalized,mixed_context,0.59,0.57,0.6728,0.6729,0.975,0.32,0.14,,105201,120501,140501,1.2405146354588226e-12
5,0.4,0.5,1.0,counterfactual_fraction,single_intensity,0.55,0.525,0.6749,0.6749,0.975,0.2,0.11,,105201,120501,140501,1.2405146354588226e-12
5,0.4,0.5,1.0,counterfactual_fraction,mixed_global,0.575,0.55,0.6749,0.6749,0.975,0.31,0.17,,105201,120501,140501,1.2405146354588226e-12
5,0.4,0.5,1.0,counterfactual_fraction,mixed_context,0.585,0.56,0.6749,0.6783,0.975,0.3,0.14,,105201,120501,140501,1.2405146354588226e-12
5,0.4,1.0,0.0,raw,single_intensity,0.49,0.49,0.3392,0.3392,1.0,0.98,1.0,,105201,120501,140501,2.2165255741946055e-12
5,0.4,1.0,0.0,raw,mixed_global,0.5,0.5,0.3392,0.3392,1.0,0.0,0.0,,105201,120501,140501,2.2165255741946055e-12
5,0.4,1.0,0.0,raw,mixed_context,0.5,0.5,0.3392,0.3392,1.0,0.0,0.0,,105201,120501,140501,2.2165255741946055e-12
5,0.4,1.0,0.0,activity_normalized,single_intensity,0.495,0.495,0.4271,0.4271,1.0,0.0,0.01,,105201,120501,140501,2.2165255741946055e-12
5,0.4,1.0,0.0,activity_normalized,mixed_global,0.495,0.495,0.4271,0.4271,1.0,0.0,0.01,,105201,120501,140501,2.2165255741946055e-12
5,0.4,1.0,0.0,activity_normalized,mixed_context,0.495,0.495,0.4271,0.4271,1.0,0.0,0.01,,105201,120501,140501,2.2165255741946055e-12
5,0.4,1.0,0.0,counterfactual_fraction,single_intensity,0.5,0.5,0.5,0.5,1.0,0.0,0.0,,105201,120501,140501,2.2165255741946055e-12
5,0.4,1.0,0.0,counterfactual_fraction,mixed_global,0.5,0.5,0.5,0.5,1.0,0.0,0.0,,105201,120501,140501,2.2165255741946055e-12
5,0.4,1.0,0.0,counterfactual_fraction,mixed_context,0.5,0.5,0.5,0.5,1.0,0.0,0.0,,105201,120501,140501,2.2165255741946055e-12
5,0.4,1.0,1.0,raw,single_intensity,0.675,0.675,0.7401,0.7401,1.0,0.82,0.47,,105201,120501,140501,2.2165255741946055e-12
5,0.4,1.0,1.0,raw,mixed_global,0.66,0.66,0.7401,0.7401,1.0,0.54,0.22,,105201,120501,140501,2.2165255741946055e-12
5,0.4,1.0,1.0,raw,mixed_context,0.69,0.69,0.7401,0.7401,1.0,0.8,0.42,,105201,120501,140501,2.2165255741946055e-12
5,0.4,1.0,1.0,activity_normalized,single_intensity,0.775,0.775,0.8736,0.8736,1.0,0.85,0.3,,105201,120501,140501,2.2165255741946055e-12
5,0.4,1.0,1.0,activity_normalized,mixed_global,0.77,0.77,0.8736,0.8736,1.0,0.81,0.27,,105201,120501,140501,2.2165255741946055e-12
5,0.4,1.0,1.0,activity_normalized,mixed_context,0.77,0.77,0.8736,0.8736,1.0,0.81,0.27,,105201,120501,140501,2.2165255741946055e-12
5,0.4,1.0,1.0,counterfactual_fraction,single_intensity,0.77,0.77,0.8868,0.8868,1.0,0.8,0.26,,105201,120501,140501,2.2165255741946055e-12
5,0.4,1.0,1.0,counterfactual_fraction,mixed_global,0.81,0.81,0.8868,0.8868,1.0,0.9,0.28,,105201,120501,140501,2.2165255741946055e-12
5,0.4,1.0,1.0,counterfactual_fraction,mixed_context,0.77,0.77,0.8868,0.8868,1.0,0.8,0.26,,105201,120501,140501,2.2165255741946055e-12
6,0.1,0.0,0.0,raw,single_intensity,,,,,0.05,,,0.05,106200,120600,140600,2.2727588040727387e-16
6,0.1,0.0,0.0,raw,mixed_global,,,,,0.05,,,0.05,106200,120600,140600,2.2727588040727387e-16
6,0.1,0.0,0.0,raw,mixed_context,,,,,0.05,,,0.05,106200,120600,140600,2.2727588040727387e-16
6,0.1,0.0,0.0,activity_normalized,single_intensity,,,,,0.05,,,0.05,106200,120600,140600,2.2727588040727387e-16
6,0.1,0.0,0.0,activity_normalized,mixed_global,,,,,0.05,,,0.0,106200,120600,140600,2.2727588040727387e-16
6,0.1,0.0,0.0,activity_normalized,mixed_context,,,,,0.05,,,0.05,106200,120600,140600,2.2727588040727387e-16
6,0.1,0.0,0.0,counterfactual_fraction,single_intensity,,,,,0.05,,,0.0,106200,120600,140600,2.2727588040727387e-16
6,0.1,0.0,0.0,counterfactual_fraction,mixed_global,,,,,0.05,,,0.0,106200,120600,140600,2.2727588040727387e-16
6,0.1,0.0,0.0,counterfactual_fraction,mixed_context,,,,,0.05,,,0.05,106200,120600,140600,2.2727588040727387e-16
6,0.1,0.0,1.0,raw,single_intensity,,,,,0.05,,,0.05,106200,120600,140600,2.2727588040727387e-16
6,0.1,0.0,1.0,raw,mixed_global,,,,,0.05,,,0.05,106200,120600,140600,2.2727588040727387e-16
6,0.1,0.0,1.0,raw,mixed_context,,,,,0.05,,,0.05,106200,120600,140600,2.2727588040727387e-16
6,0.1,0.0,1.0,activity_normalized,single_intensity,,,,,0.05,,,0.05,106200,120600,140600,2.2727588040727387e-16
6,0.1,0.0,1.0,activity_normalized,mixed_global,,,,,0.05,,,0.05,106200,120600,140600,2.2727588040727387e-16
6,0.1,0.0,1.0,activity_normalized,mixed_context,,,,,0.05,,,0.05,106200,120600,140600,2.2727588040727387e-16
6,0.1,0.0,1.0,counterfactual_fraction,single_intensity,,,,,0.05,,,0.0,106200,120600,140600,2.2727588040727387e-16
6,0.1,0.0,1.0,counterfactual_fraction,mixed_global,,,,,0.05,,,0.0,106200,120600,140600,2.2727588040727387e-16
6,0.1,0.0,1.0,counterfactual_fraction,mixed_context,,,,,0.05,,,0.0,106200,120600,140600,2.2727588040727387e-16
6,0.1,0.1,0.0,raw,single_intensity,0.5,0.415,0.51,0.51,0.8,0.83,0.77,,106200,120600,140600,1.1133672109253645e-15
6,0.1,0.1,0.0,raw,mixed_global,0.505,0.42,0.51,0.51,0.8,0.83,0.76,,106200,120600,140600,1.1133672109253645e-15
6,0.1,0.1,0.0,raw,mixed_context,0.505,0.42,0.51,0.51,0.8,0.83,0.76,,106200,120600,140600,1.1133672109253645e-15
6,0.1,0.1,0.0,activity_normalized,single_intensity,0.51,0.42,0.51,0.51,0.8,0.83,0.76,,106200,120600,140600,1.1133672109253645e-15
6,0.1,0.1,0.0,activity_normalized,mixed_global,0.5,0.385,0.51,0.51,0.8,0.0,0.0,,106200,120600,140600,1.1133672109253645e-15
6,0.1,0.1,0.0,activity_normalized,mixed_context,0.505,0.415,0.51,0.51,0.8,0.83,0.77,,106200,120600,140600,1.1133672109253645e-15
6,0.1,0.1,0.0,counterfactual_fraction,single_intensity,0.5,0.385,0.5,0.5,0.8,0.0,0.0,,106200,120600,140600,1.1133672109253645e-15
6,0.1,0.1,0.0,counterfactual_fraction,mixed_global,0.5,0.385,0.5,0.5,0.8,0.0,0.0,,106200,120600,140600,1.1133672109253645e-15
6,0.1,0.1,0.0,counterfactual_fraction,mixed_context,0.5,0.415,0.5,0.5,0.8,0.83,0.77,,106200,120600,140600,1.1133672109253645e-15
6,0.1,0.1,1.0,raw,single_intensity,0.5,0.415,0.51,0.51,0.8,0.83,0.77,,106200,120600,140600,1.1133672109253645e-15
6,0.1,0.1,1.0,raw,mixed_global,0.5,0.415,0.51,0.51,0.8,0.83,0.77,,106200,120600,140600,1.1133672109253645e-15
6,0.1,0.1,1.0,raw,mixed_context,0.505,0.42,0.51,0.51,0.8,0.83,0.76,,106200,120600,140600,1.1133672109253645e-15
6,0.1,0.1,1.0,activity_normalized,single_intensity,0.5,0.415,0.51,0.51,0.8,0.83,0.77,,106200,120600,140600,1.1133672109253645e-15
6,0.1,0.1,1.0,activity_normalized,mixed_global,0.5,0.415,0.51,0.51,0.8,0.83,0.77,,106200,120600,140600,1.1133672109253645e-15
6,0.1,0.1,1.0,activity_normalized,mixed_context,0.505,0.42,0.51,0.51,0.8,0.83,0.76,,106200,120600,140600,1.1133672109253645e-15
6,0.1,0.1,1.0,counterfactual_fraction,single_intensity,0.49,0.38,0.49,0.49,0.8,0.0,0.01,,106200,120600,140600,1.1133672109253645e-15
6,0.1,0.1,1.0,counterfactual_fraction,mixed_global,0.49,0.38,0.49,0.49,0.8,0.0,0.01,,106200,120600,140600,1.1133672109253645e-15
6,0.1,0.1,1.0,counterfactual_fraction,mixed_context,0.495,0.385,0.49,0.49,0.8,0.0,0.0,,106200,120600,140600,1.1133672109253645e-15
6,0.1,0.25,0.0,raw,single_intensity,0.5,0.5,0.4902,0.4902,1.0,1.0,1.0,,106200,120600,140600,1.7640836708077146e-14
6,0.1,0.25,0.0,raw,mixed_global,0.505,0.505,0.4902,0.4902,1.0,0.54,0.53,,106200,120600,140600,1.7640836708077146e-14
6,0.1,0.25,0.0,raw,mixed_context,0.505,0.505,0.4902,0.55145,1.0,0.9,0.89,,106200,120600,140600,1.7640836708077146e-14
6,0.1,0.25,0.0,activity_normalized,single_intensity,0.445,0.445,0.4266,0.4266,1.0,0.81,0.92,,106200,120600,140600,1.7640836708077146e-14
6,0.1,0.25,0.0,activity_normalized,mixed_global,0.5,0.5,0.4266,0.4266,1.0,0.0,0.0,,106200,120600,140600,1.7640836708077146e-14
6,0.1,0.25,0.0,activity_normalized,mixed_context,0.49,0.49,0.4266,0.5143,1.0,0.97,0.99,,106200,120600,140600,1.7640836708077146e-14
6,0.1,0.25,0.0,counterfactual_fraction,single_intensity,0.5,0.5,0.5,0.5,1.0,0.0,0.0,,106200,120600,140600,1.7640836708077146e-14
6,0.1,0.25,0.0,counterfactual_fraction,mixed_global,0.5,0.5,0.5,0.5,1.0,0.0,0.0,,106200,120600,140600,1.7640836708077146e-14
6,0.1,0.25,0.0,counterfactual_fraction,mixed_context,0.5,0.5,0.5,0.5,1.0,1.0,1.0,,106200,120600,140600,1.7640836708077146e-14
6,0.1,0.25,1.0,raw,single_intensity,0.5,0.5,0.5475,0.5475,1.0,1.0,1.0,,106200,120600,140600,1.7640836708077146e-14
6,0.1,0.25,1.0,raw,mixed_global,0.5,0.5,0.5475,0.5475,1.0,1.0,1.0,,106200,120600,140600,1.7640836708077146e-14
6,0.1,0.25,1.0,raw,mixed_context,0.555,0.555,0.5475,0.60325,1.0,1.0,0.89,,106200,120600,140600,1.7640836708077146e-14
6,0.1,0.25,1.0,activity_normalized,single_intensity,0.545,0.545,0.53965,0.5398,1.0,1.0,0.91,,106200,120600,140600,1.7640836708077146e-14
6,0.1,0.25,1.0,activity_normalized,mixed_global,0.545,0.545,0.53965,0.5398,1.0,1.0,0.91,,106200,120600,140600,1.7640836708077146e-14
6,0.1,0.25,1.0,activity_normalized,mixed_context,0.57,0.57,0.53965,0.60845,1.0,0.97,0.83,,106200,120600,140600,1.7640836708077146e-14
6,0.1,0.25,1.0,counterfactual_fraction,single_intensity,0.585,0.585,0.65275,0.65275,1.0,0.78,0.61,,106200,120600,140600,1.7640836708077146e-14
6,0.1,0.25,1.0,counterfactual_fraction,mixed_global,0.59,0.59,0.65275,0.65275,1.0,0.78,0.6,,106200,120600,140600,1.7640836708077146e-14
6,0.1,0.25,1.0,counterfactual_fraction,mixed_context,0.605,0.605,0.65275,0.65155,1.0,0.69,0.48,,106200,120600,140600,1.7640836708077146e-14
6,0.1,0.5,0.0,raw,single_intensity,0.5,0.5,0.3684,0.3684,1.0,1.0,1.0,,106200,120600,140600,1.68439914793872e-13
6,0.1,0.5,0.0,raw,mixed_global,0.5,0.5,0.3684,0.3684,1.0,0.0,0.0,,106200,120600,140600,1.68439914793872e-13
6,0.1,0.5,0.0,raw,mixed_context,0.515,0.515,0.3684,0.4429,1.0,0.68,0.65,,106200,120600,140600,1.68439914793872e-13
6,0.1,0.5,0.0,activity_normalized,single_intensity,0.39,0.39,0.2447,0.2447,1.0,0.74,0.96,,106200,120600,140600,1.68439914793872e-13
6,0.1,0.5,0.0,activity_normalized,mixed_global,0.5,0.5,0.2447,0.2447,1.0,0.0,0.0,,106200,120600,140600,1.68439914793872e-13
6,0.1,0.5,0.0,activity_normalized,mixed_context,0.485,0.485,0.2447,0.3784,1.0,0.72,0.75,,106200,120600,140600,1.68439914793872e-13
6,0.1,0.5,0.0,counterfactual_fraction,single_intensity,0.5,0.5,0.5,0.5,1.0,0.0,0.0,,106200,120600,140600,1.68439914793872e-13
6,0.1,0.5,0.0,counterfactual_fraction,mixed_global,0.5,0.5,0.5,0.5,1.0,0.0,0.0,,106200,120600,140600,1.68439914793872e-13
6,0.1,0.5,0.0,counterfactual_fraction,mixed_context,0.53,0.53,0.5,0.53,1.0,0.72,0.66,,106200,120600,140600,1.68439914793872e-13
6,0.1,0.5,1.0,raw,single_intensity,0.5,0.5,0.9563,0.9563,1.0,1.0,1.0,,106200,120600,140600,1.68439914793872e-13
6,0.1,0.5,1.0,raw,mixed_global,0.5,0.5,0.9563,0.9563,1.0,1.0,1.0,,106200,120600,140600,1.68439914793872e-13
6,0.1,0.5,1.0,raw,mixed_context,0.745,0.745,0.9563,0.7301,1.0,0.96,0.47,,106200,120600,140600,1.68439914793872e-13
6,0.1,0.5,1.0,activity_normalized,single_intensity,0.67,0.67,0.9648,0.9648,1.0,1.0,0.66,,106200,120600,140600,1.68439914793872e-13
6,0.1,0.5,1.0,activity_normalized,mixed_global,0.69,0.69,0.9648,0.9648,1.0,1.0,0.62,,106200,120600,140600,1.68439914793872e-13
6,0.1,0.5,1.0,activity_normalized,mixed_context,0.815,0.815,0.9648,0.8495,1.0,0.92,0.29,,106200,120600,140600,1.68439914793872e-13
6,0.1,0.5,1.0,counterfactual_fraction,single_intensity,0.72,0.72,0.9734,0.9734,1.0,1.0,0.56,,106200,120600,140600,1.68439914793872e-13
6,0.1,0.5,1.0,counterfactual_fraction,mixed_global,0.79,0.79,0.9734,0.9734,1.0,0.99,0.41,,106200,120600,140600,1.68439914793872e-13
6,0.1,0.5,1.0,counterfactual_fraction,mixed_context,0.845,0.845,0.9734,0.903,1.0,0.96,0.27,,106200,120600,140600,1.68439914793872e-13
6,0.1,1.0,0.0,raw,single_intensity,0.5,0.5,0.212,0.212,1.0,0.0,0.0,,106200,120600,140600,1.3704662404911971e-12
6,0.1,1.0,0.0,raw,mixed_global,0.5,0.5,0.212,0.212,1.0,0.0,0.0,,106200,120600,140600,1.3704662404911971e-12
6,0.1,1.0,0.0,raw,mixed_context,0.5,0.5,0.212,0.212,1.0,0.0,0.0,,106200,120600,140600,1.3704662404911971e-12
6,0.1,1.0,0.0,activity_normalized,single_intensity,0.46,0.46,0.3092,0.3092,1.0,0.92,1.0,,106200,120600,140600,1.3704662404911971e-12
6,0.1,1.0,0.0,activity_normalized,mixed_global,0.5,0.5,0.3092,0.3092,1.0,0.0,0.0,,106200,120600,140600,1.3704662404911971e-12
6,0.1,1.0,0.0,activity_normalized,mixed_context,0.5,0.5,0.3092,0.3092,1.0,0.0,0.0,,106200,120600,140600,1.3704662404911971e-12
6,0.1,1.0,0.0,counterfactual_fraction,single_intensity,0.5,0.5,0.5,0.5,1.0,0.0,0.0,,106200,120600,140600,1.3704662404911971e-12
6,0.1,1.0,0.0,counterfactual_fraction,mixed_global,0.5,0.5,0.5,0.5,1.0,0.0,0.0,,106200,120600,140600,1.3704662404911971e-12
6,0.1,1.0,0.0,counterfactual_fraction,mixed_context,0.5,0.5,0.5,0.5,1.0,0.0,0.0,,106200,120600,140600,1.3704662404911971e-12
6,0.1,1.0,1.0,raw,single_intensity,0.99,0.99,0.9999,0.9999,1.0,0.99,0.01,,106200,120600,140600,1.3704662404911971e-12
6,0.1,1.0,1.0,raw,mixed_global,0.99,0.99,0.9999,0.9999,1.0,0.99,0.01,,106200,120600,140600,1.3704662404911971e-12
6,0.1,1.0,1.0,raw,mixed_context,0.99,0.99,0.9999,0.9999,1.0,0.99,0.01,,106200,120600,140600,1.3704662404911971e-12
6,0.1,1.0,1.0,activity_normalized,single_intensity,1.0,1.0,1.0,1.0,1.0,1.0,0.0,,106200,120600,140600,1.3704662404911971e-12
6,0.1,1.0,1.0,activity_normalized,mixed_global,0.99,0.99,1.0,1.0,1.0,0.98,0.0,,106200,120600,140600,1.3704662404911971e-12
6,0.1,1.0,1.0,activity_normalized,mixed_context,0.995,0.995,1.0,1.0,1.0,0.99,0.0,,106200,120600,140600,1.3704662404911971e-12
6,0.1,1.0,1.0,counterfactual_fraction,single_intensity,1.0,1.0,1.0,1.0,1.0,1.0,0.0,,106200,120600,140600,1.3704662404911971e-12
6,0.1,1.0,1.0,counterfactual_fraction,mixed_global,0.96,0.96,1.0,1.0,1.0,0.92,0.0,,106200,120600,140600,1.3704662404911971e-12
6,0.1,1.0,1.0,counterfactual_fraction,mixed_context,1.0,1.0,1.0,1.0,1.0,1.0,0.0,,106200,120600,140600,1.3704662404911971e-12
6,0.4,0.0,0.0,raw,single_intensity,,,,,0.075,,,0.075,106201,120601,140601,6.768752225383423e-13
6,0.4,0.0,0.0,raw,mixed_global,,,,,0.075,,,0.075,106201,120601,140601,6.768752225383423e-13
6,0.4,0.0,0.0,raw,mixed_context,,,,,0.075,,,0.075,106201,120601,140601,6.768752225383423e-13
6,0.4,0.0,0.0,activity_normalized,single_intensity,,,,,0.075,,,0.035,106201,120601,140601,6.768752225383423e-13
6,0.4,0.0,0.0,activity_normalized,mixed_global,,,,,0.075,,,0.04,106201,120601,140601,6.768752225383423e-13
6,0.4,0.0,0.0,activity_normalized,mixed_context,,,,,0.075,,,0.035,106201,120601,140601,6.768752225383423e-13
6,0.4,0.0,0.0,counterfactual_fraction,single_intensity,,,,,0.075,,,0.0,106201,120601,140601,6.768752225383423e-13
6,0.4,0.0,0.0,counterfactual_fraction,mixed_global,,,,,0.075,,,0.0,106201,120601,140601,6.768752225383423e-13
6,0.4,0.0,0.0,counterfactual_fraction,mixed_context,,,,,0.075,,,0.075,106201,120601,140601,6.768752225383423e-13
6,0.4,0.0,1.0,raw,single_intensity,,,,,0.075,,,0.06,106201,120601,140601,6.768752225383423e-13
6,0.4,0.0,1.0,raw,mixed_global,,,,,0.075,,,0.045,106201,120601,140601,6.768752225383423e-13
6,0.4,0.0,1.0,raw,mixed_context,,,,,0.075,,,0.035,106201,120601,140601,6.768752225383423e-13
6,0.4,0.0,1.0,activity_normalized,single_intensity,,,,,0.075,,,0.0,106201,120601,140601,6.768752225383423e-13
6,0.4,0.0,1.0,activity_normalized,mixed_global,,,,,0.075,,,0.005,106201,120601,140601,6.768752225383423e-13
6,0.4,0.0,1.0,activity_normalized,mixed_context,,,,,0.075,,,0.005,106201,120601,140601,6.768752225383423e-13
6,0.4,0.0,1.0,counterfactual_fraction,single_intensity,,,,,0.075,,,0.0,106201,120601,140601,6.768752225383423e-13
6,0.4,0.0,1.0,counterfactual_fraction,mixed_global,,,,,0.075,,,0.0,106201,120601,140601,6.768752225383423e-13
6,0.4,0.0,1.0,counterfactual_fraction,mixed_context,,,,,0.075,,,0.0,106201,120601,140601,6.768752225383423e-13
6,0.4,0.1,0.0,raw,single_intensity,0.5,0.06,0.6187,0.6187,0.145,0.12,0.17,,106201,120601,140601,1.0777698178365824e-12
6,0.4,0.1,0.0,raw,mixed_global,0.53,0.065,0.6187,0.6187,0.145,0.12,0.16,,106201,120601,140601,1.0777698178365824e-12
6,0.4,0.1,0.0,raw,mixed_context,0.55,0.06,0.6187,0.558,0.145,0.12,0.17,,106201,120601,140601,1.0777698178365824e-12
6,0.4,0.1,0.0,activity_normalized,single_intensity,0.47,0.08,0.4442,0.4442,0.145,0.07,0.08,,106201,120601,140601,1.0777698178365824e-12
6,0.4,0.1,0.0,activity_normalized,mixed_global,0.46,0.075,0.4442,0.4442,0.145,0.1,0.12,,106201,120601,140601,1.0777698178365824e-12
6,0.4,0.1,0.0,activity_normalized,mixed_context,0.44,0.075,0.4442,0.4362,0.145,0.08,0.1,,106201,120601,140601,1.0777698178365824e-12
6,0.4,0.1,0.0,counterfactual_fraction,single_intensity,0.5,0.085,0.5,0.5,0.145,0.0,0.0,,106201,120601,140601,1.0777698178365824e-12
6,0.4,0.1,0.0,counterfactual_fraction,mixed_global,0.5,0.085,0.5,0.5,0.145,0.0,0.0,,106201,120601,140601,1.0777698178365824e-12
6,0.4,0.1,0.0,counterfactual_fraction,mixed_context,0.495,0.055,0.5,0.495,0.145,0.11,0.17,,106201,120601,140601,1.0777698178365824e-12
6,0.4,0.1,1.0,raw,single_intensity,0.54,0.065,0.6081,0.6081,0.145,0.1,0.14,,106201,120601,140601,1.0777698178365824e-12
6,0.4,0.1,1.0,raw,mixed_global,0.565,0.08,0.6081,0.6081,0.145,0.09,0.1,,106201,120601,140601,1.0777698178365824e-12
6,0.4,0.1,1.0,raw,mixed_context,0.595,0.095,0.6081,0.6023,0.145,0.05,0.03,,106201,120601,140601,1.0777698178365824e-12
6,0.4,0.1,1.0,activity_normalized,single_intensity,0.51,0.085,0.4624,0.4624,0.145,0.0,0.0,,106201,120601,140601,1.0777698178365824e-12
6,0.4,0.1,1.0,activity_normalized,mixed_global,0.505,0.09,0.4624,0.4624,0.145,0.02,0.01,,106201,120601,140601,1.0777698178365824e-12
6,0.4,0.1,1.0,activity_normalized,mixed_context,0.47,0.09,0.4624,0.4753,0.145,0.02,0.01,,106201,120601,140601,1.0777698178365824e-12
6,0.4,0.1,1.0,counterfactual_fraction,single_intensity,0.505,0.085,0.5097,0.5097,0.145,0.0,0.0,,106201,120601,140601,1.0777698178365824e-12
6,0.4,0.1,1.0,counterfactual_fraction,mixed_global,0.505,0.085,0.5097,0.5097,0.145,0.0,0.0,,106201,120601,140601,1.0777698178365824e-12
6,0.4,0.1,1.0,counterfactual_fraction,mixed_context,0.505,0.085,0.5097,0.5221,0.145,0.01,0.01,,106201,120601,140601,1.0777698178365824e-12
6,0.4,0.25,0.0,raw,single_intensity,0.5,0.19,0.6203,0.6203,0.41,0.38,0.44,,106201,120601,140601,7.894726539170449e-13
6,0.4,0.25,0.0,raw,mixed_global,0.535,0.215,0.6203,0.6203,0.41,0.33,0.34,,106201,120601,140601,7.894726539170449e-13
6,0.4,0.25,0.0,raw,mixed_context,0.515,0.19,0.6203,0.513,0.41,0.37,0.43,,106201,120601,140601,7.894726539170449e-13
6,0.4,0.25,0.0,activity_normalized,single_intensity,0.46,0.16,0.469,0.469,0.41,0.12,0.24,,106201,120601,140601,7.894726539170449e-13
6,0.4,0.25,0.0,activity_normalized,mixed_global,0.48,0.165,0.469,0.469,0.41,0.21,0.32,,106201,120601,140601,7.894726539170449e-13
6,0.4,0.25,0.0,activity_normalized,mixed_context,0.43,0.145,0.469,0.4458,0.41,0.15,0.3,,106201,120601,140601,7.894726539170449e-13
6,0.4,0.25,0.0,counterfactual_fraction,single_intensity,0.5,0.22,0.5,0.5,0.41,0.0,0.0,,106201,120601,140601,7.894726539170449e-13
6,0.4,0.25,0.0,counterfactual_fraction,mixed_global,0.5,0.22,0.5,0.5,0.41,0.0,0.0,,106201,120601,140601,7.894726539170449e-13
6,0.4,0.25,0.0,counterfactual_fraction,mixed_context,0.49,0.18,0.5,0.49,0.41,0.36,0.44,,106201,120601,140601,7.894726539170449e-13
6,0.4,0.25,1.0,raw,single_intensity,0.57,0.235,0.6605,0.6605,0.41,0.35,0.32,,106201,120601,140601,7.894726539170449e-13
6,0.4,0.25,1.0,raw,mixed_global,0.595,0.26,0.6605,0.6605,0.41,0.32,0.24,,106201,120601,140601,7.894726539170449e-13
6,0.4,0.25,1.0,raw,mixed_context,0.625,0.27,0.6605,0.6717,0.41,0.22,0.12,,106201,120601,140601,7.894726539170449e-13
6,0.4,0.25,1.0,activity_normalized,single_intensity,0.54,0.225,0.5729,0.5729,0.41,0.03,0.02,,106201,120601,140601,7.894726539170449e-13
6,0.4,0.25,1.0,activity_normalized,mixed_global,0.54,0.235,0.5729,0.5729,0.41,0.09,0.06,,106201,120601,140601,7.894726539170449e-13
6,0.4,0.25,1.0,activity_normalized,mixed_context,0.54,0.24,0.5729,0.5828,0.41,0.1,0.06,,106201,120601,140601,7.894726539170449e-13
6,0.4,0.25,1.0,counterfactual_fraction,single_intensity,0.54,0.23,0.6009,0.6009,0.41,0.03,0.01,,106201,120601,140601,7.894726539170449e-13
6,0.4,0.25,1.0,counterfactual_fraction,mixed_global,0.535,0.23,0.6009,0.6009,0.41,0.03,0.01,,106201,120601,140601,7.894726539170449e-13
6,0.4,0.25,1.0,counterfactual_fraction,mixed_context,0.575,0.245,0.6009,0.5985,0.41,0.11,0.06,,106201,120601,140601,7.894726539170449e-13
6,0.4,0.5,0.0,raw,single_intensity,0.5,0.465,0.6154,0.6154,0.955,0.93,0.98,,106201,120601,140601,1.9033039033722332e-12
6,0.4,0.5,0.0,raw,mixed_global,0.58,0.54,0.6154,0.6154,0.955,0.49,0.39,,106201,120601,140601,1.9033039033722332e-12
6,0.4,0.5,0.0,raw,mixed_context,0.515,0.5,0.6154,0.5694,0.955,0.64,0.62,,106201,120601,140601,1.9033039033722332e-12
6,0.4,0.5,0.0,activity_normalized,single_intensity,0.53,0.5,0.5337,0.5337,0.955,0.47,0.45,,106201,120601,140601,1.9033039033722332e-12
6,0.4,0.5,0.0,activity_normalized,mixed_global,0.54,0.515,0.5337,0.5337,0.955,0.63,0.58,,106201,120601,140601,1.9033039033722332e-12
6,0.4,0.5,0.0,activity_normalized,mixed_context,0.535,0.51,0.5337,0.5186,0.955,0.57,0.53,,106201,120601,140601,1.9033039033722332e-12
6,0.4,0.5,0.0,counterfactual_fraction,single_intensity,0.5,0.49,0.5,0.5,0.955,0.0,0.0,,106201,120601,140601,1.9033039033722332e-12
6,0.4,0.5,0.0,counterfactual_fraction,mixed_global,0.5,0.49,0.5,0.5,0.955,0.0,0.0,,106201,120601,140601,1.9033039033722332e-12
6,0.4,0.5,0.0,counterfactual_fraction,mixed_context,0.52,0.485,0.5,0.52,0.955,0.61,0.62,,106201,120601,140601,1.9033039033722332e-12
6,0.4,0.5,1.0,raw,single_intensity,0.645,0.61,0.7572,0.7572,0.955,0.86,0.62,,106201,120601,140601,1.9033039033722332e-12
6,0.4,0.5,1.0,raw,mixed_global,0.685,0.65,0.7572,0.7572,0.955,0.83,0.51,,106201,120601,140601,1.9033039033722332e-12
6,0.4,0.5,1.0,raw,mixed_context,0.7,0.66,0.7572,0.7661,0.955,0.71,0.37,,106201,120601,140601,1.9033039033722332e-12
6,0.4,0.5,1.0,activity_normalized,single_intensity,0.655,0.63,0.7708,0.7708,0.955,0.36,0.08,,106201,120601,140601,1.9033039033722332e-12
6,0.4,0.5,1.0,activity_normalized,mixed_global,0.695,0.67,0.7708,0.7708,0.955,0.57,0.21,,106201,120601,140601,1.9033039033722332e-12
6,0.4,0.5,1.0,activity_normalized,mixed_context,0.705,0.67,0.7708,0.7626,0.955,0.51,0.15,,106201,120601,140601,1.9033039033722332e-12
6,0.4,0.5,1.0,counterfactual_fraction,single_intensity,0.665,0.64,0.7797,0.7797,0.955,0.39,0.09,,106201,120601,140601,1.9033039033722332e-12
6,0.4,0.5,1.0,counterfactual_fraction,mixed_global,0.665,0.64,0.7797,0.7797,0.955,0.39,0.09,,106201,120601,140601,1.9033039033722332e-12
6,0.4,0.5,1.0,counterfactual_fraction,mixed_context,0.705,0.67,0.7797,0.7623,0.955,0.57,0.21,,106201,120601,140601,1.9033039033722332e-12
6,0.4,1.0,0.0,raw,single_intensity,0.55,0.55,0.5717,0.5717,1.0,0.74,0.64,,106201,120601,140601,3.189788710944441e-12
6,0.4,1.0,0.0,raw,mixed_global,0.5,0.5,0.5717,0.5717,1.0,0.0,0.0,,106201,120601,140601,3.189788710944441e-12
6,0.4,1.0,0.0,raw,mixed_context,0.5,0.5,0.5717,0.5717,1.0,0.0,0.0,,106201,120601,140601,3.189788710944441e-12
6,0.4,1.0,0.0,activity_normalized,single_intensity,0.545,0.545,0.5675,0.5675,1.0,0.42,0.33,,106201,120601,140601,3.189788710944441e-12
6,0.4,1.0,0.0,activity_normalized,mixed_global,0.54,0.54,0.5675,0.5675,1.0,0.74,0.66,,106201,120601,140601,3.189788710944441e-12
6,0.4,1.0,0.0,activity_normalized,mixed_context,0.55,0.55,0.5675,0.5675,1.0,0.76,0.66,,106201,120601,140601,3.189788710944441e-12
6,0.4,1.0,0.0,counterfactual_fraction,single_intensity,0.5,0.5,0.5,0.5,1.0,0.0,0.0,,106201,120601,140601,3.189788710944441e-12
6,0.4,1.0,0.0,counterfactual_fraction,mixed_global,0.5,0.5,0.5,0.5,1.0,0.0,0.0,,106201,120601,140601,3.189788710944441e-12
6,0.4,1.0,0.0,counterfactual_fraction,mixed_context,0.5,0.5,0.5,0.5,1.0,0.0,0.0,,106201,120601,140601,3.189788710944441e-12
6,0.4,1.0,1.0,raw,single_intensity,0.825,0.825,0.9177,0.9177,1.0,0.77,0.12,,106201,120601,140601,3.189788710944441e-12
6,0.4,1.0,1.0,raw,mixed_global,0.765,0.765,0.9177,0.9177,1.0,0.62,0.09,,106201,120601,140601,3.189788710944441e-12
6,0.4,1.0,1.0,raw,mixed_context,0.765,0.765,0.9177,0.9177,1.0,0.62,0.09,,106201,120601,140601,3.189788710944441e-12
6,0.4,1.0,1.0,activity_normalized,single_intensity,0.89,0.89,0.9575,0.9575,1.0,0.87,0.09,,106201,120601,140601,3.189788710944441e-12
6,0.4,1.0,1.0,activity_normalized,mixed_global,0.81,0.81,0.9575,0.9575,1.0,0.98,0.36,,106201,120601,140601,3.189788710944441e-12
6,0.4,1.0,1.0,activity_normalized,mixed_context,0.88,0.88,0.9575,0.9575,1.0,0.84,0.08,,106201,120601,140601,3.189788710944441e-12
6,0.4,1.0,1.0,counterfactual_fraction,single_intensity,0.895,0.895,0.9677,0.9677,1.0,0.93,0.14,,106201,120601,140601,3.189788710944441e-12
6,0.4,1.0,1.0,counterfactual_fraction,mixed_global,0.895,0.895,0.9677,0.9677,1.0,0.93,0.14,,106201,120601,140601,3.189788710944441e-12
6,0.4,1.0,1.0,counterfactual_fraction,mixed_context,0.895,0.895,0.9677,0.9677,1.0,0.93,0.14,,106201,120601,140601,3.189788710944441e-12
7,0.1,0.0,0.0,raw,single_intensity,,,,,0.05,,,0.05,107200,120700,140700,1.750181827264198e-18
7,0.1,0.0,0.0,raw,mixed_global,,,,,0.05,,,0.05,107200,120700,140700,1.750181827264198e-18
7,0.1,0.0,0.0,raw,mixed_context,,,,,0.05,,,0.05,107200,120700,140700,1.750181827264198e-18
7,0.1,0.0,0.0,activity_normalized,single_intensity,,,,,0.05,,,0.05,107200,120700,140700,1.750181827264198e-18
7,0.1,0.0,0.0,activity_normalized,mixed_global,,,,,0.05,,,0.05,107200,120700,140700,1.750181827264198e-18
7,0.1,0.0,0.0,activity_normalized,mixed_context,,,,,0.05,,,0.05,107200,120700,140700,1.750181827264198e-18
7,0.1,0.0,0.0,counterfactual_fraction,single_intensity,,,,,0.05,,,0.0,107200,120700,140700,1.750181827264198e-18
7,0.1,0.0,0.0,counterfactual_fraction,mixed_global,,,,,0.05,,,0.0,107200,120700,140700,1.750181827264198e-18
7,0.1,0.0,0.0,counterfactual_fraction,mixed_context,,,,,0.05,,,0.05,107200,120700,140700,1.750181827264198e-18
7,0.1,0.0,1.0,raw,single_intensity,,,,,0.05,,,0.05,107200,120700,140700,1.750181827264198e-18
7,0.1,0.0,1.0,raw,mixed_global,,,,,0.05,,,0.05,107200,120700,140700,1.750181827264198e-18
7,0.1,0.0,1.0,raw,mixed_context,,,,,0.05,,,0.05,107200,120700,140700,1.750181827264198e-18
7,0.1,0.0,1.0,activity_normalized,single_intensity,,,,,0.05,,,0.05,107200,120700,140700,1.750181827264198e-18
7,0.1,0.0,1.0,activity_normalized,mixed_global,,,,,0.05,,,0.05,107200,120700,140700,1.750181827264198e-18
7,0.1,0.0,1.0,activity_normalized,mixed_context,,,,,0.05,,,0.05,107200,120700,140700,1.750181827264198e-18
7,0.1,0.0,1.0,counterfactual_fraction,single_intensity,,,,,0.05,,,0.0,107200,120700,140700,1.750181827264198e-18
7,0.1,0.0,1.0,counterfactual_fraction,mixed_global,,,,,0.05,,,0.0,107200,120700,140700,1.750181827264198e-18
7,0.1,0.0,1.0,counterfactual_fraction,mixed_context,,,,,0.05,,,0.0,107200,120700,140700,1.750181827264198e-18
7,0.1,0.1,0.0,raw,single_intensity,0.5,0.43,0.5155,0.5155,0.805,0.86,0.75,,107200,120700,140700,3.7931355105491615e-15
7,0.1,0.1,0.0,raw,mixed_global,0.5,0.43,0.5155,0.5155,0.805,0.86,0.75,,107200,120700,140700,3.7931355105491615e-15
7,0.1,0.1,0.0,raw,mixed_context,0.51,0.44,0.5155,0.5155,0.805,0.86,0.73,,107200,120700,140700,3.7931355105491615e-15
7,0.1,0.1,0.0,activity_normalized,single_intensity,0.505,0.43,0.51415,0.51415,0.805,0.82,0.71,,107200,120700,140700,3.7931355105491615e-15
7,0.1,0.1,0.0,activity_normalized,mixed_global,0.49,0.42,0.51415,0.51415,0.805,0.84,0.75,,107200,120700,140700,3.7931355105491615e-15
7,0.1,0.1,0.0,activity_normalized,mixed_context,0.49,0.42,0.51415,0.51415,0.805,0.84,0.75,,107200,120700,140700,3.7931355105491615e-15
7,0.1,0.1,0.0,counterfactual_fraction,single_intensity,0.5,0.375,0.5,0.5,0.805,0.0,0.0,,107200,120700,140700,3.7931355105491615e-15
7,0.1,0.1,0.0,counterfactual_fraction,mixed_global,0.5,0.375,0.5,0.5,0.805,0.0,0.0,,107200,120700,140700,3.7931355105491615e-15
7,0.1,0.1,0.0,counterfactual_fraction,mixed_context,0.5,0.43,0.5,0.5,0.805,0.86,0.75,,107200,120700,140700,3.7931355105491615e-15
7,0.1,0.1,1.0,raw,single_intensity,0.5,0.43,0.5157,0.5157,0.805,0.86,0.75,,107200,120700,140700,3.7931355105491615e-15
7,0.1,0.1,1.0,raw,mixed_global,0.5,0.43,0.5157,0.5157,0.805,0.86,0.75,,107200,120700,140700,3.7931355105491615e-15
7,0.1,0.1,1.0,raw,mixed_context,0.515,0.44,0.5157,0.5157,0.805,0.86,0.73,,107200,120700,140700,3.7931355105491615e-15
7,0.1,0.1,1.0,activity_normalized,single_intensity,0.5,0.43,0.5155,0.5155,0.805,0.86,0.75,,107200,120700,140700,3.7931355105491615e-15
7,0.1,0.1,1.0,activity_normalized,mixed_global,0.5,0.43,0.5155,0.5155,0.805,0.86,0.75,,107200,120700,140700,3.7931355105491615e-15
7,0.1,0.1,1.0,activity_normalized,mixed_context,0.51,0.435,0.5155,0.5155,0.805,0.84,0.72,,107200,120700,140700,3.7931355105491615e-15
7,0.1,0.1,1.0,counterfactual_fraction,single_intensity,0.485,0.365,0.4864,0.4864,0.805,0.04,0.06,,107200,120700,140700,3.7931355105491615e-15
7,0.1,0.1,1.0,counterfactual_fraction,mixed_global,0.485,0.365,0.4864,0.4864,0.805,0.04,0.06,,107200,120700,140700,3.7931355105491615e-15
7,0.1,0.1,1.0,counterfactual_fraction,mixed_context,0.515,0.39,0.4864,0.4864,0.805,0.03,0.0,,107200,120700,140700,3.7931355105491615e-15
7,0.1,0.25,0.0,raw,single_intensity,0.5,0.5,0.4837,0.4837,1.0,1.0,1.0,,107200,120700,140700,3.2261953525347664e-14
7,0.1,0.25,0.0,raw,mixed_global,0.515,0.515,0.4837,0.4837,1.0,0.72,0.69,,107200,120700,140700,3.2261953525347664e-14
7,0.1,0.25,0.0,raw,mixed_context,0.49,0.49,0.4837,0.498,1.0,0.58,0.6,,107200,120700,140700,3.2261953525347664e-14
7,0.1,0.25,0.0,activity_normalized,single_intensity,0.285,0.285,0.23575,0.23575,1.0,0.43,0.86,,107200,120700,140700,3.2261953525347664e-14
7,0.1,0.25,0.0,activity_normalized,mixed_global,0.485,0.485,0.23575,0.23575,1.0,0.96,0.99,,107200,120700,140700,3.2261953525347664e-14
7,0.1,0.25,0.0,activity_normalized,mixed_context,0.46,0.46,0.23575,0.3651,1.0,0.48,0.56,,107200,120700,140700,3.2261953525347664e-14
7,0.1,0.25,0.0,counterfactual_fraction,single_intensity,0.5,0.5,0.5,0.5,1.0,0.0,0.0,,107200,120700,140700,3.2261953525347664e-14
7,0.1,0.25,0.0,counterfactual_fraction,mixed_global,0.5,0.5,0.5,0.5,1.0,0.0,0.0,,107200,120700,140700,3.2261953525347664e-14
7,0.1,0.25,0.0,counterfactual_fraction,mixed_context,0.5,0.5,0.5,0.5,1.0,0.47,0.47,,107200,120700,140700,3.2261953525347664e-14
7,0.1,0.25,1.0,raw,single_intensity,0.5,0.5,0.6151,0.6151,1.0,1.0,1.0,,107200,120700,140700,3.2261953525347664e-14
7,0.1,0.25,1.0,raw,mixed_global,0.5,0.5,0.6151,0.6151,1.0,1.0,1.0,,107200,120700,140700,3.2261953525347664e-14
7,0.1,0.25,1.0,raw,mixed_context,0.55,0.55,0.6151,0.5633,1.0,0.83,0.73,,107200,120700,140700,3.2261953525347664e-14
7,0.1,0.25,1.0,activity_normalized,single_intensity,0.495,0.495,0.5947,0.5947,1.0,0.99,1.0,,107200,120700,140700,3.2261953525347664e-14
7,0.1,0.25,1.0,activity_normalized,mixed_global,0.495,0.495,0.5947,0.5947,1.0,0.99,1.0,,107200,120700,140700,3.2261953525347664e-14
7,0.1,0.25,1.0,activity_normalized,mixed_context,0.56,0.56,0.5947,0.563,1.0,0.81,0.69,,107200,120700,140700,3.2261953525347664e-14
7,0.1,0.25,1.0,counterfactual_fraction,single_intensity,0.505,0.505,0.6906,0.6906,1.0,0.93,0.92,,107200,120700,140700,3.2261953525347664e-14
7,0.1,0.25,1.0,counterfactual_fraction,mixed_global,0.505,0.505,0.6906,0.6906,1.0,0.93,0.92,,107200,120700,140700,3.2261953525347664e-14
7,0.1,0.25,1.0,counterfactual_fraction,mixed_context,0.625,0.625,0.6906,0.61535,1.0,0.73,0.48,,107200,120700,140700,3.2261953525347664e-14
7,0.1,0.5,0.0,raw,single_intensity,0.5,0.5,0.6006,0.6006,1.0,1.0,1.0,,107200,120700,140700,2.875061300144921e-13
7,0.1,0.5,0.0,raw,mixed_global,0.5,0.5,0.6006,0.6006,1.0,0.0,0.0,,107200,120700,140700,2.875061300144921e-13
7,0.1,0.5,0.0,raw,mixed_context,0.425,0.425,0.6006,0.458,1.0,0.33,0.48,,107200,120700,140700,2.875061300144921e-13
7,0.1,0.5,0.0,activity_normalized,single_intensity,0.41,0.41,0.3483,0.3483,1.0,0.48,0.66,,107200,120700,140700,2.875061300144921e-13
7,0.1,0.5,0.0,activity_normalized,mixed_global,0.5,0.5,0.3483,0.3483,1.0,1.0,1.0,,107200,120700,140700,2.875061300144921e-13
7,0.1,0.5,0.0,activity_normalized,mixed_context,0.495,0.495,0.3483,0.3404,1.0,0.0,0.01,,107200,120700,140700,2.875061300144921e-13
7,0.1,0.5,0.0,counterfactual_fraction,single_intensity,0.5,0.5,0.5,0.5,1.0,0.0,0.0,,107200,120700,140700,2.875061300144921e-13
7,0.1,0.5,0.0,counterfactual_fraction,mixed_global,0.5,0.5,0.5,0.5,1.0,0.0,0.0,,107200,120700,140700,2.875061300144921e-13
7,0.1,0.5,0.0,counterfactual_fraction,mixed_context,0.5,0.5,0.5,0.5,1.0,0.0,0.0,,107200,120700,140700,2.875061300144921e-13
7,0.1,0.5,1.0,raw,single_intensity,0.5,0.5,0.8368,0.8368,1.0,1.0,1.0,,107200,120700,140700,2.875061300144921e-13
7,0.1,0.5,1.0,raw,mixed_global,0.5,0.5,0.8368,0.8368,1.0,1.0,1.0,,107200,120700,140700,2.875061300144921e-13
7,0.1,0.5,1.0,raw,mixed_context,0.585,0.585,0.8368,0.5939,1.0,0.89,0.72,,107200,120700,140700,2.875061300144921e-13
7,0.1,0.5,1.0,activity_normalized,single_intensity,0.51,0.51,0.8217,0.8217,1.0,1.0,0.98,,107200,120700,140700,2.875061300144921e-13
7,0.1,0.5,1.0,activity_normalized,mixed_global,0.51,0.51,0.8217,0.8217,1.0,1.0,0.98,,107200,120700,140700,2.875061300144921e-13
7,0.1,0.5,1.0,activity_normalized,mixed_context,0.595,0.595,0.8217,0.5917,1.0,0.68,0.49,,107200,120700,140700,2.875061300144921e-13
7,0.1,0.5,1.0,counterfactual_fraction,single_intensity,0.505,0.505,0.8304,0.8304,1.0,0.99,0.98,,107200,120700,140700,2.875061300144921e-13
7,0.1,0.5,1.0,counterfactual_fraction,mixed_global,0.505,0.505,0.8304,0.8304,1.0,0.99,0.98,,107200,120700,140700,2.875061300144921e-13
7,0.1,0.5,1.0,counterfactual_fraction,mixed_context,0.595,0.595,0.8304,0.5961,1.0,0.68,0.49,,107200,120700,140700,2.875061300144921e-13
7,0.1,1.0,0.0,raw,single_intensity,0.49,0.49,0.5153,0.5153,1.0,0.35,0.37,,107200,120700,140700,2.430555756660624e-12
7,0.1,1.0,0.0,raw,mixed_global,0.5,0.5,0.5153,0.5153,1.0,0.0,0.0,,107200,120700,140700,2.430555756660624e-12
7,0.1,1.0,0.0,raw,mixed_context,0.51,0.51,0.5153,0.5153,1.0,0.26,0.24,,107200,120700,140700,2.430555756660624e-12
7,0.1,1.0,0.0,activity_normalized,single_intensity,0.5,0.5,0.3645,0.3645,1.0,0.0,0.0,,107200,120700,140700,2.430555756660624e-12
7,0.1,1.0,0.0,activity_normalized,mixed_global,0.5,0.5,0.3645,0.3645,1.0,1.0,1.0,,107200,120700,140700,2.430555756660624e-12
7,0.1,1.0,0.0,activity_normalized,mixed_context,0.5,0.5,0.3645,0.3645,1.0,0.0,0.0,,107200,120700,140700,2.430555756660624e-12
7,0.1,1.0,0.0,counterfactual_fraction,single_intensity,0.5,0.5,0.5,0.5,1.0,0.0,0.0,,107200,120700,140700,2.430555756660624e-12
7,0.1,1.0,0.0,counterfactual_fraction,mixed_global,0.5,0.5,0.5,0.5,1.0,0.0,0.0,,107200,120700,140700,2.430555756660624e-12
7,0.1,1.0,0.0,counterfactual_fraction,mixed_context,0.5,0.5,0.5,0.5,1.0,0.0,0.0,,107200,120700,140700,2.430555756660624e-12
7,0.1,1.0,1.0,raw,single_intensity,0.99,0.99,0.9977,0.9977,1.0,0.98,0.0,,107200,120700,140700,2.430555756660624e-12
7,0.1,1.0,1.0,raw,mixed_global,0.985,0.985,0.9977,0.9977,1.0,0.97,0.0,,107200,120700,140700,2.430555756660624e-12
7,0.1,1.0,1.0,raw,mixed_context,0.985,0.985,0.9977,0.9977,1.0,0.97,0.0,,107200,120700,140700,2.430555756660624e-12
7,0.1,1.0,1.0,activity_normalized,single_intensity,0.985,0.985,0.9994,0.9994,1.0,0.97,0.0,,107200,120700,140700,2.430555756660624e-12
7,0.1,1.0,1.0,activity_normalized,mixed_global,0.99,0.99,0.9994,0.9994,1.0,0.98,0.0,,107200,120700,140700,2.430555756660624e-12
7,0.1,1.0,1.0,activity_normalized,mixed_context,0.99,0.99,0.9994,0.9994,1.0,0.98,0.0,,107200,120700,140700,2.430555756660624e-12
7,0.1,1.0,1.0,counterfactual_fraction,single_intensity,0.99,0.99,0.9997,0.9997,1.0,0.98,0.0,,107200,120700,140700,2.430555756660624e-12
7,0.1,1.0,1.0,counterfactual_fraction,mixed_global,0.99,0.99,0.9997,0.9997,1.0,0.98,0.0,,107200,120700,140700,2.430555756660624e-12
7,0.1,1.0,1.0,counterfactual_fraction,mixed_context,0.99,0.99,0.9997,0.9997,1.0,0.98,0.0,,107200,120700,140700,2.430555756660624e-12
7,0.4,0.0,0.0,raw,single_intensity,,,,,0.06,,,0.06,107201,120701,140701,6.812293784630441e-13
7,0.4,0.0,0.0,raw,mixed_global,,,,,0.06,,,0.0,107201,120701,140701,6.812293784630441e-13
7,0.4,0.0,0.0,raw,mixed_context,,,,,0.06,,,0.0,107201,120701,140701,6.812293784630441e-13
7,0.4,0.0,0.0,activity_normalized,single_intensity,,,,,0.06,,,0.005,107201,120701,140701,6.812293784630441e-13
7,0.4,0.0,0.0,activity_normalized,mixed_global,,,,,0.06,,,0.01,107201,120701,140701,6.812293784630441e-13
7,0.4,0.0,0.0,activity_normalized,mixed_context,,,,,0.06,,,0.005,107201,120701,140701,6.812293784630441e-13
7,0.4,0.0,0.0,counterfactual_fraction,single_intensity,,,,,0.06,,,0.0,107201,120701,140701,6.812293784630441e-13
7,0.4,0.0,0.0,counterfactual_fraction,mixed_global,,,,,0.06,,,0.0,107201,120701,140701,6.812293784630441e-13
7,0.4,0.0,0.0,counterfactual_fraction,mixed_context,,,,,0.06,,,0.0,107201,120701,140701,6.812293784630441e-13
7,0.4,0.0,1.0,raw,single_intensity,,,,,0.06,,,0.015,107201,120701,140701,6.812293784630441e-13
7,0.4,0.0,1.0,raw,mixed_global,,,,,0.06,,,0.015,107201,120701,140701,6.812293784630441e-13
7,0.4,0.0,1.0,raw,mixed_context,,,,,0.06,,,0.0,107201,120701,140701,6.812293784630441e-13
7,0.4,0.0,1.0,activity_normalized,single_intensity,,,,,0.06,,,0.0,107201,120701,140701,6.812293784630441e-13
7,0.4,0.0,1.0,activity_normalized,mixed_global,,,,,0.06,,,0.0,107201,120701,140701,6.812293784630441e-13
7,0.4,0.0,1.0,activity_normalized,mixed_context,,,,,0.06,,,0.005,107201,120701,140701,6.812293784630441e-13
7,0.4,0.0,1.0,counterfactual_fraction,single_intensity,,,,,0.06,,,0.0,107201,120701,140701,6.812293784630441e-13
7,0.4,0.0,1.0,counterfactual_fraction,mixed_global,,,,,0.06,,,0.0,107201,120701,140701,6.812293784630441e-13
7,0.4,0.0,1.0,counterfactual_fraction,mixed_context,,,,,0.06,,,0.005,107201,120701,140701,6.812293784630441e-13
7,0.4,0.1,0.0,raw,single_intensity,0.5,0.05,0.4503,0.4503,0.14,0.1,0.18,,107201,120701,140701,7.164512039192772e-13
7,0.4,0.1,0.0,raw,mixed_global,0.51,0.09,0.4503,0.4503,0.14,0.0,0.0,,107201,120701,140701,7.164512039192772e-13
7,0.4,0.1,0.0,raw,mixed_context,0.495,0.09,0.4503,0.4731,0.14,0.0,0.0,,107201,120701,140701,7.164512039192772e-13
7,0.4,0.1,0.0,activity_normalized,single_intensity,0.515,0.085,0.524,0.524,0.14,0.01,0.02,,107201,120701,140701,7.164512039192772e-13
7,0.4,0.1,0.0,activity_normalized,mixed_global,0.5,0.07,0.524,0.524,0.14,0.01,0.05,,107201,120701,140701,7.164512039192772e-13
7,0.4,0.1,0.0,activity_normalized,mixed_context,0.56,0.085,0.524,0.5361,0.14,0.01,0.02,,107201,120701,140701,7.164512039192772e-13
7,0.4,0.1,0.0,counterfactual_fraction,single_intensity,0.5,0.09,0.5,0.5,0.14,0.0,0.0,,107201,120701,140701,7.164512039192772e-13
7,0.4,0.1,0.0,counterfactual_fraction,mixed_global,0.5,0.09,0.5,0.5,0.14,0.0,0.0,,107201,120701,140701,7.164512039192772e-13
7,0.4,0.1,0.0,counterfactual_fraction,mixed_context,0.51,0.09,0.5,0.51,0.14,0.0,0.0,,107201,120701,140701,7.164512039192772e-13
7,0.4,0.1,1.0,raw,single_intensity,0.495,0.055,0.4679,0.4679,0.14,0.04,0.11,,107201,120701,140701,7.164512039192772e-13
7,0.4,0.1,1.0,raw,mixed_global,0.495,0.055,0.4679,0.4679,0.14,0.04,0.11,,107201,120701,140701,7.164512039192772e-13
7,0.4,0.1,1.0,raw,mixed_context,0.51,0.09,0.4679,0.4805,0.14,0.0,0.0,,107201,120701,140701,7.164512039192772e-13
7,0.4,0.1,1.0,activity_normalized,single_intensity,0.485,0.085,0.4926,0.4926,0.14,0.0,0.01,,107201,120701,140701,7.164512039192772e-13
7,0.4,0.1,1.0,activity_normalized,mixed_global,0.49,0.085,0.4926,0.4926,0.14,0.0,0.01,,107201,120701,140701,7.164512039192772e-13
7,0.4,0.1,1.0,activity_normalized,mixed_context,0.51,0.09,0.4926,0.4883,0.14,0.01,0.01,,107201,120701,140701,7.164512039192772e-13
7,0.4,0.1,1.0,counterfactual_fraction,single_intensity,0.495,0.09,0.4932,0.4932,0.14,0.0,0.0,,107201,120701,140701,7.164512039192772e-13
7,0.4,0.1,1.0,counterfactual_fraction,mixed_global,0.48,0.09,0.4932,0.4932,0.14,0.01,0.01,,107201,120701,140701,7.164512039192772e-13
7,0.4,0.1,1.0,counterfactual_fraction,mixed_context,0.49,0.095,0.4932,0.4915,0.14,0.02,0.01,,107201,120701,140701,7.164512039192772e-13
7,0.4,0.25,0.0,raw,single_intensity,0.5,0.24,0.4405,0.4405,0.54,0.48,0.6,,107201,120701,140701,7.365705267936562e-13
7,0.4,0.25,0.0,raw,mixed_global,0.52,0.295,0.4405,0.4405,0.54,0.0,0.01,,107201,120701,140701,7.365705267936562e-13
7,0.4,0.25,0.0,raw,mixed_context,0.48,0.29,0.4405,0.4591,0.54,0.0,0.02,,107201,120701,140701,7.365705267936562e-13
7,0.4,0.25,0.0,activity_normalized,single_intensity,0.54,0.3,0.569,0.569,0.54,0.1,0.1,,107201,120701,140701,7.365705267936562e-13
7,0.4,0.25,0.0,activity_normalized,mixed_global,0.52,0.285,0.569,0.569,0.54,0.12,0.15,,107201,120701,140701,7.365705267936562e-13
7,0.4,0.25,0.0,activity_normalized,mixed_context,0.58,0.3,0.569,0.5533,0.54,0.07,0.07,,107201,120701,140701,7.365705267936562e-13
7,0.4,0.25,0.0,counterfactual_fraction,single_intensity,0.5,0.3,0.5,0.5,0.54,0.0,0.0,,107201,120701,140701,7.365705267936562e-13
7,0.4,0.25,0.0,counterfactual_fraction,mixed_global,0.5,0.3,0.5,0.5,0.54,0.0,0.0,,107201,120701,140701,7.365705267936562e-13
7,0.4,0.25,0.0,counterfactual_fraction,mixed_context,0.515,0.29,0.5,0.515,0.54,0.0,0.02,,107201,120701,140701,7.365705267936562e-13
7,0.4,0.25,1.0,raw,single_intensity,0.505,0.255,0.4775,0.4775,0.54,0.34,0.43,,107201,120701,140701,7.365705267936562e-13
7,0.4,0.25,1.0,raw,mixed_global,0.505,0.255,0.4775,0.4775,0.54,0.34,0.43,,107201,120701,140701,7.365705267936562e-13
7,0.4,0.25,1.0,raw,mixed_context,0.51,0.295,0.4775,0.4975,0.54,0.0,0.01,,107201,120701,140701,7.365705267936562e-13
7,0.4,0.25,1.0,activity_normalized,single_intensity,0.5,0.3,0.5155,0.5155,0.54,0.03,0.03,,107201,120701,140701,7.365705267936562e-13
7,0.4,0.25,1.0,activity_normalized,mixed_global,0.51,0.295,0.5155,0.5155,0.54,0.03,0.04,,107201,120701,140701,7.365705267936562e-13
7,0.4,0.25,1.0,activity_normalized,mixed_context,0.535,0.33,0.5155,0.5147,0.54,0.14,0.08,,107201,120701,140701,7.365705267936562e-13
7,0.4,0.25,1.0,counterfactual_fraction,single_intensity,0.5,0.305,0.5094,0.5094,0.54,0.03,0.02,,107201,120701,140701,7.365705267936562e-13
7,0.4,0.25,1.0,counterfactual_fraction,mixed_global,0.52,0.305,0.5094,0.5094,0.54,0.09,0.08,,107201,120701,140701,7.365705267936562e-13
7,0.4,0.25,1.0,counterfactual_fraction,mixed_context,0.515,0.325,0.5094,0.5088,0.54,0.14,0.09,,107201,120701,140701,7.365705267936562e-13
7,0.4,0.5,0.0,raw,single_intensity,0.5,0.485,0.4181,0.4181,0.98,0.97,0.99,,107201,120701,140701,1.8927359679565825e-12
7,0.4,0.5,0.0,raw,mixed_global,0.5,0.495,0.4181,0.4181,0.98,0.0,0.0,,107201,120701,140701,1.8927359679565825e-12
7,0.4,0.5,0.0,raw,mixed_context,0.465,0.45,0.4181,0.4302,0.98,0.14,0.23,,107201,120701,140701,1.8927359679565825e-12
7,0.4,0.5,0.0,activity_normalized,single_intensity,0.605,0.595,0.6333,0.6333,0.98,0.34,0.14,,107201,120701,140701,1.8927359679565825e-12
7,0.4,0.5,0.0,activity_normalized,mixed_global,0.6,0.59,0.6333,0.6333,0.98,0.45,0.26,,107201,120701,140701,1.8927359679565825e-12
7,0.4,0.5,0.0,activity_normalized,mixed_context,0.585,0.575,0.6333,0.6276,0.98,0.33,0.17,,107201,120701,140701,1.8927359679565825e-12
7,0.4,0.5,0.0,counterfactual_fraction,single_intensity,0.5,0.495,0.5,0.5,0.98,0.0,0.0,,107201,120701,140701,1.8927359679565825e-12
7,0.4,0.5,0.0,counterfactual_fraction,mixed_global,0.5,0.495,0.5,0.5,0.98,0.0,0.0,,107201,120701,140701,1.8927359679565825e-12
7,0.4,0.5,0.0,counterfactual_fraction,mixed_context,0.485,0.475,0.5,0.485,0.98,0.26,0.3,,107201,120701,140701,1.8927359679565825e-12
7,0.4,0.5,1.0,raw,single_intensity,0.5,0.485,0.5047,0.5047,0.98,0.76,0.78,,107201,120701,140701,1.8927359679565825e-12
7,0.4,0.5,1.0,raw,mixed_global,0.5,0.485,0.5047,0.5047,0.98,0.76,0.78,,107201,120701,140701,1.8927359679565825e-12
7,0.4,0.5,1.0,raw,mixed_context,0.475,0.46,0.5047,0.4572,0.98,0.15,0.22,,107201,120701,140701,1.8927359679565825e-12
7,0.4,0.5,1.0,activity_normalized,single_intensity,0.555,0.55,0.5771,0.5771,0.98,0.23,0.12,,107201,120701,140701,1.8927359679565825e-12
7,0.4,0.5,1.0,activity_normalized,mixed_global,0.55,0.545,0.5771,0.5771,0.98,0.25,0.15,,107201,120701,140701,1.8927359679565825e-12
7,0.4,0.5,1.0,activity_normalized,mixed_context,0.555,0.55,0.5771,0.584,0.98,0.41,0.3,,107201,120701,140701,1.8927359679565825e-12
7,0.4,0.5,1.0,counterfactual_fraction,single_intensity,0.545,0.535,0.5545,0.5545,0.98,0.21,0.13,,107201,120701,140701,1.8927359679565825e-12
7,0.4,0.5,1.0,counterfactual_fraction,mixed_global,0.53,0.52,0.5545,0.5545,0.98,0.36,0.31,,107201,120701,140701,1.8927359679565825e-12
7,0.4,0.5,1.0,counterfactual_fraction,mixed_context,0.55,0.54,0.5545,0.5663,0.98,0.47,0.38,,107201,120701,140701,1.8927359679565825e-12
7,0.4,1.0,0.0,raw,single_intensity,0.5,0.5,0.3716,0.3716,1.0,1.0,1.0,,107201,120701,140701,2.766009643551115e-12
7,0.4,1.0,0.0,raw,mixed_global,0.5,0.5,0.3716,0.3716,1.0,0.0,0.0,,107201,120701,140701,2.766009643551115e-12
7,0.4,1.0,0.0,raw,mixed_context,0.48,0.48,0.3716,0.3716,1.0,0.11,0.15,,107201,120701,140701,2.766009643551115e-12
7,0.4,1.0,0.0,activity_normalized,single_intensity,0.76,0.76,0.8318,0.8318,1.0,0.74,0.22,,107201,120701,140701,2.766009643551115e-12
7,0.4,1.0,0.0,activity_normalized,mixed_global,0.735,0.735,0.8318,0.8318,1.0,0.85,0.38,,107201,120701,140701,2.766009643551115e-12
7,0.4,1.0,0.0,activity_normalized,mixed_context,0.735,0.735,0.8318,0.8318,1.0,0.85,0.38,,107201,120701,140701,2.766009643551115e-12
7,0.4,1.0,0.0,counterfactual_fraction,single_intensity,0.5,0.5,0.5,0.5,1.0,0.0,0.0,,107201,120701,140701,2.766009643551115e-12
7,0.4,1.0,0.0,counterfactual_fraction,mixed_global,0.5,0.5,0.5,0.5,1.0,0.0,0.0,,107201,120701,140701,2.766009643551115e-12
7,0.4,1.0,0.0,counterfactual_fraction,mixed_context,0.5,0.5,0.5,0.5,1.0,1.0,1.0,,107201,120701,140701,2.766009643551115e-12
7,0.4,1.0,1.0,raw,single_intensity,0.57,0.57,0.5962,0.5962,1.0,0.69,0.55,,107201,120701,140701,2.766009643551115e-12
7,0.4,1.0,1.0,raw,mixed_global,0.57,0.57,0.5962,0.5962,1.0,0.69,0.55,,107201,120701,140701,2.766009643551115e-12
7,0.4,1.0,1.0,raw,mixed_context,0.57,0.57,0.5962,0.5962,1.0,0.74,0.6,,107201,120701,140701,2.766009643551115e-12
7,0.4,1.0,1.0,activity_normalized,single_intensity,0.68,0.68,0.7434,0.7434,1.0,0.61,0.25,,107201,120701,140701,2.766009643551115e-12
7,0.4,1.0,1.0,activity_normalized,mixed_global,0.665,0.665,0.7434,0.7434,1.0,0.69,0.36,,107201,120701,140701,2.766009643551115e-12
7,0.4,1.0,1.0,activity_normalized,mixed_context,0.665,0.665,0.7434,0.7434,1.0,0.69,0.36,,107201,120701,140701,2.766009643551115e-12
7,0.4,1.0,1.0,counterfactual_fraction,single_intensity,0.62,0.62,0.6881,0.6881,1.0,0.57,0.33,,107201,120701,140701,2.766009643551115e-12
7,0.4,1.0,1.0,counterfactual_fraction,mixed_global,0.595,0.595,0.6881,0.6881,1.0,0.85,0.66,,107201,120701,140701,2.766009643551115e-12
7,0.4,1.0,1.0,counterfactual_fraction,mixed_context,0.62,0.62,0.6881,0.6881,1.0,0.56,0.32,,107201,120701,140701,2.766009643551115e-12
