post,size,mean,subtype,side
720575941351040048,7,8.428571428571429,KCab,right
720575941352057392,5,5.6,KC,right
720575941352627504,3,2.3333333333333335,KCg,right
720575941352978224,7,10.0,KCg,right
720575941390655236,7,16.428571428571427,KCab,right
720575941390911492,5,13.4,KCg,right
720575941390989060,2,3.0,KCa'b',right
720575941391371158,3,4.666666666666667,KCa'b',right
720575941391741956,2,8.5,KCg,right
720575941391763460,8,6.875,KCg,right
720575941391816452,6,4.0,KC,right
720575941391906052,6,5.0,KCg,right
720575941391907588,7,6.571428571428571,KCab,right
720575941391910148,6,15.166666666666666,KCg,right
720575941392159236,2,7.5,KCg,right
720575941392321284,14,4.071428571428571,KCg,right
720575941392349590,7,7.428571428571429,KCg,right
720575941392359830,11,9.636363636363637,KCab,right
720575941392487428,3,4.666666666666667,KCab,right
720575941392524292,2,10.0,KC,right
720575941392643222,8,7.75,KCg,right
720575941392654230,4,8.25,KCg,right
720575941392655510,4,8.0,KCab,right
720575941392656278,4,5.75,KCapbp,right
720575941392700932,7,6.428571428571429,KCab,right
720575941392755094,9,3.5555555555555554,KCg,right
720575941393181334,4,14.25,KCab,right
720575941393210006,3,2.3333333333333335,KCab,right
720575941393316758,9,7.444444444444445,KCg,right
720575941393692420,8,11.625,KCab,right
720575941399900451,5,3.8,KCa'b',right
720575941400730659,4,10.75,KCg,right
720575941400845091,9,5.111111111111111,KCg,right
720575941400847395,6,6.5,KC,right
720575941400855587,4,3.5,KCab,right
720575941400856099,7,7.285714285714286,KCab,right
720575941401071139,5,6.8,KCg,right
720575941401391139,4,9.5,KCab,right
720575941401722147,10,9.4,KCab,right
720575941401862947,6,8.0,KCg,right
720575941402867312,4,8.25,KCg,right
720575941403677040,8,3.75,KCg,right
720575941404005488,1,20.0,KCg,right
720575941404013936,4,8.75,KCg,right
720575941404016240,5,16.0,KCg,right
720575941404448624,5,15.8,KCab,right
720575941406224046,5,9.2,KCg,right
720575941406581934,1,8.0,KCg,right
720575941406616238,6,7.333333333333333,KCab,right
720575941407357102,4,6.0,KCa'b',right
720575941407486511,3,17.333333333333332,KCg,right
720575941408016558,7,4.428571428571429,KCa'b',right
720575941408057647,3,10.666666666666666,KCab,right
720575941408491694,7,6.285714285714286,KCg,right
720575941408610863,5,6.2,KCg,right
720575941410052523,5,3.8,KCab,right
720575941410151851,3,20.333333333333332,KCa'b',right
720575941410169259,3,9.333333333333334,KCg,right
720575941410171051,6,14.833333333333334,KCab,right
720575941410253995,6,3.3333333333333335,KCg,right
720575941410289579,3,11.333333333333334,KCg,right
720575941410351019,5,2.6,KCg,right
720575941410352299,9,6.111111111111111,KCab,right
720575941410721647,3,5.0,KCg,right
720575941410937455,1,8.0,KCapbp,right
720575941410989227,8,6.25,KCg,right
720575941411143083,4,26.5,KCab,right
720575941411212203,2,7.0,KCab,right
720575941411271279,4,5.5,KCg,right
720575941412021137,1,12.0,KCg,right
720575941412237972,5,9.0,KCa'b',right
720575941412247700,1,5.0,KCa'b',right
720575941412272239,4,8.75,KCab,right
720575941412281455,7,6.285714285714286,KCab,right
720575941412294511,10,12.4,KCg,right
720575941412528555,4,7.25,KCg,right
720575941412859759,6,5.833333333333333,KCab,right
720575941413327508,2,15.0,KC,right
720575941413369748,2,4.0,KCab,right
720575941413465745,1,27.0,KCg,right
720575941413524116,4,5.0,KCg,right
720575941413567636,5,8.8,KCg,right
720575941413568660,7,7.0,KCab,right
720575941413569428,5,3.6,KCab,right
720575941413569940,4,2.75,KCg,right
720575941413625492,4,7.25,KCab,right
720575941413778580,6,8.666666666666666,KCg,right
720575941413783956,8,7.625,KCg,right
720575941413876113,4,5.0,KCab,right
720575941413900689,3,4.0,KCg,right
720575941414655380,9,9.777777777777779,KCg,right
720575941414776980,4,2.0,KCg,right
720575941415410972,2,11.0,KCg,right
720575941415411996,7,6.428571428571429,KCab,right
720575941415421724,3,4.333333333333333,KCa'b',right
720575941415640604,7,4.714285714285714,KCg,right
720575941415819292,13,4.384615384615385,KCg,right
720575941416595228,5,8.4,KCab,right
720575941417887772,5,8.0,KCg,right
720575941425741396,5,8.6,KCab,right
720575941426230100,4,21.0,KCab,right
720575941426566740,2,7.5,KCab,right
720575941426731604,5,10.2,KCab,right
720575941427032660,5,12.4,KCab,right
720575941427336020,2,17.5,KCab,right
720575941427340372,3,3.6666666666666665,KCg,right
720575941428575480,5,9.6,KCg,right
720575941428588280,2,10.5,KCa'b',right
720575941428653652,3,10.666666666666666,KCg,right
720575941428715000,7,11.285714285714286,KCab,right
720575941428843401,3,4.333333333333333,KCg,right
720575941428930900,6,13.833333333333334,KCab,right
720575941429177263,7,5.285714285714286,KCg,right
720575941429865175,3,8.333333333333334,KCa'b',right
720575941429940216,7,2.2857142857142856,KCg,right
720575941430011055,5,9.6,KCab,right
720575941430013321,3,7.0,KCg,right
720575941430174456,2,14.0,KCab,right
720575941430179320,4,5.25,KCg,right
720575941430317231,6,5.333333333333333,KCa'b',right
720575941430319497,5,6.4,KCab,right
720575941430460335,5,6.6,KCg,right
720575941430461359,2,13.5,KCab,right
720575941430470648,3,9.0,KCg,right
720575941430677719,3,1.6666666666666667,KCg,right
720575941430755977,4,7.0,KCab,right
720575941430794744,8,9.75,KCg,right
720575941430795991,7,7.714285714285714,KCab,right
720575941430859256,2,4.0,KCg,right
720575941430867448,4,11.25,KC,right
720575941430869935,11,5.545454545454546,KCg,right
720575941430940920,5,6.6,KCg,right
720575941431063822,4,11.0,KCg,right
720575941431112206,4,5.5,KCg,right
720575941431121166,5,10.0,KCg,right
720575941431199841,5,12.4,KCg,right
720575941431360471,2,9.0,KC,right
720575941431362735,5,5.8,KCg,right
720575941431374295,9,5.666666666666667,KCa'b',right
720575941431378095,2,12.0,KCab,right
720575941431387351,5,20.4,KCab,right
720575941431612769,1,5.0,KC,right
720575941431624545,8,5.625,KCab,right
720575941431661015,2,7.5,KCg,right
720575941431876961,8,4.875,KCg,right
720575941431879895,1,2.0,KCab,right
720575941431881313,3,1.6666666666666667,KCa'b',right
720575941431907086,4,7.0,KCa'b',right
720575941431917326,8,5.875,KCab,right
720575941431942670,2,1.0,KCg,right
720575941432172046,6,11.5,KCg,right
720575941432297230,7,7.0,KC,right
720575941432332247,13,7.3076923076923075,KCab,right
720575941432685326,7,2.857142857142857,KCa'b',right
720575941433220110,8,8.375,KCab,right
720575941433248526,7,3.7142857142857144,KCg,right
720575941433505678,5,5.8,KCg,right
720575941433525975,8,6.5,KCg,right
720575941434029088,4,10.25,KCa'b',right
720575941434317198,5,8.2,KC,right
720575941434832160,6,11.333333333333334,KCab,right
720575941434988064,7,6.0,KCg,right
720575941434989600,4,2.5,KCg,right
720575941434998560,2,14.0,KCab,right
720575941435245856,9,9.88888888888889,KCab,right
720575941435490190,4,13.75,KCab,right
720575941435542158,11,8.0,KCab,right
720575941435618336,1,1.0,KCg,right
720575941436172562,3,12.0,KCab,right
720575941436215950,4,8.75,KCab,right
720575941436260384,2,18.5,KCab,right
720575941437054175,4,9.25,KCa'b',right
720575941437330706,4,14.0,KCab,right
720575941437401618,6,10.666666666666666,KCab,right
720575941437414930,7,3.857142857142857,KCg,right
720575941437552914,9,9.555555555555555,KCab,right
720575941437556242,3,7.333333333333333,KCg,right
720575941437604831,4,10.25,KCg,right
720575941437622495,5,9.6,KCg,right
720575941437635039,3,19.0,KCab,right
720575941437666092,8,10.75,KCab,right
720575941437690175,5,12.0,KCab,right
720575941437724460,3,2.0,KCg,right
720575941437842194,9,7.888888888888889,KCg,right
720575941438089490,6,5.833333333333333,KCab,right
720575941438104108,10,8.1,KCg,right
720575941438261055,3,17.666666666666668,KCab,right
720575941438263871,5,4.8,KCg,right
720575941438309439,7,15.0,KCab,right
720575941438445631,8,7.5,KCab,right
720575941438459967,4,4.0,KCg,right
720575941438523103,7,8.285714285714286,KCab,right
720575941438651436,2,8.5,KCg,right
720575941438665746,8,7.75,KCg,right
720575941438713311,3,3.0,KCg,right
720575941438713567,2,2.5,KCg,right
720575941438716895,5,5.4,KCg,right
720575941438818860,5,11.8,KCg,right
720575941438983231,4,6.75,KCab,right
720575941438991423,4,6.0,KCg,right
720575941439076955,4,12.0,KCab,right
720575941439166943,2,8.5,KCg,right
720575941439224917,7,7.285714285714286,KCg,right
720575941439261151,1,4.0,KCg,right
720575941439262687,9,10.666666666666666,KC,right
720575941439275487,5,5.0,KCab,right
720575941439294431,7,4.0,KCg,right
720575941439366485,5,13.6,KCab,right
720575941439369301,8,4.125,KCg,right
720575941439369557,9,4.333333333333333,KCg,right
720575941439373909,2,9.5,KCa'b',right
720575941439376213,4,9.75,KCg,right
720575941439377237,8,6.5,KCg,right
720575941439535445,4,8.5,KCab,right
720575941439540821,4,12.25,KCg,right
720575941439648603,6,7.166666666666667,KCg,right
720575941439669567,7,4.142857142857143,KCg,right
720575941439813311,11,8.727272727272727,KCg,right
720575941439826383,6,12.666666666666666,KCg,right
720575941440031061,10,6.9,KCg,right
720575941440190911,2,13.0,KCab,right
720575941440304063,5,7.0,KCab,right
720575941440326229,5,7.2,KCg,right
720575941440449743,7,8.714285714285714,KCapbp,right
720575941440458687,8,7.875,KCab,right
720575941440526527,6,9.666666666666666,KCg,right
720575941440540351,5,5.6,KCg,right
720575941440818267,4,5.25,KCab,right
720575941440949967,2,3.5,KCab,right
720575941440952015,12,5.833333333333333,KCg,right
720575941440957391,7,9.428571428571429,KCab,right
720575941440961231,6,15.166666666666666,KCg,right
720575941441173983,16,4.3125,KCab,right
720575941441216347,6,9.0,KCg,right
720575941441221211,6,7.833333333333333,KCab,right
720575941441251791,2,9.5,KCa'b',right
720575941441356479,5,5.6,KCg,right
720575941441439579,8,12.0,KCg,right
720575941441508815,2,7.0,KCg,right
720575941441511887,5,14.0,KC,right
720575941441518031,2,3.5,KCab,right
720575941441541071,5,6.6,KCa'b',right
720575941441551055,2,12.0,KCg,right
720575941441566415,6,6.666666666666667,KCg,right
720575941441690063,1,1.0,KCab,right
720575941442029659,3,6.333333333333333,KCa'b',right
720575941442653098,4,10.0,KCg,right
720575941442999210,6,11.833333333333334,KCab,right
720575941443806378,4,9.5,KCg,right
720575941444772010,5,5.2,KCab,right
720575941445097898,1,7.0,KCapbp,right
720575941446768916,2,8.0,KCg,right
720575941446789908,8,5.875,KCg,right
720575941446853908,8,9.375,KCg,right
720575941446986004,6,8.833333333333334,KCab,right
720575941447099412,6,10.0,KCa'b',right
720575941447173140,5,16.4,KCab,right
720575941447357204,9,8.333333333333334,KCg,right
720575941447400117,6,11.0,KCg,right
720575941447732756,8,10.875,KCab,right
720575941448140622,5,4.8,KCa'b',right
720575941448141405,2,20.5,KCapbp,right
720575941448890461,6,8.0,KCg,right
720575941449016654,1,1.0,KC,right
720575941449343925,12,7.333333333333333,KCab,right
720575941449373262,5,8.4,KCg,right
720575941449576782,5,6.6,KCab,right
720575941449591118,10,3.9,KCg,right
720575941449733966,1,1.0,KCab,right
720575941449806926,4,24.5,KCab,right
720575941449839950,6,7.833333333333333,KCapbp,right
720575941449876661,9,5.222222222222222,KCab,right
720575941449910197,1,6.0,KCa'b',right
720575941449938101,7,8.571428571428571,KCab,right
720575941450060469,8,6.625,KCg,right
720575941450125390,12,9.666666666666666,KCab,right
720575941450496590,1,3.0,KCab,right
720575941450616501,1,1.0,KCg,right
720575941450616757,6,5.666666666666667,KCg,right
720575941450955854,1,4.0,KCg,right
720575941451034490,4,6.0,KCab,right
720575941451082830,8,7.0,KCab,right
720575941451143593,3,3.6666666666666665,KCab,right
720575941451188346,4,1.5,KCab,right
720575941451598919,6,6.0,KCg,right
720575941451644794,5,3.4,KCa'b',right
720575941451645050,4,2.0,KCg,right
720575941451650119,7,5.0,KCg,right
720575941451650631,2,2.0,KCg,right
720575941451885895,5,8.2,KCab,right
720575941451888711,6,7.833333333333333,KCab,right
720575941451902586,4,13.75,KCab,right
720575941452086394,4,6.25,KCg,right
720575941452191657,10,7.2,KCg,right
720575941452347561,4,15.0,KCg,right
720575941452424775,5,9.2,KCg,right
720575941452581033,7,11.285714285714286,KCab,right
720575941452712775,9,7.777777777777778,KCg,right
720575941452897449,4,8.0,KCa'b',right
720575941452982855,3,12.333333333333334,KCab,right
720575941453339817,9,4.888888888888889,KCg,right
720575941453769779,6,4.166666666666667,KCa'b',right
720575941453777203,3,2.0,KCg,right
720575941454033971,8,6.125,KCg,right
720575941454100019,10,7.0,KCapbp,right
720575941454110515,1,1.0,KCg,right
720575941454285225,4,15.75,KCg,right
720575941454361001,5,7.8,KCg,right
720575941454414061,3,15.333333333333334,KCg,right
720575941454543411,4,3.25,KCab,right
720575941454554163,6,7.166666666666667,KCg,right
720575941454566451,2,2.5,KCab,right
720575941454578739,2,15.5,KCab,right
720575941454581043,4,15.25,KCab,right
720575941455615213,6,7.166666666666667,KCab,right
720575941455824877,4,3.75,KCg,right
720575941455942893,7,11.142857142857142,KCg,right
720575941455963629,8,5.625,KCg,right
720575941455967213,12,7.833333333333333,KCg,right
720575941456387824,2,2.5,KCg,right
720575941457120415,6,9.666666666666666,KCa'b',right
720575941457530352,7,7.714285714285714,KC,right
720575941457606896,1,6.0,KC,right
720575941457748976,4,3.5,KCg,right
720575941457821680,5,25.2,KCab,right
720575941457822192,3,6.666666666666667,KCab,right
720575941457822704,3,2.6666666666666665,KCg,right
720575941457900272,4,9.0,KCapbp,right
720575941458003615,7,11.0,KCg,right
720575941458218655,4,5.75,KCg,right
720575941458465776,4,8.25,KC,right
720575941458547667,5,10.6,KCab,right
720575941458954054,7,5.857142857142857,KCab,right
720575941458954822,6,8.333333333333334,KCab,right
720575941458955846,9,7.666666666666667,KC,right
720575941458968479,3,11.666666666666666,KCg,right
720575941459053638,4,11.75,KCab,right
720575941459185222,2,6.5,KCa'b',right
720575941459447792,5,8.0,KCab,right
720575941459664580,3,7.333333333333333,KCa'b',right
720575941460124486,4,11.0,KCg,right
720575941460172996,2,11.5,KCa'b',right
720575941460284115,5,19.4,KCab,right
720575941460287443,7,4.428571428571429,KCa'b',right
720575941460328592,4,6.0,KCg,right
720575941460371667,5,5.0,KCg,right
720575941460405663,10,10.1,KCg,right
720575941460437830,2,14.0,KCa'b',right
720575941460852947,6,8.0,KCg,right
720575941461005508,2,1.5,KCab,right
720575941461250259,1,12.0,KCab,right
720575941461297348,3,16.333333333333332,KC,right
720575941461458576,2,2.5,KCg,right
720575941461459856,5,11.8,KCab,right
720575941461460880,5,13.6,KCab,right
720575941461464720,3,9.333333333333334,KC,right
720575941461668240,6,5.833333333333333,KCg,right
720575941461683600,6,8.0,KCab,right
720575941461881028,5,5.6,KCg,right
720575941462103696,4,6.5,KCab,right
720575941462437776,5,13.2,KCab,right
720575941462683917,8,3.75,KCg,right
720575941462778125,10,6.0,KCg,right
720575941465206806,2,6.5,KCa'b',right
720575941465609046,6,9.333333333333334,KCab,right
720575941465670230,6,3.6666666666666665,KCg,right
720575941465695830,4,17.5,KCab,right
720575941465801046,3,5.666666666666667,KCg,right
720575941466048342,9,7.777777777777778,KCg,right
720575941466577942,8,9.75,KCab,right
720575941466605142,2,2.5,KCg,right
720575941466723350,3,7.0,KCa'b',right
720575941466730774,2,8.5,KCg,right
720575941466800406,1,1.0,KCab,right
720575941466804246,4,1.75,KCa'b',right
720575941466844694,6,12.666666666666666,KCab,right
720575941466956630,3,6.333333333333333,KCa'b',right
720575941467519510,3,13.333333333333334,KCab,right
720575941468815382,4,8.0,KCab,right
720575941468828637,4,14.0,KCg,right
720575941468831965,1,5.0,KCg,right
720575941468981981,4,3.25,KCa'b',right
720575941468996317,3,5.333333333333333,KCab,right
720575941469103581,9,6.777777777777778,KCg,right
720575941469116279,1,2.0,KCa'b',right
720575941469132555,7,11.285714285714286,KCab,right
720575941469166301,1,4.0,KC,right
720575941469412829,6,12.166666666666666,KCg,right
720575941469596125,2,2.0,KCg,right
720575941469694784,4,4.25,KCg,right
720575941469781056,5,14.2,KCg,right
720575941469787456,4,7.75,KCab,right
720575941469901533,3,6.666666666666667,KCab,right
720575941469908189,8,4.75,KCab,right
720575941470263927,7,7.0,KCab,right
720575941470290240,6,4.5,KCg,right
720575941470378103,3,5.333333333333333,KCa'b',right
720575941470410507,5,7.0,KCg,right
720575941470550795,5,11.4,KCab,right
720575941470557195,11,6.545454545454546,KCg,right
720575941470560267,3,5.666666666666667,KCapbp,right
720575941470563851,2,13.0,KCab,right
720575941470609472,2,1.5,KCa'b',right
720575941471027723,2,7.0,KCg,right
720575941471041856,10,4.6,KCg,right
720575941471045696,8,5.5,KCab,right
720575941471063872,9,6.555555555555555,KCab,right
720575941471068427,1,6.0,KCg,right
720575941471084555,1,5.0,KCapbp,right
720575941471185216,6,10.333333333333334,KCab,right
720575941471299959,6,4.833333333333333,KCg,right
720575941471362679,9,3.3333333333333335,KCg,right
720575941471422560,3,11.333333333333334,KCa'b',right
720575941471489088,8,13.75,KCg,right
720575941471636235,10,5.5,KCg,right
720575941471706379,2,12.5,KCab,right
720575941471809088,4,6.0,KCg,right
720575941471860064,9,7.111111111111111,KCab,right
720575941471928843,2,4.5,KCab,right
720575941472036160,6,2.8333333333333335,KCg,right
720575941472273962,2,17.5,KCapbp,right
720575941472668000,7,9.428571428571429,KCab,right
720575941472675424,6,3.1666666666666665,KCg,right
720575941472780640,5,14.2,KCab,right
720575941472902698,6,9.333333333333334,KCab,right
720575941472919904,5,6.0,KCg,right
720575941472920416,5,8.2,KCg,right
720575941472920672,10,8.3,KCg,right
720575941473014112,4,2.25,KCa'b',right
720575941473079904,4,7.0,KCapbp,right
720575941473400928,6,11.833333333333334,KCab,right
720575941473559136,10,9.8,KCg,right
720575941473613354,5,15.4,KCab,right
720575941473619498,3,9.0,KCab,right
720575941473887018,1,7.0,KCg,right
720575941474202410,2,23.5,KCab,right
720575941474288426,7,7.428571428571429,KCab,right
720575941474289450,5,2.8,KCab,right
720575941474296106,4,16.0,KCg,right
720575941474755131,3,3.0,KCa'b',right
720575941474788657,6,10.333333333333334,KCab,right
720575941475130161,3,4.666666666666667,KCab,right
720575941475968030,7,6.428571428571429,KCg,right
720575941476123441,2,17.0,KCab,right
720575941476126257,5,15.8,KCab,right
720575941476126769,1,21.0,KCab,right
720575941476129585,8,9.125,KCab,right
720575941476163434,10,9.0,KCab,right
720575941476204574,5,11.6,KC,right
720575941476211998,6,14.166666666666666,KCab,right
720575941476287537,1,1.0,KCab,right
720575941476432670,7,5.142857142857143,KCg,right
720575941476474218,6,9.5,KCab,right
720575941476503873,6,12.833333333333334,KCg,right
720575941476504385,8,6.625,KCg,right
720575941476655156,7,6.285714285714286,KCg,right
720575941476656955,6,11.833333333333334,KCab,right
720575941476665153,2,2.0,KCab,right
720575941476666177,7,7.285714285714286,KCab,right
720575941476688699,1,2.0,KCg,right
720575941476689713,3,5.666666666666667,KCapbp,right
720575941476701236,15,7.2,KCg,right
720575941476866113,6,8.5,KCab,right
720575941476980532,7,11.714285714285714,KCab,right
720575941477094209,7,3.5714285714285716,KCg,right
720575941477146673,1,3.0,KCg,right
720575941477245505,3,14.0,KCg,right
720575941477249073,4,7.0,KCa'b',right
720575941477256257,7,10.0,KCab,right
720575941477321578,8,9.375,KCg,right
720575941478243458,4,4.25,KCapbp,right
720575941478376042,9,9.222222222222221,KCab,right
720575941478432480,5,8.0,KCg,right
720575941478453122,5,5.0,KCg,right
720575941478678122,5,4.4,KCg,right
720575941478807715,1,2.0,KCab,right
720575941478815907,2,8.5,KCa'b',right
720575941478973761,7,11.571428571428571,KCab,right
720575941479145696,8,13.0,KCg,right
720575941479150415,1,2.0,KCg,right
720575941479345376,5,7.8,KCg,right
720575941479489154,4,12.25,KCab,right
720575941479529346,8,6.125,KCab,right
720575941479615362,5,4.6,KCg,right
720575941479755394,6,7.666666666666667,KCab,right
720575941479787906,2,3.0,KCab,right
720575941479921315,6,9.0,KCab,right
720575941479974083,6,5.5,KCg,right
720575941480097443,5,7.6,KCg,right
720575941480129187,4,6.25,KCab,right
720575941480139906,3,23.0,KCab,right
720575941480167042,4,5.25,KCab,right
720575941480198223,2,3.0,KCab,right
720575941480220835,7,6.571428571428571,KCg,right
720575941480244387,3,12.333333333333334,KCab,right
720575941480250787,7,7.714285714285714,KCab,right
720575941480357199,5,8.4,KCa'b',right
720575941480420003,6,3.8333333333333335,KCab,right
720575941480434851,7,6.285714285714286,KCg,right
720575941480435107,5,19.2,KCg,right
720575941480443299,4,11.5,KC,right
720575941480971171,3,17.333333333333332,KCab,right
720575941481032611,6,6.0,KCab,right
720575941481061571,5,13.8,KCab,right
720575941481104070,3,6.666666666666667,KCa'b',right
720575941481579459,3,7.0,KCab,right
720575941481601219,6,10.166666666666666,KCa'b',right
720575941481728186,1,7.0,KCa'b',right
720575941481787522,4,4.0,KCg,right
720575941481864134,3,4.333333333333333,KCg,right
720575941481885382,5,11.6,KCab,right
720575941481919683,3,8.666666666666666,KCab,right
720575941481980102,5,13.0,KCab,right
720575941482107834,8,4.0,KCg,right
720575941482492346,2,4.0,KCab,right
720575941482539706,5,8.6,KCa'b',right
720575941482623162,5,10.6,KCab,right
720575941482625210,5,9.2,KCab,right
720575941482630842,3,12.0,KCab,right
720575941482634938,11,5.363636363636363,KCg,right
720575941482644934,3,6.0,KCa'b',right
720575941482668797,3,7.666666666666667,KCg,right
720575941482816765,1,12.0,KCab,right
720575941482821373,6,5.833333333333333,KCg,right
720575941482839482,7,7.0,KCg,right
720575941482840317,7,12.571428571428571,KCg,right
720575941482842298,7,7.857142857142857,KCab,right
720575941482909949,3,4.0,KCa'b',right
720575941482920189,5,11.8,KCg,right
720575941482922950,4,13.75,KCab,right
720575941482931898,7,12.428571428571429,KCab,right
720575941482957309,10,4.5,KCg,right
720575941482981373,6,6.666666666666667,KCab,right
720575941482985469,10,5.2,KCab,right
720575941482985981,9,6.111111111111111,KCg,right
720575941483012294,8,7.875,KCab,right
720575941483211962,2,2.5,KCg,right
720575941483265734,7,6.571428571428571,KCg,right
720575941483732410,8,9.375,KCg,right
720575941483775162,2,5.0,KCab,right
720575941484482957,5,8.8,KCg,right
720575941484986365,1,15.0,KCg,right
720575941485269645,3,1.6666666666666667,KCg,right
720575941485363266,7,4.285714285714286,KCab,right
720575941485510978,2,8.5,KCa'b',right
720575941485517122,3,5.0,KCab,right
720575941485577990,8,8.5,KCg,right
720575941485639309,8,8.125,KCg,right
720575941485704454,3,3.0,KCab,right
720575941485713414,4,10.75,KCab,right
720575941485722064,3,10.666666666666666,KC,right
720575941486049090,8,5.75,KC,right
720575941486078349,6,10.5,KCg,right
720575941486080141,8,11.375,KCab,right
720575941486201094,7,11.428571428571429,KC,right
720575941486372418,3,6.0,KCg,right
720575941486482061,6,8.666666666666666,KCab,right
720575941486704013,7,5.0,KCab,right
720575941486727234,5,12.6,KCab,right
720575941486808016,5,10.6,KCg,right
720575941486821328,6,10.666666666666666,KCa'b',right
720575941486961872,5,5.0,KCg,right
720575941486962896,4,3.0,KCg,right
720575941486966992,7,17.857142857142858,KCab,right
720575941486978000,4,6.25,KCab,right
720575941487147728,13,9.461538461538462,KCab,right
720575941487167696,9,6.333333333333333,KCg,right
720575941487494096,7,4.571428571428571,KCg,right
720575941487496656,4,9.0,KCab,right
720575941487755216,8,8.5,KCab,right
720575941488194869,2,7.5,KCa'b',right
720575941488591305,4,18.75,KCab,right
720575941488778805,3,9.333333333333334,KCab,right
720575941488866249,1,1.0,KCg,right
720575941489116364,6,8.833333333333334,KCab,right
720575941489126453,8,4.875,KCg,right
720575941489151438,1,1.0,KCapbp,right
720575941489227726,3,16.666666666666668,KCab,right
720575941489489973,7,12.142857142857142,KCab,right
720575941489492021,6,5.166666666666667,KCg,right
720575941489498677,4,11.25,KCab,right
720575941489629493,5,8.6,KCab,right
720575941489758951,3,6.333333333333333,KCa'b',right
720575941489940172,4,14.25,KCab,right
720575941490042318,5,12.8,KCg,right
720575941490048309,3,3.6666666666666665,KCab,right
720575941490063157,4,10.75,KCab,right
720575941490345673,6,9.833333333333334,KCa'b',right
720575941490346185,1,1.0,KC,right
720575941490381513,4,4.75,KCg,right
720575941490442188,4,5.75,KCg,right
720575941490450124,4,9.75,KCab,right
720575941490453196,3,5.666666666666667,KCg,right
720575941490608359,6,12.333333333333334,KCab,right
720575941490616777,7,7.285714285714286,KCg,right
720575941490622153,4,4.75,KC,right
720575941490637365,4,10.0,KCa'b',right
720575941490649550,9,6.666666666666667,KCg,right
720575941490658023,4,10.0,KCab,right
720575941490887655,4,4.75,KCa'b',right
720575941490888935,8,4.5,KCg,right
720575941490901452,1,5.0,KCa'b',right
720575941491033292,8,6.875,KCg,right
720575941491202510,2,15.5,KCg,right
720575941491312048,3,3.0,KCg,right
720575941491556071,7,7.571428571428571,KCab,right
720575941491608521,3,3.0,KCa'b',right
720575941492114352,5,11.2,KCab,right
720575941492128944,6,3.3333333333333335,KCg,right
720575941492156336,8,2.375,KCg,right
720575941492349360,6,8.5,KCg,right
720575941492350896,4,16.25,KCab,right
720575941492579788,1,8.0,KCab,right
720575941492580300,6,5.833333333333333,KCg,right
720575941492956336,5,7.0,KCg,right
720575941493070768,4,14.75,KCab,right
720575941493215664,7,12.571428571428571,KCg,right
720575941494206846,4,15.25,KCab,right
720575941494223486,6,10.666666666666666,KCg,right
720575941494430080,5,8.4,KCab,right
720575941494460032,3,4.666666666666667,KCa'b',right
720575941494566014,3,10.0,KCapbp,right
720575941494739399,3,4.333333333333333,KCa'b',right
720575941494799488,14,4.571428571428571,KCg,right
720575941494930375,8,7.625,KCg,right
720575941494997632,4,12.25,KCab,right
720575941495062398,4,1.5,KCab,right
720575941495072126,3,7.666666666666667,KCg,right
720575941495221374,5,4.8,KCab,right
720575941495655111,9,10.222222222222221,KCg,right
720575941495673031,4,17.0,KCg,right
720575941495693255,6,12.666666666666666,KCg,right
720575941495712455,9,7.777777777777778,KCab,right
720575941495766912,10,7.7,KCg,right
720575941495768960,4,4.75,KC,right
720575941495772800,6,7.833333333333333,KCab,right
720575941495791232,2,13.0,KCg,right
720575941495949952,2,1.5,KCa'b',right
720575941496131783,8,4.875,KCg,right
720575941496290503,7,1.7142857142857142,KCg,right
720575941496449920,6,8.166666666666666,KCg,right
720575941496684513,6,7.666666666666667,KCg,right
720575941496743497,3,4.333333333333333,KCg,right
720575941496780001,2,2.0,KCa'b',right
720575941497023305,3,6.0,KC,right
720575941497143202,7,9.0,KCab,right
720575941497229435,3,8.0,KCg,right
720575941497257851,7,3.857142857142857,KCg,right
720575941497432955,5,12.6,KCab,right
720575941497540937,2,10.0,KCab,right
720575941497577851,9,7.111111111111111,KCab,right
720575941497776713,7,9.142857142857142,KCg,right
720575941497788322,8,5.625,KCg,right
720575941497798369,12,8.916666666666666,KCab,right
720575941497945211,13,4.538461538461538,KCab,right
720575941497951650,2,3.0,KCa'b',right
720575941497976905,3,11.666666666666666,KCa'b',right
720575941498037729,5,3.8,KCab,right
720575941498046177,5,8.6,KCg,right
720575941498077819,6,8.0,KCab,right
720575941498086985,10,4.0,KCg,right
720575941498088059,4,5.25,KCab,right
720575941498124513,2,7.5,KCg,right
720575941498173665,9,4.111111111111111,KCg,right
720575941498195681,7,6.0,KCg,right
720575941498224763,9,5.111111111111111,KCg,right
720575941498229985,1,4.0,KCapbp,right
720575941498244065,5,4.8,KCg,right
720575941498266849,3,4.666666666666667,KCg,right
720575941498298849,3,28.333333333333332,KCab,right
720575941498404833,1,4.0,KCab,right
720575941498419323,8,11.5,KCab,right
720575941498581729,1,1.0,KCg,right
720575941498585313,1,8.0,KCa'b',right
720575941498623305,10,4.2,KCg,right
720575941498627657,9,4.888888888888889,KCg,right
720575941498634825,4,9.75,KCg,right
720575941498651209,4,6.0,KCab,right
720575941498860450,2,5.0,KC,right
720575941498922146,13,8.923076923076923,KCg,right
720575941499025314,4,9.75,KCg,right
720575941499038114,5,3.0,KCab,right
720575941499093473,4,8.25,KCa'b',right
720575941499364321,5,7.0,KCa'b',right
720575941499412386,6,11.5,KCg,right
720575941499429449,3,4.333333333333333,KCab,right
720575941499429961,1,1.0,KCab,right
720575941499430473,9,7.777777777777778,KCab,right
720575941499910881,4,9.75,KCab,right
720575941500085131,4,9.75,KCapbp,right
720575941500092043,1,1.0,KCa'b',right
720575941500854946,10,6.8,KCab,right
720575941501119883,4,4.0,KCg,right
720575941501130123,3,7.0,KCab,right
720575941501130635,7,10.428571428571429,KCab,right
720575941501388779,5,8.2,KCa'b',right
720575941501714571,6,9.5,KC,right
720575941502020802,5,10.4,KCab,right
720575941502256834,3,10.0,KCg,right
720575941502607298,3,16.333333333333332,KCab,right
720575941502634434,4,7.75,KCg,right
720575941502668779,6,16.166666666666668,KCab,right
720575941502843371,1,1.0,KCg,right
720575941502857451,5,6.4,KCab,right
720575941502899543,4,3.0,KCg,right
720575941502899947,6,9.333333333333334,KCab,right
720575941502905943,7,8.142857142857142,KCg,right
720575941503095019,3,6.666666666666667,KCg,right
720575941503124619,8,12.375,KCab,right
720575941503149803,4,4.5,KCg,right
720575941503383639,6,11.666666666666666,KCab,right
720575941503402178,6,8.833333333333334,KCg,right
720575941503414359,4,2.25,KCab,right
720575941503419115,5,7.4,KCg,right
720575941503419735,5,5.8,KCab,right
720575941503420759,7,8.428571428571429,KCg,right
720575941503463362,3,13.666666666666666,KCab,right
720575941503473714,8,4.75,KCg,right
720575941503482162,6,9.333333333333334,KCg,right
720575941503603906,6,5.833333333333333,KCg,right
720575941503706818,7,8.142857142857142,KCab,right
720575941503716802,4,5.75,KCa'b',right
720575941503734210,4,3.0,KCg,right
720575941503740866,3,3.6666666666666665,KCab,right
720575941503762923,6,6.166666666666667,KCg,right
720575941503921970,4,9.25,KCab,right
720575941504072386,3,2.6666666666666665,KCa'b',right
720575941504098498,5,8.2,KCab,right
720575941504104130,4,11.25,KCab,right
720575941504164802,8,9.375,KCg,right
720575941504221490,6,11.333333333333334,KC,right
720575941504223426,11,6.818181818181818,KCg,right
720575941504267173,2,7.0,KCa'b',right
720575941504466155,1,1.0,KCab,right
720575941504601794,6,4.333333333333333,KCapbp,right
720575941504788037,5,20.6,KCab,right
720575941504821669,7,5.0,KCg,right
720575941504884805,5,10.0,KCab,right
720575941505053756,7,6.142857142857143,KCg,right
720575941505151141,2,4.0,KCg,right
720575941505166245,5,6.8,KCab,right
720575941505339452,2,1.0,KCab,right
720575941505490085,4,9.5,KCg,right
720575941505921596,2,1.5,KCg,right
720575941505950629,4,3.25,KCab,right
720575941506072599,4,5.25,KCg,right
720575941506082327,1,2.0,KCg,right
720575941506088215,3,25.666666666666668,KCg,right
720575941506096407,4,7.5,KCa'b',right
720575941506099479,5,3.2,KCa'b',right
720575941506106647,2,1.0,KCg,right
720575941506224151,7,8.714285714285714,KCab,right
720575941506226210,3,18.333333333333332,KCa'b',right
720575941506229121,1,3.0,KCg,right
720575941506239045,7,9.142857142857142,KCg,right
720575941506248005,6,6.333333333333333,KCg,right
720575941506382359,10,9.7,KCab,right
720575941506395973,3,10.666666666666666,KCab,right
720575941506467934,4,4.75,KCg,right
720575941506490021,3,3.6666666666666665,KCg,right
720575941506565189,6,7.333333333333333,KCab,right
720575941506643772,6,10.166666666666666,KCg,right
720575941506741527,4,13.0,KCab,right
720575941506743575,6,4.333333333333333,KCg,right
720575941506785861,6,4.5,KC,right
720575941506798405,3,9.0,KCab,right
720575941506804037,3,6.0,KCg,right
720575941507020823,15,9.066666666666666,KCg,right
720575941507185221,2,3.5,KCa'b',right
720575941507196510,7,4.571428571428571,KCg,right
720575941507246370,1,23.0,KCab,right
720575941507258021,6,6.833333333333333,KCg,right
720575941507268446,8,6.75,KCg,right
720575941507386402,6,11.333333333333334,KCg,right
720575941507387426,5,4.2,KCab,right
720575941507387682,7,7.571428571428571,KCg,right
720575941507485313,8,6.75,KCab,right
720575941507494238,2,18.0,KC,right
720575941507532066,6,6.0,KCg,right
720575941507532126,2,1.5,KCapbp,right
720575941507582849,6,4.833333333333333,KCg,right
720575941507592321,5,11.0,KCab,right
720575941507596673,6,4.666666666666667,KCa'b',right
720575941507707742,2,19.0,KCab,right
720575941507925794,4,5.5,KCa'b',right
720575941508048151,3,1.3333333333333333,KCg,right
720575941508212514,9,7.666666666666667,KCab,right
720575941508232994,4,12.5,KCab,right
720575941508384606,9,11.555555555555555,KCab,right
720575941508405264,5,13.8,KCab,right
720575941508427536,5,7.6,KCab,right
720575941508435841,1,3.0,KCg,right
720575941508459358,6,3.8333333333333335,KCg,right
720575941508462686,9,10.333333333333334,KCab,right
720575941509197778,2,1.5,KCg,right
720575941509234386,10,10.2,KCab,right
720575941509289232,8,5.0,KCg,right
720575941509600016,4,5.75,KCa'b',right
720575941509708048,4,6.5,KCg,right
720575941510123280,1,5.0,KCab,right
720575941510145040,7,4.142857142857143,KCab,right
720575941510149904,5,5.0,KCab,right
720575941510165458,2,5.0,KC,right
720575941510536146,6,8.333333333333334,KCg,right
720575941510914770,2,20.0,KCab,right
720575941510929618,1,8.0,KCab,right
720575941511835212,5,10.2,KCg,right
720575941512817987,7,9.428571428571429,KCab,right
720575941512861905,4,8.75,KCg,right
720575941512885324,3,3.0,KCg,right
720575941512893260,7,11.428571428571429,KCab,right
720575941512896076,3,4.333333333333333,KCg,right
720575941513010755,3,6.333333333333333,KCapbp,right
720575941513037900,4,7.25,KCg,right
720575941513080140,6,9.166666666666666,KCg,right
720575941513107276,3,8.666666666666666,KCa'b',right
720575941513131843,6,14.833333333333334,KCab,right
720575941513350732,5,7.8,KCab,right
720575941513429763,11,4.7272727272727275,KCg,right
720575941513612364,10,4.5,KCg,right
720575941513657955,7,6.428571428571429,KCa'b',right
720575941513675875,4,18.75,KCab,right
720575941513763537,8,6.5,KCg,right
720575941513822713,2,6.0,KCapbp,right
720575941514184515,4,6.5,KCg,right
720575941514187331,5,12.8,KCab,right
720575941514462275,7,6.571428571428571,KCg,right
720575941514477667,4,7.5,KCab,right
720575941514525955,3,4.333333333333333,KCg,right
720575941514592346,3,5.666666666666667,KCg,right
720575941514642435,5,8.8,KCab,right
720575941514643011,4,3.75,KCg,right
720575941514678883,3,17.666666666666668,KCab,right
720575941514725779,8,10.75,KCg,right
720575941514752835,1,2.0,KC,right
720575941514807395,4,5.0,KCa'b',right
720575941514812762,3,10.0,KCg,right
720575941514864730,1,3.0,KC,right
720575941514904057,4,8.0,KCa'b',right
720575941514918905,8,6.375,KCab,right
720575941514946819,1,7.0,KCa'b',right
720575941514955513,7,11.285714285714286,KCab,right
720575941515044089,4,7.5,KCg,right
720575941515046905,5,14.6,KCab,right
720575941515056474,7,6.714285714285714,KCab,right
720575941515060570,9,9.222222222222221,KCg,right
720575941515061338,8,11.25,KCg,right
720575941515062362,5,5.0,KCg,right
720575941515116611,3,4.666666666666667,KCg,right
720575941515143523,8,9.25,KCab,right
720575941515201603,8,4.875,KCg,right
720575941515217242,5,4.4,KCab,right
720575941515255386,3,3.0,KCg,right
720575941515283523,4,6.0,KCg,right
720575941515332931,6,3.8333333333333335,KCg,right
720575941515372025,4,3.75,KCg,right
720575941515451459,9,7.333333333333333,KCab,right
720575941515531155,4,11.75,KCab,right
720575941515564537,10,8.1,KCab,right
720575941515580409,5,7.2,KCg,right
720575941515589466,7,8.428571428571429,KCg,right
720575941515683587,3,3.6666666666666665,KCab,right
720575941515732227,4,18.0,KCab,right
720575941515878490,5,1.6,KCapbp,right
720575941515884634,6,9.5,KCab,right
720575941515890937,6,4.333333333333333,KCab,right
720575941515910403,10,6.2,KCg,right
720575941516073107,8,6.625,KCab,right
720575941516348307,2,3.5,KCg,right
720575941516348563,2,4.0,KCab,right
720575941516371034,3,5.666666666666667,KCa'b',right
720575941517242734,7,2.2857142857142856,KCg,right
720575941517267416,1,11.0,KCa'b',right
720575941517636012,4,7.0,KCg,right
720575941517749651,3,2.3333333333333335,KCg,right
720575941517853356,2,9.0,KCg,right
720575941517855404,8,7.125,KC,right
720575941518001368,2,16.0,KCa'b',right
720575941518048428,8,3.75,KCg,right
720575941518109356,6,5.166666666666667,KCg,right
720575941518119571,6,3.5,KCa'b',right
720575941518137772,5,6.0,KCa'b',right
720575941518245548,7,17.571428571428573,KCab,right
720575941518269868,5,6.4,KCab,right
720575941518398318,5,10.2,KCab,right
720575941518426284,6,9.0,KCab,right
720575941518430636,7,11.285714285714286,KCab,right
720575941518579054,1,9.0,KCa'b',right
720575941518693230,1,20.0,KCa'b',right
720575941518854872,1,1.0,KCg,right
720575941518897624,2,17.0,KCab,right
720575941518911960,6,12.333333333333334,KCg,right
720575941519091822,1,17.0,KCab,right
720575941519094638,1,1.0,KC,right
720575941519147703,2,9.0,KCa'b',right
720575941519203251,1,15.0,KCab,right
720575941519356270,1,8.0,KCa'b',right
720575941519401944,10,8.3,KCg,right
720575941519969203,7,8.142857142857142,KCg,right
720575941520004531,3,11.666666666666666,KCab,right
720575941520178867,4,11.5,KCg,right
720575941520197303,2,7.5,KCa'b',right
720575941520212151,3,10.666666666666666,KCab,right
720575941520216247,5,11.8,KCab,right
720575941520288183,8,8.375,KCa'b',right
720575941520311223,5,7.6,KCg,right
720575941520313523,7,8.142857142857142,KCab,right
720575941520373939,1,10.0,KCab,right
720575941520426419,6,5.166666666666667,KCab,right
720575941520547511,5,3.4,KCg,right
720575941520627822,3,4.666666666666667,KCa'b',right
720575941520663287,1,10.0,KCa'b',right
720575941520666551,4,8.5,KCa'b',right
720575941520670455,6,5.333333333333333,KCg,right
720575941520700270,6,8.833333333333334,KCab,right
720575941520713326,4,5.5,KCab,right
720575941520849587,2,2.0,KC,right
720575941520884147,4,10.5,KCg,right
720575941520884659,3,24.0,KC,right
720575941520993975,4,19.25,KCab,right
720575941521019575,5,7.2,KCab,right
720575941521020087,6,10.166666666666666,KCab,right
720575941521246903,4,6.0,KCg,right
720575941521972299,6,4.833333333333333,KCa'b',right
720575941522216523,4,12.5,KCab,right
720575941522444535,7,4.571428571428571,KCab,right
720575941522636023,2,4.5,KCg,right
720575941522778615,4,9.0,KCab,right
720575941522799607,5,9.8,KCab,right
720575941523248203,4,7.75,KCab,right
720575941523249483,7,7.714285714285714,KCab,right
720575941523345227,3,7.0,KCab,right
720575941523351371,7,6.714285714285714,KCa'b',right
720575941523763787,2,4.5,KCg,right
720575941523782475,3,14.333333333333334,KCab,right
720575941523824971,3,7.0,KCg,right
720575941524387403,6,6.833333333333333,KCg,right
720575941524423755,3,17.0,KCab,right
720575941524752484,4,5.25,KCg,right
720575941524908825,1,1.0,KCg,right
720575941525650201,3,9.666666666666666,KCab,right
720575941525761613,6,11.333333333333334,KCg,right
720575941525905252,7,5.0,KCg,right
720575941525908813,7,6.142857142857143,KCg,right
720575941525936642,4,1.5,KCab,right
720575941525967949,15,7.733333333333333,KCab,right
720575941525980930,5,7.6,KCg,right
720575941526058573,5,6.4,KCab,right
720575941526079513,6,8.666666666666666,KCg,right
720575941526342402,10,10.2,KC,right
720575941526379341,4,4.5,KCg,right
720575941526393625,8,5.625,KCab,right
720575941526458649,4,9.25,KCab,right
720575941526621517,8,12.375,KCab,right
720575941526880868,7,6.142857142857143,KCg,right
720575941526881380,4,6.0,KCg,right
720575941527074214,6,4.5,KCg,right
720575941527083686,4,12.75,KCab,right
720575941527147686,1,1.0,KCab,right
720575941527223577,8,9.375,KCg,right
720575941527272358,8,3.75,KCab,right
720575941527535782,5,7.4,KCab,right
720575941527672397,6,4.666666666666667,KCg,right
720575941527753730,8,4.0,KCg,right
720575941527888772,8,7.5,KCg,right
720575941527921284,4,7.0,KCg,right
720575941528103556,6,5.166666666666667,KCg,right
720575941528106884,6,6.333333333333333,KCab,right
720575941528108932,9,5.666666666666667,KCg,right
720575941528110980,6,4.333333333333333,KCg,right
720575941528111748,9,4.666666666666667,KCab,right
720575941528122244,6,13.333333333333334,KCab,right
720575941528136870,5,11.0,KCg,right
720575941528323972,3,15.333333333333334,KCab,right
720575941528408708,8,4.75,KCg,right
720575941528511876,5,10.0,KCg,right
720575941528619174,6,4.833333333333333,KCg,right
720575941528619430,10,8.8,KCg,right
720575941528663940,3,5.666666666666667,KCab,right
720575941528702136,12,8.833333333333334,KCab,right
720575941528959160,5,4.6,KCg,right
720575941529019558,3,2.6666666666666665,KCa'b',right
720575941529277624,3,7.333333333333333,KC,right
720575941529431992,5,12.4,KCab,right
720575941529440696,1,2.0,KC,right
720575941529893560,5,6.8,KCg,right
720575941530049924,4,6.0,KCg,right
720575941530131640,1,12.0,KCa'b',right
720575941530131896,10,4.9,KCg,right
720575941530199525,9,7.777777777777778,KCg,right
720575941530240997,8,10.125,KCab,right
720575941530375883,2,12.5,KCab,right
720575941530376651,9,6.777777777777778,KCg,right
720575941530928587,2,7.0,KC,right
720575941531051723,9,5.666666666666667,KCg,right
720575941531254147,8,6.5,KCg,right
720575941531481547,5,5.6,KCa'b',right
720575941531555557,6,11.333333333333334,KCab,right
720575941531738853,5,5.8,KC,right
720575941531794405,8,8.375,KCab,right
720575941532132325,5,8.4,KCg,right
720575941532349571,5,10.2,KCa'b',right
720575941532493187,3,12.333333333333334,KCg,right
720575941532493699,6,13.833333333333334,KCab,right
720575941532601475,5,4.0,KCg,right
720575941532692867,3,5.0,KCa'b',right
720575941532787331,1,1.0,KCg,right
720575941532810072,8,11.5,KCab,right
720575941533256323,10,7.0,KCg,right
720575941533352323,5,6.4,KCab,right
720575941533422273,3,3.0,KCab,right
720575941533624042,2,9.0,KCa'b',right
720575941533627826,6,10.5,KCab,right
720575941533915058,7,11.714285714285714,KCg,right
720575941533955850,3,6.0,KCab,right
720575941533956786,3,17.333333333333332,KCg,right
720575941534060632,3,7.0,KCab,right
720575941534068568,4,9.25,KCg,right
720575941534104242,12,6.5,KCab,right
720575941534108850,3,14.333333333333334,KCab,right
720575941534111666,5,10.6,KCg,right
720575941534157034,6,12.166666666666666,KCab,right
720575941534161386,3,3.6666666666666665,KCg,right
720575941534164658,3,7.333333333333333,KCg,right
720575941534296242,5,7.4,KCab,right
720575941534410689,2,3.5,KCa'b',right
720575941534500618,4,7.75,KCab,right
720575941534527770,5,9.2,KC,right
720575941534580250,1,5.0,KCa'b',right
720575941534626538,8,8.0,KCg,right
720575941534682346,6,9.666666666666666,KCg,right
720575941534732010,5,13.0,KCab,right
720575941534732042,1,1.0,KCab,right
720575941534772161,1,2.0,KC,right
720575941534782913,10,7.5,KCg,right
720575941534850570,4,9.0,KCg,right
720575941534855690,8,5.125,KC,right
720575941534972338,1,8.0,KCab,right
720575941535041002,7,10.285714285714286,KCab,right
720575941535077810,7,10.0,KCab,right
720575941535208202,4,5.5,KCa'b',right
720575941535216650,5,10.0,KCg,right
720575941535230698,6,3.8333333333333335,KCg,right
720575941535237898,12,5.25,KCg,right
720575941535279370,2,6.5,KCg,right
720575941535561192,5,3.4,KCa'b',right
720575941535573953,8,14.25,KCab,right
720575941535578561,3,12.0,KCab,right
720575941535596314,2,11.0,KCab,right
720575941535608090,10,4.7,KCg,right
720575941535613194,2,3.0,KCg,right
720575941535618842,7,8.714285714285714,KCg,right
720575941535753955,4,12.25,KCab,right
720575941535839425,6,8.666666666666666,KC,right
720575941536107969,12,6.916666666666667,KCa'b',right
720575941536173066,4,7.0,KCa'b',right
720575941536220865,5,5.8,KCg,right
720575941536435605,2,8.5,KC,right
720575941536456218,6,14.666666666666666,KCab,right
720575941536465384,4,1.25,KCg,right
720575941536663528,5,11.2,KCab,right
720575941536667112,4,14.75,KCab,right
720575941536669416,1,8.0,KCg,right
720575941536722659,6,3.1666666666666665,KCg,right
720575941536746211,5,5.2,KCab,right
720575941536844003,7,10.571428571428571,KCab,right
720575941536884968,1,9.0,KCg,right
720575941536886760,5,16.6,KCab,right
720575941537013219,7,5.571428571428571,KCg,right
720575941537070997,4,8.0,KCab,right
720575941537158376,4,10.0,KCab,right
720575941537160680,8,7.5,KCg,right
720575941537825256,6,5.0,KCab,right
720575941537842659,1,1.0,KCab,right
720575941537933539,4,8.5,KCg,right
720575941537961202,5,10.2,KCg,right
720575941537994211,2,8.5,KCa'b',right
720575941538104050,5,10.8,KCab,right
720575941538109170,5,4.6,KCg,right
720575941538113778,5,7.6,KCg,right
720575941538114290,5,14.2,KCab,right
720575941538149525,3,19.0,KCg,right
720575941538159765,3,2.0,KCg,right
720575941538161301,4,1.75,KCab,right
720575941538630386,6,5.0,KCab,right
720575941538642930,2,4.0,KCg,right
720575941538937330,5,5.8,KCab,right
720575941538975474,5,10.8,KCg,right
720575941539204813,8,11.5,KCg,right
720575941539232149,3,4.666666666666667,KCa'b',right
720575941539349141,11,7.0,KCg,right
720575941539393405,8,11.125,KCab,right
720575941539398269,10,2.3,KCg,right
720575941539400573,4,12.75,KCg,right
720575941539425149,8,11.0,KCg,right
720575941539550077,4,2.5,KCa'b',right
720575941539585149,6,11.666666666666666,KCab,right
720575941539733965,6,7.666666666666667,KCab,right
720575941539895757,8,8.75,KCg,right
720575941539900285,3,10.333333333333334,KCa'b',right
720575941539935357,4,21.5,KCg,right
720575941540055026,3,11.0,KCg,right
720575941540204749,2,14.5,KCg,right
720575941540422781,7,5.0,KCg,right
720575941540491901,8,8.75,KCab,right
720575941540594813,5,6.2,KCab,right
720575941540750172,2,1.0,KC,right
720575941541439324,6,10.0,KCab,right
720575941541548124,7,6.714285714285714,KCg,right
720575941541551452,7,7.857142857142857,KCg,right
720575941541848924,4,11.0,KCg,right
720575941541939485,8,5.625,KCg,right
720575941542134045,6,8.833333333333334,KCab,right
720575941542391644,11,6.0,KCab,right
720575941542458972,7,10.857142857142858,KCg,right
720575941542520349,11,4.454545454545454,KCab,right
720575941542533405,8,5.125,KCg,right
720575941542710557,7,8.142857142857142,KCab,right
720575941542787333,5,3.6,KCg,right
720575941542798877,7,10.285714285714286,KCab,right
720575941542849884,8,7.875,KCab,right
720575941543097629,5,9.8,KCapbp,right
720575941543606789,1,7.0,KCab,right
720575941543622917,5,4.6,KCab,right
720575941543836933,2,5.5,KCab,right
720575941543837445,2,2.0,KCa'b',right
720575941543840773,8,5.0,KCg,right
720575941543866204,6,5.833333333333333,KCg,right
720575941543968956,4,4.0,KCg,right
720575941544117789,3,12.0,KCg,right
720575941544320956,2,2.0,KCab,right
720575941544464645,4,13.5,KCab,right
720575941545072389,7,4.142857142857143,KCab,right
720575941545385916,2,4.5,KC,right
720575941545509052,3,26.333333333333332,KCab,right
720575941545516393,6,14.0,KCg,right
720575941545523900,5,11.2,KCab,right
720575941545527145,8,13.125,KCg,right
720575941545527401,6,7.166666666666667,KCab,right
720575941545527740,7,6.285714285714286,KCab,right
720575941545528252,5,10.0,KCg,right
720575941545528425,6,7.166666666666667,KCab,right
720575941545533372,10,9.6,KCg,right
720575941545533628,5,16.8,KCab,right
720575941545608380,1,1.0,KC,right
720575941545677756,5,8.6,KCab,right
720575941545690217,5,5.2,KCa'b',right
720575941545757801,7,5.285714285714286,KCg,right
720575941545884521,5,21.2,KCab,right
720575941545888005,5,2.6,KCg,right
720575941546242228,5,10.6,KCab,right
720575941546334132,8,5.25,KCg,right
720575941546338228,4,6.75,KCa'b',right
720575941546385513,8,12.125,KCab,right
720575941546398825,9,5.555555555555555,KCg,right
720575941546756488,2,10.0,KC,right
720575941546762376,6,7.5,KCg,right
720575941546805609,8,11.75,KCapbp,right
720575941546885556,4,10.75,KCab,right
720575941547239816,2,6.5,KCa'b',right
720575941547248520,12,5.666666666666667,KCa'b',right
720575941547307400,6,5.166666666666667,KCab,right
720575941547366324,7,7.571428571428571,KCab,right
720575941547373417,7,6.571428571428571,KCab,right
720575941547375752,3,7.0,KCa'b',right
720575941547378977,9,5.0,KCg,right
720575941547446633,6,6.333333333333333,KCg,right
720575941547662452,9,7.0,KCg,right
720575941547731828,4,4.75,KCg,right
720575941547773320,8,7.875,KCab,right
720575941547774088,3,3.6666666666666665,KCg,right
720575941547830664,7,16.571428571428573,KCg,right
720575941547911304,6,8.833333333333334,KCg,right
720575941547930941,7,6.285714285714286,KCg,right
720575941548285729,9,4.444444444444445,KCg,right
720575941548820513,8,9.5,KCg,right
720575941548854644,5,11.0,KCab,right
720575941549071137,9,7.111111111111111,KCg,right
720575941549074804,5,3.6,KCg,right
720575941549179965,5,5.8,KCg,right
720575941549212221,5,11.6,KCapbp,right
720575941549599521,6,3.8333333333333335,KCg,right
720575941549745725,8,5.625,KCg,right
720575941549863997,7,5.0,KCg,right
720575941549918836,19,3.4210526315789473,KCg,right
720575941549928052,9,5.555555555555555,KCg,right
720575941549947764,3,11.333333333333334,KCapbp,right
720575941550024509,4,6.25,KCg,right
720575941550099005,1,7.0,KCa'b',right
720575941550119679,8,4.5,KCg,right
720575941550146559,7,9.285714285714286,KCab,right
720575941550183741,6,10.5,KCab,right
720575941550190142,6,7.833333333333333,KCg,right
720575941550612991,5,17.6,KCab,right
720575941551078911,8,11.5,KCg,right
720575941551079679,4,14.0,KCg,right
720575941551081983,2,4.0,KCg,right
720575941551211007,2,11.0,KCa'b',right
720575941551427207,6,4.5,KCg,right
720575941551637054,8,4.75,KCg,right
720575941551744903,9,9.222222222222221,KCab,right
720575941551750683,4,10.25,KCg,right
720575941551899647,4,9.5,KCab,right
720575941551918591,6,18.833333333333332,KCab,right
720575941552009215,4,7.5,KCg,right
720575941552062782,7,6.857142857142857,KCab,right
720575941552231230,2,19.0,KCg,right
720575941552554814,7,5.857142857142857,KCg,right
720575941552745534,2,3.5,KCa'b',right
720575941552747143,4,7.5,KCab,right
720575941552824603,5,9.6,KC,right
720575941552891527,6,6.333333333333333,KCab,right
720575941552912794,9,8.0,KCab,right
720575941553097243,6,8.0,KCg,right
720575941553098267,6,5.5,KCg,right
720575941553168979,6,10.833333333333334,KCab,right
720575941553173787,7,6.857142857142857,KCg,right
720575941553282970,6,7.5,KCab,right
720575941553512531,7,6.857142857142857,KCg,right
720575941553655067,4,15.5,KCab,right
720575941553717383,10,5.8,KCg,right
720575941553893274,4,23.5,KCg,right
720575941553987329,2,6.0,KCab,right
720575941554073683,6,8.333333333333334,KCg,right
720575941554081363,1,1.0,KCg,right
720575941554084353,4,12.5,KCab,right
720575941554157595,2,1.0,KCg,right
720575941554170522,8,9.625,KCab,right
720575941554275585,4,7.0,KCapbp,right
720575941554276609,4,7.5,KCab,right
720575941554279937,5,10.6,KCg,right
720575941554280449,7,7.571428571428571,KC,right
720575941554292225,3,3.6666666666666665,KCab,right
720575941554292993,8,11.375,KCab,right
720575941554296833,1,6.0,KCab,right
720575941554370305,1,1.0,KCab,right
720575941554380801,5,9.4,KC,right
720575941554427475,5,6.2,KCg,right
720575941554433819,3,7.0,KCa'b',right
720575941554566995,7,4.857142857142857,KCab,right
720575941554574931,11,7.181818181818182,KCa'b',right
720575941554704538,12,5.083333333333333,KCapbp,right
720575941554706259,9,4.555555555555555,KCg,right
720575941554772051,5,8.2,KCg,right
720575941554991443,8,6.25,KCab,right
720575941555118675,2,8.5,KCab,right
720575941555292644,8,5.75,KCg,right
720575941555830500,4,5.5,KCg,right
720575941555970899,10,9.1,KCab,right
720575941556151588,3,5.333333333333333,KCa'b',right
720575941556218020,3,11.0,KCab,right
720575941556646564,1,8.0,KC,right
720575941556810753,3,13.333333333333334,KCab,right
720575941556958884,5,12.0,KCapbp,right
720575941557119268,6,5.333333333333333,KC,right
720575941557186340,6,6.5,KCg,right
720575941557394724,10,7.1,KCg,right
720575941557401636,9,1.7777777777777777,KCg,right
720575941557422372,9,10.88888888888889,KCab,right
720575941557468964,3,4.333333333333333,KCa'b',right
720575941557471140,9,6.0,KCg,right
720575941557545892,6,9.666666666666666,KCg,right
720575941557552420,6,9.333333333333334,KCg,right
720575941557571556,8,10.375,KCg,right
720575941557590820,5,8.2,KCa'b',right
720575941557669668,3,6.0,KCg,right
720575941557956644,6,9.0,KCab,right
720575941557973028,6,10.5,KCapbp,right
720575941558015012,9,8.222222222222221,KCab,right
720575941558238958,5,7.2,KCg,right
720575941558357107,5,9.0,KCg,right
720575941558404388,2,1.0,KCg,right
720575941558639012,10,6.4,KCg,right
720575941558957294,3,4.666666666666667,KCg,right
720575941559014159,6,14.333333333333334,KCg,right
720575941559167347,7,16.857142857142858,KCg,right
720575941559191055,10,4.8,KCab,right
720575941559191534,4,11.0,KCab,right
720575941559227919,3,4.0,KCa'b',right
720575941559276303,3,8.0,KCa'b',right
720575941559279119,7,7.142857142857143,KCab,right
720575941559303918,5,11.4,KCab,right
720575941559364979,3,8.333333333333334,KCa'b',right
720575941559429668,5,5.6,KCa'b',right
720575941559457395,1,2.0,KCab,right
720575941559567987,7,8.285714285714286,KCg,right
720575941559598607,4,6.0,KCab,right
720575941559747566,1,4.0,KCab,right
720575941559748879,7,7.571428571428571,KCg,right
720575941559781870,4,5.75,KCg,right
720575941560020462,4,18.0,KCab,right
720575941560026639,1,1.0,KCg,right
720575941560082447,5,11.2,KCg,right
720575941560088691,7,3.857142857142857,KCab,right
720575941560113523,4,11.0,KCab,right
720575941560186606,8,7.75,KCg,right
720575941560332845,3,5.333333333333333,KCapbp,right
720575941560349229,6,5.166666666666667,KCg,right
720575941560351789,4,6.5,KCg,right
720575941560923949,6,4.0,KCg,right
720575941560938029,9,6.555555555555555,KCab,right
720575941560966189,6,9.5,KCg,right
720575941560980269,2,7.0,KCab,right
720575941560998701,7,8.428571428571429,KCab,right
720575941561179816,2,5.0,KCa'b',right
720575941561219187,2,19.5,KCg,right
720575941561324014,7,7.714285714285714,KCab,right
720575941561394733,8,16.0,KCab,right
720575941561502253,4,4.0,KCa'b',right
720575941561802386,1,15.0,KCab,right
720575941561951400,8,11.875,KCg,right
720575941561997480,5,4.2,KCg,right
720575941562085522,4,19.25,KCab,right
720575941562698408,5,6.2,KCab,right
720575941562799104,3,10.666666666666666,KCab,right
720575941562861410,5,6.4,KCg,right
720575941562868834,4,8.25,KCab,right
720575941563087111,6,13.5,KCg,right
720575941563183623,9,6.666666666666667,KCg,right
720575941563318418,1,2.0,KCg,right
720575941563364754,7,4.0,KCab,right
720575941563422098,3,7.0,KCg,right
720575941563426194,9,6.222222222222222,KCg,right
720575941563450002,4,8.25,KCg,right
720575941563609344,5,14.0,KCg,right
720575941563615232,4,15.25,KCab,right
720575941563762432,1,7.0,KCg,right
720575941564029447,8,10.5,KCg,right
720575941564099682,2,3.0,KCg,right
720575941564108800,5,3.4,KCab,right
720575941564110087,5,7.4,KCab,right
720575941564361319,5,6.8,KCa'b',right
720575941564371463,5,6.2,KCg,right
720575941564489128,6,4.166666666666667,KCg,right
720575941564646912,5,2.6,KCg,right
720575941564680448,2,14.0,KCab,right
720575941564694423,5,13.8,KCg,right
720575941564700823,5,14.2,KCg,right
720575941564736103,3,9.666666666666666,KCab,right
720575941564762631,1,1.0,KC,right
720575941564804359,4,8.0,KCg,right
720575941564811106,8,5.0,KCab,right
720575941565085586,4,18.5,KCab,right
720575941565178934,2,15.5,KCg,right
720575941565185590,5,4.8,KCa'b',right
720575941565192758,6,8.0,KCab,right
720575941565210263,3,13.0,KCab,right
720575941565362274,16,6.0625,KCg,right
720575941565497447,9,5.555555555555555,KCg,right
720575941565637735,5,11.2,KCab,right
720575941565638247,6,7.833333333333333,KCg,right
720575941565758006,4,12.25,KCab,right
720575941565768246,1,17.0,KCab,right
720575941565790262,7,7.428571428571429,KCg,right
720575941565801831,8,13.125,KCab,right
720575941566108470,6,12.833333333333334,KCab,right
720575941566144814,2,3.0,KCg,right
720575941566206311,6,8.166666666666666,KCg,right
720575941566310966,4,20.25,KCab,right
720575941566529590,9,5.555555555555555,KCg,right
720575941566775703,3,5.666666666666667,KCab,right
720575941566800279,2,2.5,KCa'b',right
720575941567195130,4,4.0,KCab,right
720575941567236142,8,4.625,KCg,right
720575941567343150,5,6.6,KCab,right
720575941567366446,9,6.444444444444445,KCg,right
720575941567808046,2,7.5,KCa'b',right
720575941567944562,6,10.5,KCab,right
720575941567950638,7,3.4285714285714284,KCg,right
720575941568196722,14,9.714285714285714,KCab,right
720575941568225838,5,4.2,KCa'b',right
720575941568246522,1,4.0,KCab,right
720575941568253690,4,2.5,KCg,right
720575941568261422,11,5.090909090909091,KCg,right
720575941568409390,3,5.333333333333333,KCa'b',right
720575941568514418,4,20.75,KCab,right
720575941568521330,4,16.0,KCg,right
720575941568585210,4,15.75,KCab,right
720575941568623610,5,12.6,KCab,right
720575941568747770,2,1.5,KCab,right
720575941568882420,5,7.0,KCg,right
720575941568884468,10,10.4,KCg,right
720575941568905586,6,2.6666666666666665,KCab,right
720575941568987636,8,3.5,KCg,right
720575941569037562,7,6.285714285714286,KCg,right
720575941569076980,1,8.0,KCab,right
720575941569516532,5,18.0,KCab,right
720575941569534196,2,2.0,KCg,right
720575941569551860,8,9.875,KCg,right
720575941569574900,1,9.0,KCg,right
720575941569804914,4,8.5,KCapbp,right
720575941569990388,2,12.0,KCab,right
720575941570154996,3,12.333333333333334,KCab,right
720575941570694514,10,5.2,KCab,right
720575941570794228,6,7.0,KCg,right
720575941571131720,2,9.5,KCa'b',right
720575941571275422,6,3.8333333333333335,KCab,right
720575941571289758,8,6.0,KCg,right
720575941571525278,5,6.2,KCg,right
720575941571534238,8,5.375,KCab,right
720575941571538846,11,9.454545454545455,KCg,right
720575941571755016,5,2.8,KCa'b',right
720575941571792030,5,9.0,KCg,right
720575941571816094,6,5.666666666666667,KCa'b',right
720575941572046088,6,9.833333333333334,KCab,right
720575941572047624,9,8.777777777777779,KCab,right
720575941572055454,1,8.0,KCab,right
720575941572078494,5,9.4,KCab,right
720575941572349597,5,5.0,KCa'b',right
720575941572358921,3,7.0,KCab,right
720575941573422587,3,4.666666666666667,KCg,right
720575941573456797,2,2.0,KC,right
720575941573510395,5,11.4,KCg,right
720575941573603400,4,12.75,KCab,right
720575941573693341,8,11.75,KCab,right
720575941573698973,1,1.0,KCg,right
720575941573717405,2,8.0,KCab,right
720575941573814281,4,20.5,KCab,right
720575941573815305,2,15.0,KCab,right
720575941573815561,3,17.666666666666668,KCab,right
720575941573826313,4,9.25,KCab,right
720575941573840392,4,2.0,KCab,right
720575941573938319,2,4.5,KCab,right
720575941574248200,7,7.714285714285714,KCg,right
720575941574273896,6,4.833333333333333,KCg,right
720575941574326429,7,5.714285714285714,KCab,right
720575941574640744,2,6.5,KC,right
720575941574649526,1,2.0,KCg,right
720575941574655887,4,3.0,KCa'b',right
720575941574672271,5,8.2,KCg,right
720575941574795785,9,11.555555555555555,KCab,right
720575941574846109,3,8.666666666666666,KCg,right
720575941574867721,2,4.0,KCa'b',right
720575941574931721,1,5.0,KCg,right
720575941574947766,4,11.5,KCg,right
720575941575008521,4,6.5,KCg,right
720575941575093647,1,7.0,KCab,right
720575941575117672,5,14.6,KCab,right
720575941575120054,1,8.0,KCa'b',right
720575941575120310,4,8.25,KCab,right
720575941575125430,3,6.666666666666667,KCa'b',right
720575941575142070,7,3.857142857142857,KCg,right
720575941575172278,8,10.25,KCab,right
720575941575190523,4,6.25,KCa'b',right
720575941575198863,5,16.4,KCab,right
720575941575292598,7,7.142857142857143,KCab,right
720575941575318280,6,6.5,KCg,right
720575941575333558,4,5.75,KCg,right
720575941575368630,6,12.166666666666666,KCab,right
720575941575375286,3,12.333333333333334,KCab,right
720575941575571087,5,6.6,KCg,right
720575941575852136,11,3.6363636363636362,KCg,right
720575941575925352,4,2.5,KCg,right
720575941576204136,8,7.125,KCg,right
720575941576253288,4,5.0,KCab,right
720575941576256872,8,6.375,KCab,right
720575941576581465,6,22.5,KCab,right
720575941576649561,4,19.25,KCab,right
720575941577371737,10,8.6,KCab,right
720575941577385973,8,8.5,KCab,right
720575941577569881,5,9.6,KCg,right
720575941577571417,2,4.5,KCg,right
720575941577573977,3,9.0,KCg,right
720575941577772121,2,3.0,KCab,right
720575941577940569,3,5.333333333333333,KCa'b',right
720575941578426713,24,4.125,KCg,right
720575941578621173,4,2.25,KCg,right
720575941578690293,8,10.0,KCg,right
720575941578734325,3,1.3333333333333333,KCab,right
720575941578739189,3,25.0,KCab,right
720575941578760017,6,8.333333333333334,KCab,right
720575941578771281,4,8.0,KCab,right
720575941578771537,5,10.8,KCab,right
720575941578775889,2,1.5,KCab,right
720575941578778961,7,5.142857142857143,KCg,right
720575941578885109,6,12.833333333333334,KCab,right
720575941579300177,1,1.0,KCapbp,right
720575941579401461,9,5.111111111111111,KCa'b',right
720575941579565401,13,10.384615384615385,KCg,right
720575941579633489,6,10.0,KCab,right
720575941579762257,4,6.25,KCa'b',right
720575941579824249,4,16.75,KC,right
720575941579866489,8,4.75,KCa'b',right
720575941580001781,8,8.875,KCab,right
720575941580070901,11,7.363636363636363,KCg,right
720575941580585337,3,7.0,KCg,right
720575941580633425,3,10.666666666666666,KCab,right
720575941580822393,9,6.222222222222222,KCab,right
720575941580829561,6,8.0,KCab,right
720575941581024377,7,8.714285714285714,KCg,right
720575941581041529,8,10.625,KCab,right
720575941581125497,7,6.0,KCab,right
720575941581217781,7,6.142857142857143,KCg,right
720575941581308281,2,12.5,KCg,right
720575941581388153,7,9.428571428571429,KCg,right
720575941582097247,2,5.0,KCa'b',right
720575941583038559,6,8.0,KCab,right
720575941583307103,1,9.0,KCab,right
720575941583614342,3,6.0,KCg,right
720575941583650143,10,5.5,KCg,right
720575941583746399,6,7.0,KCg,right
720575941583947230,4,2.75,KCg,right
720575941584067167,5,9.2,KCg,right
720575941584567647,4,6.5,KCa'b',right
720575941585121414,6,13.666666666666666,KCab,right
720575941585186014,5,5.8,KCg,right
720575941585435358,6,4.833333333333333,KCg,right
720575941585447646,7,8.428571428571429,KCg,right
720575941585449950,3,9.666666666666666,KCa'b',right
720575941585451230,1,3.0,KCab,right
720575941585532126,8,7.75,KCg,right
720575941585537246,3,1.3333333333333333,KCg,right
720575941585622750,7,10.285714285714286,KCab,right
720575941585655774,5,12.0,KCg,right
720575941586003422,7,7.571428571428571,KCg,right
720575941586758724,1,5.0,KCa'b',right
720575941586943812,1,9.0,KCa'b',right
720575941587056196,6,18.0,KCg,right
720575941587943236,5,10.0,KCab,right
720575941587981111,1,2.0,KCab,right
720575941588105284,8,3.25,KCg,right
720575941588107588,9,5.777777777777778,KCg,right
720575941588140855,4,15.75,KCab,right
720575941588234820,6,8.5,KCab,right
720575941588609860,4,2.25,KCa'b',right
720575941588698436,6,12.166666666666666,KCab,right
720575941588906380,4,7.75,KCab,right
720575941588912708,13,8.615384615384615,KCg,right
720575941588972356,9,7.555555555555555,KCab,right
720575941589036343,3,16.333333333333332,KCab,right
720575941589165892,6,5.5,KCg,right
720575941589192004,4,15.5,KCab,right
720575941589513470,4,6.5,KCab,right
720575941589513982,7,4.285714285714286,KCab,right
720575941589576759,2,3.5,KCab,right
720575941589592887,4,14.25,KC,right
720575941589852414,1,13.0,KCapbp,right
720575941589988606,6,6.5,KCg,right
720575941590104375,5,4.8,KCg,right
720575941590254404,8,5.125,KCg,right
720575941590413708,3,6.666666666666667,KCab,right
720575941590558462,7,10.285714285714286,KCab,right
720575941590623372,4,5.0,KCg,right
720575941590675340,8,8.25,KCg,right
720575941591011947,2,17.0,KCa'b',right
720575941591941416,4,3.5,KCa'b',right
720575941591942184,6,10.666666666666666,KCab,right
720575941591943464,5,4.2,KCa'b',right
720575941592078632,5,5.0,KCa'b',right
720575941592353387,5,2.4,KC,right
720575941592409707,4,9.5,KCa'b',right
720575941592450856,6,5.833333333333333,KCa'b',right
720575941592493352,6,4.333333333333333,KCg,right
720575941592560491,7,8.285714285714286,KCab,right
720575941592686187,6,10.333333333333334,KCab,right
720575941592809000,5,3.2,KCg,right
720575941592876327,8,8.0,KCg,right
720575941593157227,6,4.5,KCg,right
720575941593466475,6,2.8333333333333335,KCg,right
720575941593656939,5,11.0,KCg,right
720575941593749361,5,7.4,KCab,right
720575941593991894,7,5.857142857142857,KCg,right
720575941594125526,4,4.75,KCg,right
720575941594140374,7,5.714285714285714,KCab,right
720575941594183207,3,8.0,KCab,right
720575941594287143,5,5.2,KCab,right
720575941594359847,4,3.75,KCa'b',right
720575941594405413,9,10.11111111111111,KCab,right
720575941594521125,3,8.666666666666666,KCg,right
720575941594536406,9,5.0,KCab,right
720575941594551079,3,10.333333333333334,KCg,right
720575941594567207,6,12.833333333333334,KCab,right
720575941594568743,1,1.0,KCab,right
720575941594673189,9,11.555555555555555,KCab,right
720575941594678641,6,17.333333333333332,KCg,right
720575941594862375,5,8.4,KCg,right
720575941594883365,7,8.428571428571429,KCab,right
720575941594897957,2,13.5,KCab,right
720575941594918513,7,11.428571428571429,KCg,right
720575941594957351,5,9.2,KCab,right
720575941595015537,3,2.0,KCg,right
720575941595049174,8,6.125,KCg,right
720575941595062897,2,1.0,KCg,right
720575941595095153,5,6.4,KCg,right
720575941595122981,5,12.2,KCg,right
720575941595136881,11,6.909090909090909,KCab,right
720575941595137829,5,14.6,KCg,right
720575941595370021,3,4.0,KCa'b',right
720575941595370023,4,6.5,KCg,right
720575941595384453,8,4.375,KCg,right
720575941595426085,3,5.333333333333333,KCa'b',right
720575941595489649,4,2.75,KCg,right
720575941595493745,1,6.0,KCg,right
720575941595579013,8,1.375,KCg,right
720575941595579781,7,8.714285714285714,KCg,right
720575941595591557,2,14.5,KCab,right
720575941595592325,2,13.5,KCg,right
720575941595701125,10,3.6,KCg,right
720575941595820933,3,5.666666666666667,KCg,right
720575941595884145,5,5.0,KCg,right
720575941596147904,4,5.25,KCg,right
720575941596486300,4,13.75,KC,right
720575941596641669,3,8.666666666666666,KCg,right
720575941597123264,9,7.333333333333333,KCg,right
720575941597551552,5,4.4,KCab,right
720575941597606044,8,8.125,KCab,right
720575941597943452,7,5.428571428571429,KCg,right
720575941598249152,5,5.2,KCg,right
720575941598306601,2,6.5,KCapbp,right
720575941598634793,6,7.333333333333333,KCab,right
720575941598703772,6,8.166666666666666,KCg,right
720575941598789929,4,6.0,KCapbp,right
720575941598966208,4,9.0,KCapbp,right
720575941599418665,4,10.0,KCg,right
720575941599434281,8,5.625,KCab,right
720575941599805481,5,3.8,KCa'b',right
720575941600018368,4,6.75,KCg,right
720575941600096809,4,4.5,KCab,right
720575941600158505,8,6.75,KCg,right
720575941600811049,5,7.6,KCab,right
720575941601790454,4,9.75,KCg,right
720575941601794038,3,19.0,KCab,right
720575941601824502,5,8.2,KCg,right
720575941602482422,5,4.2,KCg,right
720575941602810870,8,9.75,KCab,right
720575941603000054,5,3.2,KCg,right
720575941603001078,6,3.8333333333333335,KCg,right
720575941603004406,4,10.5,KCg,right
720575941603052473,4,5.75,KCa'b',right
720575941603091902,9,9.333333333333334,KC,right
720575941603180534,3,2.0,KCapbp,right
720575941603185910,2,14.5,KCab,right
720575941603229630,4,12.25,KCab,right
720575941603423161,5,6.6,KCab,right
720575941603427513,12,6.25,KCab,right
720575941603588086,3,5.666666666666667,KCapbp,right
720575941603856574,10,5.3,KCg,right
720575941603873214,4,3.75,KCa'b',right
720575941604074174,6,6.5,KCab,right
720575941604078782,6,10.166666666666666,KCg,right
720575941604202686,10,6.5,KCg,right
720575941605035966,2,2.5,KCa'b',right
720575941605103294,2,5.5,KCa'b',right
720575941605423213,1,4.0,KCa'b',right
720575941605656429,3,22.333333333333332,KCg,right
720575941606204606,8,7.75,KCg,right
720575941606452333,6,8.333333333333334,KCg,right
720575941606585453,7,7.571428571428571,KCab,right
720575941606745453,7,3.857142857142857,KCab,right
720575941606752365,9,8.444444444444445,KCg,right
720575941606759021,1,7.0,KCg,right
720575941606869869,3,27.0,KCab,right
720575941607221613,6,5.833333333333333,KCg,right
720575941607242605,4,9.25,KCg,right
720575941607410541,6,9.5,KCab,right
720575941607540845,7,10.0,KCab,right
720575941608816202,6,5.0,KCg,right
720575941609321961,10,10.2,KCab,right
720575941609531881,8,9.375,KCg,right
720575941609885542,3,21.666666666666668,KCab,right
720575941609912678,4,4.5,KCa'b',right
720575941609944394,3,7.0,KCg,right
720575941609994214,3,6.0,KCab,right
720575941610108333,9,8.88888888888889,KCg,right
720575941610128813,7,4.857142857142857,KCg,right
720575941610148269,2,2.5,KCab,right
720575941610187850,3,8.0,KCab,right
720575941610188106,5,12.2,KCab,right
720575941610510313,8,5.0,KCg,right
720575941610604521,6,9.166666666666666,KCg,right
720575941610635497,6,8.666666666666666,KCapbp,right
720575941610718794,5,8.4,KCab,right
720575941610722378,2,5.5,KCab,right
720575941610806445,5,5.2,KCa'b',right
720575941610869734,1,5.0,KCa'b',right
720575941610924774,5,8.2,KCg,right
720575941610968650,8,7.75,KCab,right
720575941610973357,8,7.125,KCab,right
720575941610974282,4,12.25,KCab,right
720575941610974438,4,7.5,KCg,right
720575941610976685,8,14.0,KCab,right
720575941610978989,9,6.777777777777778,KCg,right
720575941610981293,10,5.8,KCg,right
720575941611003868,1,3.0,KCg,right
720575941611044585,1,1.0,KCa'b',right
720575941611048294,1,9.0,KCg,right
720575941611075245,3,13.333333333333334,KCab,right
720575941611159213,11,5.181818181818182,KCg,right
720575941611160294,1,16.0,KCab,right
720575941611206758,5,8.2,KCab,right
720575941611221350,9,6.888888888888889,KCab,right
720575941611283945,8,8.875,KCg,right
720575941611300198,2,9.0,KCapbp,right
720575941611347274,7,3.7142857142857144,KCg,right
720575941611385190,4,3.0,KCapbp,right
720575941611389542,5,12.0,KCg,right
720575941611400668,7,3.5714285714285716,KCab,right
720575941611586733,2,12.0,KCab,right
720575941611607725,8,8.125,KCg,right
720575941611630253,3,7.0,KCg,right
720575941611663462,3,21.666666666666668,KC,right
720575941611747430,8,4.625,KC,right
720575941611873709,6,6.166666666666667,KCab,right
720575941612101862,5,8.2,KCg,right
720575941612115373,6,3.3333333333333335,KCapbp,right
720575941612398044,4,12.5,KCg,right
720575941612399836,6,10.166666666666666,KCab,right
720575941612404700,6,10.5,KCg,right
720575941612611548,7,7.571428571428571,KCab,right
720575941612645340,7,6.142857142857143,KCab,right
720575941612703708,8,3.75,KCg,right
720575941612911324,6,13.333333333333334,KCab,right
720575941612963942,10,5.5,KCg,right
720575941613032550,5,6.2,KCab,right
720575941613036390,5,5.4,KC,right
720575941613047772,7,9.714285714285714,KCg,right
720575941613173011,5,6.0,KCg,right
720575941613411737,2,4.0,KCab,right
720575941613426707,5,6.4,KCg,right
720575941613427475,10,4.3,KCg,right
720575941613432339,9,6.444444444444445,KCg,right
720575941613650707,4,4.5,KCa'b',right
720575941613651932,7,4.142857142857143,KCg,right
720575941614221721,5,2.6,KCg,right
720575941614255001,4,6.25,KCa'b',right
720575941614407388,5,5.8,KCg,right
720575941614417305,5,3.2,KCg,right
720575941614419097,6,10.833333333333334,KCab,right
720575941614508697,4,12.0,KCab,right
720575941614560531,1,11.0,KCab,right
720575941614802329,5,7.4,KCab,right
720575941615034581,6,4.833333333333333,KCa'b',right
720575941615188755,11,6.090909090909091,KCg,right
720575941615519385,5,12.2,KCa'b',right
720575941616107477,5,9.4,KCg,right
720575941616355797,5,6.4,KCa'b',right
720575941616953301,7,5.285714285714286,KCapbp,right
720575941616956885,13,2.1538461538461537,KCa'b',right
720575941617274069,2,1.5,KCg,right
720575941617332437,4,8.0,KCab,right
720575941617908095,5,15.8,KCab,right
720575941618447999,7,15.428571428571429,KCab,right
720575941618783871,4,6.75,KCg,right
720575941618944895,6,5.166666666666667,KCg,right
720575941619138175,6,7.833333333333333,KCg,right
720575941619267199,2,1.5,KCg,right
720575941619311743,7,3.4285714285714284,KCg,right
720575941619324543,3,10.666666666666666,KCg,right
720575941620065407,4,2.75,KCa'b',right
720575941621005695,5,6.8,KCab,right
720575941621367679,7,11.571428571428571,KCab,right
720575941622969340,5,5.0,KCab,right
720575941623097084,2,1.5,KCg,right
720575941623260924,6,8.5,KCg,right
720575941623269628,3,6.666666666666667,KCab,right
720575941623343868,6,2.1666666666666665,KCg,right
720575941623448316,5,5.0,KCg,right
720575941623458812,4,6.0,KCapbp,right
720575941623523227,4,4.0,KCa'b',right
720575941623539355,5,6.8,KCg,right
720575941623596955,4,4.0,KCg,right
720575941623597723,10,7.5,KCg,right
720575941623921404,11,7.545454545454546,KCg,right
720575941624197228,4,8.75,KCab,right
720575941624230794,5,4.8,KCa'b',right
720575941624253322,2,3.0,KCa'b',right
720575941624267402,3,6.666666666666667,KCa'b',right
720575941624282108,5,5.2,KCg,right
720575941624541386,4,5.0,KCa'b',right
720575941624572315,7,5.428571428571429,KCg,right
720575941624795547,2,2.0,KCa'b',right
720575941624830875,8,10.0,KCab,right
720575941624993644,6,12.833333333333334,KCab,right
720575941624994459,6,2.0,KCg,right
720575941624995995,8,7.5,KCg,right
720575941624997275,4,11.5,KCab,right
720575941624997531,4,2.0,KCab,right
720575941625002139,4,15.25,KCg,right
720575941625002651,7,9.0,KCab,right
720575941625005467,5,6.2,KCab,right
720575941625015963,8,4.375,KCg,right
720575941625018732,4,4.0,KCg,right
720575941625095050,5,6.2,KCg,right
720575941625099419,6,8.833333333333334,KCg,right
720575941625154762,6,13.833333333333334,KCab,right
720575941625167818,4,6.25,KCg,right
720575941625172635,3,6.666666666666667,KCa'b',right
720575941625191067,3,7.0,KCg,right
720575941625353883,5,9.0,KCg,right
720575941625388908,6,9.0,KCab,right
720575941625498267,5,10.4,KCab,right
720575941625541787,6,2.8333333333333335,KCg,right
720575941625571227,8,5.5,KCg,right
720575941625674651,4,9.5,KCg,right
720575941625726828,8,8.625,KCg,right
720575941625884810,6,11.5,KCab,right
720575941625888138,1,8.0,KCab,right
720575941626002796,5,6.6,KCa'b',right
720575941626048923,5,2.8,KCg,right
720575941626202267,5,4.0,KCg,right
720575941626344300,6,7.166666666666667,KCg,right
720575941626464906,2,11.0,KCab,right
720575941626527370,9,6.888888888888889,KCg,right
720575941626943545,7,6.714285714285714,KCg,right
720575941627618617,7,8.285714285714286,KCg,right
720575941627653689,2,7.5,KCa'b',right
720575941627690278,2,5.0,KCapbp,right
720575941628651046,3,3.3333333333333335,KCa'b',right
720575941628742694,5,2.8,KCg,right
720575941628763174,5,13.8,KCab,right
720575941628765990,3,6.666666666666667,KCa'b',right
720575941628935481,4,10.5,KCa'b',right
720575941629497580,4,7.5,KCa'b',right
720575941629690662,3,31.666666666666668,KCab,right
720575941629765356,6,6.333333333333333,KCg,right
720575941629810726,6,4.0,KCg,right
720575941629924578,6,8.666666666666666,KCg,right
720575941629942754,1,1.0,KCg,right
720575941630033378,2,4.5,KCa'b',right
720575941630034658,3,2.6666666666666665,KCa'b',right
720575941630160610,4,3.25,KCg,right
720575941630161634,3,12.666666666666666,KCg,right
720575941630166754,8,12.0,KCab,right
720575941630259426,6,9.333333333333334,KCa'b',right
720575941630390498,8,8.125,KCab,right
720575941630412514,9,9.88888888888889,KCg,right
720575941630644194,7,14.714285714285714,KCg,right
720575941630660578,1,19.0,KCg,right
720575941630758816,5,14.2,KCab,right
720575941630935712,1,6.0,KCa'b',right
720575941630940652,2,7.5,KCapbp,right
720575941630984172,7,7.857142857142857,KCg,right
720575941631089388,7,10.0,KCab,right
720575941631166917,4,17.0,KCg,right
720575941631235554,7,8.0,KCg,right
720575941631375547,10,7.1,KCg,right
720575941631402171,4,6.25,KCab,right
720575941631705541,6,11.166666666666666,KCg,right
720575941631729644,3,14.666666666666666,KCab,right
720575941631815877,8,9.0,KCg,right
720575941632038341,4,11.75,KCab,right
720575941632039109,4,4.5,KCab,right
720575941632040133,5,8.6,KCab,right
720575941632040645,8,7.5,KCg,right
720575941632125893,5,3.2,KCab,right
720575941632187628,6,8.0,KCa'b',right
720575941632192672,5,5.8,KCg,right
720575941632202693,3,10.666666666666666,KCa'b',right
720575941632223468,2,5.5,KCg,right
720575941632247200,3,21.0,KCab,right
720575941632251589,8,6.875,KCg,right
720575941632352748,6,13.5,KCab,right
720575941632563397,2,6.0,KCab,right
720575941632692128,3,5.666666666666667,KCa'b',right
720575941632713632,2,8.5,KCg,right
720575941632730784,6,7.0,KCg,right
720575941632733115,5,15.2,KCg,right
720575941632739515,2,11.5,KCg,right
720575941633072325,3,15.0,KCab,right
720575941633214651,3,3.0,KCa'b',right
720575941633249952,1,1.0,KCg,right
720575941638205557,9,6.666666666666667,KCg,right
720575941638397301,4,2.75,KCab,right
720575941638524021,4,2.75,KCg,right
720575941638924917,1,14.0,KCab,right
720575941638942837,7,4.0,KCapbp,right
720575941639255669,2,1.0,KCa'b',right
720575941639378463,3,13.333333333333334,KCab,right
720575941639423263,2,2.5,KCg,right
720575941639439647,5,4.0,KCg,right
720575941639496223,6,5.5,KCg,right
720575941639610143,4,11.75,KCg,right
720575941639610911,7,11.571428571428571,KCab,right
720575941639613983,3,25.333333333333332,KCab,right
720575941639741983,8,4.75,KCa'b',right
720575941639809055,7,8.142857142857142,KCg,right
720575941639844213,10,10.5,KCg,right
720575941640132127,7,10.0,KCg,right
720575941640155679,6,5.0,KCg,right
720575941641078629,6,14.5,KCab,right
720575941641887314,2,1.5,KCg,right
720575941641931295,8,13.125,KCab,right
720575941642378853,8,5.125,KCg,right
720575941642479973,5,14.8,KCab,right
720575941642482533,6,14.0,KCab,right
720575941642584165,6,5.333333333333333,KCg,right
720575941642903928,6,9.166666666666666,KCg,right
720575941642943905,4,18.75,KCg,right
720575941642950817,4,9.5,KCg,right
720575941642973010,7,14.714285714285714,KCab,right
720575941642988114,4,13.75,KCab,right
720575941643073125,6,12.333333333333334,KCab,right
720575941643123045,1,2.0,KCab,right
720575941643127653,2,8.0,KC,right
720575941643128933,2,1.5,KCg,right
720575941643149413,6,5.166666666666667,KCg,right
720575941643170661,11,5.454545454545454,KCg,right
720575941643237281,2,6.0,KC,right
720575941643292754,8,13.25,KCg,right
720575941643304530,1,10.0,KCg,right
720575941644065185,6,16.666666666666668,KCab,right
720575941644070817,3,4.666666666666667,KCg,right
720575941644077473,8,7.375,KCab,right
720575941644187041,4,10.25,KCab,right
720575941644308306,6,9.166666666666666,KCg,right
720575941644346824,3,11.333333333333334,KCab,right
720575941644463736,8,6.375,KCg,right
720575941644523896,12,10.25,KCg,right
720575941644530808,4,6.5,KCa'b',right
720575941644548216,6,10.166666666666666,KCab,right
720575941644567496,3,4.666666666666667,KCab,right
720575941644568008,5,13.2,KCab,right
720575941644574664,6,13.666666666666666,KCg,right
720575941644575176,5,12.2,KCab,right
720575941644708984,2,1.5,KCg,right
720575941644788168,3,6.0,KCg,right
720575941645023905,8,8.125,KCg,right
720575941650293489,6,3.6666666666666665,KCa'b',right
720575941650345493,2,5.0,KCab,right
720575941650717973,3,6.333333333333333,KCab,right
720575941650892309,2,2.0,KCg,right
720575941650896405,26,4.115384615384615,KCa'b',right
720575941650990613,3,7.666666666666667,KCa'b',right
720575941651115281,13,5.846153846153846,KCg,right
720575941651144725,3,3.6666666666666665,KCg,right
720575941651225617,5,9.6,KCa'b',right
720575941651433713,5,3.6,KC,right
720575941651470869,2,2.0,KCab,right
720575941651620881,8,8.5,KCab,right
720575941651916565,3,4.0,KCa'b',right
720575941652080149,6,4.833333333333333,KCg,right
720575941652140817,2,5.5,KCa'b',right
720575941652146449,6,7.833333333333333,KCg,right
720575941652162321,7,7.571428571428571,KCab,right
720575941652369393,9,6.111111111111111,KCg,right
720575941652385009,5,7.0,KCab,right
720575941652482321,5,4.2,KCg,right
720575941652697105,5,6.8,KCg,right
720575941652928529,7,9.428571428571429,KCg,right
720575941652974809,3,2.6666666666666665,KCa'b',right
720575941653252369,2,6.0,KCg,right
720575941653253649,6,4.0,KCg,right
720575941653261585,9,10.444444444444445,KCab,right
720575941653512977,5,8.4,KCab,right
720575941653577713,3,16.333333333333332,KCg,right
720575941653588180,3,7.666666666666667,KCapbp,right
720575941653753105,3,5.333333333333333,KCa'b',right
720575941653848537,3,8.666666666666666,KCa'b',right
720575941653870553,1,7.0,KCa'b',right
720575941653940697,6,6.5,KCg,right
720575941654105049,4,11.0,KCg,right
720575941654152148,1,3.0,KCab,right
720575941654195417,3,7.0,KCg,right
720575941654599124,2,11.5,KCg,right
720575941654854868,6,7.5,KCab,right
720575941655162580,1,1.0,KCapbp,right
720575941655216601,7,7.571428571428571,KCab,right
720575941655225817,7,6.714285714285714,KCab,right
720575941655658708,1,5.0,KCab,right
720575941655938521,5,17.4,KCab,right
720575941656374296,1,1.0,KCab,right
720575941656721432,9,5.444444444444445,KC,right
720575941657568792,3,12.0,KCa'b',right
720575941657632024,2,10.5,KCapbp,right
720575941657750808,13,7.923076923076923,KCg,right
720575941658005784,6,13.166666666666666,KCab,right
720575941658032208,10,8.0,KCg,right
720575941658032464,8,7.5,KCab,right
720575941658036816,6,6.0,KCg,right
720575941658589520,3,2.6666666666666665,KCg,right
720575941658862416,9,7.0,KCg,right
720575941660346192,1,13.0,KCg,right
720575941661499704,3,4.666666666666667,KCg,right
720575941661502008,3,10.0,KCg,right
720575941661502520,3,18.666666666666668,KCab,right
720575941661503032,5,14.2,KCab,right
720575941661639992,8,10.0,KCab,right
720575941662074168,1,4.0,KCg,right
720575941662422652,4,6.0,KCg,right
720575941662582140,3,16.666666666666668,KCg,right
720575941662676092,2,5.0,KCab,right
720575941665916403,2,22.0,KCg,right
720575941667266547,10,6.6,KCg,right
720575941667266803,5,2.4,KCg,right
720575941667452147,5,1.6,KCg,right
720575941667555315,5,12.0,KCg,right
720575941667685619,5,13.4,KCa'b',right
720575941667841969,1,18.0,KCab,right
720575941668013555,5,9.0,KCab,right
720575941668461299,1,1.0,KCg,right
720575941668483827,3,2.3333333333333335,KCab,right
720575941668531443,6,4.0,KCapbp,right
720575941668888497,10,8.4,KCab,right
720575941669019825,3,12.333333333333334,KCg,right
720575941669044391,2,2.5,KCg,right
720575941669445297,3,9.666666666666666,KCab,right
720575941670348711,7,10.142857142857142,KCg,right
720575941670382247,2,5.5,KCg,right
720575941670384295,2,7.5,KCg,right
720575941671052455,3,9.666666666666666,KCg,right
720575941671348391,10,6.9,KCg,right
720575941679148477,9,7.666666666666667,KCab,right
720575941679976125,5,5.8,KCg,right
720575941680049853,6,9.0,KCg,right
720575941680100029,3,3.3333333333333335,KCg,right
720575941680288701,5,7.0,KCab,right
720575941680991933,2,31.0,KCab,right
720575941681952445,6,2.5,KCg,right
720575941685420783,3,5.333333333333333,KCa'b',right
720575941686481420,4,6.0,KC,right
720575941686580748,4,9.75,KCg,right
720575941687111663,3,18.0,KCab,right
720575941687270518,2,4.5,KCa'b',right
720575941687566831,10,3.2,KCab,right
720575941687567884,8,6.5,KCab,right
720575941687722358,5,8.2,KCab,right
720575941687861366,5,4.4,KCa'b',right
720575941688181260,6,6.166666666666667,KCa'b',right
720575941688262924,8,7.625,KCg,right
720575941688312438,4,5.25,KCg,right
720575941689101807,1,11.0,KCapbp,right
720575941689536219,2,5.0,KCab,right
720575941689608923,4,9.25,KCa'b',right
720575941689618651,8,8.0,KCg,right
720575941689806043,5,10.4,KCab,right
720575941689827035,6,13.166666666666666,KCab,right
720575941689908888,8,8.5,KCab,right
720575941689913240,8,5.5,KCg,right
720575941689916568,2,10.5,KCab,right
720575941689920664,9,6.222222222222222,KCab,right
720575941689925851,7,4.571428571428571,KCg,right
720575941689965430,3,6.666666666666667,KCg,right
720575941689991643,11,5.818181818181818,KCab,right
720575941690129560,7,10.428571428571429,KCg,right
720575941690130584,7,7.285714285714286,KCg,right
720575941690326747,2,2.5,KCab,right
720575941690627480,1,6.0,KCg,right
720575941690929115,7,10.142857142857142,KCab,right
720575941702050266,2,10.0,KCa'b',right
720575941702182874,8,5.25,KCab,right
720575941702184922,7,5.0,KCg,right
720575941702343386,2,7.5,KCg,right
720575941702399706,5,16.8,KCab,right
720575941702524378,1,1.0,KCab,right
720575941702824666,11,10.454545454545455,KCab,right
720575941703416026,4,15.25,KCg,right
720575941721956410,4,11.25,KCg,right
720575941722064698,1,6.0,KC,right
720575941722415418,3,5.333333333333333,KCa'b',right
720575941722491194,4,12.25,KCab,right
720575941722847290,3,8.333333333333334,KCa'b',right
720575941722853946,3,9.0,KCab,right
720575941723491642,1,1.0,KCg,right
720575941730295851,5,3.8,KCg,right
720575941730333483,4,7.0,KCg,right
720575941730667819,4,6.25,KCab,right
720575941731415851,5,6.2,KC,right
720575941731489835,1,4.0,KC,right
720575941731650091,5,10.8,KCab,right
720575941731662891,6,6.166666666666667,KCg,right
720575941731786539,3,10.0,KCab,right
720575941731831339,9,4.111111111111111,KCg,right
720575941731940395,4,7.25,KCg,right
720575941732179499,5,2.6,KCab,right
720575941732194347,5,9.4,KC,right
720575941732220203,2,21.0,KCab,right
720575941732221739,2,3.5,KCg,right
720575941732549931,3,9.666666666666666,KCab,right
720575941732643371,3,5.0,KCa'b',right
720575941351118640,8,5.0,KCa'b',left
720575941351883568,3,6.333333333333333,KCapbp,left
720575941351937840,8,7.0,KCab,left
720575941352042288,8,8.0,KCg,left
720575941352043312,8,3.625,KCg,left
720575941352049712,5,5.0,KCg,left
720575941352132912,1,6.0,KCa'b',left
720575941352155952,5,10.6,KCab,left
720575941352202800,7,4.428571428571429,KCg,left
720575941352617776,11,4.2727272727272725,KCg,left
720575941353901616,6,10.666666666666666,KCab,left
720575941392018436,2,3.5,KCapbp,left
720575941392174340,3,18.666666666666668,KCa'b',left
720575941392445846,5,13.0,KC,left
720575941392620438,3,9.666666666666666,KCab,left
720575941392627862,4,4.0,KCg,left
720575941392629142,3,5.666666666666667,KCg,left
720575941392637334,1,1.0,KCapbp,left
720575941392641430,5,10.6,KCab,left
720575941392642454,4,10.0,KCg,left
720575941392902660,6,6.0,KCg,left
720575941393212054,8,2.0,KCg,left
720575941399576867,4,5.5,KCa'b',left
720575941399747363,3,4.333333333333333,KC,left
720575941400734243,2,4.0,KCab,left
720575941400741411,4,9.0,KCa'b',left
720575941400838179,2,2.0,KCg,left
720575941400971555,5,13.8,KCg,left
720575941401083171,4,4.25,KCab,left
720575941401084451,3,16.0,KCab,left
720575941401382435,6,5.833333333333333,KCg,left
720575941401704483,7,5.571428571428571,KCab,left
720575941402048803,2,10.5,KCg,left
720575941402615408,2,13.0,KCg,left
720575941402696048,3,1.6666666666666667,KCab,left
720575941402858787,3,2.0,KCg,left
720575941403140643,11,5.181818181818182,KCg,left
720575941403840880,3,4.0,KC,left
720575941403979120,4,9.5,KCg,left
720575941403983472,3,5.333333333333333,KCg,left
720575941403986032,3,4.666666666666667,KCg,left
720575941403992432,4,2.75,KC,left
720575941403995760,7,14.0,KCab,left
720575941404459632,8,9.0,KCab,left
720575941406258606,5,7.8,KC,left
720575941406260336,2,1.0,KCg,left
720575941407426607,5,2.6,KCa'b',left
720575941407480623,4,4.75,KCa'b',left
720575941407483439,6,7.166666666666667,KCa'b',left
720575941407631151,4,5.25,KCg,left
720575941407686191,8,4.875,KCa'b',left
720575941408056367,2,13.0,KCab,left
720575941408398383,5,20.2,KCg,left
720575941408633006,6,5.833333333333333,KCg,left
720575941408963243,4,2.25,KCg,left
720575941409591343,2,12.0,KCg,left
720575941410173355,9,8.222222222222221,KCg,left
720575941410191275,5,2.8,KCg,left
720575941410429099,5,5.2,KCg,left
720575941410768811,6,4.0,KCg,left
720575941411137451,7,6.714285714285714,KCg,left
720575941411501483,3,6.666666666666667,KCab,left
720575941411710831,3,11.666666666666666,KCab,left
720575941411746671,7,7.857142857142857,KCg,left
720575941411896175,6,6.166666666666667,KCg,left
720575941412145323,5,6.4,KCa'b',left
720575941412166545,3,5.0,KC,left
720575941412183185,2,5.5,KCab,left
720575941412204203,3,13.0,KCab,left
720575941412255087,3,9.0,KCab,left
720575941412275823,4,15.0,KCg,left
720575941412287087,2,6.5,KCg,left
720575941412299631,7,9.857142857142858,KC,left
720575941412376468,2,4.0,KCg,left
720575941412854955,3,4.666666666666667,KCg,left
720575941413169297,3,4.666666666666667,KCg,left
720575941413213329,12,6.75,KCab,left
720575941413228689,5,3.4,KCab,left
720575941413332628,3,3.6666666666666665,KCg,left
720575941413336980,2,12.0,KCg,left
720575941413350804,8,7.875,KCg,left
720575941413485201,7,5.285714285714286,KCg,left
720575941413487761,5,6.4,KCg,left
720575941413773716,8,8.75,KCg,left
720575941413845649,4,9.0,KCg,left
720575941413846417,14,3.9285714285714284,KC,left
720575941413874833,2,7.5,KCab,left
720575941413902225,4,11.25,KC,left
720575941414121876,5,11.6,KCab,left
720575941414169492,7,9.142857142857142,KC,left
720575941414169748,2,1.5,KCg,left
720575941414172564,6,13.666666666666666,KCab,left
720575941414514065,4,4.5,KCapbp,left
720575941414549788,6,9.0,KCa'b',left
720575941414565148,10,5.3,KCg,left
720575941415487260,2,5.0,KCg,left
720575941415487516,4,9.0,KCab,left
720575941415563804,5,10.4,KCg,left
720575941415639580,6,6.5,KCg,left
720575941415760156,7,5.571428571428571,KCg,left
720575941415807260,6,8.5,KCab,left
720575941415830300,3,7.333333333333333,KC,left
720575941416287260,1,1.0,KCg,left
720575941416313628,3,2.6666666666666665,KCg,left
720575941416585756,5,10.6,KCg,left
720575941425445972,4,11.25,KCg,left
720575941426718036,3,4.666666666666667,KCg,left
720575941426739540,9,7.111111111111111,KC,left
720575941427621972,2,2.5,KCg,left
720575941428797944,11,5.454545454545454,KCab,left
720575941428927992,2,11.0,KCg,left
720575941428941487,5,13.8,KCg,left
720575941429005961,1,7.0,KC,left
720575941429009656,5,2.4,KCa'b',left
720575941429067512,5,4.0,KCg,left
720575941429438639,3,17.333333333333332,KCab,left
720575941429614767,5,9.4,KC,left
720575941429943905,4,6.75,KC,left
720575941429974881,5,9.4,KCab,left
720575941429976495,6,12.0,KC,left
720575941430007689,4,16.5,KCab,left
720575941430012847,6,2.6666666666666665,KCg,left
720575941430048175,3,5.0,KCg,left
720575941430051977,5,10.4,KCab,left
720575941430053039,7,7.571428571428571,KCg,left
720575941430167032,5,5.0,KCg,left
720575941430244745,5,5.6,KCg,left
720575941430275759,2,10.5,KCa'b',left
720575941430361481,6,6.5,KCg,left
720575941430362799,11,5.454545454545454,KCg,left
720575941430407928,3,12.333333333333334,KCab,left
720575941430512120,6,4.333333333333333,KCab,left
720575941430682543,5,4.4,KC,left
720575941430706351,3,8.666666666666666,KCg,left
720575941430722479,1,7.0,KCg,left
720575941430746287,10,6.2,KCab,left
720575941430850808,4,6.0,KCg,left
720575941430853368,5,6.2,KCg,left
720575941430854392,8,7.5,KCg,left
720575941430878049,4,14.25,KCg,left
720575941430926606,6,8.333333333333334,KCab,left
720575941431058785,8,5.25,KCg,left
720575941431086807,2,2.0,KCg,left
720575941431091081,9,16.0,KCab,left
720575941431165688,4,12.5,KCg,left
720575941431189463,3,12.0,KCg,left
720575941431189719,10,6.1,KCab,left
720575941431202263,5,10.4,KCg,left
720575941431210199,4,12.75,KCab,left
720575941431219809,2,1.0,KCab,left
720575941431355863,3,5.0,KCa'b',left
720575941431609336,7,12.571428571428571,KCg,left
720575941431899662,3,19.0,KCab,left
720575941431916503,5,11.2,KCg,left
720575941431917015,6,10.833333333333334,KCab,left
720575941432048559,2,4.0,KCa'b',left
720575941432162062,4,8.25,KC,left
720575941432174862,6,5.833333333333333,KCab,left
720575941432611543,6,11.333333333333334,KCab,left
720575941433347726,4,5.5,KCapbp,left
720575941433427553,2,8.5,KCg,left
720575941433907488,4,2.0,KCa'b',left
720575941434400142,9,6.333333333333333,KCab,left
720575941434514062,7,5.285714285714286,KCg,left
720575941434515854,4,6.25,KCg,left
720575941434516110,1,2.0,KCg,left
720575941434518926,5,5.4,KCg,left
720575941434712718,3,9.333333333333334,KCg,left
720575941434883360,5,8.6,KC,left
720575941435005472,4,4.5,KCg,left
720575941435036814,5,2.4,KCg,left
720575941435475854,1,3.0,KCg,left
720575941435604256,5,10.8,KCg,left
720575941435604512,6,7.333333333333333,KC,left
720575941435612192,9,8.0,KC,left
720575941435970080,6,8.5,KCa'b',left
720575941436362514,6,7.833333333333333,KCab,left
720575941437254207,2,18.5,KCg,left
720575941437282367,6,5.0,KCg,left
720575941437308178,7,9.285714285714286,KCg,left
720575941437373472,6,10.0,KCa'b',left
720575941437396498,2,6.0,KCab,left
720575941437397266,2,12.5,KCg,left
720575941437406252,4,5.25,KCab,left
720575941437407788,7,5.0,KCg,left
720575941437408300,14,5.5,KCab,left
720575941437503276,9,8.666666666666666,KC,left
720575941437532434,1,8.0,KCg,left
720575941437552351,11,5.7272727272727275,KCab,left
720575941438073823,10,7.7,KCg,left
720575941438079020,6,4.833333333333333,KCg,left
720575941438097452,5,4.6,KCab,left
720575941438107154,2,4.0,KC,left
720575941438114066,5,9.4,KCg,left
720575941438423615,7,4.0,KCg,left
720575941438429247,4,5.0,KCa'b',left
720575941438436671,2,2.5,KCa'b',left
720575941438437183,3,14.666666666666666,KCa'b',left
720575941438513887,4,11.25,KCab,left
720575941438642962,5,7.8,KCg,left
720575941438653503,11,6.181818181818182,KCab,left
720575941438674399,6,11.666666666666666,KCab,left
720575941438701535,4,2.0,KCa'b',left
720575941438893279,5,8.2,KCab,left
720575941438958047,10,4.9,KCab,left
720575941438993727,4,10.0,KCab,left
720575941439226197,6,3.0,KCg,left
720575941439238485,5,7.6,KCab,left
720575941439283423,2,11.5,KC,left
720575941439284447,10,4.1,KCg,left
720575941439292639,11,3.090909090909091,KCg,left
720575941439295711,4,5.25,KC,left
720575941439614783,3,2.3333333333333335,KCapbp,left
720575941439628588,7,5.428571428571429,KCg,left
720575941439628751,4,3.25,KCa'b',left
720575941439630287,3,15.333333333333334,KCab,left
720575941439710159,6,9.0,KCab,left
720575941439719119,6,10.333333333333334,KC,left
720575941439750607,3,10.333333333333334,KCg,left
720575941440073813,4,10.0,KCg,left
720575941440172095,5,3.4,KCab,left
720575941440297919,2,10.0,KCa'b',left
720575941440653915,4,2.5,KCab,left
720575941440718287,1,1.0,KCg,left
720575941440804699,5,6.8,KCg,left
720575941440869979,5,4.8,KCa'b',left
720575941440897983,3,2.3333333333333335,KCab,left
720575941440915903,2,5.5,KCab,left
720575941440931023,6,4.5,KCg,left
720575941440936399,7,8.285714285714286,KCab,left
720575941441076431,3,9.333333333333334,KC,left
720575941441090255,2,12.0,KCg,left
720575941441227099,3,3.0,KCa'b',left
720575941441555407,4,3.75,KCg,left
720575941441560271,3,5.333333333333333,KCab,left
720575941441718363,6,4.5,KCg,left
720575941442191551,6,3.8333333333333335,KCg,left
720575941442976938,4,10.25,KC,left
720575941443805866,4,7.75,KCg,left
720575941444008618,7,8.142857142857142,KCab,left
720575941445249706,6,5.666666666666667,KCg,left
720575941446459924,5,12.4,KC,left
720575941446846740,3,4.666666666666667,KCg,left
720575941447127316,6,11.0,KCg,left
720575941447162132,10,10.6,KCab,left
720575941447340564,2,8.0,KCab,left
720575941448740884,4,5.25,KCa'b',left
720575941448776629,7,4.857142857142857,KCab,left
720575941448880309,4,13.5,KCab,left
720575941448992437,5,6.8,KCab,left
720575941449031956,7,3.4285714285714284,KCa'b',left
720575941449083741,2,2.0,KCg,left
720575941449253981,6,7.0,KCab,left
720575941449255773,12,6.916666666666667,KCab,left
720575941449349213,6,10.5,KCg,left
720575941449357493,3,11.666666666666666,KCab,left
720575941449376605,5,7.4,KCapbp,left
720575941449392718,5,16.2,KCab,left
720575941449553486,5,13.4,KCa'b',left
720575941449556558,8,6.25,KC,left
720575941449558094,7,4.857142857142857,KCa'b',left
720575941449565518,11,8.545454545454545,KCab,left
720575941449568861,8,7.0,KCab,left
720575941449571406,5,4.8,KCab,left
720575941449689437,3,1.0,KCg,left
720575941449743738,7,9.142857142857142,KCapbp,left
720575941449793870,7,11.0,KCab,left
720575941449835086,5,4.0,KCab,left
720575941449907066,10,6.7,KCab,left
720575941450185053,4,3.75,KCg,left
720575941450204509,6,5.0,KCapbp,left
720575941450269006,10,4.1,KCg,left
720575941450283079,6,5.5,KCg,left
720575941450587463,7,2.857142857142857,KCg,left
720575941450891086,4,9.0,KCa'b',left
720575941450907214,12,7.833333333333333,KCg,left
720575941450971305,2,9.0,KCapbp,left
720575941451020922,3,7.666666666666667,KCab,left
720575941451085993,4,1.25,KCg,left
720575941451227817,1,4.0,KCa'b',left
720575941451584334,9,5.0,KCab,left
720575941451600206,2,6.0,KCa'b',left
720575941451667066,7,14.0,KCg,left
720575941451762759,3,2.0,KCg,left
720575941451975495,1,3.0,KCg,left
720575941451979847,2,1.5,KCg,left
720575941452100167,2,8.0,KCg,left
720575941452198057,3,3.6666666666666665,KCa'b',left
720575941452201897,3,5.0,KCg,left
720575941452212649,6,6.166666666666667,KCab,left
720575941452212905,4,5.0,KCg,left
720575941452213417,8,7.375,KCab,left
720575941452228521,8,8.0,KCg,left
720575941452229289,2,2.0,KC,left
720575941452236201,8,9.0,KCg,left
720575941452284329,6,3.1666666666666665,KCg,left
720575941452396871,3,6.0,KCab,left
720575941452415303,6,8.166666666666666,KCab,left
720575941452441415,5,13.4,KC,left
720575941452453703,7,7.714285714285714,KC,left
720575941452519593,6,4.166666666666667,KCg,left
720575941452536115,3,5.333333333333333,KCa'b',left
720575941452537159,4,4.5,KCg,left
720575941452717895,1,2.0,KCg,left
720575941452913321,1,4.0,KCab,left
720575941452937129,3,2.0,KCg,left
720575941453396649,3,3.6666666666666665,KCg,left
720575941453461043,4,12.75,KCg,left
720575941453578665,4,19.75,KCab,left
720575941453744691,5,5.6,KC,left
720575941454204723,2,1.0,KCg,left
720575941454556723,3,4.333333333333333,KCg,left
720575941454836275,4,12.0,KCab,left
720575941455032813,3,4.666666666666667,KCab,left
720575941455181037,3,14.333333333333334,KCg,left
720575941455187507,2,21.5,KCab,left
720575941455506669,3,8.666666666666666,KCg,left
720575941455638253,3,12.333333333333334,KCab,left
720575941455673325,10,15.5,KCg,left
720575941455902445,9,11.666666666666666,KCg,left
720575941456337133,8,8.25,KCg,left
720575941456461296,5,17.8,KCg,left
720575941456577517,8,5.25,KCg,left
720575941456947693,1,3.0,KCab,left
720575941456948127,6,7.5,KCab,left
720575941457003679,6,3.1666666666666665,KCg,left
720575941457437343,3,5.0,KCg,left
720575941457866992,7,7.285714285714286,KC,left
720575941457889862,1,2.0,KCg,left
720575941458028959,8,9.75,KCg,left
720575941458166943,4,14.25,KCab,left
720575941458182047,4,2.75,KCg,left
720575941458283935,4,17.75,KCg,left
720575941458337695,7,5.571428571428571,KCg,left
720575941458351942,4,3.75,KCg,left
720575941458368493,5,17.2,KCab,left
720575941458440688,4,11.5,KC,left
720575941458466800,4,10.75,KC,left
720575941458467568,3,4.666666666666667,KCab,left
720575941458475504,3,6.666666666666667,KCapbp,left
720575941458478064,5,11.6,KCg,left
720575941458481136,3,6.666666666666667,KCab,left
720575941458669983,9,6.333333333333333,KCg,left
720575941458832454,1,3.0,KC,left
720575941458942278,11,6.818181818181818,KCab,left
720575941458961734,7,7.142857142857143,KCg,left
720575941459004400,5,4.2,KCg,left
720575941459116102,2,6.5,KCab,left
720575941459385414,5,5.6,KCg,left
720575941459595078,8,7.625,KC,left
720575941459596614,2,4.0,KCg,left
720575941459597894,10,4.3,KCab,left
720575941459613380,6,8.5,KCg,left
720575941459650500,6,6.5,KCg,left
720575941459803888,3,8.0,KCab,left
720575941460218579,5,11.8,KCg,left
720575941460581331,7,9.428571428571429,KCab,left
720575941460724420,7,2.4285714285714284,KCg,left
720575941460795859,3,17.333333333333332,KCg,left
720575941460847812,5,2.6,KCg,left
720575941460859859,4,11.5,KCab,left
720575941460871891,7,10.0,KCab,left
720575941460893139,1,7.0,KCapbp,left
720575941460897988,5,5.2,KCg,left
720575941461423248,1,2.0,KCab,left
720575941461430928,7,10.428571428571429,KC,left
720575941461435536,7,7.142857142857143,KCab,left
720575941461443472,3,4.333333333333333,KCa'b',left
720575941461443984,6,15.0,KCab,left
720575941461460179,7,3.5714285714285716,KCa'b',left
720575941461647248,2,13.0,KCa'b',left
720575941461713296,10,4.9,KCg,left
720575941461737741,4,3.0,KC,left
720575941461744784,12,3.5833333333333335,KC,left
720575941462152592,5,13.2,KCg,left
720575941462414480,4,14.75,KCa'b',left
720575941462721293,4,5.5,KC,left
720575941462723853,7,11.0,KCab,left
720575941462769165,5,10.8,KCab,left
720575941463033744,1,1.0,KCg,left
720575941463286541,3,9.0,KC,left
720575941463333133,10,2.1,KCg,left
720575941464734294,6,8.333333333333334,KCab,left
720575941465715798,2,4.0,KCg,left
720575941465804886,1,2.0,KCg,left
720575941465922646,9,3.3333333333333335,KCg,left
720575941466045782,5,4.8,KCab,left
720575941466379606,5,8.0,KC,left
720575941466574102,6,7.5,KCab,left
720575941466792470,4,5.5,KCa'b',left
720575941466815254,4,6.0,KCab,left
720575941466838806,5,6.4,KCab,left
720575941466895894,7,6.0,KCa'b',left
720575941467506966,6,4.5,KCa'b',left
720575941467520022,5,11.2,KCab,left
720575941467890454,3,4.0,KCa'b',left
720575941468614877,6,13.666666666666666,KCg,left
720575941468652253,6,22.333333333333332,KC,left
720575941468814045,8,4.75,KCg,left
720575941468877789,2,18.5,KCab,left
720575941468928221,6,4.0,KCg,left
720575941468932061,7,3.7142857142857144,KCa'b',left
720575941468974813,4,3.0,KCapbp,left
720575941468992989,10,8.5,KCg,left
720575941468999389,12,3.3333333333333335,KCg,left
720575941469219083,9,10.444444444444445,KCg,left
720575941470035831,6,7.0,KC,left
720575941470149751,9,5.444444444444445,KCg,left
720575941470261367,8,5.875,KCg,left
720575941470411787,4,4.0,KCg,left
720575941470412043,5,15.0,KCg,left
720575941470541067,8,6.375,KCg,left
720575941470545675,5,3.0,KCab,left
720575941470609271,3,7.666666666666667,KCg,left
720575941470640395,7,6.142857142857143,KC,left
720575941470658059,2,5.5,KCg,left
720575941470763895,10,6.5,KCg,left
720575941470784375,6,7.833333333333333,KCab,left
720575941470876736,10,6.6,KC,left
720575941470942475,3,6.0,KCa'b',left
720575941471043851,4,9.75,KC,left
720575941471086091,8,11.0,KC,left
720575941471089527,6,6.666666666666667,KCab,left
720575941471106571,1,11.0,KC,left
720575941471126283,8,5.75,KCab,left
720575941471138624,3,11.0,KC,left
720575941471152651,4,4.5,KCg,left
720575941471407883,5,3.6,KCa'b',left
720575941471465280,1,17.0,KC,left
720575941471513152,4,8.75,KC,left
720575941471514432,8,4.375,KC,left
720575941471515968,1,4.0,KC,left
720575941471528256,3,2.3333333333333335,KC,left
720575941471715680,3,5.666666666666667,KCa'b',left
720575941471844363,4,14.0,KCg,left
720575941472748586,1,6.0,KCg,left
720575941472762922,5,2.4,KCa'b',left
720575941472777824,1,1.0,KCab,left
720575941472819296,7,5.571428571428571,KCg,left
720575941472849467,3,6.0,KCapbp,left
720575941473055328,5,6.8,KCg,left
720575941473093472,8,4.625,KCa'b',left
720575941473330747,3,3.6666666666666665,KC,left
720575941473634858,8,4.75,KCg,left
720575941474230843,5,13.0,KCab,left
720575941474276650,6,9.0,KCg,left
720575941474536763,10,6.7,KCg,left
720575941474567466,5,5.8,KCab,left
720575941474570811,1,2.0,KCa'b',left
720575941474636859,15,7.066666666666666,KC,left
720575941474646577,4,12.75,KCa'b',left
720575941474871089,6,9.5,KCapbp,left
720575941474921521,7,9.857142857142858,KCa'b',left
720575941474975530,7,8.0,KCab,left
720575941474978875,1,8.0,KC,left
720575941475015739,9,6.0,KC,left
720575941475060027,5,10.6,KCg,left
720575941475193118,4,7.75,KCg,left
720575941475332411,7,7.714285714285714,KCab,left
720575941475425076,2,2.5,KCab,left
720575941475490612,8,3.5,KC,left
720575941475532097,8,7.875,KCa'b',left
720575941475534900,5,2.0,KCg,left
720575941475578433,4,5.25,KC,left
720575941475636289,4,11.25,KCg,left
720575941475878942,3,6.0,KCg,left
720575941475881777,3,7.333333333333333,KC,left
720575941475882545,2,2.0,KCg,left
720575941475884849,3,11.333333333333334,KCg,left
720575941475915313,3,7.0,KCg,left
720575941475998826,3,3.6666666666666665,KCg,left
720575941476108849,2,11.0,KCa'b',left
720575941476110385,1,9.0,KCab,left
720575941476257851,6,3.5,KCg,left
720575941476302897,3,13.333333333333334,KCg,left
720575941476304926,9,6.333333333333333,KCg,left
720575941476304945,8,8.75,KCab,left
720575941476307742,4,7.5,KCab,left
720575941476321585,6,7.833333333333333,KC,left
720575941476397876,3,8.333333333333334,KC,left
720575941476404276,7,6.857142857142857,KCg,left
720575941476413726,5,13.0,KCg,left
720575941476419124,4,14.25,KC,left
720575941476427828,4,20.75,KCab,left
720575941476495681,3,5.333333333333333,KC,left
720575941476568628,3,15.0,KCg,left
720575941476612404,5,2.0,KCa'b',left
720575941476647729,6,15.0,KCg,left
720575941476659009,4,7.0,KCg,left
720575941476741940,6,3.0,KCg,left
720575941476794689,2,4.0,KCapbp,left
720575941476802846,4,2.75,KCg,left
720575941476848926,6,9.666666666666666,KCab,left
720575941476854593,4,3.75,KCa'b',left
720575941476863297,7,16.428571428571427,KC,left
720575941476950833,4,3.5,KC,left
720575941477257281,4,9.75,KCg,left
720575941477408106,6,7.5,KC,left
720575941477531422,5,9.8,KCab,left
720575941477545578,8,4.5,KCg,left
720575941477546602,6,11.166666666666666,KCg,left
720575941477552490,3,5.0,KC,left
720575941477554794,6,14.0,KCab,left
720575941477556586,5,8.0,KC,left
720575941477690218,5,3.2,KCg,left
720575941477734250,4,10.5,KCab,left
720575941477737066,4,1.0,KCg,left
720575941477803585,7,9.571428571428571,KCg,left
720575941478097258,13,6.153846153846154,KCg,left
720575941478178528,5,9.4,KCa'b',left
720575941478245425,7,6.0,KCa'b',left
720575941478291998,7,8.285714285714286,KCg,left
720575941478322818,3,5.666666666666667,KCapbp,left
720575941478359146,5,13.4,KCab,left
720575941478426218,4,7.25,KCg,left
720575941478432874,3,6.333333333333333,KCa'b',left
720575941478538049,5,3.0,KCab,left
720575941478581610,11,4.545454545454546,KCg,left
720575941478689898,5,5.6,KCg,left
720575941479224288,3,5.666666666666667,KCg,left
720575941479382658,5,15.4,KC,left
720575941479439490,1,1.0,KC,left
720575941479501186,1,2.0,KC,left
720575941479606914,3,20.333333333333332,KC,left
720575941479717506,6,4.0,KCab,left
720575941479763363,7,7.0,KCg,left
720575941479900867,2,7.5,KCapbp,left
720575941479920608,5,5.6,KCg,left
720575941480004259,16,6.375,KCg,left
720575941480076879,5,4.0,KCg,left
720575941480115107,7,10.142857142857142,KCg,left
720575941480124290,3,8.333333333333334,KCg,left
720575941480151426,9,4.888888888888889,KCab,left
720575941480299855,6,14.333333333333334,KCg,left
720575941480345679,3,6.333333333333333,KCa'b',left
720575941480349519,2,2.5,KCa'b',left
720575941480390991,5,13.2,KC,left
720575941480391247,4,4.25,KCapbp,left
720575941480406402,6,13.166666666666666,KCg,left
720575941480422307,8,12.375,KC,left
720575941480424322,4,9.25,KCg,left
720575941480449187,9,4.555555555555555,KCg,left
720575941480457635,10,5.6,KCg,left
720575941480711503,3,1.6666666666666667,KCab,left
720575941480760143,2,8.0,KCg,left
720575941480856515,9,9.666666666666666,KCg,left
720575941480875715,7,6.857142857142857,KCg,left
720575941481015491,5,4.4,KCa'b',left
720575941481051843,7,10.714285714285714,KCab,left
720575941481054659,3,10.0,KCg,left
720575941481057731,3,9.0,KCab,left
720575941481138627,5,4.6,KCg,left
720575941481331586,4,7.0,KCg,left
720575941481392770,4,22.5,KCg,left
720575941481435389,4,13.25,KCab,left
720575941481503162,7,5.0,KCab,left
720575941481579971,10,4.5,KCg,left
720575941481615613,1,1.0,KCg,left
720575941481636291,10,8.4,KCab,left
720575941481643706,2,9.5,KCa'b',left
720575941482152387,3,2.3333333333333335,KCg,left
720575941482238662,10,5.9,KCg,left
720575941482619389,11,7.454545454545454,KC,left
720575941482969085,9,6.777777777777778,KCab,left
720575941483104963,5,6.2,KCg,left
720575941483215546,3,4.333333333333333,KCapbp,left
720575941483318269,5,6.0,KCg,left
720575941483601149,1,4.0,KC,left
720575941484304194,4,8.5,KCab,left
720575941484446786,13,3.6153846153846154,KCa'b',left
720575941484815110,7,9.428571428571429,KCab,left
720575941485305229,5,10.2,KCg,left
720575941485321538,7,2.857142857142857,KCg,left
720575941485488962,1,3.0,KCab,left
720575941485494338,6,6.833333333333333,KCg,left
720575941485496386,4,2.5,KCa'b',left
720575941485500994,3,2.0,KCapbp,left
720575941485503298,5,13.0,KCab,left
720575941485514562,3,3.0,KCg,left
720575941485612038,7,2.2857142857142856,KCg,left
720575941485798406,7,6.428571428571429,KCab,left
720575941485814790,3,4.0,KCg,left
720575941485935110,6,6.0,KCg,left
720575941486071618,6,5.833333333333333,KCg,left
720575941486103437,6,7.0,KCab,left
720575941486115725,9,12.555555555555555,KCg,left
720575941486123149,7,7.285714285714286,KCg,left
720575941486210566,6,7.833333333333333,KC,left
720575941486238982,4,2.25,KC,left
720575941486260998,4,6.25,KCab,left
720575941486882512,4,7.0,KCa'b',left
720575941486916560,8,3.625,KCg,left
720575941486961360,2,3.5,KCg,left
720575941487098320,4,2.75,KCa'b',left
720575941487252432,5,4.4,KCa'b',left
720575941487311501,8,7.375,KCg,left
720575941487498192,6,12.0,KCab,left
720575941487507085,3,2.6666666666666665,KCg,left
720575941488361269,3,4.0,KCapbp,left
720575941488394549,3,2.3333333333333335,KCa'b',left
720575941488736457,3,7.666666666666667,KCg,left
720575941488907984,7,4.571428571428571,KCab,left
720575941489265973,5,10.6,KCg,left
720575941489333964,4,5.0,KCg,left
720575941489384396,5,4.4,KCg,left
720575941489409228,4,11.0,KCab,left
720575941489582544,5,11.8,KC,left
720575941489794505,7,11.571428571428571,KCg,left
720575941489795785,2,8.5,KCg,left
720575941489824743,1,1.0,KCa'b',left
720575941489928393,2,7.0,KCa'b',left
720575941490059317,4,2.75,KCg,left
720575941490062645,5,2.6,KC,left
720575941490140878,4,4.5,KCab,left
720575941490144206,4,5.75,KCa'b',left
720575941490203852,5,8.6,KCg,left
720575941490361033,4,9.5,KC,left
720575941490418894,7,6.285714285714286,KCg,left
720575941490432972,6,6.833333333333333,KCg,left
720575941490433228,6,2.1666666666666665,KCg,left
720575941490585548,1,1.0,KCg,left
720575941490633932,5,6.2,KCa'b',left
720575941490634441,6,5.0,KCg,left
720575941490703079,8,4.5,KCab,left
720575941490740430,8,7.75,KC,left
720575941490755047,3,1.6666666666666667,KCg,left
720575941490761678,3,6.333333333333333,KCab,left
720575941490771509,3,18.0,KCg,left
720575941490826037,6,5.666666666666667,KCa'b',left
720575941490835175,9,3.5555555555555554,KCg,left
720575941490866919,2,6.0,KCg,left
720575941490894055,8,6.375,KCg,left
720575941490894311,6,9.0,KCab,left
720575941490907111,4,2.25,KCab,left
720575941491291367,2,7.5,KCg,left
720575941491311820,5,10.6,KCab,left
720575941491352039,3,1.3333333333333333,KCg,left
720575941491422670,3,1.3333333333333333,KCg,left
720575941491467468,5,6.2,KCg,left
720575941491537356,7,6.857142857142857,KCab,left
720575941492015847,4,7.0,KCapbp,left
720575941492027623,2,3.5,KCa'b',left
720575941492228528,8,7.0,KCg,left
720575941492232368,7,3.5714285714285716,KCab,left
720575941492240560,6,8.333333333333334,KCg,left
720575941492241328,4,11.0,KCab,left
720575941492506544,7,5.0,KCg,left
720575941492665063,1,12.0,KCapbp,left
720575941493243568,7,4.428571428571429,KCg,left
720575941493522864,5,5.0,KCa'b',left
720575941493609648,4,11.75,KCab,left
720575941493929086,3,4.0,KCg,left
720575941493936510,1,7.0,KCab,left
720575941493980030,7,4.142857142857143,KCg,left
720575941493980542,4,12.5,KCab,left
720575941493981822,7,20.142857142857142,KCab,left
720575941493997438,2,5.5,KCg,left
720575941494215367,2,5.5,KCg,left
720575941494279550,8,8.25,KCab,left
720575941494301822,4,3.75,KC,left
720575941494718848,8,4.5,KCg,left
720575941495011015,1,2.0,KCg,left
720575941495251655,7,9.571428571428571,KCg,left
720575941495611520,2,4.0,KCg,left
720575941495667655,10,4.8,KCg,left
720575941495937918,2,7.0,KCg,left
720575941496063872,6,5.166666666666667,KC,left
720575941496304256,5,4.2,KCab,left
720575941496309888,3,19.666666666666668,KCg,left
720575941496326784,2,2.0,KCg,left
720575941496577408,6,10.166666666666666,KCg,left
720575941496734592,2,11.0,KCa'b',left
720575941496801609,3,7.333333333333333,KCa'b',left
720575941496893819,3,22.0,KCab,left
720575941496895867,5,5.0,KCg,left
720575941496913889,4,4.75,KCg,left
720575941497035975,5,2.0,KCg,left
720575941497429833,10,8.3,KCab,left
720575941497567611,7,6.428571428571429,KCab,left
720575941497660283,4,5.0,KCg,left
720575941497678203,5,10.6,KC,left
720575941497866209,3,1.0,KCab,left
720575941497869025,6,3.8333333333333335,KCg,left
720575941498061385,8,9.0,KCab,left
720575941498066249,6,8.333333333333334,KCab,left
720575941498067273,5,7.8,KC,left
720575941498070857,6,6.0,KCg,left
720575941498084731,5,10.4,KCab,left
720575941498106849,6,12.333333333333334,KCab,left
720575941498255433,7,8.428571428571429,KCg,left
720575941498324809,4,6.75,KC,left
720575941498602977,5,3.2,KC,left
720575941498617057,5,10.2,KCg,left
720575941498661193,7,2.142857142857143,KCg,left
720575941498688674,6,3.6666666666666665,KCg,left
720575941498750882,4,5.0,KCg,left
720575941498920098,9,5.222222222222222,KCab,left
720575941499027618,6,8.666666666666666,KCa'b',left
720575941499137442,10,3.5,KCg,left
720575941499233097,5,1.8,KCg,left
720575941499383202,7,7.571428571428571,KCg,left
720575941499535585,3,8.333333333333334,KCab,left
720575941501104779,7,7.0,KC,left
720575941501105803,5,3.8,KCapbp,left
720575941501548267,3,4.666666666666667,KCapbp,left
720575941501730955,4,20.0,KC,left
720575941501743499,3,4.666666666666667,KCapbp,left
720575941501932939,16,6.0625,KCg,left
720575941502162059,2,10.0,KCa'b',left
720575941502253362,5,6.6,KCg,left
720575941502338610,1,7.0,KCa'b',left
720575941502407730,5,5.2,KCa'b',left
720575941502477803,5,12.6,KCab,left
720575941502485739,7,9.142857142857142,KCab,left
720575941502546923,7,6.0,KCab,left
720575941502552811,3,5.0,KCg,left
720575941502762475,5,7.0,KCab,left
720575941502974295,2,5.0,KCapbp,left
720575941503019863,1,1.0,KCg,left
720575941503039979,4,10.0,KCg,left
720575941503141867,8,2.875,KCg,left
720575941503179755,5,11.6,KCg,left
720575941503187851,6,9.333333333333334,KCg,left
720575941503429975,7,7.714285714285714,KCab,left
720575941503459890,5,5.8,KCab,left
720575941503697602,6,11.333333333333334,KCab,left
720575941503767090,8,9.0,KCg,left
720575941503772098,6,7.0,KCg,left
720575941503776706,6,5.0,KCab,left
720575941503839467,6,12.333333333333334,KCg,left
720575941503878194,3,5.0,KCa'b',left
720575941504075202,6,1.0,KCg,left
720575941504088258,6,6.5,KC,left
720575941504095909,3,1.6666666666666667,KCg,left
720575941504174501,3,5.666666666666667,KCab,left
720575941504199474,4,6.25,KCab,left
720575941504211762,4,6.5,KCg,left
720575941504220210,1,3.0,KCab,left
720575941504842034,4,6.0,KC,left
720575941505078181,6,4.833333333333333,KCab,left
720575941505095077,1,3.0,KCab,left
720575941505126565,4,8.5,KCg,left
720575941505196709,6,14.0,KCg,left
720575941505212581,4,13.0,KCab,left
720575941505238588,8,5.0,KCa'b',left
720575941505241916,4,6.0,KCg,left
720575941505242940,9,5.444444444444445,KCg,left
720575941505244476,6,7.833333333333333,KC,left
720575941505254204,6,2.5,KCg,left
720575941505258556,7,8.428571428571429,KCab,left
720575941505333669,8,11.25,KCab,left
720575941505363516,1,1.0,KC,left
720575941505373207,5,14.2,KCg,left
720575941505379237,4,4.75,KCg,left
720575941505382460,4,15.5,KCa'b',left
720575941505426114,5,4.8,KCab,left
720575941505546917,4,8.5,KCab,left
720575941505596466,7,8.285714285714286,KCab,left
720575941505862972,6,3.6666666666666665,KCg,left
720575941505871895,4,6.5,KCg,left
720575941505893180,6,17.0,KCab,left
720575941505898300,4,2.5,KCg,left
720575941505900092,7,6.142857142857143,KCg,left
720575941505920060,5,17.4,KCab,left
720575941505954725,7,9.285714285714286,KCab,left
720575941505958053,4,1.25,KCg,left
720575941505960613,4,3.5,KCg,left
720575941505972389,8,4.0,KCg,left
720575941505974949,4,4.5,KCab,left
720575941505975356,5,9.8,KC,left
720575941506082398,1,1.0,KCa'b',left
720575941506083607,6,5.5,KCab,left
720575941506103205,6,7.166666666666667,KCg,left
720575941506129221,9,11.555555555555555,KCab,left
720575941506168087,2,7.0,KCapbp,left
720575941506209474,5,3.8,KCg,left
720575941506281125,5,9.8,KCab,left
720575941506284055,2,2.5,KCapbp,left
720575941506316894,5,12.6,KCg,left
720575941506446405,4,7.5,KCapbp,left
720575941506545980,7,5.857142857142857,KCg,left
720575941506803781,2,2.5,KCg,left
720575941507020055,7,9.142857142857142,KCg,left
720575941507173701,10,10.8,KCab,left
720575941507303458,4,2.75,KCg,left
720575941507338846,4,19.0,KCab,left
720575941507393570,5,4.2,KCa'b',left
720575941507483777,7,9.0,KCg,left
720575941507541573,4,1.0,KCa'b',left
720575941507550302,5,10.0,KCab,left
720575941507811969,6,8.333333333333334,KCab,left
720575941507866753,8,8.875,KCab,left
720575941507876898,9,9.222222222222221,KCab,left
720575941507932962,5,5.2,KCab,left
720575941507961182,4,4.5,KCg,left
720575941508000862,11,6.0,KC,left
720575941508055831,2,3.0,KCg,left
720575941508156545,7,10.285714285714286,KC,left
720575941508179073,6,3.1666666666666665,KCg,left
720575941508222242,6,10.666666666666666,KCab,left
720575941508359262,12,5.833333333333333,KCg,left
720575941508382224,4,14.5,KCab,left
720575941508404062,3,4.666666666666667,KCab,left
720575941508974802,4,7.5,KCab,left
720575941509120094,8,3.375,KCg,left
720575941509528336,11,3.5454545454545454,KCg,left
720575941509700368,6,3.6666666666666665,KCg,left
720575941509731856,9,13.0,KC,left
720575941509741584,5,4.2,KC,left
720575941510120976,2,12.5,KC,left
720575941510126096,1,6.0,KC,left
720575941510151696,6,10.166666666666666,KCab,left
720575941510248402,2,7.0,KCa'b',left
720575941510347730,12,3.9166666666666665,KCg,left
720575941510903568,6,5.5,KCg,left
720575941510904786,6,9.666666666666666,KCg,left
720575941510927314,4,4.5,KC,left
720575941511369938,3,6.0,KCa'b',left
720575941511378130,10,4.4,KCg,left
720575941511774284,1,7.0,KCa'b',left
720575941512822604,4,4.75,KCa'b',left
720575941512850252,8,9.625,KCab,left
720575941512851409,2,4.0,KCa'b',left
720575941512882243,8,1.75,KCg,left
720575941512892748,5,13.2,KCg,left
720575941513019724,7,3.5714285714285716,KCg,left
720575941513047628,6,9.166666666666666,KCab,left
720575941513066193,5,11.2,KCab,left
720575941513091395,2,6.5,KCg,left
720575941513438161,2,15.5,KCab,left
720575941513448913,7,5.142857142857143,KCab,left
720575941513469772,3,5.666666666666667,KCg,left
720575941513483084,1,8.0,KC,left
720575941513494604,3,16.333333333333332,KCg,left
720575941513644291,1,21.0,KCab,left
720575941513735756,4,5.0,KCab,left
720575941513743436,9,6.333333333333333,KCab,left
720575941513785337,8,6.875,KCab,left
720575941513828442,3,10.666666666666666,KCg,left
720575941514016977,5,5.4,KCa'b',left
720575941514019651,6,6.166666666666667,KCa'b',left
720575941514163971,1,1.0,KCapbp,left
720575941514247315,4,12.75,KCg,left
720575941514250586,4,7.0,KCg,left
720575941514542179,5,5.6,KCg,left
720575941514544739,6,14.333333333333334,KCab,left
720575941514574595,6,13.166666666666666,KCg,left
720575941514575619,5,14.4,KCg,left
720575941514751811,5,10.6,KCg,left
720575941514756963,8,7.25,KCg,left
720575941514757731,4,10.5,KCg,left
720575941514778179,5,20.6,KCab,left
720575941514796108,2,2.5,KCg,left
720575941514844665,3,3.6666666666666665,KCg,left
720575941514848858,3,6.333333333333333,KCab,left
720575941514862426,2,6.5,KCg,left
720575941514888282,6,10.833333333333334,KCg,left
720575941514915065,8,4.375,KCg,left
720575941514936579,6,4.0,KCg,left
720575941514960121,7,12.0,KCg,left
720575941515007043,6,6.0,KCa'b',left
720575941515116099,24,5.041666666666667,KCg,left
720575941515172451,3,16.0,KC,left
720575941515199075,2,2.0,KCab,left
720575941515199331,4,5.25,KCg,left
720575941515220217,5,21.2,KCab,left
720575941515222521,9,9.777777777777779,KCg,left
720575941515242074,3,3.6666666666666665,KCg,left
720575941515244890,9,3.2222222222222223,KCg,left
720575941515245667,8,7.375,KCg,left
720575941515259385,8,7.125,KC,left
720575941515261274,2,8.0,KCa'b',left
720575941515495827,4,9.25,KC,left
720575941515513187,14,5.0,KCab,left
720575941515633242,2,7.5,KCa'b',left
720575941515642115,4,12.25,KCg,left
720575941515653011,5,5.4,KCg,left
720575941515963539,6,3.6666666666666665,KCa'b',left
720575941516018067,3,4.333333333333333,KCab,left
720575941516024057,9,4.777777777777778,KCg,left
720575941516035219,1,1.0,KCg,left
720575941516066371,6,12.0,KCg,left
720575941516101369,4,6.5,KCa'b',left
720575941516397971,6,9.666666666666666,KCg,left
720575941516458131,3,8.0,KCab,left
720575941516686252,2,2.5,KCa'b',left
720575941517083096,2,6.0,KCg,left
720575941517093486,1,8.0,KCapbp,left
720575941517101715,6,10.333333333333334,KCab,left
720575941517148163,3,12.0,KC,left
720575941517265774,1,3.0,KC,left
720575941517381742,6,10.666666666666666,KCg,left
720575941517492590,6,14.166666666666666,KC,left
720575941517735852,8,3.875,KCg,left
720575941517765036,7,7.571428571428571,KCg,left
720575941517857452,8,4.25,KCg,left
720575941517858220,7,6.714285714285714,KCg,left
720575941518158040,7,4.285714285714286,KCab,left
720575941518251736,2,5.0,KCg,left
720575941518257880,8,5.75,KCapbp,left
720575941518776430,7,7.0,KCg,left
720575941518777966,3,5.666666666666667,KCg,left
720575941518780339,5,16.0,KC,left
720575941518828504,8,7.75,KCg,left
720575941519069550,3,8.666666666666666,KC,left
720575941519084142,4,4.5,KCg,left
720575941519136110,4,10.5,KC,left
720575941519144302,4,4.0,KCg,left
720575941519182552,4,17.5,KCab,left
720575941519346286,2,13.0,KC,left
720575941519579864,6,3.5,KCg,left
720575941519704174,8,11.0,KCab,left
720575941520010419,11,7.2727272727272725,KCab,left
720575941520059315,3,4.666666666666667,KCg,left
720575941520060851,4,2.25,KCg,left
720575941520092343,5,10.2,KCab,left
720575941520171959,6,7.5,KCab,left
720575941520364467,8,5.5,KCg,left
720575941520370099,8,5.75,KCab,left
720575941520394163,10,9.4,KCa'b',left
720575941520432307,1,12.0,KC,left
720575941520564663,6,4.333333333333333,KCab,left
720575941520701879,6,13.333333333333334,KC,left
720575941520708279,7,4.571428571428571,KCg,left
720575941520949495,2,2.5,KCg,left
720575941521300919,9,11.11111111111111,KCg,left
720575941521455287,7,9.857142857142858,KCab,left
720575941521642487,6,9.166666666666666,KCab,left
720575941521652983,2,8.5,KCg,left
720575941521950967,5,9.6,KCa'b',left
720575941521991671,3,4.0,KC,left
720575941522216011,2,17.0,KCg,left
720575941522286003,3,5.0,KCg,left
720575941522360243,7,8.714285714285714,KCg,left
720575941522443255,10,6.1,KCg,left
720575941522503415,2,6.0,KC,left
720575941522511863,4,4.25,KCab,left
720575941522517323,5,11.6,KC,left
720575941522746615,8,5.25,KC,left
720575941522771703,4,7.5,KCab,left
720575941522802423,4,1.75,KCg,left
720575941523093495,7,12.714285714285714,KCab,left
720575941523144011,5,7.6,KCg,left
720575941523377227,7,4.571428571428571,KCab,left
720575941523519051,3,7.0,KCg,left
720575941523788619,6,6.666666666666667,KCab,left
720575941523820619,6,5.0,KCa'b',left
720575941524481794,5,6.2,KCa'b',left
720575941524575991,4,2.0,KCa'b',left
720575941524686436,4,6.75,KCg,left
720575941524725069,3,9.666666666666666,KCapbp,left
720575941524728322,3,6.0,KCa'b',left
720575941524774681,4,11.75,KCab,left
720575941524791065,7,9.857142857142858,KCg,left
720575941525079833,7,9.714285714285714,KCg,left
720575941525278539,4,12.75,KCa'b',left
720575941525296973,5,1.8,KCg,left
720575941525685069,10,6.3,KC,left
720575941525697026,3,4.333333333333333,KCg,left
720575941525754790,4,16.75,KC,left
720575941525754980,5,4.8,KCg,left
720575941525810020,2,4.5,KC,left
720575941525824514,4,7.5,KCa'b',left
720575941525882114,3,16.0,KCab,left
720575941525912141,8,6.5,KC,left
720575941525912601,3,6.0,KCg,left
720575941525923842,3,1.3333333333333333,KCa'b',left
720575941525991012,1,1.0,KCg,left
720575941526028388,8,6.625,KCg,left
720575941526036301,7,7.714285714285714,KCg,left
720575941526050893,6,6.0,KCg,left
720575941526103117,4,8.5,KCg,left
720575941526271513,5,1.6,KCg,left
720575941526308866,4,8.75,KCg,left
720575941526322690,6,10.166666666666666,KCab,left
720575941526337561,11,7.363636363636363,KCab,left
720575941526354178,1,4.0,KCg,left
720575941526358018,4,4.0,KCab,left
720575941526360486,7,10.571428571428571,KCg,left
720575941526393700,4,3.0,KCab,left
720575941526618370,7,4.571428571428571,KCg,left
720575941526860932,12,4.833333333333333,KCg,left
720575941526887524,13,5.461538461538462,KCg,left
720575941527008132,3,8.333333333333334,KCa'b',left
720575941527045732,2,11.5,KCg,left
720575941527087129,3,5.333333333333333,KCa'b',left
720575941527087492,4,8.25,KCab,left
720575941527126950,1,5.0,KCa'b',left
720575941527162278,2,3.0,KCg,left
720575941527165094,7,10.571428571428571,KCapbp,left
720575941527544486,2,5.5,KCab,left
720575941527674552,6,2.3333333333333335,KCg,left
720575941527887800,2,1.0,KCab,left
720575941527909197,1,14.0,KCg,left
720575941527990148,3,4.666666666666667,KC,left
720575941528126340,5,11.8,KCab,left
720575941528635780,4,6.75,KCab,left
720575941528657796,4,8.25,KC,left
720575941528682884,9,3.0,KCg,left
720575941528949892,13,3.769230769230769,KCg,left
720575941529279876,4,3.5,KCa'b',left
720575941529420728,4,6.0,KC,left
720575941529807288,2,13.5,KCa'b',left
720575941530046084,5,3.0,KCg,left
720575941530094776,4,2.0,KCg,left
720575941530135755,1,23.0,KCa'b',left
720575941530367947,10,4.0,KCg,left
720575941530542283,5,8.4,KCg,left
720575941530577540,2,2.5,KCg,left
720575941530880184,2,5.5,KCg,left
720575941530911435,6,3.0,KCg,left
720575941531380453,5,10.6,KC,left
720575941531394179,7,3.857142857142857,KCapbp,left
720575941531395045,6,3.6666666666666665,KCg,left
720575941531412965,10,14.7,KC,left
720575941531518411,4,7.0,KCapbp,left
720575941531710693,5,2.6,KCg,left
720575941532146917,1,1.0,KCg,left
720575941532428419,8,3.5,KCg,left
720575941532735461,4,7.0,KCg,left
720575941532828650,8,9.5,KCab,left
720575941532868586,2,9.0,KCa'b',left
720575941532872114,10,9.6,KC,left
720575941532883544,3,9.333333333333334,KCg,left
720575941532933464,6,5.5,KCab,left
720575941532980312,2,8.0,KCg,left
720575941533003352,3,1.6666666666666667,KCg,left
720575941533036978,2,15.0,KCa'b',left
720575941533101656,5,8.6,KC,left
720575941533420931,4,6.5,KCa'b',left
720575941533685258,6,17.833333333333332,KC,left
720575941533890826,1,1.0,KCg,left
720575941533928114,7,8.0,KCab,left
720575941534117554,4,10.5,KCg,left
720575941534149354,4,8.75,KCab,left
720575941534207320,9,6.0,KCab,left
720575941534264242,5,4.2,KCa'b',left
720575941534267114,3,6.0,KCab,left
720575941534281906,3,9.333333333333334,KCapbp,left
720575941534323378,5,2.4,KCg,left
720575941534421786,3,17.666666666666668,KC,left
720575941534485002,3,5.0,KCg,left
720575941534558808,5,10.6,KCg,left
720575941534561880,6,7.5,KCapbp,left
720575941534677994,4,4.0,KCg,left
720575941534708402,3,13.333333333333334,KCab,left
720575941534876865,5,10.2,KCa'b',left
720575941534946826,4,6.5,KCg,left
720575941535009985,5,8.6,KCa'b',left
720575941535139265,3,3.6666666666666665,KCa'b',left
720575941535251434,9,5.0,KCg,left
720575941535283890,8,2.75,KCg,left
720575941535285426,7,4.0,KCg,left
720575941535377384,10,7.0,KCab,left
720575941535428890,8,9.0,KC,left
720575941535475994,3,7.0,KCa'b',left
720575941535485930,3,23.666666666666668,KCab,left
720575941535520449,9,12.222222222222221,KCg,left
720575941535552193,3,11.0,KC,left
720575941535570113,4,3.25,KCg,left
720575941535593754,3,8.0,KC,left
720575941535613450,4,10.5,KCg,left
720575941535617034,6,4.833333333333333,KCg,left
720575941535800090,6,16.333333333333332,KCab,left
720575941535897832,4,1.75,KCg,left
720575941535994802,2,9.5,KCg,left
720575941536106522,5,4.0,KCg,left
720575941536157978,3,6.666666666666667,KC,left
720575941536216858,3,7.0,KCab,left
720575941536218906,4,4.5,KCg,left
720575941536239130,5,8.8,KCg,left
720575941536242714,8,5.0,KCg,left
720575941536781283,2,3.0,KCa'b',left
720575941536826344,8,8.875,KCab,left
720575941536844018,3,10.0,KCa'b',left
720575941536926179,6,7.0,KC,left
720575941536983523,1,1.0,KCg,left
720575941536989466,6,2.1666666666666665,KCg,left
720575941537025010,6,20.5,KCab,left
720575941537055720,5,2.0,KCa'b',left
720575941537280483,3,3.6666666666666665,KCa'b',left
720575941537335745,4,11.5,KCa'b',left
720575941537590243,5,4.4,KCg,left
720575941537759720,10,7.1,KCg,left
720575941537896597,9,2.7777777777777777,KCg,left
720575941537913749,4,3.75,KCg,left
720575941537954802,2,11.5,KCg,left
720575941538004629,8,6.0,KCab,left
720575941538095346,5,20.8,KC,left
720575941538096114,2,4.0,KCab,left
720575941538119922,6,7.5,KCg,left
720575941538123925,6,8.333333333333334,KCg,left
720575941538232469,7,5.857142857142857,KCg,left
720575941538253298,3,6.0,KCab,left
720575941538280341,7,4.571428571428571,KC,left
720575941538288533,4,2.75,KCg,left
720575941538291861,5,8.4,KCab,left
720575941538316693,8,13.375,KCab,left
720575941538343829,5,13.0,KCg,left
720575941538346738,3,5.333333333333333,KCg,left
720575941538358733,6,8.833333333333334,KCg,left
720575941538546301,6,7.0,KCg,left
720575941538654947,5,10.4,KCab,left
720575941538655381,5,11.0,KC,left
720575941538677397,8,4.125,KCg,left
720575941538701283,6,9.5,KCab,left
720575941538928114,9,5.888888888888889,KCg,left
720575941538961635,3,4.333333333333333,KCg,left
720575941538963698,10,6.7,KCg,left
720575941538988949,6,5.666666666666667,KCab,left
720575941539094221,11,4.545454545454546,KCa'b',left
720575941539356146,6,13.333333333333334,KC,left
720575941539397245,5,6.2,KCab,left
720575941539411917,8,8.625,KC,left
720575941539426765,4,4.0,KC,left
720575941539446989,8,13.0,KCab,left
720575941539524989,3,4.0,KC,left
720575941539545549,5,5.8,KCa'b',left
720575941540051442,8,5.5,KCg,left
720575941540412541,6,7.166666666666667,KCg,left
720575941540642845,4,5.75,KC,left
720575941541307421,4,5.5,KC,left
720575941541325085,4,15.75,KCab,left
720575941541494876,5,10.0,KCg,left
720575941541507164,3,17.666666666666668,KCab,left
720575941541511260,8,5.375,KCg,left
720575941541511772,5,11.0,KCg,left
720575941541512796,8,5.25,KCg,left
720575941541518940,1,10.0,KCg,left
720575941541519964,6,14.333333333333334,KC,left
720575941541522012,8,2.875,KC,left
720575941541799453,5,14.6,KCab,left
720575941541817885,9,4.111111111111111,KCg,left
720575941541819421,3,1.3333333333333333,KCg,left
720575941542081565,5,8.2,KCg,left
720575941542511389,3,8.666666666666666,KCg,left
720575941542519581,2,2.5,KCg,left
720575941542778204,2,8.5,KCab,left
720575941542966557,2,3.0,KCg,left
720575941543109917,4,7.25,KCa'b',left
720575941543178781,3,4.666666666666667,KCg,left
720575941543222301,6,3.1666666666666665,KCg,left
720575941543234845,6,5.333333333333333,KCa'b',left
720575941543589381,4,13.0,KCg,left
720575941543695621,4,3.25,KCa'b',left
720575941543702277,2,6.0,KCg,left
720575941543835397,8,7.625,KC,left
720575941543981061,5,5.4,KCg,left
720575941544042245,6,16.833333333333332,KCg,left
720575941544043452,4,5.25,KCa'b',left
720575941544116668,5,9.6,KCab,left
720575941544299964,2,14.5,KCg,left
720575941544415005,4,8.25,KCapbp,left
720575941545087237,5,13.0,KCab,left
720575941545288809,4,8.75,KCab,left
720575941545383273,5,2.4,KCg,left
720575941545391977,7,12.142857142857142,KCab,left
720575941545415356,5,6.2,KCa'b',left
720575941545416124,7,13.571428571428571,KCg,left
720575941545659068,4,4.5,KCg,left
720575941545673916,5,4.4,KCg,left
720575941545765737,6,6.0,KCg,left
720575941546041276,5,9.6,KC,left
720575941546101609,1,1.0,KCg,left
720575941546106473,1,3.0,KCab,left
720575941546122857,6,6.333333333333333,KCg,left
720575941546128828,5,2.6,KCg,left
720575941546235060,3,7.666666666666667,KCa'b',left
720575941546337980,5,13.0,KCab,left
720575941546531508,6,9.333333333333334,KCab,left
720575941546723208,8,8.125,KCab,left
720575941546728124,9,6.777777777777778,KC,left
720575941546883508,7,2.7142857142857144,KC,left
720575941547435400,4,6.5,KCg,left
720575941547461921,3,6.0,KCa'b',left
720575941547779208,4,6.25,KCg,left
720575941547786888,4,7.75,KCg,left
720575941547788424,7,1.5714285714285714,KCg,left
720575941547790216,5,5.4,KCg,left
720575941547810952,4,5.75,KC,left
720575941547811208,8,4.0,KCg,left
720575941547813768,5,10.6,KCg,left
720575941547831101,4,12.25,KCab,left
720575941548010356,2,8.0,KCa'b',left
720575941548268724,9,5.888888888888889,KCab,left
720575941548778557,5,8.8,KCa'b',left
720575941548831549,4,7.25,KCa'b',left
720575941548851060,3,7.0,KCg,left
720575941548886845,8,7.5,KCg,left
720575941548903028,4,6.75,KCg,left
720575941548946312,1,11.0,KCab,left
720575941549045364,4,13.0,KCab,left
720575941549055604,4,6.25,KCab,left
720575941549056628,3,27.333333333333332,KC,left
720575941549063540,6,6.166666666666667,KCg,left
720575941549093153,7,4.142857142857143,KCg,left
720575941549185597,12,9.416666666666666,KCg,left
720575941549190205,7,12.142857142857142,KC,left
720575941549191997,8,6.625,KCab,left
720575941549234292,2,10.0,KCg,left
720575941549435937,5,7.8,KCa'b',left
720575941549619572,9,10.555555555555555,KC,left
720575941549680244,9,7.222222222222222,KCg,left
720575941549681012,8,13.125,KCab,left
720575941549955071,3,4.0,KCg,left
720575941550090557,10,5.7,KCg,left
720575941550105855,12,6.666666666666667,KCg,left
720575941550405921,6,3.1666666666666665,KCa'b',left
720575941550578750,7,4.714285714285714,KCg,left
720575941550863871,6,11.166666666666666,KCg,left
720575941551157247,8,3.125,KCg,left
720575941551179519,6,3.8333333333333335,KCg,left
720575941551395646,1,6.0,KCab,left
720575941551408500,2,1.5,KCg,left
720575941551411774,9,10.333333333333334,KCg,left
720575941551492863,7,6.142857142857143,KCab,left
720575941551652095,6,10.0,KCab,left
720575941551694471,9,6.444444444444445,KCab,left
720575941551695751,1,1.0,KCg,left
720575941551892798,6,7.0,KCa'b',left
720575941551911998,7,3.5714285714285716,KCg,left
720575941552220222,7,5.428571428571429,KCa'b',left
720575941552280894,2,4.5,KCg,left
720575941552296346,7,5.714285714285714,KCg,left
720575941552537918,4,15.25,KCg,left
720575941552833563,4,5.5,KCg,left
720575941552872766,6,3.3333333333333335,KCg,left
720575941552881179,1,1.0,KCg,left
720575941552901767,7,6.571428571428571,KCg,left
720575941552984859,4,4.25,KCab,left
720575941553201435,7,5.857142857142857,KCab,left
720575941553235591,4,6.5,KC,left
720575941553247827,6,7.0,KCa'b',left
720575941553249927,12,4.0,KCg,left
720575941553254023,7,2.857142857142857,KCg,left
720575941553286535,6,7.0,KCab,left
720575941553287047,4,11.75,KCab,left
720575941553322323,3,5.333333333333333,KCg,left
720575941553355930,4,7.0,KCg,left
720575941553361050,3,9.0,KCg,left
720575941553484442,2,18.5,KCg,left
720575941553566235,2,7.5,KCg,left
720575941553644571,2,5.0,KCg,left
720575941553652507,5,8.6,KC,left
720575941553749402,4,4.75,KCg,left
720575941554066660,4,25.25,KCg,left
720575941554095361,3,5.0,KCg,left
720575941554123418,7,2.142857142857143,KCab,left
720575941554169242,7,2.5714285714285716,KCab,left
720575941554178970,5,10.4,KC,left
720575941554386689,8,2.5,KCg,left
720575941554709843,6,4.333333333333333,KCg,left
720575941554768211,6,9.5,KCg,left
720575941554794241,7,2.7142857142857144,KCg,left
720575941554807041,5,3.8,KCg,left
720575941555085284,7,12.714285714285714,KCg,left
720575941555108179,1,2.0,KCab,left
720575941555137619,4,6.75,KC,left
720575941555162084,5,3.8,KCab,left
720575941555270628,3,5.333333333333333,KCg,left
720575941555273444,1,9.0,KCab,left
720575941555325185,7,9.0,KCg,left
720575941555441818,13,6.846153846153846,KCab,left
720575941555468954,5,13.0,KCab,left
720575941555471332,4,8.25,KCg,left
720575941555567332,5,7.2,KCg,left
720575941555718995,8,6.75,KCg,left
720575941555750884,8,6.375,KCg,left
720575941555757796,14,4.071428571428571,KCab,left
720575941555798611,2,11.0,KCg,left
720575941555878372,5,2.4,KCg,left
720575941556208804,6,12.166666666666666,KCg,left
720575941556321700,15,4.0,KCg,left
720575941556414628,2,16.0,KC,left
720575941556420260,9,8.777777777777779,KCab,left
720575941556611492,6,6.666666666666667,KCab,left
720575941556621139,4,4.0,KCg,left
720575941557146404,2,2.5,KCg,left
720575941557228772,6,12.333333333333334,KCab,left
720575941557248484,5,8.6,KCg,left
720575941557544868,4,5.75,KCg,left
720575941557787407,4,5.25,KC,left
720575941558233203,4,6.25,KCab,left
720575941558345587,2,5.5,KCg,left
720575941558798884,8,3.875,KCa'b',left
720575941559042798,7,6.142857142857143,KCg,left
720575941559246451,12,10.833333333333334,KCg,left
720575941559323630,10,3.3,KCg,left
720575941559340845,7,13.285714285714286,KCab,left
720575941559631219,2,13.5,KCg,left
720575941559634035,5,12.4,KCab,left
720575941559733107,3,4.333333333333333,KCab,left
720575941559793390,5,7.4,KCg,left
720575941559831790,5,15.0,KCab,left
720575941559867663,1,1.0,KCg,left
720575941560030991,6,6.166666666666667,KCa'b',left
720575941560040430,2,15.0,KCab,left
720575941560073587,3,8.0,KC,left
720575941560118643,6,9.166666666666666,KCab,left
720575941560241709,2,8.0,KCg,left
720575941560319277,9,6.333333333333333,KCg,left
720575941560330541,7,7.428571428571429,KCg,left
720575941560333613,4,11.0,KCg,left
720575941560506413,8,9.625,KCg,left
720575941560515629,6,4.666666666666667,KCg,left
720575941560555309,8,5.125,KCg,left
720575941560650355,4,3.25,KCapbp,left
720575941560921901,4,11.5,KCg,left
720575941560956973,7,6.714285714285714,KCg,left
720575941560968493,6,7.333333333333333,KCg,left
720575941560993069,4,5.5,KCapbp,left
720575941562393256,8,4.875,KCab,left
720575941562462888,6,6.5,KCg,left
720575941562562216,6,6.166666666666667,KCab,left
720575941562822568,6,7.333333333333333,KC,left
720575941562925319,6,3.3333333333333335,KCg,left
720575941563050642,7,4.714285714285714,KCa'b',left
720575941563073170,6,12.5,KCab,left
720575941563226368,6,11.5,KCg,left
720575941563278226,7,2.857142857142857,KCab,left
720575941563378066,4,2.25,KCab,left
720575941563407767,4,9.75,KCg,left
720575941563591680,7,4.428571428571429,KCg,left
720575941563704832,8,7.75,KCg,left
720575941563716096,7,5.714285714285714,KCab,left
720575941563781778,3,3.6666666666666665,KCa'b',left
720575941564023606,11,6.0,KCg,left
720575941564098194,5,5.2,KCab,left
720575941564124167,6,5.5,KCab,left
720575941564128775,5,9.0,KC,left
720575941564147624,12,2.9166666666666665,KCa'b',left
720575941564159488,2,3.5,KCab,left
720575941564208274,4,7.25,KCapbp,left
720575941564252935,7,7.428571428571429,KCg,left
720575941564309511,9,6.222222222222222,KCg,left
720575941564371968,6,4.0,KCab,left
720575941564384354,7,3.7142857142857144,KCab,left
720575941564415842,8,5.375,KCg,left
720575941564437090,8,5.75,KCg,left
720575941564470535,9,3.4444444444444446,KCab,left
720575941564496023,4,5.25,KCg,left
720575941564508007,5,5.8,KCab,left
720575941564550759,5,14.8,KCab,left
720575941564766727,4,9.25,KCab,left
720575941564784738,1,3.0,KCab,left
720575941564808711,6,6.5,KC,left
720575941564814599,9,6.444444444444445,KCg,left
720575941564829591,7,3.2857142857142856,KCg,left
720575941564876951,6,7.666666666666667,KCab,left
720575941565103970,4,14.75,KCab,left
720575941565343895,5,10.2,KCab,left
720575941565461607,9,2.7777777777777777,KCg,left
720575941565497959,7,4.714285714285714,KCg,left
720575941565518080,5,21.6,KCab,left
720575941565616231,2,3.0,KC,left
720575941565616487,3,8.333333333333334,KCab,left
720575941565719606,2,7.5,KCab,left
720575941565791591,8,6.25,KCab,left
720575941565819438,4,15.75,KCab,left
720575941565830198,3,8.0,KCg,left
720575941566028846,7,5.428571428571429,KC,left
720575941566244967,3,7.666666666666667,KCg,left
720575941566248295,2,7.0,KCg,left
720575941566249319,4,18.25,KC,left
720575941566436967,7,10.0,KC,left
720575941567016238,8,3.375,KCab,left
720575941567339514,2,10.0,KCa'b',left
720575941567365934,2,1.0,KC,left
720575941567367156,2,11.0,KCa'b',left
720575941567705970,5,11.2,KCg,left
720575941567755822,2,15.5,KCg,left
720575941567778350,2,8.0,KCab,left
720575941567791092,6,6.5,KCa'b',left
720575941567828782,8,4.25,KCg,left
720575941568243706,4,11.5,KCg,left
720575941568260346,6,4.0,KCg,left
720575941568313390,5,1.6,KCa'b',left
720575941568428282,6,8.833333333333334,KCab,left
720575941568548090,4,12.0,KCg,left
720575941568657396,6,6.833333333333333,KCg,left
720575941568687986,8,12.75,KCab,left
720575941568732018,9,5.0,KCg,left
720575941568776050,7,3.142857142857143,KC,left
720575941568866804,9,2.5555555555555554,KC,left
720575941568903412,5,10.4,KCg,left
720575941568934906,5,3.4,KCg,left
720575941569138938,4,2.25,KCg,left
720575941569245298,1,12.0,KC,left
720575941569298546,6,4.5,KC,left
720575941569518068,1,2.0,KCab,left
720575941569530356,3,3.0,KCab,left
720575941569559796,3,9.0,KCab,left
720575941569561588,9,4.0,KCg,left
720575941570205172,3,12.333333333333334,KCab,left
720575941570789620,7,3.857142857142857,KCapbp,left
720575941571403080,6,5.333333333333333,KCab,left
720575941571483806,6,4.0,KC,left
720575941571495582,3,7.0,KCg,left
720575941571498398,5,5.4,KCg,left
720575941571499934,8,6.125,KCab,left
720575941571502494,8,12.25,KCg,left
720575941571535774,6,5.5,KCab,left
720575941571536798,4,11.5,KCg,left
720575941571891208,7,8.571428571428571,KCg,left
720575941571942139,5,10.2,KCab,left
720575941572058526,5,5.0,KCg,left
720575941572075934,9,9.0,KCg,left
720575941572080030,6,3.3333333333333335,KCa'b',left
720575941572355400,7,3.142857142857143,KCg,left
720575941572358728,7,3.857142857142857,KCg,left
720575941572363848,2,1.0,KC,left
720575941572486472,3,3.3333333333333335,KCg,left
720575941572489800,6,2.6666666666666665,KCab,left
720575941572662281,5,5.6,KCa'b',left
720575941572667976,5,6.0,KCab,left
720575941572670280,8,5.125,KCa'b',left
720575941573030301,5,4.2,KCg,left
720575941573044296,5,12.2,KCab,left
720575941573062139,5,7.4,KCab,left
720575941573066235,7,5.428571428571429,KCg,left
720575941573147387,9,3.6666666666666665,KCg,left
720575941573206415,8,12.125,KCab,left
720575941573296891,4,8.5,KCg,left
720575941573299528,6,11.5,KCg,left
720575941573313275,5,5.8,KCg,left
720575941573451407,3,11.333333333333334,KCg,left
720575941573499549,2,4.0,KCab,left
720575941573501435,5,2.4,KCg,left
720575941573508765,1,1.0,KCg,left
720575941573519006,4,3.75,KCg,left
720575941573561501,4,7.0,KCab,left
720575941573612041,4,4.75,KCg,left
720575941573678493,6,16.333333333333332,KCab,left
720575941573678601,7,4.571428571428571,KCab,left
720575941573682333,5,12.0,KCg,left
720575941573686685,3,28.666666666666668,KCab,left
720575941573728521,6,3.0,KCg,left
720575941573823496,3,4.0,KCab,left
720575941573934331,5,2.2,KCg,left
720575941573938952,8,5.5,KCg,left
720575941573996041,3,1.0,KC,left
720575941574020873,2,11.0,KCg,left
720575941574173366,6,12.833333333333334,KCg,left
720575941574196488,4,17.0,KCab,left
720575941574234376,6,11.166666666666666,KCab,left
720575941574325405,4,9.25,KCg,left
720575941574343240,5,8.0,KCab,left
720575941574346056,7,4.857142857142857,KCg,left
720575941574346397,4,10.5,KCab,left
720575941574352783,2,1.5,KCab,left
720575941574353673,6,10.666666666666666,KCab,left
720575941574413321,8,7.5,KCab,left
720575941574414696,8,7.375,KCab,left
720575941574416393,3,4.0,KCg,left
720575941574503016,6,4.666666666666667,KCab,left
720575941574535016,6,8.333333333333334,KCg,left
720575941574553672,10,7.2,KCg,left
720575941574632591,7,3.2857142857142856,KCg,left
720575941574681609,6,11.5,KCab,left
720575941574684937,3,13.0,KCab,left
720575941574694031,6,10.5,KCab,left
720575941574707343,6,7.333333333333333,KCab,left
720575941574795933,3,8.0,KCg,left
720575941574939830,7,3.5714285714285716,KCg,left
720575941574970216,10,3.4,KCg,left
720575941575004829,3,14.333333333333334,KC,left
720575941575102095,5,7.2,KCg,left
720575941575253686,6,6.0,KCg,left
720575941575340982,8,5.0,KCg,left
720575941575428712,7,9.428571428571429,KCab,left
720575941575527528,4,16.0,KCab,left
720575941575542120,1,7.0,KCg,left
720575941575552872,8,6.0,KCg,left
720575941575655862,6,9.666666666666666,KCab,left
720575941575721320,3,8.0,KCab,left
720575941575840251,6,5.833333333333333,KCg,left
720575941575841896,2,14.0,KCg,left
720575941575891638,5,4.0,KCg,left
720575941575910760,1,12.0,KCapbp,left
720575941575911272,6,3.3333333333333335,KC,left
720575941575933544,2,2.5,KCg,left
720575941576168296,7,4.571428571428571,KCapbp,left
720575941576372150,5,6.2,KCa'b',left
720575941576531304,6,11.5,KCab,left
720575941577019830,6,8.166666666666666,KCa'b',left
720575941577388889,3,4.666666666666667,KCab,left
720575941577395048,1,5.0,KCg,left
720575941577395801,7,9.285714285714286,KCg,left
720575941577784153,7,10.142857142857142,KCab,left
720575941578174545,3,9.666666666666666,KCab,left
720575941578638581,6,6.5,KCg,left
720575941578646517,7,9.428571428571429,KC,left
720575941578730833,4,5.75,KCg,left
720575941578739793,1,6.0,KCg,left
720575941578742005,3,4.0,KCa'b',left
720575941578742097,4,10.25,KC,left
720575941578744309,6,4.166666666666667,KC,left
720575941578747473,5,10.8,KCg,left
720575941578748497,4,3.25,KCa'b',left
720575941578751825,4,12.75,KCab,left
720575941578753105,3,7.333333333333333,KCab,left
720575941578939729,3,17.333333333333332,KCab,left
720575941578992629,5,5.4,KCab,left
720575941578998353,5,1.8,KCg,left
720575941579062261,8,8.0,KCab,left
720575941579291217,4,5.5,KCab,left
720575941579331409,1,5.0,KCab,left
720575941579372277,3,1.3333333333333333,KCg,left
720575941579446773,7,6.285714285714286,KCg,left
720575941579453941,6,6.666666666666667,KCg,left
720575941579577169,6,12.333333333333334,KCab,left
720575941579628153,3,2.6666666666666665,KC,left
720575941579661905,3,9.0,KCg,left
720575941579863889,4,13.0,KC,left
720575941580089333,1,28.0,KCa'b',left
720575941580836729,3,3.0,KCg,left
720575941580949625,3,1.0,KCg,left
720575941581382009,8,8.375,KCab,left
720575941581386873,6,6.333333333333333,KCab,left
720575941582737785,4,12.75,KCab,left
720575941583299679,10,6.9,KC,left
720575941583320671,3,25.0,KCg,left
720575941583489119,4,7.0,KCg,left
720575941583497606,4,17.5,KCg,left
720575941583546502,5,2.6,KCg,left
720575941583622751,1,18.0,KC,left
720575941583652191,4,4.5,KC,left
720575941583668063,4,5.0,KCapbp,left
720575941583692127,2,7.5,KCg,left
720575941583897478,5,3.2,KCg,left
720575941583997318,7,7.714285714285714,KCab,left
720575941584007775,6,13.666666666666666,KCab,left
720575941584017759,1,7.0,KC,left
720575941584057695,2,5.5,KCg,left
720575941584064095,1,17.0,KC,left
720575941584188894,5,3.0,KC,left
720575941584391775,4,4.5,KCg,left
720575941584865414,8,4.125,KCg,left
720575941585258462,6,6.333333333333333,KCab,left
720575941585412574,7,11.428571428571429,KCab,left
720575941585415390,5,1.6,KCg,left
720575941585422302,6,4.166666666666667,KCg,left
720575941585594846,8,4.5,KCg,left
720575941585628126,2,11.5,KCa'b',left
720575941585848454,7,15.0,KCab,left
720575941585867142,8,11.375,KCg,left
720575941586001118,6,7.5,KC,left
720575941586053598,5,3.6,KCg,left
720575941586135174,9,11.555555555555555,KCg,left
720575941586872132,5,10.4,KCa'b',left
720575941586964548,10,6.0,KCg,left
720575941587950903,1,13.0,KCapbp,left
720575941588014404,7,10.428571428571429,KCa'b',left
720575941588026692,7,16.0,KCab,left
720575941588048196,8,6.875,KCg,left
720575941588208126,6,4.166666666666667,KCab,left
720575941588304964,3,10.333333333333334,KCg,left
720575941588544055,6,21.5,KC,left
720575941588587332,2,2.0,KCg,left
720575941588636996,6,9.666666666666666,KCab,left
720575941588651844,6,7.5,KCg,left
720575941588678654,1,15.0,KCa'b',left
720575941588878647,8,4.75,KCg,left
720575941588895031,8,5.5,KCab,left
720575941588910660,7,6.285714285714286,KCg,left
720575941588918596,6,10.833333333333334,KCab,left
720575941588980023,6,11.833333333333334,KCg,left
720575941589205303,8,5.375,KCg,left
720575941589237303,6,7.666666666666667,KCab,left
720575941589298999,2,5.5,KCab,left
720575941589485111,4,11.25,KCa'b',left
720575941589589303,2,17.5,KCab,left
720575941589625854,6,2.3333333333333335,KCg,left
720575941589918860,6,15.0,KCg,left
720575941590066942,5,3.4,KCa'b',left
720575941590190590,8,7.25,KCg,left
720575941590213260,1,1.0,KCab,left
720575941590252172,6,5.333333333333333,KCg,left
720575941590514828,4,6.0,KCg,left
720575941590694540,5,5.0,KCg,left
720575941590714110,5,3.2,KCab,left
720575941590948748,2,1.0,KCg,left
720575941591098110,3,18.666666666666668,KCab,left
720575941591350412,5,13.0,KCg,left
720575941591428492,2,3.5,KCab,left
720575941591445355,3,4.0,KCg,left
720575941591729150,2,15.0,KCa'b',left
720575941591757566,7,4.428571428571429,KCa'b',left
720575941591790632,7,6.285714285714286,KCab,left
720575941591922216,4,6.5,KCab,left
720575941591937064,5,5.4,KC,left
720575941591938600,9,4.333333333333333,KC,left
720575941591947048,2,3.5,KCab,left
720575941592404587,7,11.571428571428571,KCab,left
720575941592452392,7,11.0,KCab,left
720575941592480808,4,8.5,KCg,left
720575941592491560,9,7.111111111111111,KCab,left
720575941592659414,4,10.0,KCab,left
720575941592779115,2,7.0,KCg,left
720575941592800296,8,3.625,KCg,left
720575941592835179,6,8.333333333333334,KCab,left
720575941592920616,1,7.0,KCapbp,left
720575941592925580,9,5.888888888888889,KCab,left
720575941592925736,5,6.6,KCg,left
720575941593172331,1,1.0,KCg,left
720575941593821803,5,6.6,KCg,left
720575941593827030,6,10.333333333333334,KCg,left
720575941594246439,7,8.285714285714286,KCab,left
720575941594253351,10,9.2,KCg,left
720575941594253863,7,18.142857142857142,KCab,left
720575941594356007,7,10.0,KC,left
720575941594356263,6,7.833333333333333,KCab,left
720575941594413861,6,3.1666666666666665,KCg,left
720575941594436133,2,8.0,KCab,left
720575941594485031,10,5.2,KC,left
720575941594502183,1,5.0,KCab,left
720575941594505686,7,9.285714285714286,KCab,left
720575941594550053,21,3.380952380952381,KCg,left
720575941594787697,6,12.0,KCab,left
720575941594908967,9,6.444444444444445,KCab,left
720575941594914855,9,4.333333333333333,KCab,left
720575941594928423,5,15.4,KCab,left
720575941594933799,5,7.8,KCab,left
720575941595021425,7,4.285714285714286,KCab,left
720575941595025777,7,10.0,KCab,left
720575941595106417,1,2.0,KCa'b',left
720575941595487857,4,4.5,KCg,left
720575941595521137,5,2.4,KCg,left
720575941595774341,3,1.0,KCapbp,left
720575941596121989,6,12.333333333333334,KC,left
720575941596256156,3,8.666666666666666,KCg,left
720575941596592320,4,12.75,KC,left
720575941596627845,7,7.428571428571429,KCa'b',left
720575941597215900,5,12.0,KC,left
720575941597468572,5,8.2,KCg,left
720575941597535388,4,6.25,KCab,left
720575941597555333,7,5.714285714285714,KCg,left
720575941597599132,3,7.0,KCapbp,left
720575941597680320,8,4.5,KC,left
720575941597804736,6,9.5,KCab,left
720575941597967516,7,7.571428571428571,KCg,left
720575941598254748,6,15.5,KCg,left
720575941598492969,4,18.0,KC,left
720575941598569513,3,5.0,KCa'b',left
720575941598661276,4,9.25,KC,left
720575941598929856,5,3.2,KCg,left
720575941599288220,2,12.0,KCapbp,left
720575941599302953,6,5.333333333333333,KCa'b',left
720575941599424553,7,4.142857142857143,KCa'b',left
720575941599547689,7,10.857142857142858,KCg,left
720575941599668777,1,3.0,KCab,left
720575941599669545,8,5.75,KCg,left
720575941599900828,7,9.714285714285714,KCg,left
720575941600147753,3,1.6666666666666667,KCa'b',left
720575941600149801,7,4.142857142857143,KC,left
720575941600267456,1,1.0,KC,left
720575941600707113,5,1.8,KCa'b',left
720575941600799785,5,7.6,KCab,left
720575941601718713,5,5.0,KCab,left
720575941602383350,5,3.2,KCab,left
720575941602836470,3,5.333333333333333,KCg,left
720575941602864057,12,9.333333333333334,KCab,left
720575941602983414,4,6.25,KC,left
720575941603067070,1,18.0,KCg,left
720575941603333110,2,4.5,KCab,left
720575941603415737,4,13.5,KCab,left
720575941603578102,1,3.0,KCg,left
720575941603821302,7,3.4285714285714284,KCab,left
720575941603834358,5,8.2,KCab,left
720575941604015294,5,9.0,KCa'b',left
720575941604121590,11,3.5454545454545454,KCg,left
720575941604205758,3,7.0,KCa'b',left
720575941604718526,3,7.333333333333333,KCab,left
720575941604971710,6,12.833333333333334,KCab,left
720575941605174718,1,10.0,KCapbp,left
720575941606477165,6,4.833333333333333,KCab,left
720575941606502765,6,17.0,KC,left
720575941606516333,8,4.75,KCg,left
720575941606590317,3,23.0,KC,left
720575941606620781,4,4.5,KCab,left
720575941607208557,6,6.0,KCg,left
720575941607243885,4,9.75,KCab,left
720575941607355245,10,3.5,KCg,left
720575941609026122,9,9.555555555555555,KCg,left
720575941609054794,4,2.5,KCapbp,left
720575941609362921,15,5.733333333333333,KC,left
720575941609656749,8,4.625,KCg,left
720575941609943114,12,5.833333333333333,KC,left
720575941610262761,7,6.0,KC,left
720575941610359882,5,13.6,KCab,left
720575941610370793,6,8.0,KCg,left
720575941610674153,11,3.5454545454545454,KCab,left
720575941610722122,8,7.0,KCab,left
720575941610784685,8,6.625,KCab,left
720575941610876746,2,3.5,KCg,left
720575941610887145,8,4.125,KCa'b',left
720575941610899174,5,9.8,KCab,left
720575941610918377,2,2.0,KCg,left
720575941610997225,4,4.5,KCg,left
720575941611016681,5,8.8,KC,left
720575941611037929,5,2.6,KCg,left
720575941611041126,1,17.0,KCab,left
720575941611044841,6,9.333333333333334,KCab,left
720575941611105382,3,7.666666666666667,KCa'b',left
720575941611107686,3,4.0,KCg,left
720575941611119590,1,5.0,KCg,left
720575941611192678,5,14.2,KCab,left
720575941611204966,7,7.714285714285714,KC,left
720575941611340134,2,1.0,KCg,left
720575941611465702,3,3.6666666666666665,KCg,left
720575941611484390,5,19.2,KCab,left
720575941611485417,4,7.75,KCg,left
720575941611552173,2,8.5,KCab,left
720575941611556781,6,7.666666666666667,KCg,left
720575941611560365,5,2.2,KCa'b',left
720575941611572713,2,8.0,KCg,left
720575941611574761,4,5.0,KCab,left
720575941611602605,5,4.6,KCab,left
720575941611766374,6,8.333333333333334,KCa'b',left
720575941611767526,6,8.333333333333334,KCab,left
720575941612047434,6,7.333333333333333,KCg,left
720575941612059100,1,2.0,KC,left
720575941612140262,6,5.333333333333333,KCab,left
720575941612225299,1,7.0,KCg,left
720575941612616412,9,3.111111111111111,KCg,left
720575941612707302,6,2.8333333333333335,KCg,left
720575941612751590,3,2.6666666666666665,KCg,left
720575941612979932,5,3.2,KCg,left
720575941613051100,4,5.75,KCab,left
720575941613052057,6,10.0,KC,left
720575941613193491,9,6.555555555555555,KCab,left
720575941613255577,4,8.25,KCab,left
720575941613262233,1,4.0,KCapbp,left
720575941613296147,6,6.0,KCab,left
720575941613299219,5,12.2,KCab,left
720575941613344409,4,7.0,KCa'b',left
720575941613376988,8,5.125,KCg,left
720575941613547539,4,6.75,KC,left
720575941613602067,4,10.75,KCa'b',left
720575941613646182,8,8.625,KC,left
720575941613667292,1,4.0,KCa'b',left
720575941613970707,6,5.333333333333333,KCg,left
720575941614629139,2,1.5,KCg,left
720575941614944665,4,11.75,KCg,left
720575941615362773,3,5.333333333333333,KCab,left
720575941615379097,4,13.0,KCa'b',left
720575941616275353,11,5.545454545454546,KCab,left
720575941616282777,5,7.2,KCg,left
720575941616453845,1,10.0,KCa'b',left
720575941616467157,7,9.857142857142858,KCg,left
720575941616624853,6,2.8333333333333335,KCa'b',left
720575941616689365,1,1.0,KC,left
720575941617210069,8,5.125,KCg,left
720575941617211093,4,1.75,KCg,left
720575941617213909,5,3.6,KCab,left
720575941617530837,7,6.142857142857143,KCab,left
720575941618410879,13,6.6923076923076925,KC,left
720575941618411647,6,14.666666666666666,KCab,left
720575941618935423,6,9.833333333333334,KCg,left
720575941618997717,4,6.75,KCg,left
720575941619527295,7,4.285714285714286,KCg,left
720575941619528831,6,6.666666666666667,KC,left
720575941619539071,3,5.666666666666667,KC,left
720575941621014655,3,10.666666666666666,KCab,left
720575941622207228,5,4.2,KCg,left
720575941623100668,11,5.0,KCab,left
720575941623442684,9,4.777777777777778,KCg,left
720575941623540732,7,7.142857142857143,KCab,left
720575941623789770,1,8.0,KCapbp,left
720575941624014491,8,7.875,KCab,left
720575941624144124,10,14.7,KCg,left
720575941624149898,4,12.5,KCab,left
720575941624166282,6,6.0,KCg,left
720575941624788123,3,5.0,KCa'b',left
720575941624935626,7,8.142857142857142,KC,left
720575941624985708,3,3.3333333333333335,KCg,left
720575941625019756,4,8.25,KCab,left
720575941625078892,7,8.0,KCg,left
720575941625156507,1,1.0,KCg,left
720575941625194651,3,11.0,KCab,left
720575941625196955,8,5.125,KCab,left
720575941625207434,4,12.75,KCab,left
720575941625212298,7,7.857142857142857,KCg,left
720575941625218442,1,1.0,KC,left
720575941625345388,4,5.5,KCg,left
720575941625349514,4,7.0,KC,left
720575941625445514,9,9.444444444444445,KCab,left
720575941625493403,7,11.571428571428571,KCab,left
720575941625530314,7,12.428571428571429,KCab,left
720575941625557147,5,5.6,KCg,left
720575941625569179,5,7.2,KC,left
720575941625570203,3,3.0,KCg,left
720575941625693036,2,2.0,KCg,left
720575941625698668,4,14.0,KCg,left
720575941625737068,8,4.75,KCg,left
720575941625737580,8,5.125,KCab,left
720575941625858186,7,5.857142857142857,KCab,left
720575941625886858,2,12.0,KCa'b',left
720575941625895737,3,14.333333333333334,KCg,left
720575941625907594,6,4.666666666666667,KCg,left
720575941625937977,5,4.2,KCg,left
720575941626050762,5,15.6,KCab,left
720575941626102986,4,4.75,KCa'b',left
720575941626173834,2,16.0,KC,left
720575941626910875,6,7.0,KCab,left
720575941626958137,2,2.5,KCab,left
720575941627123820,5,21.4,KCab,left
720575941627345721,5,7.2,KCg,left
720575941627646521,8,9.75,KCab,left
720575941628558374,11,8.272727272727273,KC,left
720575941628639270,7,4.142857142857143,KC,left
720575941628738342,4,3.75,KCg,left
720575941629424934,10,3.3,KC,left
720575941629425446,4,5.25,KCg,left
720575941629687334,5,11.6,KCab,left
720575941629962534,7,6.857142857142857,KCab,left
720575941629992940,9,2.5555555555555554,KCg,left
720575941630045922,7,11.857142857142858,KCg,left
720575941630178530,9,10.222222222222221,KCg,left
720575941630291426,8,9.125,KCab,left
720575941630319330,9,6.222222222222222,KCab,left
720575941630510277,8,9.125,KC,left
720575941630656994,5,6.6,KCab,left
720575941630697157,7,11.428571428571429,KCab,left
720575941630710498,9,4.222222222222222,KC,left
720575941630933740,7,9.571428571428571,KCab,left
720575941630998764,7,5.428571428571429,KCab,left
720575941631048940,5,5.4,KCg,left
720575941631049964,4,7.0,KC,left
720575941631086572,3,4.666666666666667,KCab,left
720575941631267308,5,6.0,KCg,left
720575941631500731,2,7.0,KCa'b',left
720575941631699180,2,7.5,KCg,left
720575941631722732,2,4.5,KCab,left
720575941631896005,8,2.25,KCg,left
720575941632032965,3,12.0,KC,left
720575941632033477,1,6.0,KCab,left
720575941632103877,1,1.0,KCg,left
720575941632167072,2,3.0,KC,left
720575941632169632,5,9.6,KCg,left
720575941632193733,6,7.666666666666667,KCg,left
720575941632234978,6,6.5,KCg,left
720575941632247788,4,20.25,KCab,left
720575941632473275,3,5.666666666666667,KCg,left
720575941632551621,4,4.25,KCg,left
720575941632722080,12,7.0,KCg,left
720575941633193669,5,22.4,KCab,left
720575941633239995,6,4.666666666666667,KCg,left
720575941633346720,2,6.0,KCa'b',left
720575941634278843,2,8.5,KCg,left
720575941638372469,8,2.875,KC,left
720575941638508575,5,15.0,KC,left
720575941638977397,11,6.0,KCab,left
720575941639544095,4,4.25,KCa'b',left
720575941639589919,1,3.0,KCg,left
720575941639594015,8,3.375,KCg,left
720575941639595295,6,4.333333333333333,KCg,left
720575941639596063,3,2.0,KCg,left
720575941639601183,3,10.333333333333334,KCab,left
720575941639617311,4,6.5,KCa'b',left
720575941639761695,7,12.857142857142858,KCab,left
720575941639768095,8,3.25,KCg,left
720575941639781663,4,4.0,KCab,left
720575941639884575,6,8.333333333333334,KCg,left
720575941640028703,3,2.0,KCg,left
720575941640130847,3,8.666666666666666,KC,left
720575941640156447,5,3.6,KCa'b',left
720575941640779551,1,1.0,KCg,left
720575941642042450,3,5.333333333333333,KCg,left
720575941642374757,8,3.5,KCa'b',left
720575941642394213,6,3.1666666666666665,KCg,left
720575941642682981,8,2.5,KCg,left
720575941642751864,3,11.0,KCab,left
720575941642797925,12,5.166666666666667,KCg,left
720575941642842785,9,7.111111111111111,KCa'b',left
720575941642994849,3,15.666666666666666,KCab,left
720575941643015762,7,8.285714285714286,KCg,left
720575941643032737,12,3.75,KCg,left
720575941643047112,5,6.2,KCg,left
720575941643071589,3,1.6666666666666667,KCa'b',left
720575941643162213,8,4.125,KCab,left
720575941643187045,2,21.0,KCab,left
720575941643222610,4,3.25,KCg,left
720575941643259080,5,8.0,KC,left
720575941643337298,3,5.0,KCg,left
720575941643582309,6,2.8333333333333335,KCapbp,left
720575941643679570,4,1.25,KCab,left
720575941643765624,6,11.0,KCa'b',left
720575941643979602,9,6.444444444444445,KCab,left
720575941643981138,8,7.75,KCab,left
720575941644043681,5,1.6,KCg,left
720575941644073633,8,9.625,KCg,left
720575941644120993,7,7.0,KCa'b',left
720575941644131704,11,8.181818181818182,KC,left
720575941644171896,3,4.333333333333333,KCg,left
720575941644236920,4,1.75,KCa'b',left
720575941644316065,8,6.5,KCg,left
720575941644349128,9,9.222222222222221,KCab,left
720575941644487800,1,1.0,KCg,left
720575941644499656,6,15.833333333333334,KC,left
720575941644511352,1,10.0,KC,left
720575941644520056,4,5.75,KCg,left
720575941644522104,8,5.25,KC,left
720575941644550264,12,6.75,KCab,left
720575941644556232,5,13.2,KC,left
720575941644758177,8,7.0,KCg,left
720575941644900808,1,20.0,KCab,left
720575941645085010,5,4.4,KCa'b',left
720575941645231736,2,9.0,KCg,left
720575941645608136,5,16.4,KCg,left
720575941646239176,8,5.125,KCg,left
720575941649791509,3,6.333333333333333,KCapbp,left
720575941650340885,5,5.2,KCa'b',left
720575941650604565,3,8.0,KC,left
720575941650717717,6,2.6666666666666665,KCg,left
720575941650770709,3,9.666666666666666,KC,left
720575941650888725,8,10.25,KCg,left
720575941651066389,7,6.857142857142857,KCab,left
720575941651195409,6,8.666666666666666,KCab,left
720575941651471637,2,4.0,KCg,left
720575941651481877,6,5.666666666666667,KCab,left
720575941651485205,3,5.0,KCg,left
720575941651515665,4,4.5,KC,left
720575941651576049,3,2.0,KCg,left
720575941651586801,7,17.571428571428573,KCab,left
720575941651754005,3,20.333333333333332,KCg,left
720575941651854321,4,8.0,KCa'b',left
720575941652065553,4,11.25,KCab,left
720575941652076817,5,4.0,KCg,left
720575941652224497,5,5.0,KCg,left
720575941652252657,4,12.0,KCg,left
720575941652563473,6,5.166666666666667,KCg,left
720575941652685841,5,10.6,KCg,left
720575941652737241,6,6.833333333333333,KC,left
720575941652872977,8,5.5,KCg,left
720575941652936977,1,4.0,KCg,left
720575941653235729,2,10.0,KC,left
720575941653238545,3,16.333333333333332,KCab,left
720575941653247249,6,2.8333333333333335,KCg,left
720575941653256721,8,6.125,KCab,left
720575941653463508,4,25.0,KCg,left
720575941653476373,6,5.833333333333333,KCg,left
720575941653506260,8,13.0,KCab,left
720575941653567985,4,4.0,KCg,left
720575941653626129,9,1.6666666666666667,KC,left
720575941653900505,10,9.3,KCab,left
720575941653931225,4,5.0,KCg,left
720575941653932505,3,13.666666666666666,KC,left
720575941653935833,3,8.333333333333334,KC,left
720575941653938649,22,4.2272727272727275,KC,left
720575941653938905,2,1.5,KCg,left
720575941653942233,8,6.125,KC,left
720575941653944537,3,9.333333333333334,KCa'b',left
720575941654292692,2,1.0,KCab,left
720575941654495956,9,5.222222222222222,KC,left
720575941654514193,5,1.2,KCg,left
720575941654557401,11,5.0,KCab,left
720575941654611417,2,5.0,KCg,left
720575941654617049,6,13.666666666666666,KCab,left
720575941654772436,1,2.0,KCg,left
720575941655148249,9,4.888888888888889,KCg,left
720575941655426772,6,18.166666666666668,KCg,left
720575941655932377,5,8.2,KCa'b',left
720575941655984601,5,14.0,KCab,left
720575941656564304,4,12.0,KC,left
720575941656959312,5,5.8,KCa'b',left
720575941657888080,5,7.0,KC,left
720575941658216272,2,1.0,KCg,left
720575941658271568,7,11.714285714285714,KCg,left
720575941658584400,3,8.333333333333334,KC,left
720575941658803480,7,7.142857142857143,KCg,left
720575941659330896,3,11.333333333333334,KC,left
720575941660431672,1,5.0,KCa'b',left
720575941661254712,7,4.571428571428571,KCg,left
720575941661345336,11,7.0,KCab,left
720575941661490488,3,6.333333333333333,KCab,left
720575941661646648,2,1.5,KCab,left
720575941661646904,1,1.0,KCg,left
720575941662078776,6,5.333333333333333,KCg,left
720575941662304056,5,10.4,KCg,left
720575941662458492,3,10.666666666666666,KCab,left
720575941662463356,6,3.1666666666666665,KCapbp,left
720575941662770044,6,3.8333333333333335,KCg,left
720575941662807420,5,6.8,KCab,left
720575941663081852,3,6.333333333333333,KCa'b',left
720575941663408764,6,14.333333333333334,KC,left
720575941663981948,7,8.428571428571429,KC,left
720575941666201843,9,10.555555555555555,KCg,left
720575941667643569,8,12.75,KC,left
720575941667942131,5,5.2,KCg,left
720575941668016627,7,5.0,KCab,left
720575941668047603,3,7.666666666666667,KCg,left
720575941668103089,10,6.8,KCg,left
720575941668261363,9,9.444444444444445,KCab,left
720575941668509171,4,4.75,KCg,left
720575941668712113,2,7.0,KCg,left
720575941668872625,4,9.5,KCg,left
720575941669106855,6,8.666666666666666,KCg,left
720575941669351079,5,6.6,KC,left
720575941669470385,4,2.25,KCg,left
720575941669470641,5,9.6,KCab,left
720575941669482929,7,7.285714285714286,KCab,left
720575941669486513,3,6.0,KCg,left
720575941670132913,6,5.166666666666667,KCg,left
720575941670391207,4,22.25,KCg,left
720575941670456999,5,5.8,KCg,left
720575941670467495,4,12.75,KCab,left
720575941670620327,4,6.5,KCapbp,left
720575941670865329,5,18.2,KCab,left
720575941671111335,5,7.4,KCab,left
720575941671315879,9,5.888888888888889,KCab,left
720575941671644839,2,8.5,KCa'b',left
720575941680017341,3,5.0,KCg,left
720575941680020413,4,5.75,KCa'b',left
720575941680020669,4,10.0,KCa'b',left
720575941680064445,3,10.0,KCab,left
720575941680324541,2,9.0,KCg,left
720575941680356541,4,8.25,KCg,left
720575941680381117,11,5.363636363636363,KCg,left
720575941681284797,3,4.0,KCapbp,left
720575941685239023,6,11.166666666666666,KCab,left
720575941685675247,8,5.0,KC,left
720575941686720630,5,10.2,KCab,left
720575941686871535,4,8.5,KCab,left
720575941686893039,3,10.333333333333334,KCg,left
720575941686952175,3,7.333333333333333,KCg,left
720575941687018223,6,3.0,KCg,left
720575941687197423,3,2.6666666666666665,KCg,left
720575941687587311,8,8.625,KCg,left
720575941687632758,2,13.5,KCg,left
720575941687754508,4,5.75,KCg,left
720575941687756556,3,5.0,KCab,left
720575941687825903,6,5.333333333333333,KCg,left
720575941687885430,5,13.6,KCab,left
720575941687981324,7,13.0,KC,left
720575941688153051,5,1.8,KCab,left
720575941688166156,3,4.0,KCg,left
720575941688177676,5,3.6,KCg,left
720575941688300662,5,4.0,KCg,left
720575941688305270,8,4.75,KCg,left
720575941688314742,2,5.0,KC,left
720575941688475611,5,5.4,KCg,left
720575941688490392,3,6.0,KCab,left
720575941688839692,5,3.0,KCa'b',left
720575941688843160,5,8.6,KCg,left
720575941689503707,2,6.0,KC,left
720575941689575643,3,4.666666666666667,KCg,left
720575941689605595,3,4.0,KCab,left
720575941689700059,4,12.0,KCab,left
720575941689797016,8,3.5,KC,left
720575941689895832,8,11.25,KCab,left
720575941690091160,8,9.0,KCa'b',left
720575941690114200,12,6.083333333333333,KCg,left
720575941690341083,5,12.4,KCg,left
720575941690345179,5,9.8,KCab,left
720575941690584728,10,4.6,KCg,left
720575941691085720,9,3.7777777777777777,KCab,left
720575941692473563,6,6.166666666666667,KCg,left
720575941692701592,5,6.8,KC,left
720575941702037466,2,6.0,KCg,left
720575941702084314,5,4.2,KCab,left
720575941702087386,6,7.5,KC,left
720575941702296282,5,2.8,KCa'b',left
720575941702387674,9,7.111111111111111,KCab,left
720575941702773722,6,5.0,KCg,left
720575941702790362,2,4.0,KCg,left
720575941720986426,8,5.0,KCg,left
720575941721235770,4,10.25,KCg,left
720575941721244986,3,11.666666666666666,KCg,left
720575941722064186,3,4.333333333333333,KCab,left
720575941722383930,5,9.2,KCab,left
720575941722398266,8,10.625,KCg,left
720575941722410042,7,4.142857142857143,KCg,left
720575941730446635,3,3.6666666666666665,KCab,left
720575941730626091,5,6.0,KCab,left
720575941730636843,5,10.6,KCab,left
720575941731520299,6,7.666666666666667,KC,left
720575941731611691,2,4.0,KCab,left
720575941731623723,6,3.5,KCg,left
720575941731659819,4,3.25,KCg,left
720575941731686443,3,11.666666666666666,KC,left
720575941731789611,8,10.875,KCg,left
720575941731833643,3,17.333333333333332,KCg,left
720575941732181803,3,24.666666666666668,KC,left
720575941732201259,3,4.0,KCg,left
720575941732219947,7,2.142857142857143,KCg,left
720575941732226603,4,12.25,KC,left
720575941733677867,2,3.5,KCapbp,left
