graph,pair,input_overlap,noise,input_seed,theta_factor,apl_gain,apl_strength,residual,active_fraction,mean_activity,centroid_cosine,between_within_ratio,accuracy,silent_trial_fraction
0,0,0.25,0.1,20000,0.8,2.0,1.0,1.6164916627481318e-12,0.15861358574610246,0.046425614116741336,0.2726775909046494,44.16582421115303,1.0,0.0
0,0,0.25,0.1,20000,0.8,2.0,0.0,1.3843787227685311e-12,0.2132683741648107,0.06558451075312251,0.33356709576879695,45.76398913900515,1.0,0.0
0,0,0.25,0.1,20000,0.8,4.0,1.0,2.0025162084102988e-12,0.13207683741648107,0.038337322076179764,0.24840174938384194,43.18501958573404,1.0,0.0
0,0,0.25,0.1,20000,0.8,4.0,0.0,1.3843787227685311e-12,0.2132683741648107,0.06558451075312251,0.33356709576879695,45.76398913900515,1.0,0.0
0,0,0.25,0.1,20000,0.8,8.0,1.0,2.2704546576157725e-12,0.10510022271714922,0.030277726912503827,0.22435744693280474,41.23474019335364,1.0,0.0
0,0,0.25,0.1,20000,0.8,8.0,0.0,1.3843787227685311e-12,0.2132683741648107,0.06558451075312251,0.33356709576879695,45.76398913900515,1.0,0.0
0,0,0.25,0.1,20000,1.0,2.0,1.0,1.1170300795448895e-12,0.12006681514476615,0.03396545874174139,0.23244953230943396,39.75672857517815,1.0,0.0
0,0,0.25,0.1,20000,1.0,2.0,0.0,1.0298151220666796e-12,0.1542761692650334,0.044822705322890496,0.2756851252770552,40.041116945304815,1.0,0.0
0,0,0.25,0.1,20000,1.0,4.0,1.0,1.2940273852457551e-12,0.10146436525612472,0.028783458690560947,0.2141470655531609,38.98119270936604,1.0,0.0
0,0,0.25,0.1,20000,1.0,4.0,0.0,1.0298151220666796e-12,0.1542761692650334,0.044822705322890496,0.2756851252770552,40.041116945304815,1.0,0.0
0,0,0.25,0.1,20000,1.0,8.0,1.0,1.5385678842072537e-12,0.08263919821826281,0.023249371917944666,0.19320119676713127,37.21319540079344,1.0,0.0
0,0,0.25,0.1,20000,1.0,8.0,0.0,1.0298151220666796e-12,0.1542761692650334,0.044822705322890496,0.2756851252770552,40.041116945304815,1.0,0.0
0,0,0.25,0.1,20000,1.2,2.0,1.0,8.577374921436842e-13,0.08575167037861915,0.02429120627229939,0.19895336272091266,35.82457211861864,1.0,0.0
0,0,0.25,0.1,20000,1.2,2.0,0.0,7.579561978054983e-13,0.10575167037861916,0.029988337245701144,0.2245251078016151,35.94636905000567,1.0,0.0
0,0,0.25,0.1,20000,1.2,4.0,1.0,8.429715259161696e-13,0.07440423162583519,0.021165830827321794,0.18506804039063782,35.01001976969813,1.0,0.0
0,0,0.25,0.1,20000,1.2,4.0,0.0,7.579561978054983e-13,0.10575167037861916,0.029988337245701144,0.2245251078016151,35.94636905000567,1.0,0.0
0,0,0.25,0.1,20000,1.2,8.0,1.0,9.685655055768905e-13,0.06243318485523385,0.01753862850457118,0.1678193704178566,33.4307947509073,1.0,0.0
0,0,0.25,0.1,20000,1.2,8.0,0.0,7.579561978054983e-13,0.10575167037861916,0.029988337245701144,0.2245251078016151,35.94636905000567,1.0,0.0
0,0,0.25,0.4,20001,0.8,2.0,1.0,4.180600310377258e-12,0.18629732739420934,0.059465630704348314,0.43897169221280397,2.159027550012336,1.0,0.0
0,0,0.25,0.4,20001,0.8,2.0,0.0,3.0825064722961315e-12,0.2672383073496659,0.08961690460671776,0.5190196133730569,2.2813856403563983,1.0,0.0
0,0,0.25,0.4,20001,0.8,4.0,1.0,3.746503107748822e-12,0.15393652561247215,0.04813048372392961,0.41523948962285795,2.041418813295751,1.0,0.0
0,0,0.25,0.4,20001,0.8,4.0,0.0,3.0825064722961315e-12,0.2672383073496659,0.08961690460671776,0.5190196133730569,2.2813856403563983,1.0,0.0
0,0,0.25,0.4,20001,0.8,8.0,1.0,4.292892430424189e-12,0.12138641425389755,0.03720506284190502,0.3961079970162941,1.9071345723868594,1.0,0.0
0,0,0.25,0.4,20001,0.8,8.0,0.0,3.0825064722961315e-12,0.2672383073496659,0.08961690460671776,0.5190196133730569,2.2813856403563983,1.0,0.0
0,0,0.25,0.4,20001,1.0,2.0,1.0,2.510505692221443e-12,0.14409799554565703,0.045489544550739086,0.40083514217091193,1.9582512192519366,1.0,0.0
0,0,0.25,0.4,20001,1.0,2.0,0.0,2.50341414265165e-12,0.19498886414253896,0.0639612092444192,0.4584695698701331,2.064864970293699,1.0,0.0
0,0,0.25,0.4,20001,1.0,4.0,1.0,4.052910784757557e-12,0.12178173719376392,0.03759862586108626,0.38218925773289636,1.85538733734732,1.0,0.0
0,0,0.25,0.4,20001,1.0,4.0,0.0,2.50341414265165e-12,0.19498886414253896,0.0639612092444192,0.4584695698701331,2.064864970293699,1.0,0.0
0,0,0.25,0.4,20001,1.0,8.0,1.0,2.6961072263631536e-12,0.09801781737193764,0.0295570812538648,0.36673042136904144,1.7300282907674984,1.0,0.0
0,0,0.25,0.4,20001,1.0,8.0,0.0,2.50341414265165e-12,0.19498886414253896,0.0639612092444192,0.4584695698701331,2.064864970293699,1.0,0.0
0,0,0.25,0.4,20001,1.2,2.0,1.0,1.8392370959574578e-12,0.11028953229398664,0.03425149450690016,0.3697116190865881,1.7528101292158933,1.0,0.0
0,0,0.25,0.4,20001,1.2,2.0,0.0,2.0154156121776623e-12,0.14082405345211582,0.04528526359965059,0.40880157598086664,1.8396173498128274,1.0,0.0
0,0,0.25,0.4,20001,1.2,4.0,1.0,1.9535484341304254e-12,0.0949498886414254,0.02893810371099921,0.3561739900840287,1.6662432746468847,1.0,0.0
0,0,0.25,0.4,20001,1.2,4.0,0.0,2.0154156121776623e-12,0.14082405345211582,0.04528526359965059,0.40880157598086664,1.8396173498128274,1.0,0.0
0,0,0.25,0.4,20001,1.2,8.0,1.0,3.381642188493572e-12,0.07787861915367483,0.023198263134776523,0.34405044949229424,1.561053441924302,1.0,0.0
0,0,0.25,0.4,20001,1.2,8.0,0.0,2.0154156121776623e-12,0.14082405345211582,0.04528526359965059,0.40880157598086664,1.8396173498128274,1.0,0.0
0,0,0.6,0.1,20100,0.8,2.0,1.0,2.139219357211175e-12,0.1826391982182628,0.05672886020167709,0.8043696070693283,13.15363642267102,1.0,0.0
0,0,0.6,0.1,20100,0.8,2.0,0.0,1.779756897413165e-12,0.2560913140311804,0.08309615892576021,0.8209435953292131,14.168570754096804,1.0,0.0
0,0,0.6,0.1,20100,0.8,4.0,1.0,2.621354522336361e-12,0.1525445434298441,0.04620928771424785,0.8039435287338776,12.257107990329509,1.0,0.0
0,0,0.6,0.1,20100,0.8,4.0,0.0,1.779756897413165e-12,0.2560913140311804,0.08309615892576021,0.8209435953292131,14.168570754096804,1.0,0.0
0,0,0.6,0.1,20100,0.8,8.0,1.0,2.6087534910068655e-12,0.12016146993318486,0.03604837517930357,0.8093865065055087,11.096076053388796,1.0,0.0
0,0,0.6,0.1,20100,0.8,8.0,0.0,1.779756897413165e-12,0.2560913140311804,0.08309615892576021,0.8209435953292131,14.168570754096804,1.0,0.0
0,0,0.6,0.1,20100,1.0,2.0,1.0,1.483126121915035e-12,0.13953229398663697,0.042773501051718545,0.7978608439755935,11.824659767706892,1.0,0.0
0,0,0.6,0.1,20100,1.0,2.0,0.0,1.331060262010908e-12,0.18353006681514478,0.05868848181376986,0.8033643367348683,12.931798410133606,1.0,0.0
0,0,0.6,0.1,20100,1.0,4.0,1.0,1.754020539923573e-12,0.11876391982182628,0.035596320418977534,0.8014919201938543,11.016137110906286,1.0,0.0
0,0,0.6,0.1,20100,1.0,4.0,0.0,1.331060262010908e-12,0.18353006681514478,0.05868848181376986,0.8033643367348683,12.931798410133606,1.0,0.0
0,0,0.6,0.1,20100,1.0,8.0,1.0,1.952174533137452e-12,0.09583518930957684,0.028217050713722377,0.8088329142576592,10.042410642787058,1.0,0.0
0,0,0.6,0.1,20100,1.0,8.0,0.0,1.331060262010908e-12,0.18353006681514478,0.05868848181376986,0.8033643367348683,12.931798410133606,1.0,0.0
0,0,0.6,0.1,20100,1.2,2.0,1.0,1.0512216097602334e-12,0.10577951002227172,0.03175577825868339,0.7962221378717229,10.554663932445456,1.0,0.0
0,0,0.6,0.1,20100,1.2,2.0,0.0,9.876821582821549e-13,0.1320044543429844,0.04105382579666023,0.7921078743899596,11.409813131120167,1.0,0.0
0,0,0.6,0.1,20100,1.2,4.0,1.0,1.2111908698209106e-12,0.09116369710467706,0.02702161843205303,0.8022094216076453,9.937149414145356,1.0,0.0
0,0,0.6,0.1,20100,1.2,4.0,0.0,9.876821582821549e-13,0.1320044543429844,0.04105382579666023,0.7921078743899596,11.409813131120167,1.0,0.0
0,0,0.6,0.1,20100,1.2,8.0,1.0,1.5534865061006542e-12,0.07485523385300669,0.021847301852869247,0.8118296634341249,9.157594333218567,1.0,0.0
0,0,0.6,0.1,20100,1.2,8.0,0.0,9.876821582821549e-13,0.1320044543429844,0.04105382579666023,0.7921078743899596,11.409813131120167,1.0,0.0
0,0,0.6,0.4,20101,0.8,2.0,1.0,2.910810481537851e-12,0.18939866369710467,0.06349963731841848,0.7662043648094955,1.1099444966097194,1.0,0.0
0,0,0.6,0.4,20101,0.8,2.0,0.0,2.840505608503463e-12,0.272293986636971,0.09484409306901359,0.7962212578139398,1.1919531644959447,1.0,0.0
0,0,0.6,0.4,20101,0.8,4.0,1.0,3.377312318697534e-12,0.15720489977728286,0.051785461872211745,0.7590929969239513,1.054702035283918,1.0,0.0
0,0,0.6,0.4,20101,0.8,4.0,0.0,2.840505608503463e-12,0.272293986636971,0.09484409306901359,0.7962212578139398,1.1919531644959447,1.0,0.0
0,0,0.6,0.4,20101,0.8,8.0,1.0,4.8641368710633515e-12,0.12506681514476614,0.04041578006998994,0.756085505967112,0.9947577201991056,1.0,0.0
0,0,0.6,0.4,20101,0.8,8.0,0.0,2.840505608503463e-12,0.272293986636971,0.09484409306901359,0.7962212578139398,1.1919531644959447,1.0,0.0
0,0,0.6,0.4,20101,1.0,2.0,1.0,3.0436070330708276e-12,0.1483574610244989,0.0492501094505476,0.7438665177372984,1.0626073849809314,1.0,0.0
0,0,0.6,0.4,20101,1.0,2.0,0.0,2.24789631353417e-12,0.20121937639198217,0.0687591657609618,0.7698427133202859,1.1239480418596115,1.0,0.0
0,0,0.6,0.4,20101,1.0,4.0,1.0,2.47363241001608e-12,0.12566815144766147,0.04094683753029065,0.7372118555390659,1.0168969659531415,1.0,0.0
0,0,0.6,0.4,20101,1.0,4.0,0.0,2.24789631353417e-12,0.20121937639198217,0.0687591657609618,0.7698427133202859,1.1239480418596115,1.0,0.0
0,0,0.6,0.4,20101,1.0,8.0,1.0,2.6266419594911383e-12,0.10136414253897551,0.032478722416045325,0.7332276645013065,0.9666113286944542,1.0,0.0
0,0,0.6,0.4,20101,1.0,8.0,0.0,2.24789631353417e-12,0.20121937639198217,0.0687591657609618,0.7698427133202859,1.1239480418596115,1.0,0.0
0,0,0.6,0.4,20101,1.2,2.0,1.0,1.7873758029196551e-12,0.11497772828507795,0.037674495017952364,0.7184006702759003,1.0246074324153758,1.0,0.0
0,0,0.6,0.4,20101,1.2,2.0,0.0,1.7573303923157368e-12,0.1472271714922049,0.0494782761820516,0.7391447417996394,1.0726020198122854,0.975,0.0
0,0,0.6,0.4,20101,1.2,4.0,1.0,1.8751042385467542e-12,0.09911469933184855,0.03198910094516473,0.7117818703976898,0.989739344062551,1.0,0.0
0,0,0.6,0.4,20101,1.2,4.0,0.0,1.7573303923157368e-12,0.1472271714922049,0.0494782761820516,0.7391447417996394,1.0726020198122854,0.975,0.0
0,0,0.6,0.4,20101,1.2,8.0,1.0,1.8714127469898756e-12,0.08202115812917594,0.025841437850539283,0.706234214715636,0.9526093807654242,1.0,0.0
0,0,0.6,0.4,20101,1.2,8.0,0.0,1.7573303923157368e-12,0.1472271714922049,0.0494782761820516,0.7391447417996394,1.0726020198122854,0.975,0.0
0,0,0.9,0.1,20200,0.8,2.0,1.0,2.705044521711386e-12,0.20894209354120266,0.08138614672829708,0.9034443942541658,9.814453824642753,1.0,0.0
0,0,0.9,0.1,20200,0.8,2.0,0.0,2.0973223158193832e-12,0.2908240534521158,0.11671836638635423,0.9206316925385407,9.685942440579414,1.0,0.0
0,0,0.9,0.1,20200,0.8,4.0,1.0,3.3549829581147605e-12,0.17506124721603564,0.06691018081375705,0.8945699552351095,9.857034509689377,1.0,0.0
0,0,0.9,0.1,20200,0.8,4.0,0.0,2.0973223158193832e-12,0.2908240534521158,0.11671836638635423,0.9206316925385407,9.685942440579414,1.0,0.0
0,0,0.9,0.1,20200,0.8,8.0,1.0,3.5012687193969327e-12,0.135228285077951,0.052615341806398694,0.8849476153373022,10.057112232482707,1.0,0.0
0,0,0.9,0.1,20200,0.8,8.0,0.0,2.0973223158193832e-12,0.2908240534521158,0.11671836638635423,0.9206316925385407,9.685942440579414,1.0,0.0
0,0,0.9,0.1,20200,1.0,2.0,1.0,2.135638887956759e-12,0.16943207126948776,0.06581274591087204,0.8940313346654883,9.401218292171338,1.0,0.0
0,0,0.9,0.1,20200,1.0,2.0,0.0,1.6600609775707653e-12,0.22335746102449888,0.08962227417376983,0.909154975140332,9.29912088307318,1.0,0.0
0,0,0.9,0.1,20200,1.0,4.0,1.0,2.4860946634674974e-12,0.1427616926503341,0.055029804431010326,0.8856404763188159,9.453943319015723,1.0,0.0
0,0,0.9,0.1,20200,1.0,4.0,0.0,1.6600609775707653e-12,0.22335746102449888,0.08962227417376983,0.909154975140332,9.29912088307318,1.0,0.0
0,0,0.9,0.1,20200,1.0,8.0,1.0,2.6343927039818027e-12,0.112271714922049,0.043977251015784924,0.8761024466931054,9.581194146193448,1.0,0.0
0,0,0.9,0.1,20200,1.0,8.0,0.0,1.6600609775707653e-12,0.22335746102449888,0.08962227417376983,0.909154975140332,9.29912088307318,1.0,0.0
0,0,0.9,0.1,20200,1.2,2.0,1.0,1.6043069650528707e-12,0.13682628062360802,0.05276420546662986,0.8844680157100002,8.900772304032651,1.0,0.0
0,0,0.9,0.1,20200,1.2,2.0,0.0,1.3255646580390135e-12,0.17419265033407572,0.06852133128307418,0.89693814383305,8.809611522972094,1.0,0.0
0,0,0.9,0.1,20200,1.2,4.0,1.0,1.6290926940776274e-12,0.11724944320712695,0.04495393745711775,0.8774109095577823,8.961549228676743,1.0,0.0
0,0,0.9,0.1,20200,1.2,4.0,0.0,1.3255646580390135e-12,0.17419265033407572,0.06852133128307418,0.89693814383305,8.809611522972094,1.0,0.0
0,0,0.9,0.1,20200,1.2,8.0,1.0,1.78985298804335e-12,0.09574610244988864,0.03653484321749322,0.8683956612981151,8.981760429143185,1.0,0.0
0,0,0.9,0.1,20200,1.2,8.0,0.0,1.3255646580390135e-12,0.17419265033407572,0.06852133128307418,0.89693814383305,8.809611522972094,1.0,0.0
0,0,0.9,0.4,20201,0.8,2.0,1.0,4.205497061704477e-12,0.2380512249443207,0.09678846519042864,0.9561462128816459,0.351166095720898,0.9,0.0
0,0,0.9,0.4,20201,0.8,2.0,0.0,3.3427149936926526e-12,0.36169821826280624,0.15161251940096404,0.9569352196190347,0.43129195442682444,0.925,0.0
0,0,0.9,0.4,20201,0.8,4.0,1.0,4.5446146845762314e-12,0.1942761692650334,0.07800742359404915,0.9565453971192722,0.32119410770857326,0.9,0.0
0,0,0.9,0.4,20201,0.8,4.0,0.0,3.3427149936926526e-12,0.36169821826280624,0.15161251940096404,0.9569352196190347,0.43129195442682444,0.925,0.0
0,0,0.9,0.4,20201,0.8,8.0,1.0,5.446657014296363e-12,0.15256681514476614,0.060394254539274064,0.9571060463284197,0.29389255068735004,0.875,0.0
0,0,0.9,0.4,20201,0.8,8.0,0.0,3.3427149936926526e-12,0.36169821826280624,0.15161251940096404,0.9569352196190347,0.43129195442682444,0.925,0.0
0,0,0.9,0.4,20201,1.0,2.0,1.0,3.257782932308828e-12,0.1977227171492205,0.07982169530930594,0.954797276952118,0.3242326246688247,0.875,0.0
0,0,0.9,0.4,20201,1.0,2.0,0.0,2.679328980903506e-12,0.2853173719376392,0.11802269618443477,0.954629351771046,0.38941293240887825,0.925,0.0
0,0,0.9,0.4,20201,1.0,4.0,1.0,3.843633744615715e-12,0.16360244988864142,0.06528777232616981,0.9550631148399945,0.29945979042493903,0.875,0.0
0,0,0.9,0.4,20201,1.0,4.0,0.0,2.679328980903506e-12,0.2853173719376392,0.11802269618443477,0.954629351771046,0.38941293240887825,0.925,0.0
0,0,0.9,0.4,20201,1.0,8.0,1.0,4.656011687309558e-12,0.12930957683741648,0.051128509705269276,0.9554308745758368,0.27647722416935355,0.875,0.0
0,0,0.9,0.4,20201,1.0,8.0,0.0,2.679328980903506e-12,0.2853173719376392,0.11802269618443477,0.954629351771046,0.38941293240887825,0.925,0.0
0,0,0.9,0.4,20201,1.2,2.0,1.0,2.6604551894848782e-12,0.16229955456570155,0.06535144091298616,0.9535322890391517,0.2992571033586465,0.875,0.0
0,0,0.9,0.4,20201,1.2,2.0,0.0,2.183725422710836e-12,0.2230011135857461,0.09152609587163105,0.9535507652181663,0.34523890259878454,0.925,0.0
0,0,0.9,0.4,20201,1.2,4.0,1.0,3.2556735085620403e-12,0.13635857461024498,0.054314352310629026,0.9537640226587879,0.278575075437423,0.875,0.0
0,0,0.9,0.4,20201,1.2,4.0,0.0,2.183725422710836e-12,0.2230011135857461,0.09152609587163105,0.9535507652181663,0.34523890259878454,0.925,0.0
0,0,0.9,0.4,20201,1.2,8.0,1.0,3.0900074166062552e-12,0.10910913140311804,0.043094106023896635,0.9539021883753825,0.2599220153983403,0.85,0.0
0,0,0.9,0.4,20201,1.2,8.0,0.0,2.183725422710836e-12,0.2230011135857461,0.09152609587163105,0.9535507652181663,0.34523890259878454,0.925,0.0
0,1,0.25,0.1,21000,0.8,2.0,1.0,1.5703133238176292e-12,0.15087416481069044,0.04426521237709215,0.4841687624885903,33.494884395620744,1.0,0.0
0,1,0.25,0.1,21000,0.8,2.0,0.0,1.271219240983612e-12,0.20356347438752784,0.061219288899261357,0.520734555007086,35.090593945548655,1.0,0.0
0,1,0.25,0.1,21000,0.8,4.0,1.0,1.8927914791078138e-12,0.12697661469933186,0.03678175436826464,0.470430948511895,32.57769775235858,1.0,0.0
0,1,0.25,0.1,21000,0.8,4.0,0.0,1.271219240983612e-12,0.20356347438752784,0.061219288899261357,0.520734555007086,35.090593945548655,1.0,0.0
0,1,0.25,0.1,21000,0.8,8.0,1.0,2.2447252390200845e-12,0.10043429844097995,0.02921716950005635,0.45545352101792147,31.749218078098234,1.0,0.0
0,1,0.25,0.1,21000,0.8,8.0,0.0,1.271219240983612e-12,0.20356347438752784,0.061219288899261357,0.520734555007086,35.090593945548655,1.0,0.0
0,1,0.25,0.1,21000,1.0,2.0,1.0,1.014306694191447e-12,0.11085189309576837,0.03251723252003896,0.4498306104329484,32.086423515565606,1.0,0.0
0,1,0.25,0.1,21000,1.0,2.0,0.0,9.251072130567195e-13,0.14111915367483296,0.04201717375250161,0.47504302215566147,33.10624167729429,1.0,0.0
0,1,0.25,0.1,21000,1.0,4.0,1.0,1.3043038871174417e-12,0.0949944320712695,0.027736140242323664,0.4382807889465394,31.394605751386035,1.0,0.0
0,1,0.25,0.1,21000,1.0,4.0,0.0,9.251072130567195e-13,0.14111915367483296,0.04201717375250161,0.47504302215566147,33.10624167729429,1.0,0.0
0,1,0.25,0.1,21000,1.0,8.0,1.0,1.439133534564263e-12,0.07775612472160356,0.02255605315975424,0.4234189819534189,30.325252617834202,1.0,0.0
0,1,0.25,0.1,21000,1.0,8.0,0.0,9.251072130567195e-13,0.14111915367483296,0.04201717375250161,0.47504302215566147,33.10624167729429,1.0,0.0
0,1,0.25,0.1,21000,1.2,2.0,1.0,8.004291673913144e-13,0.08052895322939867,0.02355256038486282,0.4177436462032788,30.6402862246728,1.0,0.0
0,1,0.25,0.1,21000,1.2,2.0,0.0,6.767572613419759e-13,0.09675389755011136,0.028757626083307942,0.43595142443348145,31.125098325451432,1.0,0.0
0,1,0.25,0.1,21000,1.2,4.0,1.0,8.793174521848357e-13,0.07055122494432071,0.020625183289931483,0.405981613477195,30.137594136217487,1.0,0.0
0,1,0.25,0.1,21000,1.2,4.0,0.0,6.767572613419759e-13,0.09675389755011136,0.028757626083307942,0.43595142443348145,31.125098325451432,1.0,0.0
0,1,0.25,0.1,21000,1.2,8.0,1.0,1.032701701930705e-12,0.059136971046770605,0.01719071315697881,0.38882885822566626,29.504655162701127,1.0,0.0
0,1,0.25,0.1,21000,1.2,8.0,0.0,6.767572613419759e-13,0.09675389755011136,0.028757626083307942,0.43595142443348145,31.125098325451432,1.0,0.0
0,1,0.25,0.4,21001,0.8,2.0,1.0,4.419145605005781e-12,0.190456570155902,0.06290730263601477,0.598436080800951,1.7923985416567036,1.0,0.0
0,1,0.25,0.4,21001,0.8,2.0,0.0,3.1475932971147813e-12,0.2780456570155902,0.09650060972562674,0.6474986254578876,1.9362246062219712,1.0,0.0
0,1,0.25,0.4,21001,0.8,4.0,1.0,5.10867737002485e-12,0.15675389755011135,0.050807331555101996,0.5823945218921694,1.7199911908378003,1.0,0.0
0,1,0.25,0.4,21001,0.8,4.0,0.0,3.1475932971147813e-12,0.2780456570155902,0.09650060972562674,0.6474986254578876,1.9362246062219712,1.0,0.0
0,1,0.25,0.4,21001,0.8,8.0,1.0,4.51570031367865e-12,0.12347995545657016,0.03926988912699267,0.5668168821020682,1.6390404633014672,1.0,0.0
0,1,0.25,0.4,21001,0.8,8.0,0.0,3.1475932971147813e-12,0.2780456570155902,0.09650060972562674,0.6474986254578876,1.9362246062219712,1.0,0.0
0,1,0.25,0.4,21001,1.0,2.0,1.0,2.5543872572697524e-12,0.14992761692650333,0.04861891659870792,0.5671048483209412,1.6767718157340887,1.0,0.0
0,1,0.25,0.4,21001,1.0,2.0,0.0,2.51224041569742e-12,0.20660356347438752,0.06963609556662102,0.6052123660868868,1.7768656157594105,1.0,0.0
0,1,0.25,0.4,21001,1.0,4.0,1.0,2.776542884497246e-12,0.12575167037861915,0.04004906678970066,0.5511771676686209,1.6206884069991279,1.0,0.0
0,1,0.25,0.4,21001,1.0,4.0,0.0,2.51224041569742e-12,0.20660356347438752,0.06963609556662102,0.6052123660868868,1.7768656157594105,1.0,0.0
0,1,0.25,0.4,21001,1.0,8.0,1.0,3.999967024270745e-12,0.10061804008908685,0.03145503755448062,0.5363180563801735,1.5435196167838996,1.0,0.0
0,1,0.25,0.4,21001,1.0,8.0,0.0,2.51224041569742e-12,0.20660356347438752,0.06963609556662102,0.6052123660868868,1.7768656157594105,1.0,0.0
0,1,0.25,0.4,21001,1.2,2.0,1.0,2.271766108563611e-12,0.11607461024498886,0.036958698711229136,0.5373494791383712,1.5579124729487395,1.0,0.0
0,1,0.25,0.4,21001,1.2,2.0,0.0,1.976391272862088e-12,0.15125835189309578,0.04971095303112647,0.5669055153813437,1.6229483274426009,1.0,0.0
0,1,0.25,0.4,21001,1.2,4.0,1.0,2.586264535864302e-12,0.0994097995545657,0.03109726586429179,0.5236304543632149,1.5119627704743017,1.0,0.0
0,1,0.25,0.4,21001,1.2,4.0,0.0,1.976391272862088e-12,0.15125835189309578,0.04971095303112647,0.5669055153813437,1.6229483274426009,1.0,0.0
0,1,0.25,0.4,21001,1.2,8.0,1.0,2.1715823583789984e-12,0.0814532293986637,0.02487096612159149,0.5093667811093778,1.4403829457160526,1.0,0.0
0,1,0.25,0.4,21001,1.2,8.0,0.0,1.976391272862088e-12,0.15125835189309578,0.04971095303112647,0.5669055153813437,1.6229483274426009,1.0,0.0
0,1,0.6,0.1,21100,0.8,2.0,1.0,2.4232699180615214e-12,0.20446547884187083,0.07342983244223689,0.6476219992530188,34.61561140517802,1.0,0.0
0,1,0.6,0.1,21100,0.8,2.0,0.0,2.057548575962187e-12,0.30052338530066813,0.10787366790443063,0.67760228223216,34.15495759398137,1.0,0.0
0,1,0.6,0.1,21100,0.8,4.0,1.0,2.7242999522947287e-12,0.16793429844097996,0.06059621872635102,0.6345829660062025,34.460726855925095,1.0,0.0
0,1,0.6,0.1,21100,0.8,4.0,0.0,2.057548575962187e-12,0.30052338530066813,0.10787366790443063,0.67760228223216,34.15495759398137,1.0,0.0
0,1,0.6,0.1,21100,0.8,8.0,1.0,3.4103483925740363e-12,0.132956570155902,0.04795764762934197,0.6178874938964889,34.27252203861113,1.0,0.0
0,1,0.6,0.1,21100,0.8,8.0,0.0,2.057548575962187e-12,0.30052338530066813,0.10787366790443063,0.67760228223216,34.15495759398137,1.0,0.0
0,1,0.6,0.1,21100,1.0,2.0,1.0,1.7280482600412483e-12,0.1614086859688196,0.058252956105159216,0.6198848984757088,33.152941173743365,1.0,0.0
0,1,0.6,0.1,21100,1.0,2.0,0.0,1.5461798508198399e-12,0.22111358574610246,0.07961822141878722,0.6454251823483328,32.41207333178275,1.0,0.0
0,1,0.6,0.1,21100,1.0,4.0,1.0,2.0552101687165703e-12,0.1361859688195991,0.04904236331162932,0.6073841411096521,33.159233117011134,1.0,0.0
0,1,0.6,0.1,21100,1.0,4.0,0.0,1.5461798508198399e-12,0.22111358574610246,0.07961822141878722,0.6454251823483328,32.41207333178275,1.0,0.0
0,1,0.6,0.1,21100,1.0,8.0,1.0,2.44775727464841e-12,0.10876391982182627,0.03947623314759168,0.5889021398569299,33.77320879299185,1.0,0.0
0,1,0.6,0.1,21100,1.0,8.0,0.0,1.5461798508198399e-12,0.22111358574610246,0.07961822141878722,0.6454251823483328,32.41207333178275,1.0,0.0
0,1,0.6,0.1,21100,1.2,2.0,1.0,1.3789733244173874e-12,0.12739420935412027,0.04584446079606898,0.5914313789049183,31.811311068038854,1.0,0.0
0,1,0.6,0.1,21100,1.2,2.0,0.0,1.17414411526795e-12,0.16333518930957683,0.05886765603035272,0.6139108278815802,30.608359404982014,1.0,0.0
0,1,0.6,0.1,21100,1.2,4.0,1.0,1.6297796445741142e-12,0.10899220489977729,0.03942249827484555,0.5787517270982054,32.43458805370761,1.0,0.0
0,1,0.6,0.1,21100,1.2,4.0,0.0,1.17414411526795e-12,0.16333518930957683,0.05886765603035272,0.6139108278815802,30.608359404982014,1.0,0.0
0,1,0.6,0.1,21100,1.2,8.0,1.0,1.8481396968361707e-12,0.08853563474387528,0.03238389374053675,0.5573442828093578,33.75306126318225,1.0,0.0
0,1,0.6,0.1,21100,1.2,8.0,0.0,1.17414411526795e-12,0.16333518930957683,0.05886765603035272,0.6139108278815802,30.608359404982014,1.0,0.0
0,1,0.6,0.4,21101,0.8,2.0,1.0,3.0289659669335833e-12,0.18873608017817373,0.05996631257365558,0.7787784019560636,0.8999534840290674,1.0,0.0
0,1,0.6,0.4,21101,0.8,2.0,0.0,2.7630675525358583e-12,0.27434855233853006,0.09307857644388633,0.8262472789615188,0.9066661240253914,1.0,0.0
0,1,0.6,0.4,21101,0.8,4.0,1.0,5.058731211704526e-12,0.15502227171492206,0.04816879736070205,0.7647196342579134,0.8670286273201521,1.0,0.0
0,1,0.6,0.4,21101,0.8,4.0,0.0,2.7630675525358583e-12,0.27434855233853006,0.09307857644388633,0.8262472789615188,0.9066661240253914,1.0,0.0
0,1,0.6,0.4,21101,0.8,8.0,1.0,3.860890773754733e-12,0.12207126948775056,0.0371435287016267,0.7537003660385488,0.8268586645622198,1.0,0.0
0,1,0.6,0.4,21101,0.8,8.0,0.0,2.7630675525358583e-12,0.27434855233853006,0.09307857644388633,0.8262472789615188,0.9066661240253914,1.0,0.0
0,1,0.6,0.4,21101,1.0,2.0,1.0,3.09953451793632e-12,0.14737193763919823,0.045941126177733445,0.7552079630974581,0.851347284999477,1.0,0.0
0,1,0.6,0.4,21101,1.0,2.0,0.0,2.1369295222228857e-12,0.20179844097995545,0.06646070500790523,0.7939676233279869,0.8682777145898501,1.0,0.0
0,1,0.6,0.4,21101,1.0,4.0,1.0,3.379990731744442e-12,0.12325167037861916,0.037648723542644404,0.7427697527913302,0.8190167643092525,1.0,0.0
0,1,0.6,0.4,21101,1.0,4.0,0.0,2.1369295222228857e-12,0.20179844097995545,0.06646070500790523,0.7939676233279869,0.8682777145898501,1.0,0.0
0,1,0.6,0.4,21101,1.0,8.0,1.0,3.4239694413074062e-12,0.09880846325167038,0.029484352737158045,0.731680975464959,0.7827793026114462,1.0,0.0
0,1,0.6,0.4,21101,1.0,8.0,0.0,2.1369295222228857e-12,0.20179844097995545,0.06646070500790523,0.7939676233279869,0.8682777145898501,1.0,0.0
0,1,0.6,0.4,21101,1.2,2.0,1.0,2.0865392746927114e-12,0.11360244988864142,0.034563100323904354,0.7306964662462166,0.8001664634227219,1.0,0.0
0,1,0.6,0.4,21101,1.2,2.0,0.0,1.6283363546421015e-12,0.14738864142538977,0.046828543965167536,0.7600164146620876,0.8223726712947882,1.0,0.0
0,1,0.6,0.4,21101,1.2,4.0,1.0,2.497488327257713e-12,0.09698775055679287,0.02894101786042534,0.719699849901539,0.7731977568597381,1.0,0.0
0,1,0.6,0.4,21101,1.2,4.0,0.0,1.6283363546421015e-12,0.14738864142538977,0.046828543965167536,0.7600164146620876,0.8223726712947882,1.0,0.0
0,1,0.6,0.4,21101,1.2,8.0,1.0,2.602196236267673e-12,0.0783129175946548,0.023092646684318086,0.708476369333497,0.7438043980555181,0.975,0.0
0,1,0.6,0.4,21101,1.2,8.0,0.0,1.6283363546421015e-12,0.14738864142538977,0.046828543965167536,0.7600164146620876,0.8223726712947882,1.0,0.0
0,1,0.9,0.1,21200,0.8,2.0,1.0,1.876991617688617e-12,0.16629175946547883,0.048859490241628785,0.8776777856016507,8.126129620670824,1.0,0.0
0,1,0.9,0.1,21200,0.8,2.0,0.0,1.5018264409860649e-12,0.22930957683741648,0.06965189361487546,0.8846933266472572,8.493207203468227,1.0,0.0
0,1,0.9,0.1,21200,0.8,4.0,1.0,1.9985818555667834e-12,0.13884743875278396,0.04052667537530223,0.8755958884323034,7.930165348552295,1.0,0.0
0,1,0.9,0.1,21200,0.8,4.0,0.0,1.5018264409860649e-12,0.22930957683741648,0.06965189361487546,0.8846933266472572,8.493207203468227,1.0,0.0
0,1,0.9,0.1,21200,0.8,8.0,1.0,2.3799712201011403e-12,0.1112694877505568,0.03216558644251073,0.8755949684708737,7.512814957327545,1.0,0.0
0,1,0.9,0.1,21200,0.8,8.0,0.0,1.5018264409860649e-12,0.22930957683741648,0.06965189361487546,0.8846933266472572,8.493207203468227,1.0,0.0
0,1,0.9,0.1,21200,1.0,2.0,1.0,1.2319034681240737e-12,0.12607461024498887,0.03602228560573145,0.8678121776222645,7.646155640626164,1.0,0.0
0,1,0.9,0.1,21200,1.0,2.0,0.0,1.0774714453987144e-12,0.16192650334075723,0.04749862338733072,0.8709301472339349,7.898426788911473,1.0,0.0
0,1,0.9,0.1,21200,1.0,4.0,1.0,1.3359105488497391e-12,0.10760022271714922,0.030656489511387157,0.8673122351926783,7.471415951409244,1.0,0.0
0,1,0.9,0.1,21200,1.0,4.0,0.0,1.0774714453987144e-12,0.16192650334075723,0.04749862338733072,0.8709301472339349,7.898426788911473,1.0,0.0
0,1,0.9,0.1,21200,1.0,8.0,1.0,1.4936003822629829e-12,0.08733296213808463,0.02489856059010258,0.8683416073046812,7.076056129999109,1.0,0.0
0,1,0.9,0.1,21200,1.0,8.0,0.0,1.0774714453987144e-12,0.16192650334075723,0.04749862338733072,0.8709301472339349,7.898426788911473,1.0,0.0
0,1,0.9,0.1,21200,1.2,2.0,1.0,8.850351007616553e-13,0.0921325167037862,0.025993938012667972,0.8591038194837546,7.211689322252829,1.0,0.0
0,1,0.9,0.1,21200,1.2,2.0,0.0,7.615991171050496e-13,0.1128173719376392,0.03200047908136399,0.8588476078188549,7.397953483180513,1.0,0.0
0,1,0.9,0.1,21200,1.2,4.0,1.0,8.85874706924028e-13,0.08076280623608018,0.02274746157839452,0.860042063223797,6.981309572909496,1.0,0.0
0,1,0.9,0.1,21200,1.2,4.0,0.0,7.615991171050496e-13,0.1128173719376392,0.03200047908136399,0.8588476078188549,7.397953483180513,1.0,0.0
0,1,0.9,0.1,21200,1.2,8.0,1.0,1.0541775785632979e-12,0.06740534521158129,0.01898953758116148,0.8605698848892429,6.625962043918413,1.0,0.0
0,1,0.9,0.1,21200,1.2,8.0,0.0,7.615991171050496e-13,0.1128173719376392,0.03200047908136399,0.8588476078188549,7.397953483180513,1.0,0.0
0,1,0.9,0.4,21201,0.8,2.0,1.0,4.107991724566773e-12,0.21771714922048999,0.0775705511372906,0.9537783733525882,0.2675894353697805,0.95,0.0
0,1,0.9,0.4,21201,0.8,2.0,0.0,3.2111535652745715e-12,0.3221325167037862,0.12161064111937596,0.9626213914252059,0.27455857662307176,0.925,0.0
0,1,0.9,0.4,21201,0.8,4.0,1.0,5.437456040979782e-12,0.1786358574610245,0.06227061113785756,0.9492088467791245,0.26986966092335096,0.9,0.0
0,1,0.9,0.4,21201,0.8,4.0,0.0,3.2111535652745715e-12,0.3221325167037862,0.12161064111937596,0.9626213914252059,0.27455857662307176,0.925,0.0
0,1,0.9,0.4,21201,0.8,8.0,1.0,4.947070531002851e-12,0.14025055679287304,0.04787828017879649,0.945167470872769,0.2698559764278398,0.875,0.0
0,1,0.9,0.4,21201,0.8,8.0,0.0,3.2111535652745715e-12,0.3221325167037862,0.12161064111937596,0.9626213914252059,0.27455857662307176,0.925,0.0
0,1,0.9,0.4,21201,1.0,2.0,1.0,3.3033020763184595e-12,0.17538975501113585,0.0616565523312734,0.9471693677927289,0.2668982142958965,0.925,0.0
0,1,0.9,0.4,21201,1.0,2.0,0.0,2.648048447184692e-12,0.245913140311804,0.0908014335833957,0.9553266757119182,0.2713512626464643,0.925,0.0
0,1,0.9,0.4,21201,1.0,4.0,1.0,3.2813890493699205e-12,0.14598552338530066,0.05033533073541482,0.9424644700275279,0.26933723365134055,0.875,0.0
0,1,0.9,0.4,21201,1.0,4.0,0.0,2.648048447184692e-12,0.245913140311804,0.0908014335833957,0.9553266757119182,0.2713512626464643,0.925,0.0
0,1,0.9,0.4,21201,1.0,8.0,1.0,4.615322013457046e-12,0.11571826280623608,0.03924828569107281,0.938479462905251,0.2681058687422371,0.875,0.0
0,1,0.9,0.4,21201,1.0,8.0,0.0,2.648048447184692e-12,0.245913140311804,0.0908014335833957,0.9553266757119182,0.2713512626464643,0.925,0.0
0,1,0.9,0.4,21201,1.2,2.0,1.0,2.3178681196611706e-12,0.13937639198218263,0.04843417040721955,0.9399837034832821,0.265584055383446,0.825,0.0
0,1,0.9,0.4,21201,1.2,2.0,0.0,2.156358425153826e-12,0.18595768374164812,0.0672556878063334,0.9475109080362975,0.2672618411567949,0.85,0.0
0,1,0.9,0.4,21201,1.2,4.0,1.0,3.2560898421962747e-12,0.11815144766146993,0.04027508489480947,0.9356921803669671,0.2669470018036034,0.825,0.0
0,1,0.9,0.4,21201,1.2,4.0,0.0,2.156358425153826e-12,0.18595768374164812,0.0672556878063334,0.9475109080362975,0.2672618411567949,0.85,0.0
0,1,0.9,0.4,21201,1.2,8.0,1.0,2.991530634322004e-12,0.09510579064587973,0.031905578570996976,0.9315424498831075,0.2664875212796109,0.85,0.0
0,1,0.9,0.4,21201,1.2,8.0,0.0,2.156358425153826e-12,0.18595768374164812,0.0672556878063334,0.9475109080362975,0.2672618411567949,0.85,0.0
0,2,0.25,0.1,22000,0.8,2.0,1.0,1.7430015764041684e-12,0.13767817371937638,0.03972860614376751,0.1902031938422416,46.91250704564611,1.0,0.0
0,2,0.25,0.1,22000,0.8,2.0,0.0,1.4626494460046047e-12,0.18454899777282852,0.05481369068328433,0.24363733560176537,50.39843274052297,1.0,0.0
0,2,0.25,0.1,22000,0.8,4.0,1.0,2.1736640265501705e-12,0.11885857461024499,0.03308010185697389,0.1656699323895606,44.43474575627869,1.0,0.0
0,2,0.25,0.1,22000,0.8,4.0,0.0,1.4626494460046047e-12,0.18454899777282852,0.05481369068328433,0.24363733560176537,50.39843274052297,1.0,0.0
0,2,0.25,0.1,22000,0.8,8.0,1.0,2.208566662886824e-12,0.09575167037861915,0.026175024258458014,0.14349009521206363,42.66693113785644,1.0,0.0
0,2,0.25,0.1,22000,0.8,8.0,0.0,1.4626494460046047e-12,0.18454899777282852,0.05481369068328433,0.24363733560176537,50.39843274052297,1.0,0.0
0,2,0.25,0.1,22000,1.0,2.0,1.0,1.1507184094483591e-12,0.10350779510022272,0.028700435243170123,0.15194338235216429,40.86858167030827,1.0,0.0
0,2,0.25,0.1,22000,1.0,2.0,0.0,1.0741824096882624e-12,0.12765033407572382,0.03713130667057898,0.1882757754423804,43.631055889067355,1.0,0.0
0,2,0.25,0.1,22000,1.0,4.0,1.0,1.2636905410978727e-12,0.09025055679287305,0.02439754301711754,0.13243785850348172,39.554317293453195,1.0,0.0
0,2,0.25,0.1,22000,1.0,4.0,0.0,1.0741824096882624e-12,0.12765033407572382,0.03713130667057898,0.1882757754423804,43.631055889067355,1.0,0.0
0,2,0.25,0.1,22000,1.0,8.0,1.0,1.598603194263859e-12,0.07278396436525612,0.019716691852778242,0.11331288079368744,38.779272191677386,1.0,0.0
0,2,0.25,0.1,22000,1.0,8.0,0.0,1.0741824096882624e-12,0.12765033407572382,0.03713130667057898,0.1882757754423804,43.631055889067355,1.0,0.0
0,2,0.25,0.1,22000,1.2,2.0,1.0,8.521169880815194e-13,0.07395879732739422,0.020262654824877446,0.12006215150835506,36.25953030896033,1.0,0.0
0,2,0.25,0.1,22000,1.2,2.0,0.0,7.831998938279128e-13,0.08815144766146993,0.024861953606850364,0.14559793212912883,36.99326086610725,1.0,0.0
0,2,0.25,0.1,22000,1.2,4.0,1.0,8.56110321523218e-13,0.06535634743875278,0.01766498211829931,0.10496297727174694,35.8445001134371,1.0,0.0
0,2,0.25,0.1,22000,1.2,4.0,0.0,7.831998938279128e-13,0.08815144766146993,0.024861953606850364,0.14559793212912883,36.99326086610725,1.0,0.0
0,2,0.25,0.1,22000,1.2,8.0,1.0,1.2055113851605626e-12,0.05393095768374165,0.014655409380407889,0.08777641643960965,35.12605958665142,1.0,0.0
0,2,0.25,0.1,22000,1.2,8.0,0.0,7.831998938279128e-13,0.08815144766146993,0.024861953606850364,0.14559793212912883,36.99326086610725,1.0,0.0
0,2,0.25,0.4,22001,0.8,2.0,1.0,4.0537295742382184e-12,0.2065924276169265,0.070869968708764,0.5383567435655376,2.3638460813497737,1.0,0.0
0,2,0.25,0.4,22001,0.8,2.0,0.0,3.348959998206169e-12,0.30624164810690424,0.1114041878457055,0.6204374312830803,2.513571704766164,1.0,0.0
0,2,0.25,0.4,22001,0.8,4.0,1.0,3.888916966232614e-12,0.16919821826280623,0.05691618771709603,0.5043954250903604,2.343816986033256,1.0,0.0
0,2,0.25,0.4,22001,0.8,4.0,0.0,3.348959998206169e-12,0.30624164810690424,0.1114041878457055,0.6204374312830803,2.513571704766164,1.0,0.0
0,2,0.25,0.4,22001,0.8,8.0,1.0,6.056030676937496e-12,0.1322327394209354,0.04389523544238326,0.47047028796674834,2.361176846833341,1.0,0.0
0,2,0.25,0.4,22001,0.8,8.0,0.0,3.348959998206169e-12,0.30624164810690424,0.1114041878457055,0.6204374312830803,2.513571704766164,1.0,0.0
0,2,0.25,0.4,22001,1.0,2.0,1.0,2.8611002456102597e-12,0.16429287305122495,0.055744591036574274,0.4973779937404752,2.2666692224752825,1.0,0.0
0,2,0.25,0.4,22001,1.0,2.0,0.0,2.6807167596842874e-12,0.23202115812917595,0.08200953885865628,0.5673781583177003,2.353568664385159,1.0,0.0
0,2,0.25,0.4,22001,1.0,4.0,1.0,3.409543480881183e-12,0.13633073496659243,0.04556270070019763,0.4649533025322972,2.2611085930475574,1.0,0.0
0,2,0.25,0.4,22001,1.0,4.0,0.0,2.6807167596842874e-12,0.23202115812917595,0.08200953885865628,0.5673781583177003,2.353568664385159,1.0,0.0
0,2,0.25,0.4,22001,1.0,8.0,1.0,3.705910578410965e-12,0.10769487750556793,0.035640719209428476,0.43161089897954924,2.2870819368513784,1.0,0.0
0,2,0.25,0.4,22001,1.0,8.0,0.0,2.6807167596842874e-12,0.23202115812917595,0.08200953885865628,0.5673781583177003,2.353568664385159,1.0,0.0
0,2,0.25,0.4,22001,1.2,2.0,1.0,2.0811408152354716e-12,0.12902004454342986,0.043327659197454925,0.45442909566995343,2.1920990299887286,1.0,0.0
0,2,0.25,0.4,22001,1.2,2.0,0.0,2.1366519664667294e-12,0.17300668151447662,0.05987754769137133,0.5141243438450542,2.2232323003580725,1.0,0.0
0,2,0.25,0.4,22001,1.2,4.0,1.0,2.5578289486460903e-12,0.10856347438752784,0.036105703942755134,0.42379876921692633,2.197551452745591,1.0,0.0
0,2,0.25,0.4,22001,1.2,4.0,0.0,2.1366519664667294e-12,0.17300668151447662,0.05987754769137133,0.5141243438450542,2.2232323003580725,1.0,0.0
0,2,0.25,0.4,22001,1.2,8.0,1.0,2.7516808276395466e-12,0.08723830734966592,0.028717243036200775,0.3933760219364282,2.220368104089708,1.0,0.0
0,2,0.25,0.4,22001,1.2,8.0,0.0,2.1366519664667294e-12,0.17300668151447662,0.05987754769137133,0.5141243438450542,2.2232323003580725,1.0,0.0
0,2,0.6,0.1,22100,0.8,2.0,1.0,1.9641510640155957e-12,0.17096325167037862,0.05048227733327545,0.5936642590775039,26.53393992457524,1.0,0.0
0,2,0.6,0.1,22100,0.8,2.0,0.0,1.6060902607861749e-12,0.23521714922048997,0.07224632605323948,0.6303879015426125,28.27291998650559,1.0,0.0
0,2,0.6,0.1,22100,0.8,4.0,1.0,2.0167340020194047e-12,0.14323496659242763,0.041667826132789965,0.5780473656973683,25.70491226218023,1.0,0.0
0,2,0.6,0.1,22100,0.8,4.0,0.0,1.6060902607861749e-12,0.23521714922048997,0.07224632605323948,0.6303879015426125,28.27291998650559,1.0,0.0
0,2,0.6,0.1,22100,0.8,8.0,1.0,2.2747290162605793e-12,0.11389198218262807,0.03292295364673813,0.5637064290661833,24.69600263806031,1.0,0.0
0,2,0.6,0.1,22100,0.8,8.0,0.0,1.6060902607861749e-12,0.23521714922048997,0.07224632605323948,0.6303879015426125,28.27291998650559,1.0,0.0
0,2,0.6,0.1,22100,1.0,2.0,1.0,1.3249679131632774e-12,0.12842984409799554,0.03724652143752678,0.5590640275719894,24.675230006972697,1.0,0.0
0,2,0.6,0.1,22100,1.0,2.0,0.0,1.1598361160380932e-12,0.16587416481069042,0.04952301173833159,0.5858581579309742,25.653481737235666,1.0,0.0
0,2,0.6,0.1,22100,1.0,4.0,1.0,1.7017359743576321e-12,0.10973273942093541,0.03152476745237112,0.5456257478984506,24.046343680423067,1.0,0.0
0,2,0.6,0.1,22100,1.0,4.0,0.0,1.1598361160380932e-12,0.16587416481069042,0.04952301173833159,0.5858581579309742,25.653481737235666,1.0,0.0
0,2,0.6,0.1,22100,1.0,8.0,1.0,1.7374435223871387e-12,0.08989420935412026,0.025462497889581905,0.5337838808065488,22.938621782772238,1.0,0.0
0,2,0.6,0.1,22100,1.0,8.0,0.0,1.1598361160380932e-12,0.16587416481069042,0.04952301173833159,0.5858581579309742,25.653481737235666,1.0,0.0
0,2,0.6,0.1,22100,1.2,2.0,1.0,9.582473703417804e-13,0.0933184855233853,0.02699961823134138,0.525638426220314,23.026816011386103,1.0,0.0
0,2,0.6,0.1,22100,1.2,2.0,0.0,8.32771351877426e-13,0.11476057906458798,0.03356219067353374,0.5450966323500926,23.516016337594333,1.0,0.0
0,2,0.6,0.1,22100,1.2,4.0,1.0,1.1104658859117933e-12,0.08242761692650334,0.02346362982408883,0.5164125935229565,22.301419021052904,1.0,0.0
0,2,0.6,0.1,22100,1.2,4.0,0.0,8.32771351877426e-13,0.11476057906458798,0.03356219067353374,0.5450966323500926,23.516016337594333,1.0,0.0
0,2,0.6,0.1,22100,1.2,8.0,1.0,1.2614874422833822e-12,0.06959910913140312,0.019395999311945092,0.507800540819414,21.347292943619095,1.0,0.0
0,2,0.6,0.1,22100,1.2,8.0,0.0,8.32771351877426e-13,0.11476057906458798,0.03356219067353374,0.5450966323500926,23.516016337594333,1.0,0.0
0,2,0.6,0.4,22101,0.8,2.0,1.0,2.9694163794502515e-12,0.19575723830734967,0.06426516816723213,0.6816060367039894,1.3854659611851368,1.0,0.0
0,2,0.6,0.4,22101,0.8,2.0,0.0,2.644912067140126e-12,0.28412583518930956,0.09804738646158556,0.7313870308313549,1.4203156998054292,1.0,0.0
0,2,0.6,0.4,22101,0.8,4.0,1.0,4.540187670265539e-12,0.16108574610244988,0.051907400184333236,0.6649297366149689,1.3460399566517802,1.0,0.0
0,2,0.6,0.4,22101,0.8,4.0,0.0,2.644912067140126e-12,0.28412583518930956,0.09804738646158556,0.7313870308313549,1.4203156998054292,1.0,0.0
0,2,0.6,0.4,22101,0.8,8.0,1.0,4.5784903646151065e-12,0.1275501113585746,0.04017697017626348,0.6520214459310308,1.2840481733110825,1.0,0.0
0,2,0.6,0.4,22101,0.8,8.0,0.0,2.644912067140126e-12,0.28412583518930956,0.09804738646158556,0.7313870308313549,1.4203156998054292,1.0,0.0
0,2,0.6,0.4,22101,1.0,2.0,1.0,2.4332758030709556e-12,0.1539086859688196,0.049582870317387444,0.6542836871831273,1.329920953895589,1.0,0.0
0,2,0.6,0.4,22101,1.0,2.0,0.0,2.063682558173241e-12,0.210913140311804,0.07067507691351954,0.6939171632796095,1.3539001391044494,1.0,0.0
0,2,0.6,0.4,22101,1.0,4.0,1.0,2.4444127277867267e-12,0.1294933184855234,0.04083660350343815,0.6392794520719276,1.2970540953122132,1.0,0.0
0,2,0.6,0.4,22101,1.0,4.0,0.0,2.063682558173241e-12,0.210913140311804,0.07067507691351954,0.6939171632796095,1.3539001391044494,1.0,0.0
0,2,0.6,0.4,22101,1.0,8.0,1.0,3.571851148187477e-12,0.10399777282850779,0.03208631065329588,0.6275294961484915,1.2362054402984555,1.0,0.0
0,2,0.6,0.4,22101,1.0,8.0,0.0,2.063682558173241e-12,0.210913140311804,0.07067507691351954,0.6939171632796095,1.3539001391044494,1.0,0.0
0,2,0.6,0.4,22101,1.2,2.0,1.0,1.4257137137541065e-12,0.11903674832962138,0.03765039864756497,0.6266038983211047,1.2806944694072462,1.0,0.0
0,2,0.6,0.4,22101,1.2,2.0,0.0,1.5824286325738512e-12,0.15419265033407573,0.050397472709747045,0.6572963661269147,1.2956941577429752,1.0,0.0
0,2,0.6,0.4,22101,1.2,4.0,1.0,1.7131226992539439e-12,0.10185968819599109,0.03167103501436852,0.6139884334662079,1.251343255895486,1.0,0.0
0,2,0.6,0.4,22101,1.2,4.0,0.0,1.5824286325738512e-12,0.15419265033407573,0.050397472709747045,0.6572963661269147,1.2956941577429752,1.0,0.0
0,2,0.6,0.4,22101,1.2,8.0,1.0,2.232866669338307e-12,0.08320712694877505,0.025340117759107425,0.6033889535874336,1.1986993127780996,1.0,0.0
0,2,0.6,0.4,22101,1.2,8.0,0.0,1.5824286325738512e-12,0.15419265033407573,0.050397472709747045,0.6572963661269147,1.2956941577429752,1.0,0.0
0,2,0.9,0.1,22200,0.8,2.0,1.0,1.6201137653659714e-12,0.14061247216035636,0.03955953932632655,0.8767184286704738,7.104052309821522,1.0,0.0
0,2,0.9,0.1,22200,0.8,2.0,0.0,1.3027634526707743e-12,0.19195991091314032,0.05594597624433169,0.8887694256328124,7.584897988427251,1.0,0.0
0,2,0.9,0.1,22200,0.8,4.0,1.0,2.1139895389765684e-12,0.11940423162583519,0.03279086288774661,0.8725672909734926,6.820689545904419,1.0,0.0
0,2,0.9,0.1,22200,0.8,4.0,0.0,1.3027634526707743e-12,0.19195991091314032,0.05594597624433169,0.8887694256328124,7.584897988427251,1.0,0.0
0,2,0.9,0.1,22200,0.8,8.0,1.0,2.1040530429061732e-12,0.0960467706013363,0.02597515746586296,0.8720072195859665,6.459137961674084,1.0,0.0
0,2,0.9,0.1,22200,0.8,8.0,0.0,1.3027634526707743e-12,0.19195991091314032,0.05594597624433169,0.8887694256328124,7.584897988427251,1.0,0.0
0,2,0.9,0.1,22200,1.0,2.0,1.0,1.1121242815548271e-12,0.10430400890868596,0.02864758695833107,0.8641601964127507,6.83160148307111,1.0,0.0
0,2,0.9,0.1,22200,1.0,2.0,0.0,9.287570712501747e-13,0.13251670378619154,0.03764695199787213,0.8711831438646879,7.223840141304347,1.0,0.0
0,2,0.9,0.1,22200,1.0,4.0,1.0,1.2232992396832287e-12,0.09051781737193763,0.024351712737368487,0.8617816430237938,6.613864435714074,1.0,0.0
0,2,0.9,0.1,22200,1.0,4.0,0.0,9.287570712501747e-13,0.13251670378619154,0.03764695199787213,0.8711831438646879,7.223840141304347,1.0,0.0
0,2,0.9,0.1,22200,1.0,8.0,1.0,1.6609907893538889e-12,0.07332962138084632,0.019743712995525554,0.8613415087681622,6.377041575372216,1.0,0.0
0,2,0.9,0.1,22200,1.0,8.0,0.0,9.287570712501747e-13,0.13251670378619154,0.03764695199787213,0.8711831438646879,7.223840141304347,1.0,0.0
0,2,0.9,0.1,22200,1.2,2.0,1.0,7.477421459789468e-13,0.07473273942093542,0.020373214624606922,0.8509792225490256,6.694877780946835,1.0,0.0
0,2,0.9,0.1,22200,1.2,2.0,0.0,6.434922039666446e-13,0.0903173719376392,0.025028048561355383,0.8543896237405282,6.932513147175479,1.0,0.0
0,2,0.9,0.1,22200,1.2,4.0,1.0,8.892227232326633e-13,0.06558463251670378,0.017823140940788157,0.8498197436303107,6.580708149873098,1.0,0.0
0,2,0.9,0.1,22200,1.2,4.0,0.0,6.434922039666446e-13,0.0903173719376392,0.025028048561355383,0.8543896237405282,6.932513147175479,1.0,0.0
0,2,0.9,0.1,22200,1.2,8.0,1.0,8.693150366223534e-13,0.054348552338530066,0.014882183896158665,0.8488404125290241,6.489809242561979,1.0,0.0
0,2,0.9,0.1,22200,1.2,8.0,0.0,6.434922039666446e-13,0.0903173719376392,0.025028048561355383,0.8543896237405282,6.932513147175479,1.0,0.0
0,2,0.9,0.4,22201,0.8,2.0,1.0,3.5149522181754378e-12,0.22017260579064588,0.08279851148399452,0.9423453095187792,0.35051427593829604,0.925,0.0
0,2,0.9,0.4,22201,0.8,2.0,0.0,3.262140557680482e-12,0.324315144766147,0.12564109917399163,0.9541077216098893,0.34557465999641623,0.95,0.0
0,2,0.9,0.4,22201,0.8,4.0,1.0,4.62939409029417e-12,0.18234966592427618,0.06735862597681207,0.9377673264484045,0.34987173350903783,0.9,0.0
0,2,0.9,0.4,22201,0.8,4.0,0.0,3.262140557680482e-12,0.324315144766147,0.12564109917399163,0.9541077216098893,0.34557465999641623,0.95,0.0
0,2,0.9,0.4,22201,0.8,8.0,1.0,5.890232745997537e-12,0.14430400890868597,0.05255438651742646,0.9325246981645372,0.35728903859331956,0.9,0.0
0,2,0.9,0.4,22201,0.8,8.0,0.0,3.262140557680482e-12,0.324315144766147,0.12564109917399163,0.9541077216098893,0.34557465999641623,0.95,0.0
0,2,0.9,0.4,22201,1.0,2.0,1.0,2.948974398009341e-12,0.18035634743875278,0.06657271311863472,0.934223852428094,0.3477353293995048,0.9,0.0
0,2,0.9,0.4,22201,1.0,2.0,0.0,2.6028346145068326e-12,0.2501224944320713,0.09482750131092435,0.9449856060101591,0.3400330830787523,0.925,0.0
0,2,0.9,0.4,22201,1.0,4.0,1.0,4.456865432267421e-12,0.15173162583518932,0.055104506064643906,0.929575124904429,0.3483797045983826,0.9,0.0
0,2,0.9,0.4,22201,1.0,4.0,0.0,2.6028346145068326e-12,0.2501224944320713,0.09482750131092435,0.9449856060101591,0.3400330830787523,0.925,0.0
0,2,0.9,0.4,22201,1.0,8.0,1.0,4.389155705553094e-12,0.12217706013363029,0.04360053054009382,0.9243809517268188,0.3536246192353897,0.85,0.0
0,2,0.9,0.4,22201,1.0,8.0,0.0,2.6028346145068326e-12,0.2501224944320713,0.09482750131092435,0.9449856060101591,0.3400330830787523,0.925,0.0
0,2,0.9,0.4,22201,1.2,2.0,1.0,2.7386565237819127e-12,0.14566258351893097,0.05284568176684178,0.9254032186121284,0.34514301672520603,0.875,0.0
0,2,0.9,0.4,22201,1.2,2.0,0.0,2.071898208555467e-12,0.19120267260579066,0.07103630813544684,0.9344363665666053,0.33849847070531075,0.925,0.0
0,2,0.9,0.4,22201,1.2,4.0,1.0,2.4658955433132235e-12,0.12481069042316259,0.044544949612174006,0.9214314142997387,0.34440483822026474,0.85,0.0
0,2,0.9,0.4,22201,1.2,4.0,0.0,2.071898208555467e-12,0.19120267260579066,0.07103630813544684,0.9344363665666053,0.33849847070531075,0.925,0.0
0,2,0.9,0.4,22201,1.2,8.0,1.0,2.7976718164346437e-12,0.10230512249443208,0.035786372238687095,0.9164749272312755,0.3476862559036426,0.85,0.0
0,2,0.9,0.4,22201,1.2,8.0,0.0,2.071898208555467e-12,0.19120267260579066,0.07103630813544684,0.9344363665666053,0.33849847070531075,0.925,0.0
0,3,0.25,0.1,23000,0.8,2.0,1.0,1.3734291481881655e-12,0.12497772828507796,0.034001042798943705,0.2858191776470691,36.55607785683175,1.0,0.0
0,3,0.25,0.1,23000,0.8,2.0,0.0,1.1005918398865333e-12,0.1650501113585746,0.046343374624663224,0.3409126331978615,37.03409421094664,1.0,0.0
0,3,0.25,0.1,23000,0.8,4.0,1.0,1.5129078545506047e-12,0.10576280623608018,0.028430113748402958,0.2588363502070335,36.40146077004751,1.0,0.0
0,3,0.25,0.1,23000,0.8,4.0,0.0,1.1005918398865333e-12,0.1650501113585746,0.046343374624663224,0.3409126331978615,37.03409421094664,1.0,0.0
0,3,0.25,0.1,23000,0.8,8.0,1.0,1.710121627640504e-12,0.08504454342984409,0.022688555801708303,0.2312961646873139,36.25884717045463,1.0,0.0
0,3,0.25,0.1,23000,0.8,8.0,0.0,1.1005918398865333e-12,0.1650501113585746,0.046343374624663224,0.3409126331978615,37.03409421094664,1.0,0.0
0,3,0.25,0.1,23000,1.0,2.0,1.0,8.90586215884781e-13,0.0897271714922049,0.024239256358277197,0.24557674929652584,35.057554506167406,1.0,0.0
0,3,0.25,0.1,23000,1.0,2.0,0.0,7.747066876895303e-13,0.1112750556792873,0.030831345712586073,0.2862732896869633,34.638239196943644,1.0,0.0
0,3,0.25,0.1,23000,1.0,4.0,1.0,9.642078802052367e-13,0.07687639198218263,0.020845942323568258,0.22405558319866467,35.34790650452543,1.0,0.0
0,3,0.25,0.1,23000,1.0,4.0,0.0,7.747066876895303e-13,0.1112750556792873,0.030831345712586073,0.2862732896869633,34.638239196943644,1.0,0.0
0,3,0.25,0.1,23000,1.0,8.0,1.0,1.1640029218273895e-12,0.06266703786191537,0.01709127951279336,0.2013834122416506,35.48822343644431,1.0,0.0
0,3,0.25,0.1,23000,1.0,8.0,0.0,7.747066876895303e-13,0.1112750556792873,0.030831345712586073,0.2862732896869633,34.638239196943644,1.0,0.0
0,3,0.25,0.1,23000,1.2,2.0,1.0,5.312590645178972e-13,0.06148106904231626,0.017092534335242715,0.2118718945744228,34.29146476761025,1.0,0.0
0,3,0.25,0.1,23000,1.2,2.0,0.0,5.54382928452668e-13,0.07396436525612472,0.020420801200810565,0.23763443350092064,33.364641666102365,1.0,0.0
0,3,0.25,0.1,23000,1.2,4.0,1.0,6.137416963536424e-13,0.05420378619153675,0.015144355441374826,0.19715846900826947,34.50291803122453,1.0,0.0
0,3,0.25,0.1,23000,1.2,4.0,0.0,5.54382928452668e-13,0.07396436525612472,0.020420801200810565,0.23763443350092064,33.364641666102365,1.0,0.0
0,3,0.25,0.1,23000,1.2,8.0,1.0,7.676533020362086e-13,0.04561247216035635,0.012796279545582363,0.17862590759580504,34.87069713356658,1.0,0.0
0,3,0.25,0.1,23000,1.2,8.0,0.0,5.54382928452668e-13,0.07396436525612472,0.020420801200810565,0.23763443350092064,33.364641666102365,1.0,0.0
0,3,0.25,0.4,23001,0.8,2.0,1.0,3.95605770364682e-12,0.20864699331848552,0.07979538047518135,0.5923504628512266,2.531801954560013,1.0,0.0
0,3,0.25,0.4,23001,0.8,2.0,0.0,3.4852953856301383e-12,0.31015033407572384,0.12253676836005445,0.6518156370228633,2.660780889898638,1.0,0.0
0,3,0.25,0.4,23001,0.8,4.0,1.0,5.024772264938804e-12,0.1710356347438753,0.0647793272348866,0.5768377899976629,2.4551144288057745,1.0,0.0
0,3,0.25,0.4,23001,0.8,4.0,0.0,3.4852953856301383e-12,0.31015033407572384,0.12253676836005445,0.6518156370228633,2.660780889898638,1.0,0.0
0,3,0.25,0.4,23001,0.8,8.0,1.0,4.8991366519146595e-12,0.13534521158129176,0.05047721789425289,0.5663296602444513,2.3680455330009864,1.0,0.0
0,3,0.25,0.4,23001,0.8,8.0,0.0,3.4852953856301383e-12,0.31015033407572384,0.12253676836005445,0.6518156370228633,2.660780889898638,1.0,0.0
0,3,0.25,0.4,23001,1.0,2.0,1.0,2.8610447344590284e-12,0.1700556792873051,0.06462368956710474,0.5640620544997402,2.3902328528886203,1.0,0.0
0,3,0.25,0.4,23001,1.0,2.0,0.0,2.894212647319705e-12,0.2390924276169265,0.09343428260631799,0.6118687329871147,2.4793545753484496,1.0,0.0
0,3,0.25,0.4,23001,1.0,4.0,1.0,4.004033216098435e-12,0.14185412026726057,0.05331397821186636,0.5495879080106556,2.3348235541450904,1.0,0.0
0,3,0.25,0.4,23001,1.0,4.0,0.0,2.894212647319705e-12,0.2390924276169265,0.09343428260631799,0.6118687329871147,2.4793545753484496,1.0,0.0
0,3,0.25,0.4,23001,1.0,8.0,1.0,4.710218326486881e-12,0.1139977728285078,0.04207420767359713,0.538211878846912,2.2642490374859596,1.0,0.0
0,3,0.25,0.4,23001,1.0,8.0,0.0,2.894212647319705e-12,0.2390924276169265,0.09343428260631799,0.6118687329871147,2.4793545753484496,1.0,0.0
0,3,0.25,0.4,23001,1.2,2.0,1.0,2.846792246380403e-12,0.13746102449888642,0.05187658099029286,0.5364085288381664,2.2573474924568684,1.0,0.0
0,3,0.25,0.4,23001,1.2,2.0,0.0,2.4050761382454766e-12,0.18281180400890867,0.07099812968620098,0.5752787194390659,2.303139400464375,1.0,0.0
0,3,0.25,0.4,23001,1.2,4.0,1.0,2.8429203435820227e-12,0.11694320712694878,0.043521562410096686,0.5224628534001308,2.222805422957573,1.0,0.0
0,3,0.25,0.4,23001,1.2,4.0,0.0,2.4050761382454766e-12,0.18281180400890867,0.07099812968620098,0.5752787194390659,2.303139400464375,1.0,0.0
0,3,0.25,0.4,23001,1.2,8.0,1.0,3.533041914582924e-12,0.0946826280623608,0.034858169390909674,0.510528082431871,2.1679549832223572,1.0,0.0
0,3,0.25,0.4,23001,1.2,8.0,0.0,2.4050761382454766e-12,0.18281180400890867,0.07099812968620098,0.5752787194390659,2.303139400464375,1.0,0.0
0,3,0.6,0.1,23100,0.8,2.0,1.0,1.333530508240699e-12,0.12430957683741647,0.03193893661338519,0.5217978874728341,22.048848742609735,1.0,0.0
0,3,0.6,0.1,23100,0.8,2.0,0.0,9.892919816678614e-13,0.16452115812917595,0.043651253995353315,0.5542896304199866,22.515458256167257,1.0,0.0
0,3,0.6,0.1,23100,0.8,4.0,1.0,1.3499618090051513e-12,0.10423162583518931,0.026666693767718026,0.5114044729941839,21.477069693648566,1.0,0.0
0,3,0.6,0.1,23100,0.8,4.0,0.0,9.892919816678614e-13,0.16452115812917595,0.043651253995353315,0.5542896304199866,22.515458256167257,1.0,0.0
0,3,0.6,0.1,23100,0.8,8.0,1.0,1.7068811641873793e-12,0.08373608017817372,0.02119369688278625,0.5023387702166898,20.737005489607533,1.0,0.0
0,3,0.6,0.1,23100,0.8,8.0,0.0,9.892919816678614e-13,0.16452115812917595,0.043651253995353315,0.5542896304199866,22.515458256167257,1.0,0.0
0,3,0.6,0.1,23100,1.0,2.0,1.0,7.024450465742405e-13,0.08693207126948775,0.02215158141654267,0.49942217195767885,20.146608145037938,1.0,0.0
0,3,0.6,0.1,23100,1.0,2.0,0.0,6.625325288389661e-13,0.10933184855233853,0.028096009742945204,0.5148421759291019,20.31292304634179,1.0,0.0
0,3,0.6,0.1,23100,1.0,4.0,1.0,8.545247842661752e-13,0.07466035634743876,0.019061760676039336,0.4940877007136239,19.876025939724947,1.0,0.0
0,3,0.6,0.1,23100,1.0,4.0,0.0,6.625325288389661e-13,0.10933184855233853,0.028096009742945204,0.5148421759291019,20.31292304634179,1.0,0.0
0,3,0.6,0.1,23100,1.0,8.0,1.0,9.004533230161371e-13,0.06133630289532294,0.015577867891212733,0.48650419963146746,19.480547648238822,1.0,0.0
0,3,0.6,0.1,23100,1.0,8.0,0.0,6.625325288389661e-13,0.10933184855233853,0.028096009742945204,0.5148421759291019,20.31292304634179,1.0,0.0
0,3,0.6,0.1,23100,1.2,2.0,1.0,4.290109933968722e-13,0.05967706013363029,0.015047069822027382,0.48526105228871397,18.469909728336106,1.0,0.0
0,3,0.6,0.1,23100,1.2,2.0,0.0,4.3713990760529953e-13,0.07074053452115812,0.017854997620932463,0.491071698002713,18.44511288209932,1.0,0.0
0,3,0.6,0.1,23100,1.2,4.0,1.0,4.710364043258863e-13,0.052789532293986634,0.01334705899028556,0.4816990939824321,18.458132768284933,1.0,0.0
0,3,0.6,0.1,23100,1.2,4.0,0.0,4.3713990760529953e-13,0.07074053452115812,0.017854997620932463,0.491071698002713,18.44511288209932,1.0,0.0
0,3,0.6,0.1,23100,1.2,8.0,1.0,6.354118620155447e-13,0.04486636971046771,0.011255588765831723,0.4733320078029483,18.373379235253203,1.0,0.0
0,3,0.6,0.1,23100,1.2,8.0,0.0,4.3713990760529953e-13,0.07074053452115812,0.017854997620932463,0.491071698002713,18.44511288209932,1.0,0.0
0,3,0.6,0.4,23101,0.8,2.0,1.0,4.105674134002868e-12,0.20068485523385302,0.06822460372881328,0.8734633908666941,0.6238740051025704,1.0,0.0
0,3,0.6,0.4,23101,0.8,2.0,0.0,3.1029900871004656e-12,0.2934075723830735,0.10329431765233273,0.8896269981254564,0.6401840732370463,1.0,0.0
0,3,0.6,0.4,23101,0.8,4.0,1.0,3.313072038935161e-12,0.1656347438752784,0.055486351408281585,0.8629061719299527,0.6250881779922791,1.0,0.0
0,3,0.6,0.4,23101,0.8,4.0,0.0,3.1029900871004656e-12,0.2934075723830735,0.10329431765233273,0.8896269981254564,0.6401840732370463,1.0,0.0
0,3,0.6,0.4,23101,0.8,8.0,1.0,4.933151109831613e-12,0.13055679287305122,0.04321151220139104,0.8492476455881114,0.6223991455419895,1.0,0.0
0,3,0.6,0.4,23101,0.8,8.0,0.0,3.1029900871004656e-12,0.2934075723830735,0.10329431765233273,0.8896269981254564,0.6401840732370463,1.0,0.0
0,3,0.6,0.4,23101,1.0,2.0,1.0,2.787020614292146e-12,0.158869710467706,0.053189385077954704,0.8625760183437011,0.5866592418769881,1.0,0.0
0,3,0.6,0.4,23101,1.0,2.0,0.0,2.4703017409422046e-12,0.21798440979955458,0.07521384262169767,0.8780804765407144,0.5818714280942562,1.0,0.0
0,3,0.6,0.4,23101,1.0,4.0,1.0,3.4615643684787756e-12,0.1331792873051225,0.0441075168194389,0.8519956439302485,0.5905122253966455,1.0,0.0
0,3,0.6,0.4,23101,1.0,4.0,0.0,2.4703017409422046e-12,0.21798440979955458,0.07521384262169767,0.8780804765407144,0.5818714280942562,1.0,0.0
0,3,0.6,0.4,23101,1.0,8.0,1.0,3.3946179200938786e-12,0.10684855233853006,0.03490125579578079,0.8369594293256437,0.5926958966649347,1.0,0.0
0,3,0.6,0.4,23101,1.0,8.0,0.0,2.4703017409422046e-12,0.21798440979955458,0.07521384262169767,0.8780804765407144,0.5818714280942562,1.0,0.0
0,3,0.6,0.4,23101,1.2,2.0,1.0,1.6065482277838328e-12,0.12363028953229399,0.04090299194420285,0.8511868636722214,0.5528671571743362,1.0,0.0
0,3,0.6,0.4,23101,1.2,2.0,0.0,1.9512447213543282e-12,0.16046770601336302,0.05437488460009293,0.8660029154577521,0.536272103966086,1.0,0.0
0,3,0.6,0.4,23101,1.2,4.0,1.0,1.6978640715592519e-12,0.10546770601336303,0.03463043540970059,0.8395476753490833,0.56342596633076,1.0,0.0
0,3,0.6,0.4,23101,1.2,4.0,0.0,1.9512447213543282e-12,0.16046770601336302,0.05437488460009293,0.8660029154577521,0.536272103966086,1.0,0.0
0,3,0.6,0.4,23101,1.2,8.0,1.0,2.975737711796711e-12,0.08614699331848552,0.027909281945582586,0.8238560846234285,0.5684685911214554,1.0,0.0
0,3,0.6,0.4,23101,1.2,8.0,0.0,1.9512447213543282e-12,0.16046770601336302,0.05437488460009293,0.8660029154577521,0.536272103966086,1.0,0.0
0,3,0.9,0.1,23200,0.8,2.0,1.0,1.6685264281335321e-12,0.17334075723830736,0.054223760885074856,0.8971411761892014,7.740007902186353,1.0,0.0
0,3,0.9,0.1,23200,0.8,2.0,0.0,1.3625628403346468e-12,0.24055679287305123,0.0757329566630857,0.9028085637713003,8.046809836822284,1.0,0.0
0,3,0.9,0.1,23200,0.8,4.0,1.0,2.0528787003648574e-12,0.1470044543429844,0.04519488999532406,0.8954912628357345,7.384159334283798,1.0,0.0
0,3,0.9,0.1,23200,0.8,4.0,0.0,1.3625628403346468e-12,0.24055679287305123,0.0757329566630857,0.9028085637713003,8.046809836822284,1.0,0.0
0,3,0.9,0.1,23200,0.8,8.0,1.0,2.1490656476608194e-12,0.11579621380846325,0.03586001684138234,0.8884096753902271,7.572699642289234,1.0,0.0
0,3,0.9,0.1,23200,0.8,8.0,0.0,1.3625628403346468e-12,0.24055679287305123,0.0757329566630857,0.9028085637713003,8.046809836822284,1.0,0.0
0,3,0.9,0.1,23200,1.0,2.0,1.0,1.2514850267208999e-12,0.1303674832962138,0.04068415670064325,0.8867509191139896,7.524545267047242,1.0,0.0
0,3,0.9,0.1,23200,1.0,2.0,0.0,9.78106484694763e-13,0.16829621380846324,0.05291491490788789,0.8897620133942911,7.870792178067579,1.0,0.0
0,3,0.9,0.1,23200,1.0,4.0,1.0,1.240708924488132e-12,0.112043429844098,0.03465367806865341,0.884416015034554,7.339509841845427,1.0,0.0
0,3,0.9,0.1,23200,1.0,4.0,0.0,9.78106484694763e-13,0.16829621380846324,0.05291491490788789,0.8897620133942911,7.870792178067579,1.0,0.0
0,3,0.9,0.1,23200,1.0,8.0,1.0,1.4998141617539318e-12,0.08994988864142539,0.028061057575632507,0.8754581231157584,7.661630621065722,1.0,0.0
0,3,0.9,0.1,23200,1.0,8.0,0.0,9.78106484694763e-13,0.16829621380846324,0.05291491490788789,0.8897620133942911,7.870792178067579,1.0,0.0
0,3,0.9,0.1,23200,1.2,2.0,1.0,8.414102747877905e-13,0.0959966592427617,0.030194715281310267,0.8771186382234933,7.201784467781427,1.0,0.0
0,3,0.9,0.1,23200,1.2,2.0,0.0,7.131309431862576e-13,0.11635300668151448,0.0370977398899603,0.8788630618799842,7.467111046738068,1.0,0.0
0,3,0.9,0.1,23200,1.2,4.0,1.0,9.412054469137843e-13,0.0833184855233853,0.02634537018124347,0.8736820181648075,7.184992656723906,1.0,0.0
0,3,0.9,0.1,23200,1.2,4.0,0.0,7.131309431862576e-13,0.11635300668151448,0.0370977398899603,0.8788630618799842,7.467111046738068,1.0,0.0
0,3,0.9,0.1,23200,1.2,8.0,1.0,1.0164785679833699e-12,0.06815144766146994,0.021861767303802807,0.8616094598524175,7.719775254268016,1.0,0.0
0,3,0.9,0.1,23200,1.2,8.0,0.0,7.131309431862576e-13,0.11635300668151448,0.0370977398899603,0.8788630618799842,7.467111046738068,1.0,0.0
0,3,0.9,0.4,23201,0.8,2.0,1.0,3.0695862518470562e-12,0.20398106904231625,0.06636086612264362,0.9066777032531431,0.4713643673017476,0.85,0.0
0,3,0.9,0.4,23201,0.8,2.0,0.0,2.8245461525244764e-12,0.2973273942093541,0.10249548119109704,0.9248824268585896,0.47712372652655455,0.85,0.0
0,3,0.9,0.4,23201,0.8,4.0,1.0,4.295216959881998e-12,0.16785634743875277,0.05358228857639435,0.9013773868953026,0.46125074088745455,0.825,0.0
0,3,0.9,0.4,23201,0.8,4.0,0.0,2.8245461525244764e-12,0.2973273942093541,0.10249548119109704,0.9248824268585896,0.47712372652655455,0.85,0.0
0,3,0.9,0.4,23201,0.8,8.0,1.0,4.903542849543641e-12,0.13246102449888641,0.04150430505119161,0.8966000174493346,0.44654070516749295,0.825,0.0
0,3,0.9,0.4,23201,0.8,8.0,0.0,2.8245461525244764e-12,0.2973273942093541,0.10249548119109704,0.9248824268585896,0.47712372652655455,0.85,0.0
0,3,0.9,0.4,23201,1.0,2.0,1.0,2.701394663517931e-12,0.16138084632516703,0.051137509609302086,0.8965934749846127,0.45685979539118143,0.825,0.0
0,3,0.9,0.4,23201,1.0,2.0,0.0,2.1650459203215178e-12,0.22138641425389755,0.0736980813908293,0.9113392624236366,0.4656402947856476,0.825,0.0
0,3,0.9,0.4,23201,1.0,4.0,1.0,3.0460842181945225e-12,0.13515033407572383,0.042090784650554186,0.8917938957913462,0.44621841383161476,0.8,0.0
0,3,0.9,0.4,23201,1.0,4.0,0.0,2.1650459203215178e-12,0.22138641425389755,0.0736980813908293,0.9113392624236366,0.4656402947856476,0.825,0.0
0,3,0.9,0.4,23201,1.0,8.0,1.0,3.5974070944355674e-12,0.10781180400890869,0.03312084446373696,0.8878590728114352,0.42781172605128465,0.8,0.0
0,3,0.9,0.4,23201,1.0,8.0,0.0,2.1650459203215178e-12,0.22138641425389755,0.0736980813908293,0.9113392624236366,0.4656402947856476,0.825,0.0
0,3,0.9,0.4,23201,1.2,2.0,1.0,1.957919937289887e-12,0.12458240534521157,0.038687478886732816,0.8879255762791496,0.4354650803644742,0.775,0.0
0,3,0.9,0.4,23201,1.2,2.0,0.0,1.6297657667863064e-12,0.1619097995545657,0.05230603311217407,0.8982377779983131,0.4500008714484059,0.775,0.0
0,3,0.9,0.4,23201,1.2,4.0,1.0,1.944097660633304e-12,0.10605233853006682,0.032537850068677474,0.8844958103766095,0.4231290948227327,0.8,0.0
0,3,0.9,0.4,23201,1.2,4.0,0.0,1.6297657667863064e-12,0.1619097995545657,0.05230603311217407,0.8982377779983131,0.4500008714484059,0.775,0.0
0,3,0.9,0.4,23201,1.2,8.0,1.0,2.491215567168581e-12,0.08630289532293986,0.02607253539887487,0.8809940493021886,0.40492369880148177,0.825,0.0
0,3,0.9,0.4,23201,1.2,8.0,0.0,1.6297657667863064e-12,0.1619097995545657,0.05230603311217407,0.8982377779983131,0.4500008714484059,0.775,0.0
0,4,0.25,0.1,24000,0.8,2.0,1.0,1.6434908989282349e-12,0.15977728285077952,0.051396152707988564,0.3685058705766539,44.54646658027884,1.0,0.0
0,4,0.25,0.1,24000,0.8,2.0,0.0,1.2764928003505815e-12,0.21580734966592427,0.07074074783174374,0.41255395469805844,46.846225799380846,1.0,0.0
0,4,0.25,0.1,24000,0.8,4.0,1.0,1.8073736951507158e-12,0.13771158129175948,0.04275243832990488,0.3440046096893334,43.13099135497257,1.0,0.0
0,4,0.25,0.1,24000,0.8,4.0,0.0,1.2764928003505815e-12,0.21580734966592427,0.07074074783174374,0.41255395469805844,46.846225799380846,1.0,0.0
0,4,0.25,0.1,24000,0.8,8.0,1.0,2.2250673525903153e-12,0.11020601336302896,0.03381161936383924,0.30959792498459376,42.86751672618878,1.0,0.0
0,4,0.25,0.1,24000,0.8,8.0,0.0,1.2764928003505815e-12,0.21580734966592427,0.07074074783174374,0.41255395469805844,46.846225799380846,1.0,0.0
0,4,0.25,0.1,24000,1.0,2.0,1.0,1.1776343789016153e-12,0.12478285077951003,0.038640234004083354,0.32708256970336147,39.90042394774733,1.0,0.0
0,4,0.25,0.1,24000,1.0,2.0,0.0,9.21401843712033e-13,0.15488864142538974,0.05002780549485078,0.3641729295403239,41.67149146150201,1.0,0.0
0,4,0.25,0.1,24000,1.0,4.0,1.0,1.314309772126876e-12,0.1086358574610245,0.03275873896314704,0.30356436940617904,39.41622175024735,1.0,0.0
0,4,0.25,0.1,24000,1.0,4.0,0.0,9.21401843712033e-13,0.15488864142538974,0.05002780549485078,0.3641729295403239,41.67149146150201,1.0,0.0
0,4,0.25,0.1,24000,1.0,8.0,1.0,1.517980185994361e-12,0.08729955456570156,0.02643057235501396,0.27170869775884676,39.43314065869287,1.0,0.0
0,4,0.25,0.1,24000,1.0,8.0,0.0,9.21401843712033e-13,0.15488864142538974,0.05002780549485078,0.3641729295403239,41.67149146150201,1.0,0.0
0,4,0.25,0.1,24000,1.2,2.0,1.0,7.59774188008322e-13,0.09419265033407573,0.028430938845235076,0.2801124934964485,36.34073517283995,1.0,0.0
0,4,0.25,0.1,24000,1.2,2.0,0.0,6.650652251138922e-13,0.11224387527839644,0.03500979439107926,0.31138685285306217,36.8053082730638,1.0,0.0
0,4,0.25,0.1,24000,1.2,4.0,1.0,8.189213196452272e-13,0.08251670378619154,0.0246783151329111,0.2602146462032657,36.25605407720656,1.0,0.0
0,4,0.25,0.1,24000,1.2,4.0,0.0,6.650652251138922e-13,0.11224387527839644,0.03500979439107926,0.31138685285306217,36.8053082730638,1.0,0.0
0,4,0.25,0.1,24000,1.2,8.0,1.0,9.292254465886884e-13,0.06830734966592428,0.020385108097402464,0.23136938065880744,36.30979097918304,1.0,0.0
0,4,0.25,0.1,24000,1.2,8.0,0.0,6.650652251138922e-13,0.11224387527839644,0.03500979439107926,0.31138685285306217,36.8053082730638,1.0,0.0
0,4,0.25,0.4,24001,0.8,2.0,1.0,3.0792729477369107e-12,0.2028118040089087,0.07030540701701816,0.5135405855241131,2.737760063721899,1.0,0.0
0,4,0.25,0.4,24001,0.8,2.0,0.0,2.823602462953545e-12,0.2975501113585746,0.10643629459948,0.5750712423469964,2.8837433722083,1.0,0.0
0,4,0.25,0.4,24001,0.8,4.0,1.0,4.444333789876964e-12,0.16803452115812917,0.05704072110642727,0.4983668209806104,2.6060393907193062,1.0,0.0
0,4,0.25,0.4,24001,0.8,4.0,0.0,2.823602462953545e-12,0.2975501113585746,0.10643629459948,0.5750712423469964,2.8837433722083,1.0,0.0
0,4,0.25,0.4,24001,0.8,8.0,1.0,3.751221555603479e-12,0.1328229398663697,0.044222429880522884,0.4894013929496852,2.4553255928426188,1.0,0.0
0,4,0.25,0.4,24001,0.8,8.0,0.0,2.823602462953545e-12,0.2975501113585746,0.10643629459948,0.5750712423469964,2.8837433722083,1.0,0.0
0,4,0.25,0.4,24001,1.0,2.0,1.0,2.371075558116331e-12,0.16188752783964366,0.05501171053542923,0.4788259188288287,2.5515468529175287,1.0,0.0
0,4,0.25,0.4,24001,1.0,2.0,0.0,2.2404023081179503e-12,0.22196547884187082,0.07795878424993274,0.5222404482449188,2.6959275935219558,1.0,0.0
0,4,0.25,0.4,24001,1.0,4.0,1.0,2.8137076002465733e-12,0.13629175946547883,0.04545070269701206,0.46681642585318495,2.436362954007621,1.0,0.0
0,4,0.25,0.4,24001,1.0,4.0,0.0,2.2404023081179503e-12,0.22196547884187082,0.07795878424993274,0.5222404482449188,2.6959275935219558,1.0,0.0
0,4,0.25,0.4,24001,1.0,8.0,1.0,2.888828065650273e-12,0.10951559020044543,0.035766075508195404,0.45853898373955077,2.307575790248978,1.0,0.0
0,4,0.25,0.4,24001,1.0,8.0,0.0,2.2404023081179503e-12,0.22196547884187082,0.07795878424993274,0.5222404482449188,2.6959275935219558,1.0,0.0
0,4,0.25,0.4,24001,1.2,2.0,1.0,2.1494472868255343e-12,0.12716035634743875,0.04242426039571399,0.44614184171180193,2.3701947159248866,1.0,0.0
0,4,0.25,0.4,24001,1.2,2.0,0.0,1.7815332542525653e-12,0.16525055679287304,0.05666845067262333,0.4764733230777259,2.488869211817302,1.0,0.0
0,4,0.25,0.4,24001,1.2,4.0,1.0,1.9130044770498955e-12,0.10922048997772829,0.03573978039998362,0.4361518205616191,2.2819995688875196,1.0,0.0
0,4,0.25,0.4,24001,1.2,4.0,0.0,1.7815332542525653e-12,0.16525055679287304,0.05666845067262333,0.4764733230777259,2.488869211817302,1.0,0.0
0,4,0.25,0.4,24001,1.2,8.0,1.0,2.47931536412338e-12,0.08931514476614699,0.028606102059557575,0.42890373686208544,2.175630826375369,1.0,0.0
0,4,0.25,0.4,24001,1.2,8.0,0.0,1.7815332542525653e-12,0.16525055679287304,0.05666845067262333,0.4764733230777259,2.488869211817302,1.0,0.0
0,4,0.6,0.1,24100,0.8,2.0,1.0,1.560307438808195e-12,0.14050668151447662,0.04094260158220749,0.6993650252220954,17.981341686468458,1.0,0.0
0,4,0.6,0.1,24100,0.8,2.0,0.0,1.2963380369157562e-12,0.1875,0.05517165093370743,0.7132560228521629,19.064567979024034,1.0,0.0
0,4,0.6,0.1,24100,0.8,4.0,1.0,1.5439871603462052e-12,0.12020044543429845,0.03448048994879556,0.6916446794265696,17.294743081166242,1.0,0.0
0,4,0.6,0.1,24100,0.8,4.0,0.0,1.2963380369157562e-12,0.1875,0.05517165093370743,0.7132560228521629,19.064567979024034,1.0,0.0
0,4,0.6,0.1,24100,0.8,8.0,1.0,2.067866711197297e-12,0.09811804008908687,0.027566541060250305,0.6811790342322741,16.368957847755052,1.0,0.0
0,4,0.6,0.1,24100,0.8,8.0,0.0,1.2963380369157562e-12,0.1875,0.05517165093370743,0.7132560228521629,19.064567979024034,1.0,0.0
0,4,0.6,0.1,24100,1.0,2.0,1.0,8.877273915963713e-13,0.10286191536748329,0.029756381888528225,0.68399727095323,16.29350245817983,1.0,0.0
0,4,0.6,0.1,24100,1.0,2.0,0.0,9.174327963989981e-13,0.1270824053452116,0.037510385872602144,0.6937129382721519,16.8322057651882,1.0,0.0
0,4,0.6,0.1,24100,1.0,4.0,1.0,1.166663987639538e-12,0.089771714922049,0.025679437344019215,0.6776268234481266,15.878085110591869,1.0,0.0
0,4,0.6,0.1,24100,1.0,4.0,0.0,9.174327963989981e-13,0.1270824053452116,0.037510385872602144,0.6937129382721519,16.8322057651882,1.0,0.0
0,4,0.6,0.1,24100,1.0,8.0,1.0,1.2319936737448245e-12,0.07447661469933185,0.020993235808559874,0.667102242151323,15.144308931569467,1.0,0.0
0,4,0.6,0.1,24100,1.0,8.0,0.0,9.174327963989981e-13,0.1270824053452116,0.037510385872602144,0.6937129382721519,16.8322057651882,1.0,0.0
0,4,0.6,0.1,24100,1.2,2.0,1.0,6.671711794137281e-13,0.07268930957683742,0.02133368526050321,0.6740243686297772,14.584670869326267,1.0,0.0
0,4,0.6,0.1,24100,1.2,2.0,0.0,6.476000291577577e-13,0.08662583518930958,0.025412862347813314,0.6807301464757991,14.70037016198413,1.0,0.0
0,4,0.6,0.1,24100,1.2,4.0,1.0,6.638925520441319e-13,0.06476614699331848,0.018895945544140147,0.6684439430829751,14.319626924976964,1.0,0.0
0,4,0.6,0.1,24100,1.2,4.0,0.0,6.476000291577577e-13,0.08662583518930958,0.025412862347813314,0.6807301464757991,14.70037016198413,1.0,0.0
0,4,0.6,0.1,24100,1.2,8.0,1.0,9.619804952620825e-13,0.0551336302895323,0.015853663987999915,0.6580309260483191,13.912884235898659,1.0,0.0
0,4,0.6,0.1,24100,1.2,8.0,0.0,6.476000291577577e-13,0.08662583518930958,0.025412862347813314,0.6807301464757991,14.70037016198413,1.0,0.0
0,4,0.6,0.4,24101,0.8,2.0,1.0,4.549444154733351e-12,0.2169543429844098,0.07852986453027516,0.8479889554618527,0.840859028899324,0.975,0.0
0,4,0.6,0.4,24101,0.8,2.0,0.0,3.0304647680168273e-12,0.32262249443207125,0.1222077202925242,0.8749876983537065,0.8596114014897678,0.975,0.0
0,4,0.6,0.4,24101,0.8,4.0,1.0,4.9692194803441225e-12,0.17794543429844098,0.06335758411385932,0.8357691611649315,0.833775514369612,0.975,0.0
0,4,0.6,0.4,24101,0.8,4.0,0.0,3.0304647680168273e-12,0.32262249443207125,0.1222077202925242,0.8749876983537065,0.8596114014897678,0.975,0.0
0,4,0.6,0.4,24101,0.8,8.0,1.0,4.879270598667773e-12,0.13961024498886415,0.04898239232973715,0.8243672468617491,0.8226590280947562,0.975,0.0
0,4,0.6,0.4,24101,0.8,8.0,0.0,3.0304647680168273e-12,0.32262249443207125,0.1222077202925242,0.8749876983537065,0.8596114014897678,0.975,0.0
0,4,0.6,0.4,24101,1.0,2.0,1.0,3.35263761197524e-12,0.17572383073496659,0.0625655977804062,0.8312685181833795,0.8104439860781756,0.975,0.0
0,4,0.6,0.4,24101,1.0,2.0,0.0,2.464223269882382e-12,0.24828507795100221,0.091264715009314,0.8557498359113705,0.813378315556875,0.975,0.0
0,4,0.6,0.4,24101,1.0,4.0,1.0,3.976735607480464e-12,0.146586859688196,0.051360734468934646,0.8194919555978436,0.808002816971842,0.975,0.0
0,4,0.6,0.4,24101,1.0,4.0,0.0,2.464223269882382e-12,0.24828507795100221,0.091264715009314,0.8557498359113705,0.813378315556875,0.975,0.0
0,4,0.6,0.4,24101,1.0,8.0,1.0,3.858614816554251e-12,0.11693207126948775,0.04027863429482983,0.8092661128577436,0.7938583234505493,0.95,0.0
0,4,0.6,0.4,24101,1.0,8.0,0.0,2.464223269882382e-12,0.24828507795100221,0.091264715009314,0.8557498359113705,0.813378315556875,0.975,0.0
0,4,0.6,0.4,24101,1.2,2.0,1.0,2.4706070522739765e-12,0.1407182628062361,0.049182993593327645,0.8141926666054738,0.783925163043215,0.95,0.0
0,4,0.6,0.4,24101,1.2,2.0,0.0,2.008421207122524e-12,0.1887193763919822,0.06750596761343038,0.836165317455168,0.7737144420045033,0.975,0.0
0,4,0.6,0.4,24101,1.2,4.0,1.0,2.5040941542542328e-12,0.11927060133630289,0.04115102844809381,0.8037485537111896,0.7821482080247553,0.95,0.0
0,4,0.6,0.4,24101,1.2,4.0,0.0,2.008421207122524e-12,0.1887193763919822,0.06750596761343038,0.836165317455168,0.7737144420045033,0.975,0.0
0,4,0.6,0.4,24101,1.2,8.0,1.0,3.3101646423894238e-12,0.09669265033407573,0.032806538512618895,0.7946250872533412,0.766667591055408,0.95,0.0
0,4,0.6,0.4,24101,1.2,8.0,0.0,2.008421207122524e-12,0.1887193763919822,0.06750596761343038,0.836165317455168,0.7737144420045033,0.975,0.0
0,4,0.9,0.1,24200,0.8,2.0,1.0,2.035871471406381e-12,0.1819097995545657,0.05817467228538079,0.9217919918218876,5.365212306902928,1.0,0.0
0,4,0.9,0.1,24200,0.8,2.0,0.0,1.752833989066005e-12,0.258641425389755,0.08455338721848517,0.9246151394481186,5.998412557306507,1.0,0.0
0,4,0.9,0.1,24200,0.8,4.0,1.0,2.584335523359016e-12,0.151358574610245,0.04768267717755008,0.9207347867113365,5.069622564607456,1.0,0.0
0,4,0.9,0.1,24200,0.8,4.0,0.0,1.752833989066005e-12,0.258641425389755,0.08455338721848517,0.9246151394481186,5.998412557306507,1.0,0.0
0,4,0.9,0.1,24200,0.8,8.0,1.0,2.6871491143332094e-12,0.11996102449888642,0.0373329378011812,0.919366851286035,4.905088435113808,1.0,0.0
0,4,0.9,0.1,24200,0.8,8.0,0.0,1.752833989066005e-12,0.258641425389755,0.08455338721848517,0.9246151394481186,5.998412557306507,1.0,0.0
0,4,0.9,0.1,24200,1.0,2.0,1.0,1.3749487659531212e-12,0.14407015590200445,0.044021562794426934,0.9139279800730445,4.958562570880291,1.0,0.0
0,4,0.9,0.1,24200,1.0,2.0,0.0,1.2831818940739481e-12,0.1875389755011136,0.05966335751646441,0.9153779057788839,5.472547507529156,1.0,0.0
0,4,0.9,0.1,24200,1.0,4.0,1.0,1.6026069360464135e-12,0.1214532293986637,0.03684323457602744,0.912875492514332,4.816033784701833,1.0,0.0
0,4,0.9,0.1,24200,1.0,4.0,0.0,1.2831818940739481e-12,0.1875389755011136,0.05966335751646441,0.9153779057788839,5.472547507529156,1.0,0.0
0,4,0.9,0.1,24200,1.0,8.0,1.0,2.0929646904477295e-12,0.0967260579064588,0.02938038381870967,0.9106347923610592,4.767772251010798,1.0,0.0
0,4,0.9,0.1,24200,1.0,8.0,0.0,1.2831818940739481e-12,0.1875389755011136,0.05966335751646441,0.9153779057788839,5.472547507529156,1.0,0.0
0,4,0.9,0.1,24200,1.2,2.0,1.0,1.0925843563214244e-12,0.11094654788418708,0.03240344305941929,0.9059621952970952,4.648229409043676,1.0,0.0
0,4,0.9,0.1,24200,1.2,2.0,0.0,9.3748619978129e-13,0.13775612472160356,0.04144149070875524,0.907007119599119,4.879019330886677,1.0,0.0
0,4,0.9,0.1,24200,1.2,4.0,1.0,1.1803683030997547e-12,0.09494432071269487,0.027784081659050792,0.9050270766685379,4.617774825040224,1.0,0.0
0,4,0.9,0.1,24200,1.2,4.0,0.0,9.3748619978129e-13,0.13775612472160356,0.04144149070875524,0.907007119599119,4.879019330886677,1.0,0.0
0,4,0.9,0.1,24200,1.2,8.0,1.0,1.2463398368911527e-12,0.07689309576837416,0.022681434895350593,0.9025543214335763,4.598942648857745,1.0,0.0
0,4,0.9,0.1,24200,1.2,8.0,0.0,9.3748619978129e-13,0.13775612472160356,0.04144149070875524,0.907007119599119,4.879019330886677,1.0,0.0
0,4,0.9,0.4,24201,0.8,2.0,1.0,4.874711745372906e-12,0.23620824053452116,0.08878719418110245,0.9660143629939314,0.21762461561230223,0.8,0.0
0,4,0.9,0.4,24201,0.8,2.0,0.0,3.787414826206259e-12,0.3543763919821826,0.1414083193005994,0.9730493847753875,0.2328024982321238,0.775,0.0
0,4,0.9,0.4,24201,0.8,4.0,1.0,5.679984260709148e-12,0.1929120267260579,0.07119222440485676,0.9634282503794112,0.21216885897023996,0.8,0.0
0,4,0.9,0.4,24201,0.8,4.0,0.0,3.787414826206259e-12,0.3543763919821826,0.1414083193005994,0.9730493847753875,0.2328024982321238,0.775,0.0
0,4,0.9,0.4,24201,0.8,8.0,1.0,7.063280516028669e-12,0.15033407572383073,0.05482861202487756,0.9615474243970378,0.20453587221607913,0.775,0.0
0,4,0.9,0.4,24201,0.8,8.0,0.0,3.787414826206259e-12,0.3543763919821826,0.1414083193005994,0.9730493847753875,0.2328024982321238,0.775,0.0
0,4,0.9,0.4,24201,1.0,2.0,1.0,2.6763730121004414e-12,0.1946881959910913,0.07171928735291394,0.962151628616629,0.21370315760980893,0.75,0.0
0,4,0.9,0.4,24201,1.0,2.0,0.0,3.1623870189179115e-12,0.2783630289532294,0.10757229540611171,0.9679960895894892,0.2300362835717095,0.75,0.0
0,4,0.9,0.4,24201,1.0,4.0,1.0,3.7188724322234634e-12,0.16135300668151448,0.05840603282459915,0.9595472090840541,0.20780596477443622,0.8,0.0
0,4,0.9,0.4,24201,1.0,4.0,0.0,3.1623870189179115e-12,0.2783630289532294,0.10757229540611171,0.9679960895894892,0.2300362835717095,0.75,0.0
0,4,0.9,0.4,24201,1.0,8.0,1.0,4.439733303218674e-12,0.12712694877505568,0.04557194480570189,0.9578628712136497,0.19895070544922794,0.75,0.0
0,4,0.9,0.4,24201,1.0,8.0,0.0,3.1623870189179115e-12,0.2783630289532294,0.10757229540611171,0.9679960895894892,0.2300362835717095,0.75,0.0
0,4,0.9,0.4,24201,1.2,2.0,1.0,2.620917372020415e-12,0.15805679287305122,0.057198231604895365,0.9582488012448311,0.20765032272325348,0.725,0.0
0,4,0.9,0.4,24201,1.2,2.0,0.0,2.6279811660145924e-12,0.2154955456570156,0.0809323356433193,0.963004720066661,0.22375805568564294,0.725,0.0
0,4,0.9,0.4,24201,1.2,4.0,1.0,3.381711577432611e-12,0.13255567928730513,0.047400355526438065,0.9560277824990889,0.20058657200832336,0.75,0.0
0,4,0.9,0.4,24201,1.2,4.0,0.0,2.6279811660145924e-12,0.2154955456570156,0.0809323356433193,0.963004720066661,0.22375805568564294,0.725,0.0
0,4,0.9,0.4,24201,1.2,8.0,1.0,3.794249636701608e-12,0.1062305122494432,0.03753729402341229,0.9545035955222945,0.19201556845479287,0.775,0.0
0,4,0.9,0.4,24201,1.2,8.0,0.0,2.6279811660145924e-12,0.2154955456570156,0.0809323356433193,0.963004720066661,0.22375805568564294,0.725,0.0
0,5,0.25,0.1,25000,0.8,2.0,1.0,1.941925786841381e-12,0.15971603563474387,0.04333432687849343,0.4177193781383707,28.82924052572052,1.0,0.0
0,5,0.25,0.1,25000,0.8,2.0,0.0,1.6153467452539871e-12,0.21772271714922048,0.06336911920034417,0.45858989614597767,32.727770802173204,1.0,0.0
0,5,0.25,0.1,25000,0.8,4.0,1.0,2.3368043611249334e-12,0.13419265033407574,0.03529525884636747,0.4056571110767329,26.874433361686698,1.0,0.0
0,5,0.25,0.1,25000,0.8,4.0,0.0,1.6153467452539871e-12,0.21772271714922048,0.06336911920034417,0.45858989614597767,32.727770802173204,1.0,0.0
0,5,0.25,0.1,25000,0.8,8.0,1.0,2.7602850560803915e-12,0.1073663697104677,0.02744455838259062,0.399031386480994,24.757314977989125,1.0,0.0
0,5,0.25,0.1,25000,0.8,8.0,0.0,1.6153467452539871e-12,0.21772271714922048,0.06336911920034417,0.45858989614597767,32.727770802173204,1.0,0.0
0,5,0.25,0.1,25000,1.0,2.0,1.0,1.4927156732902347e-12,0.11952115812917595,0.030926336599255342,0.39944768533193226,24.438980874036595,1.0,0.0
0,5,0.25,0.1,25000,1.0,2.0,0.0,1.1628892293558124e-12,0.1537249443207127,0.04209928415395731,0.4236485505974491,26.84465026569645,1.0,0.0
0,5,0.25,0.1,25000,1.0,4.0,1.0,1.5395254515659929e-12,0.10233853006681515,0.025797145997949834,0.3918860540353672,22.962440889178716,1.0,0.0
0,5,0.25,0.1,25000,1.0,4.0,0.0,1.1628892293558124e-12,0.1537249443207127,0.04209928415395731,0.4236485505974491,26.84465026569645,1.0,0.0
0,5,0.25,0.1,25000,1.0,8.0,1.0,1.8182122474286189e-12,0.0838641425389755,0.020471197160948865,0.389114127032227,21.464449177638624,1.0,0.0
0,5,0.25,0.1,25000,1.0,8.0,0.0,1.1628892293558124e-12,0.1537249443207127,0.04209928415395731,0.4236485505974491,26.84465026569645,1.0,0.0
0,5,0.25,0.1,25000,1.2,2.0,1.0,9.550138457825597e-13,0.08711024498886415,0.02131960754394897,0.3874082185813942,20.697411132730593,1.0,0.0
0,5,0.25,0.1,25000,1.2,2.0,0.0,8.151881947249251e-13,0.1061859688195991,0.027175398375415154,0.39717027980409364,22.06954755604267,1.0,0.0
0,5,0.25,0.1,25000,1.2,4.0,1.0,1.0474052181130844e-12,0.07601893095768374,0.018260189893889948,0.3849803900250178,19.897416445782135,1.0,0.0
0,5,0.25,0.1,25000,1.2,4.0,0.0,8.151881947249251e-13,0.1061859688195991,0.027175398375415154,0.39717027980409364,22.06954755604267,1.0,0.0
0,5,0.25,0.1,25000,1.2,8.0,1.0,1.2901207879778553e-12,0.06317371937639198,0.014834715513721303,0.3846893874133854,19.060189540120422,1.0,0.0
0,5,0.25,0.1,25000,1.2,8.0,0.0,8.151881947249251e-13,0.1061859688195991,0.027175398375415154,0.39717027980409364,22.06954755604267,1.0,0.0
0,5,0.25,0.4,25001,0.8,2.0,1.0,2.6049162826780048e-12,0.18306792873051225,0.05778328319280645,0.4908306085342959,1.9830663365011019,1.0,0.0
0,5,0.25,0.4,25001,0.8,2.0,0.0,2.5640878309474147e-12,0.2626336302895323,0.0859872709200179,0.5687085305035244,2.0268490365794065,1.0,0.0
0,5,0.25,0.4,25001,0.8,4.0,1.0,4.034259037943855e-12,0.15152004454342985,0.047092291106722736,0.4578709541345472,1.9630695837601946,1.0,0.0
0,5,0.25,0.4,25001,0.8,4.0,0.0,2.5640878309474147e-12,0.2626336302895323,0.0859872709200179,0.5687085305035244,2.0268490365794065,1.0,0.0
0,5,0.25,0.4,25001,0.8,8.0,1.0,3.731598363643229e-12,0.11941536748329622,0.036697347801094744,0.427052730880573,1.9279946062053757,1.0,0.0
0,5,0.25,0.4,25001,0.8,8.0,0.0,2.5640878309474147e-12,0.2626336302895323,0.0859872709200179,0.5687085305035244,2.0268490365794065,1.0,0.0
0,5,0.25,0.4,25001,1.0,2.0,1.0,2.011779631772015e-12,0.14111358574610244,0.04395721785104457,0.44089902651402285,1.9033732534004184,1.0,0.0
0,5,0.25,0.4,25001,1.0,2.0,0.0,1.997790821661738e-12,0.1898106904231626,0.060788122530181475,0.5046216361356822,1.9314203509475736,1.0,0.0
0,5,0.25,0.4,25001,1.0,4.0,1.0,2.2679844113859815e-12,0.11887527839643652,0.03662134562569126,0.41086197340473013,1.885390935326298,1.0,0.0
0,5,0.25,0.4,25001,1.0,4.0,0.0,1.997790821661738e-12,0.1898106904231626,0.060788122530181475,0.5046216361356822,1.9314203509475736,1.0,0.0
0,5,0.25,0.4,25001,1.0,8.0,1.0,2.5396976188751808e-12,0.09507238307349666,0.02907218494069895,0.3823437759818265,1.850238206825131,1.0,0.0
0,5,0.25,0.4,25001,1.0,8.0,0.0,1.997790821661738e-12,0.1898106904231626,0.060788122530181475,0.5046216361356822,1.9314203509475736,1.0,0.0
0,5,0.25,0.4,25001,1.2,2.0,1.0,1.9920037841458793e-12,0.1061804008908686,0.032961114053148825,0.39195973857450067,1.8260983668130162,1.0,0.0
0,5,0.25,0.4,25001,1.2,2.0,0.0,1.5367707106861417e-12,0.13464922048997774,0.042713385966093295,0.44358389295693473,1.8376562961631702,1.0,0.0
0,5,0.25,0.4,25001,1.2,4.0,1.0,2.074826421782916e-12,0.09160913140311804,0.028118371786147595,0.3668197777044391,1.8070598750404108,1.0,0.0
0,5,0.25,0.4,25001,1.2,4.0,0.0,1.5367707106861417e-12,0.13464922048997774,0.042713385966093295,0.44358389295693473,1.8376562961631702,1.0,0.0
0,5,0.25,0.4,25001,1.2,8.0,1.0,1.6939435965035443e-12,0.0753674832962138,0.022796024387000815,0.3418291595243735,1.7709053435961588,1.0,0.0
0,5,0.25,0.4,25001,1.2,8.0,0.0,1.5367707106861417e-12,0.13464922048997774,0.042713385966093295,0.44358389295693473,1.8376562961631702,1.0,0.0
0,5,0.6,0.1,25100,0.8,2.0,1.0,1.4757570165890854e-12,0.1348273942093541,0.035562131288897784,0.42252608596875685,30.457797794893,1.0,0.0
0,5,0.6,0.1,25100,0.8,2.0,0.0,1.2333883914195098e-12,0.17875278396436525,0.049226861455242694,0.4918381558772623,30.81507853724368,1.0,0.0
0,5,0.6,0.1,25100,0.8,4.0,1.0,1.8396256740160766e-12,0.11565701559020045,0.029576558224604678,0.38277782315091546,30.34599862199042,1.0,0.0
0,5,0.6,0.1,25100,0.8,4.0,0.0,1.2333883914195098e-12,0.17875278396436525,0.049226861455242694,0.4918381558772623,30.81507853724368,1.0,0.0
0,5,0.6,0.1,25100,0.8,8.0,1.0,2.1471782685189567e-12,0.0937750556792873,0.023454583616663013,0.32905727195814183,31.281200085751824,1.0,0.0
0,5,0.6,0.1,25100,0.8,8.0,0.0,1.2333883914195098e-12,0.17875278396436525,0.049226861455242694,0.4918381558772623,30.81507853724368,1.0,0.0
0,5,0.6,0.1,25100,1.0,2.0,1.0,1.0276363093808527e-12,0.09783964365256125,0.024910844861111482,0.352462873816411,29.42238429231245,1.0,0.0
0,5,0.6,0.1,25100,1.0,2.0,0.0,8.431935705210947e-13,0.12115812917594655,0.03206290322888482,0.41001539785185487,28.99839972103747,1.0,0.0
0,5,0.6,0.1,25100,1.0,4.0,1.0,1.0776206316176484e-12,0.08523385300668151,0.021277308639165927,0.31607400461218377,29.822350570566247,1.0,0.0
0,5,0.6,0.1,25100,1.0,4.0,0.0,8.431935705210947e-13,0.12115812917594655,0.03206290322888482,0.41001539785185487,28.99839972103747,1.0,0.0
0,5,0.6,0.1,25100,1.0,8.0,1.0,1.4199752484955752e-12,0.07011135857461025,0.017309570954141734,0.2635023381058856,31.05832866864805,1.0,0.0
0,5,0.6,0.1,25100,1.0,8.0,0.0,8.431935705210947e-13,0.12115812917594655,0.03206290322888482,0.41001539785185487,28.99839972103747,1.0,0.0
0,5,0.6,0.1,25100,1.2,2.0,1.0,5.703215677499429e-13,0.06821269487750557,0.016991521673532014,0.28646994253944386,28.795358923497286,1.0,0.0
0,5,0.6,0.1,25100,1.2,2.0,0.0,5.58574020370628e-13,0.08051224944320713,0.020479942644495847,0.3282627222378636,27.943846622669277,1.0,0.0
0,5,0.6,0.1,25100,1.2,4.0,1.0,7.714072436382224e-13,0.06067371937639198,0.014959038568732543,0.25493045655515223,29.322717165760398,1.0,0.0
0,5,0.6,0.1,25100,1.2,4.0,0.0,5.58574020370628e-13,0.08051224944320713,0.020479942644495847,0.3282627222378636,27.943846622669277,1.0,0.0
0,5,0.6,0.1,25100,1.2,8.0,1.0,8.536123197178114e-13,0.051297327394209356,0.012544611651104823,0.20854342256679798,30.26168142861205,1.0,0.0
0,5,0.6,0.1,25100,1.2,8.0,0.0,5.58574020370628e-13,0.08051224944320713,0.020479942644495847,0.3282627222378636,27.943846622669277,1.0,0.0
0,5,0.6,0.4,25101,0.8,2.0,1.0,4.1855963139880714e-12,0.23404788418708242,0.09361996575812252,0.8747116488074288,0.9571892961573828,1.0,0.0
0,5,0.6,0.4,25101,0.8,2.0,0.0,3.4546809857260996e-12,0.35402561247216036,0.14468787632112426,0.8910043350914473,1.0054718185479468,1.0,0.0
0,5,0.6,0.4,25101,0.8,4.0,1.0,4.671069087081037e-12,0.19,0.07560154408895367,0.8718624567917417,0.9145103614684577,1.0,0.0
0,5,0.6,0.4,25101,0.8,4.0,0.0,3.4546809857260996e-12,0.35402561247216036,0.14468787632112426,0.8910043350914473,1.0054718185479468,1.0,0.0
0,5,0.6,0.4,25101,0.8,8.0,1.0,5.2368387404300165e-12,0.14801781737193764,0.05854491285191028,0.8743021442778989,0.8347634239340087,1.0,0.0
0,5,0.6,0.4,25101,0.8,8.0,0.0,3.4546809857260996e-12,0.35402561247216036,0.14468787632112426,0.8910043350914473,1.0054718185479468,1.0,0.0
0,5,0.6,0.4,25101,1.0,2.0,1.0,2.90072132980157e-12,0.1931347438752784,0.07676168076642756,0.8680278687366034,0.8993659516789712,1.0,0.0
0,5,0.6,0.4,25101,1.0,2.0,0.0,2.7913782396638e-12,0.2768596881959911,0.11168011515241498,0.8796574303255147,0.9414920197140286,1.0,0.0
0,5,0.6,0.4,25101,1.0,4.0,1.0,3.487349298225695e-12,0.15911469933184855,0.06301160634972791,0.8666674391543286,0.8553965335725848,1.0,0.0
0,5,0.6,0.4,25101,1.0,4.0,0.0,2.7913782396638e-12,0.2768596881959911,0.11168011515241498,0.8796574303255147,0.9414920197140286,1.0,0.0
0,5,0.6,0.4,25101,1.0,8.0,1.0,4.1604636402681194e-12,0.1255957683741648,0.049436651827135594,0.8696650796360904,0.7802387249734066,0.975,0.0
0,5,0.6,0.4,25101,1.0,8.0,0.0,2.7913782396638e-12,0.2768596881959911,0.11168011515241498,0.8796574303255147,0.9414920197140286,1.0,0.0
0,5,0.6,0.4,25101,1.2,2.0,1.0,2.4337476478564213e-12,0.15724944320712694,0.062455398223092505,0.8621027118214418,0.8385235027777136,1.0,0.0
0,5,0.6,0.4,25101,1.2,2.0,0.0,2.2568613644580182e-12,0.21430957683741647,0.08587419922430113,0.869881900189718,0.8766400661647122,1.0,0.0
0,5,0.6,0.4,25101,1.2,4.0,1.0,2.62755095459255e-12,0.1320044543429844,0.052159652992327624,0.8622210278306633,0.794246168230237,0.975,0.0
0,5,0.6,0.4,25101,1.2,4.0,0.0,2.2568613644580182e-12,0.21430957683741647,0.08587419922430113,0.869881900189718,0.8766400661647122,1.0,0.0
0,5,0.6,0.4,25101,1.2,8.0,1.0,2.9739891105329264e-12,0.10611358574610245,0.041502819479473346,0.8656722897340609,0.7242778329648936,0.975,0.0
0,5,0.6,0.4,25101,1.2,8.0,0.0,2.2568613644580182e-12,0.21430957683741647,0.08587419922430113,0.869881900189718,0.8766400661647122,1.0,0.0
0,5,0.9,0.1,25200,0.8,2.0,1.0,1.6513804212969774e-12,0.16304008908685969,0.044104852914414294,0.9281097281989995,3.6850797585100405,1.0,0.0
0,5,0.9,0.1,25200,0.8,2.0,0.0,1.2764095336237347e-12,0.21665924276169266,0.06327768423003753,0.9446535773001037,3.4058813647181654,1.0,0.0
0,5,0.9,0.1,25200,0.8,4.0,1.0,1.849603803449895e-12,0.13855233853006682,0.036072110076601965,0.9196758991415463,3.7807104790778676,1.0,0.0
0,5,0.9,0.1,25200,0.8,4.0,0.0,1.2764095336237347e-12,0.21665924276169266,0.06327768423003753,0.9446535773001037,3.4058813647181654,1.0,0.0
0,5,0.9,0.1,25200,0.8,8.0,1.0,2.1393234406197337e-12,0.11169265033407573,0.028003476522608345,0.9111655302420855,3.9748053182785763,1.0,0.0
0,5,0.9,0.1,25200,0.8,8.0,0.0,1.2764095336237347e-12,0.21665924276169266,0.06327768423003753,0.9446535773001037,3.4058813647181654,1.0,0.0
0,5,0.9,0.1,25200,1.0,2.0,1.0,1.1235179453450428e-12,0.12164810690423163,0.03147319075551676,0.9121696390127398,3.7760606399597894,1.0,0.0
0,5,0.9,0.1,25200,1.0,2.0,0.0,8.910025495190155e-13,0.1544654788418708,0.04212484979922062,0.9269820826719545,3.508023453720771,1.0,0.0
0,5,0.9,0.1,25200,1.0,4.0,1.0,1.2000747617868512e-12,0.10512806236080179,0.02637066480679868,0.9046750502461842,3.8770046743204443,1.0,0.0
0,5,0.9,0.1,25200,1.0,4.0,0.0,8.910025495190155e-13,0.1544654788418708,0.04212484979922062,0.9269820826719545,3.508023453720771,1.0,0.0
0,5,0.9,0.1,25200,1.0,8.0,1.0,1.5231600702936277e-12,0.08486636971046771,0.020939035096872165,0.8968343407761761,4.069649895270573,1.0,0.0
0,5,0.9,0.1,25200,1.0,8.0,0.0,8.910025495190155e-13,0.1544654788418708,0.04212484979922062,0.9269820826719545,3.508023453720771,1.0,0.0
0,5,0.9,0.1,25200,1.2,2.0,1.0,6.769619587121412e-13,0.08670378619153675,0.02176042479036511,0.8960842406237658,3.8192325963207487,1.0,0.0
0,5,0.9,0.1,25200,1.2,2.0,0.0,6.045372535901095e-13,0.10584075723830735,0.02722487337030834,0.9064162055076207,3.629259260870217,1.0,0.0
0,5,0.9,0.1,25200,1.2,4.0,1.0,7.258638134999273e-13,0.07588530066815145,0.018779930138271984,0.8906882055883848,3.896478587951885,1.0,0.0
0,5,0.9,0.1,25200,1.2,4.0,0.0,6.045372535901095e-13,0.10584075723830735,0.02722487337030834,0.9064162055076207,3.629259260870217,1.0,0.0
0,5,0.9,0.1,25200,1.2,8.0,1.0,8.854930677593131e-13,0.061893095768374165,0.015390823137883975,0.8849903371246816,4.050437558807012,1.0,0.0
0,5,0.9,0.1,25200,1.2,8.0,0.0,6.045372535901095e-13,0.10584075723830735,0.02722487337030834,0.9064162055076207,3.629259260870217,1.0,0.0
0,5,0.9,0.4,25201,0.8,2.0,1.0,2.633768203530451e-12,0.18130289532293986,0.05453467065323937,0.831024262067693,0.5549862650206604,0.975,0.0
0,5,0.9,0.4,25201,0.8,2.0,0.0,2.084027395099497e-12,0.25810133630289533,0.08199853837397178,0.8577633764765564,0.5672948055092277,0.975,0.0
0,5,0.9,0.4,25201,0.8,4.0,1.0,3.4456326680754046e-12,0.1491369710467706,0.044212229059719735,0.8191140526440539,0.547830812222133,0.975,0.0
0,5,0.9,0.4,25201,0.8,4.0,0.0,2.084027395099497e-12,0.25810133630289533,0.08199853837397178,0.8577633764765564,0.5672948055092277,0.975,0.0
0,5,0.9,0.4,25201,0.8,8.0,1.0,3.6577546547178486e-12,0.11797327394209355,0.034270626012051504,0.8080040521446621,0.5355088202932394,0.975,0.0
0,5,0.9,0.4,25201,0.8,8.0,0.0,2.084027395099497e-12,0.25810133630289533,0.08199853837397178,0.8577633764765564,0.5672948055092277,0.975,0.0
0,5,0.9,0.4,25201,1.0,2.0,1.0,1.7682522113204868e-12,0.1380902004454343,0.040801503641015806,0.8171199355228634,0.5110970925136195,0.95,0.0
0,5,0.9,0.4,25201,1.0,2.0,0.0,1.5395046348842811e-12,0.1859075723830735,0.05704301495273546,0.8379797123089997,0.5198150371404451,0.95,0.0
0,5,0.9,0.4,25201,1.0,4.0,1.0,2.174080360184405e-12,0.11665924276169265,0.03381029624402706,0.8067666469517222,0.5041365083034856,0.95,0.0
0,5,0.9,0.4,25201,1.0,4.0,0.0,1.5395046348842811e-12,0.1859075723830735,0.05704301495273546,0.8379797123089997,0.5198150371404451,0.95,0.0
0,5,0.9,0.4,25201,1.0,8.0,1.0,2.3696392070782224e-12,0.09375278396436526,0.026683403665569275,0.7968933567916147,0.49054839759430746,0.95,0.0
0,5,0.9,0.4,25201,1.0,8.0,0.0,1.5395046348842811e-12,0.1859075723830735,0.05704301495273546,0.8379797123089997,0.5198150371404451,0.95,0.0
0,5,0.9,0.4,25201,1.2,2.0,1.0,1.2477519018005978e-12,0.10327951002227172,0.029916489878989972,0.8055768830564254,0.4624844265271146,0.95,0.0
0,5,0.9,0.4,25201,1.2,2.0,0.0,1.146763239923132e-12,0.13147550111358575,0.03914953646747027,0.8208570038155041,0.46864069665019487,0.95,0.0
0,5,0.9,0.4,25201,1.2,4.0,1.0,1.7645954142331277e-12,0.0889532293986637,0.02537619536684024,0.79761827403191,0.45487828463758523,0.95,0.0
0,5,0.9,0.4,25201,1.2,4.0,0.0,1.146763239923132e-12,0.13147550111358575,0.03914953646747027,0.8208570038155041,0.46864069665019487,0.95,0.0
0,5,0.9,0.4,25201,1.2,8.0,1.0,2.05790939844519e-12,0.07267260579064588,0.020461776450193928,0.7893878624825631,0.44132684129828254,0.95,0.0
0,5,0.9,0.4,25201,1.2,8.0,0.0,1.146763239923132e-12,0.13147550111358575,0.03914953646747027,0.8208570038155041,0.46864069665019487,0.95,0.0
0,6,0.25,0.1,26000,0.8,2.0,1.0,2.2563895196725525e-12,0.14520044543429844,0.04600739630937832,0.21706103408038094,58.741807825451346,1.0,0.0
0,6,0.25,0.1,26000,0.8,2.0,0.0,1.8106210974977444e-12,0.20461581291759465,0.06520172196436683,0.25484310376494407,64.26306283938064,1.0,0.0
0,6,0.25,0.1,26000,0.8,4.0,1.0,2.7756824616531617e-12,0.12191536748329622,0.038167528769937634,0.200297539639819,55.44227248085248,1.0,0.0
0,6,0.25,0.1,26000,0.8,4.0,0.0,1.8106210974977444e-12,0.20461581291759465,0.06520172196436683,0.25484310376494407,64.26306283938064,1.0,0.0
0,6,0.25,0.1,26000,0.8,8.0,1.0,2.8914995398032772e-12,0.09961024498886414,0.030169138788929083,0.18220545211655342,52.122752031137786,1.0,0.0
0,6,0.25,0.1,26000,0.8,8.0,0.0,1.8106210974977444e-12,0.20461581291759465,0.06520172196436683,0.25484310376494407,64.26306283938064,1.0,0.0
0,6,0.25,0.1,26000,1.0,2.0,1.0,1.6300294447546548e-12,0.1097271714922049,0.03484793017438894,0.18952668126893235,54.060670834123265,1.0,0.0
0,6,0.25,0.1,26000,1.0,2.0,0.0,1.3428286260719347e-12,0.14340200445434298,0.04612432084253406,0.21611575751270004,58.86630515398949,1.0,0.0
0,6,0.25,0.1,26000,1.0,4.0,1.0,1.8108986532539006e-12,0.09498886414253897,0.02950873873016056,0.1760192381491575,51.42318399460372,1.0,0.0
0,6,0.25,0.1,26000,1.0,4.0,0.0,1.3428286260719347e-12,0.14340200445434298,0.04612432084253406,0.21611575751270004,58.86630515398949,1.0,0.0
0,6,0.25,0.1,26000,1.0,8.0,1.0,2.264806397977992e-12,0.0776837416481069,0.023737797903126693,0.15960243127995816,49.15892582253295,1.0,0.0
0,6,0.25,0.1,26000,1.0,8.0,0.0,1.3428286260719347e-12,0.14340200445434298,0.04612432084253406,0.21611575751270004,58.86630515398949,1.0,0.0
0,6,0.25,0.1,26000,1.2,2.0,1.0,1.1069409278086084e-12,0.08187639198218263,0.026153760474122396,0.16444050088456275,49.88895895951204,1.0,0.0
0,6,0.25,0.1,26000,1.2,2.0,0.0,1.007791072815678e-12,0.10033964365256125,0.032776142597213925,0.1822847467704311,53.25715778472168,1.0,0.0
0,6,0.25,0.1,26000,1.2,4.0,1.0,1.3992557112985082e-12,0.07154231625835189,0.022630962830115186,0.15429303622156065,48.177932794728704,1.0,0.0
0,6,0.25,0.1,26000,1.2,4.0,0.0,1.007791072815678e-12,0.10033964365256125,0.032776142597213925,0.1822847467704311,53.25715778472168,1.0,0.0
0,6,0.25,0.1,26000,1.2,8.0,1.0,1.65552294095761e-12,0.05839086859688196,0.0186239565619595,0.13908271563473412,46.520616867092286,1.0,0.0
0,6,0.25,0.1,26000,1.2,8.0,0.0,1.007791072815678e-12,0.10033964365256125,0.032776142597213925,0.1822847467704311,53.25715778472168,1.0,0.0
0,6,0.25,0.4,26001,0.8,2.0,1.0,3.653466418285234e-12,0.21246659242761692,0.07341337228007422,0.6312604579830117,1.784337070524552,1.0,0.0
0,6,0.25,0.4,26001,0.8,2.0,0.0,2.9420355041054336e-12,0.3102783964365256,0.11386199542925969,0.6872265624337281,1.932699761140582,1.0,0.0
0,6,0.25,0.4,26001,0.8,4.0,1.0,4.284350652028479e-12,0.17528953229398664,0.05910644372102594,0.6134594311772017,1.7110633123914847,1.0,0.0
0,6,0.25,0.4,26001,0.8,4.0,0.0,2.9420355041054336e-12,0.3102783964365256,0.11386199542925969,0.6872265624337281,1.932699761140582,1.0,0.0
0,6,0.25,0.4,26001,0.8,8.0,1.0,5.973971317629889e-12,0.1378229398663697,0.04560793540540749,0.5964059462571485,1.6431224764079233,1.0,0.0
0,6,0.25,0.4,26001,0.8,8.0,0.0,2.9420355041054336e-12,0.3102783964365256,0.11386199542925969,0.6872265624337281,1.932699761140582,1.0,0.0
0,6,0.25,0.4,26001,1.0,2.0,1.0,2.839686819022802e-12,0.17121937639198218,0.057673860027399035,0.599931177395858,1.6727217080527828,1.0,0.0
0,6,0.25,0.4,26001,1.0,2.0,0.0,2.3188395648077176e-12,0.23555679287305123,0.08385792371658499,0.6453997635985426,1.7805141047731627,1.0,0.0
0,6,0.25,0.4,26001,1.0,4.0,1.0,2.9229535458696887e-12,0.14321269487750557,0.047269574982977416,0.5840065747334484,1.6135504462408752,1.0,0.0
0,6,0.25,0.4,26001,1.0,4.0,0.0,2.3188395648077176e-12,0.23555679287305123,0.08385792371658499,0.6453997635985426,1.7805141047731627,1.0,0.0
0,6,0.25,0.4,26001,1.0,8.0,1.0,3.946579174574083e-12,0.11483296213808464,0.03701382131450053,0.5682704687514565,1.5538778158799222,1.0,0.0
0,6,0.25,0.4,26001,1.0,8.0,0.0,2.3188395648077176e-12,0.23555679287305123,0.08385792371658499,0.6453997635985426,1.7805141047731627,1.0,0.0
0,6,0.25,0.4,26001,1.2,2.0,1.0,2.110284169631882e-12,0.13546770601336303,0.04459689643841723,0.5701967942374877,1.561801457334637,1.0,0.0
0,6,0.25,0.4,26001,1.2,2.0,0.0,1.8056112160991233e-12,0.17793986636971046,0.06105280999067838,0.604607093762628,1.6365712272995416,1.0,0.0
0,6,0.25,0.4,26001,1.2,4.0,1.0,2.2058604942643e-12,0.11525055679287305,0.03729113121112559,0.5565328762765348,1.5162406619331081,1.0,0.0
0,6,0.25,0.4,26001,1.2,4.0,0.0,1.8056112160991233e-12,0.17793986636971046,0.06105280999067838,0.604607093762628,1.6365712272995416,1.0,0.0
0,6,0.25,0.4,26001,1.2,8.0,1.0,3.0292365837958357e-12,0.09338530066815144,0.029705380142789905,0.5434929510491436,1.4654197038873835,1.0,0.0
0,6,0.25,0.4,26001,1.2,8.0,0.0,1.8056112160991233e-12,0.17793986636971046,0.06105280999067838,0.604607093762628,1.6365712272995416,1.0,0.0
0,6,0.6,0.1,26100,0.8,2.0,1.0,1.4913625889789728e-12,0.14473830734966592,0.03896534706881537,0.7267769775794488,16.057834282773793,1.0,0.0
0,6,0.6,0.1,26100,0.8,2.0,0.0,1.1560891133299833e-12,0.19806792873051224,0.05549912539028855,0.7510998902284687,16.776486744691482,1.0,0.0
0,6,0.6,0.1,26100,0.8,4.0,1.0,1.648937930642802e-12,0.12033407572383073,0.03207042109370488,0.7162109412175658,15.69688361165141,1.0,0.0
0,6,0.6,0.1,26100,0.8,4.0,0.0,1.1560891133299833e-12,0.19806792873051224,0.05549912539028855,0.7510998902284687,16.776486744691482,1.0,0.0
0,6,0.6,0.1,26100,0.8,8.0,1.0,1.7278782571406026e-12,0.09521158129175947,0.02513892264143519,0.7047855325290932,15.205096284768578,1.0,0.0
0,6,0.6,0.1,26100,0.8,8.0,0.0,1.1560891133299833e-12,0.19806792873051224,0.05549912539028855,0.7510998902284687,16.776486744691482,1.0,0.0
0,6,0.6,0.1,26100,1.0,2.0,1.0,9.601347494836432e-13,0.10375835189309576,0.027795709123043088,0.6984947608176707,15.661358283573776,1.0,0.0
0,6,0.6,0.1,26100,1.0,2.0,0.0,8.077843949294561e-13,0.1332795100222717,0.03654120617619138,0.7165809799974122,16.073167354428254,1.0,0.0
0,6,0.6,0.1,26100,1.0,4.0,1.0,1.08422992806112e-12,0.08757795100222718,0.023524843861547736,0.6887675724808692,15.606137360887338,1.0,0.0
0,6,0.6,0.1,26100,1.0,4.0,0.0,8.077843949294561e-13,0.1332795100222717,0.03654120617619138,0.7165809799974122,16.073167354428254,1.0,0.0
0,6,0.6,0.1,26100,1.0,8.0,1.0,1.2451012443293052e-12,0.07080178173719376,0.01893470923486175,0.6793728432619547,14.925919669066433,1.0,0.0
0,6,0.6,0.1,26100,1.0,8.0,0.0,8.077843949294561e-13,0.1332795100222717,0.03654120617619138,0.7165809799974122,16.073167354428254,1.0,0.0
0,6,0.6,0.1,26100,1.2,2.0,1.0,5.426804838837285e-13,0.07275612472160356,0.019494637957764297,0.6681691696360835,15.270193305476305,1.0,0.0
0,6,0.6,0.1,26100,1.2,2.0,0.0,5.54681300890536e-13,0.08925946547884187,0.023957377015722852,0.6829527945303974,15.26823970550663,1.0,0.0
0,6,0.6,0.1,26100,1.2,4.0,1.0,6.805216112848456e-13,0.06355233853006681,0.017010447278846756,0.6612933673566677,15.0384767656314,1.0,0.0
0,6,0.6,0.1,26100,1.2,4.0,0.0,5.54681300890536e-13,0.08925946547884187,0.023957377015722852,0.6829527945303974,15.26823970550663,1.0,0.0
0,6,0.6,0.1,26100,1.2,8.0,1.0,8.402861739753575e-13,0.05345768374164811,0.01406920649046674,0.6567273310131728,14.405919358944335,1.0,0.0
0,6,0.6,0.1,26100,1.2,8.0,0.0,5.54681300890536e-13,0.08925946547884187,0.023957377015722852,0.6829527945303974,15.26823970550663,1.0,0.0
0,6,0.6,0.4,26101,0.8,2.0,1.0,2.8422542097672476e-12,0.20035634743875277,0.06979334901367618,0.6730342663868201,1.6050601178589343,0.95,0.0
0,6,0.6,0.4,26101,0.8,2.0,0.0,2.7240154576446685e-12,0.294532293986637,0.10692246829316995,0.7164795534381986,1.7026081950608865,0.975,0.0
0,6,0.6,0.4,26101,0.8,4.0,1.0,3.9327846534931155e-12,0.16383073496659242,0.056505612747622974,0.6597073254955993,1.5494733462990795,0.95,0.0
0,6,0.6,0.4,26101,0.8,4.0,0.0,2.7240154576446685e-12,0.294532293986637,0.10692246829316995,0.7164795534381986,1.7026081950608865,0.975,0.0
0,6,0.6,0.4,26101,0.8,8.0,1.0,3.967284833983342e-12,0.12812360801781736,0.04389705650451647,0.6472341021151369,1.4895787407945935,0.95,0.0
0,6,0.6,0.4,26101,0.8,8.0,0.0,2.7240154576446685e-12,0.294532293986637,0.10692246829316995,0.7164795534381986,1.7026081950608865,0.975,0.0
0,6,0.6,0.4,26101,1.0,2.0,1.0,2.337352533743342e-12,0.15994432071269488,0.05497489349089841,0.6499621133294416,1.501583161619009,0.95,0.0
0,6,0.6,0.4,26101,1.0,2.0,0.0,2.2001289678996727e-12,0.22212694877505568,0.07869041275050528,0.6805329749206654,1.5794900820705098,0.95,0.0
0,6,0.6,0.4,26101,1.0,4.0,1.0,2.793848485893591e-12,0.13329064587973274,0.045383020708523326,0.638307233551853,1.453844995632872,0.95,0.0
0,6,0.6,0.4,26101,1.0,4.0,0.0,2.2001289678996727e-12,0.22212694877505568,0.07869041275050528,0.6805329749206654,1.5794900820705098,0.95,0.0
0,6,0.6,0.4,26101,1.0,8.0,1.0,3.551874072638128e-12,0.1056347438752784,0.03582592518771326,0.6268797354527228,1.4005514633252574,0.95,0.0
0,6,0.6,0.4,26101,1.0,8.0,0.0,2.2001289678996727e-12,0.22212694877505568,0.07869041275050528,0.6805329749206654,1.5794900820705098,0.95,0.0
0,6,0.6,0.4,26101,1.2,2.0,1.0,1.858138642951701e-12,0.12566258351893095,0.04273986993804943,0.6266603968763852,1.397835117964432,0.95,0.0
0,6,0.6,0.4,26101,1.2,2.0,0.0,1.7574275368303915e-12,0.165684855233853,0.05746669490905304,0.6485282535506429,1.4534701570603181,0.95,0.0
0,6,0.6,0.4,26101,1.2,4.0,1.0,2.042151170389417e-12,0.10679844097995546,0.03603111964729964,0.6162885344682657,1.3603989623633794,0.95,0.0
0,6,0.6,0.4,26101,1.2,4.0,0.0,1.7574275368303915e-12,0.165684855233853,0.05746669490905304,0.6485282535506429,1.4534701570603181,0.95,0.0
0,6,0.6,0.4,26101,1.2,8.0,1.0,2.329740567130756e-12,0.08637527839643652,0.028973542796819247,0.6060981388034652,1.3120563266741174,0.95,0.0
0,6,0.6,0.4,26101,1.2,8.0,0.0,1.7574275368303915e-12,0.165684855233853,0.05746669490905304,0.6485282535506429,1.4534701570603181,0.95,0.0
0,6,0.9,0.1,26200,0.8,2.0,1.0,1.5167381239855615e-12,0.15383630289532294,0.042861374964954894,0.8926855588763443,5.81815132286421,1.0,0.0
0,6,0.9,0.1,26200,0.8,2.0,0.0,1.3417184030473095e-12,0.2094599109131403,0.06147143703949292,0.9103446649440958,5.786142790871242,1.0,0.0
0,6,0.9,0.1,26200,0.8,4.0,1.0,2.150828126712412e-12,0.12960467706013362,0.03509036089401289,0.8800134124387321,6.000058188882391,1.0,0.0
0,6,0.9,0.1,26200,0.8,4.0,0.0,1.3417184030473095e-12,0.2094599109131403,0.06147143703949292,0.9103446649440958,5.786142790871242,1.0,0.0
0,6,0.9,0.1,26200,0.8,8.0,1.0,2.1714297027131124e-12,0.10482182628062361,0.027206294774272867,0.8632025227151194,6.2913009414177745,1.0,0.0
0,6,0.9,0.1,26200,0.8,8.0,0.0,1.3417184030473095e-12,0.2094599109131403,0.06147143703949292,0.9103446649440958,5.786142790871242,1.0,0.0
0,6,0.9,0.1,26200,1.0,2.0,1.0,1.0442341435989988e-12,0.11515590200445434,0.030802325556342373,0.8701547930872664,5.9427688791137445,1.0,0.0
0,6,0.9,0.1,26200,1.0,2.0,0.0,9.488659857836979e-13,0.14751670378619153,0.0411429752417456,0.8888045145063068,5.664247285055262,1.0,0.0
0,6,0.9,0.1,26200,1.0,4.0,1.0,1.106371938508488e-12,0.09863028953229398,0.025828596155202402,0.857538977992282,6.151748809194489,1.0,0.0
0,6,0.9,0.1,26200,1.0,4.0,0.0,9.488659857836979e-13,0.14751670378619153,0.0411429752417456,0.8888045145063068,5.664247285055262,1.0,0.0
0,6,0.9,0.1,26200,1.0,8.0,1.0,1.4970975847905521e-12,0.07978285077951003,0.020485902537099334,0.8409483321568642,6.466191160955501,1.0,0.0
0,6,0.9,0.1,26200,1.0,8.0,0.0,9.488659857836979e-13,0.14751670378619153,0.0411429752417456,0.8888045145063068,5.664247285055262,1.0,0.0
0,6,0.9,0.1,26200,1.2,2.0,1.0,8.197956202771195e-13,0.08296770601336304,0.02154475245840185,0.8449431103539661,6.115796232708768,1.0,0.0
0,6,0.9,0.1,26200,1.2,2.0,0.0,6.562458909620261e-13,0.10076837416481069,0.026935593944579367,0.860642069257418,5.8195410546423085,1.0,0.0
0,6,0.9,0.1,26200,1.2,4.0,1.0,7.755115993823836e-13,0.07262806236080178,0.018566191226001068,0.8340913470120711,6.299506374087364,1.0,0.0
0,6,0.9,0.1,26200,1.2,4.0,0.0,6.562458909620261e-13,0.10076837416481069,0.026935593944579367,0.860642069257418,5.8195410546423085,1.0,0.0
0,6,0.9,0.1,26200,1.2,8.0,1.0,1.0070000389106326e-12,0.060189309576837415,0.015124743162173602,0.8194430096321582,6.575230473734604,1.0,0.0
0,6,0.9,0.1,26200,1.2,8.0,0.0,6.562458909620261e-13,0.10076837416481069,0.026935593944579367,0.860642069257418,5.8195410546423085,1.0,0.0
0,6,0.9,0.4,26201,0.8,2.0,1.0,4.572536793645554e-12,0.24608574610244988,0.09474492220223749,0.9596460764179544,0.278531791288488,0.95,0.0
0,6,0.9,0.4,26201,0.8,2.0,0.0,3.6330660702077466e-12,0.36908129175946547,0.14851061836222504,0.9674859941340125,0.28453405250358166,0.925,0.0
0,6,0.9,0.4,26201,0.8,4.0,1.0,4.5622533528799636e-12,0.19970489977728284,0.07646304132066796,0.955819157052796,0.281192631812114,0.925,0.0
0,6,0.9,0.4,26201,0.8,4.0,0.0,3.6330660702077466e-12,0.36908129175946547,0.14851061836222504,0.9674859941340125,0.28453405250358166,0.925,0.0
0,6,0.9,0.4,26201,0.8,8.0,1.0,5.164715877192805e-12,0.15616369710467706,0.0592121428516369,0.951050367119583,0.2827982660227392,0.925,0.0
0,6,0.9,0.4,26201,0.8,8.0,0.0,3.6330660702077466e-12,0.36908129175946547,0.14851061836222504,0.9674859941340125,0.28453405250358166,0.925,0.0
0,6,0.9,0.4,26201,1.0,2.0,1.0,2.9828084446847924e-12,0.20239420935412028,0.07695979362796705,0.954873143897777,0.27223896808506004,0.95,0.0
0,6,0.9,0.4,26201,1.0,2.0,0.0,2.9568569814841794e-12,0.2891870824053452,0.11341800341967685,0.9630996108239447,0.2674771080978006,0.9,0.0
0,6,0.9,0.4,26201,1.0,4.0,1.0,4.9857479256232295e-12,0.16761135857461024,0.063097553926847,0.9504794667506453,0.27778425487580494,0.95,0.0
0,6,0.9,0.4,26201,1.0,4.0,0.0,2.9568569814841794e-12,0.2891870824053452,0.11341800341967685,0.9630996108239447,0.2674771080978006,0.9,0.0
0,6,0.9,0.4,26201,1.0,8.0,1.0,4.595643310345565e-12,0.13280066815144767,0.0494977439814712,0.9448957032791159,0.28171083506655104,0.925,0.0
0,6,0.9,0.4,26201,1.0,8.0,0.0,2.9568569814841794e-12,0.2891870824053452,0.11341800341967685,0.9630996108239447,0.2674771080978006,0.9,0.0
0,6,0.9,0.4,26201,1.2,2.0,1.0,2.7188667983679693e-12,0.16529510022271715,0.061801962057038945,0.9491614720891423,0.26911074918683114,0.925,0.0
0,6,0.9,0.4,26201,1.2,2.0,0.0,2.382843922177358e-12,0.22403118040089087,0.08592506583481631,0.9577107723889712,0.2575367936710944,0.9,0.0
0,6,0.9,0.4,26201,1.2,4.0,1.0,3.0205837830976634e-12,0.13909799554565702,0.0515537532090376,0.9444044633995385,0.2757018163491074,0.875,0.0
0,6,0.9,0.4,26201,1.2,4.0,0.0,2.382843922177358e-12,0.22403118040089087,0.08592506583481631,0.9577107723889712,0.2575367936710944,0.9,0.0
0,6,0.9,0.4,26201,1.2,8.0,1.0,3.5229805184222585e-12,0.11157015590200445,0.04103699390586578,0.9386970996003997,0.27886072605513734,0.9,0.0
0,6,0.9,0.4,26201,1.2,8.0,0.0,2.382843922177358e-12,0.22403118040089087,0.08592506583481631,0.9577107723889712,0.2575367936710944,0.9,0.0
0,7,0.25,0.1,27000,0.8,2.0,1.0,9.758444052820892e-13,0.1291815144766147,0.03286485868027822,0.4678792550301101,22.521809421227314,1.0,0.0
0,7,0.25,0.1,27000,0.8,2.0,0.0,9.508227538645997e-13,0.16874164810690423,0.043591432108559286,0.4818364964986669,23.912896386736556,1.0,0.0
0,7,0.25,0.1,27000,0.8,4.0,1.0,1.2799622473025352e-12,0.11134187082405345,0.027741797402101975,0.46248949644595777,21.40897032709731,1.0,0.0
0,7,0.25,0.1,27000,0.8,4.0,0.0,9.508227538645997e-13,0.16874164810690423,0.043591432108559286,0.4818364964986669,23.912896386736556,1.0,0.0
0,7,0.25,0.1,27000,0.8,8.0,1.0,1.2511970626238877e-12,0.0915924276169265,0.022270081893861246,0.4596990143312711,20.13828865809759,1.0,0.0
0,7,0.25,0.1,27000,0.8,8.0,0.0,9.508227538645997e-13,0.16874164810690423,0.043591432108559286,0.4818364964986669,23.912896386736556,1.0,0.0
0,7,0.25,0.1,27000,1.0,2.0,1.0,6.308772948493413e-13,0.0917761692650334,0.022359869806998278,0.43401039480349396,19.33384709481906,1.0,0.0
0,7,0.25,0.1,27000,1.0,2.0,0.0,6.429995424994672e-13,0.11008351893095768,0.027576616792951893,0.440233373648738,20.387733851374993,1.0,0.0
0,7,0.25,0.1,27000,1.0,4.0,1.0,7.746338293035393e-13,0.08100779510022271,0.019395417127014522,0.4308707864610744,18.680868333970277,1.0,0.0
0,7,0.25,0.1,27000,1.0,4.0,0.0,6.429995424994672e-13,0.11008351893095768,0.027576616792951893,0.440233373648738,20.387733851374993,1.0,0.0
0,7,0.25,0.1,27000,1.0,8.0,1.0,1.0325941490751944e-12,0.06797327394209354,0.015960951923881174,0.4314348786798338,17.70463444546365,1.0,0.0
0,7,0.25,0.1,27000,1.0,8.0,0.0,6.429995424994672e-13,0.11008351893095768,0.027576616792951893,0.440233373648738,20.387733851374993,1.0,0.0
0,7,0.25,0.1,27000,1.2,2.0,1.0,3.689062944012278e-13,0.062483296213808465,0.014678758135472675,0.4075468384428545,16.465183561309175,1.0,0.0
0,7,0.25,0.1,27000,1.2,2.0,0.0,4.332680048069193e-13,0.07121937639198218,0.017139020867409864,0.4094022465731579,16.875361696111337,1.0,0.0
0,7,0.25,0.1,27000,1.2,4.0,1.0,3.9533654128121043e-13,0.05614699331848552,0.013100535489981377,0.4079758320158222,16.1288176550219,1.0,0.0
0,7,0.25,0.1,27000,1.2,4.0,0.0,4.332680048069193e-13,0.07121937639198218,0.017139020867409864,0.4094022465731579,16.875361696111337,1.0,0.0
0,7,0.25,0.1,27000,1.2,8.0,1.0,5.417541415475569e-13,0.04838530066815145,0.011108268152750242,0.41222760589401003,15.42602649403284,1.0,0.0
0,7,0.25,0.1,27000,1.2,8.0,0.0,4.332680048069193e-13,0.07121937639198218,0.017139020867409864,0.4094022465731579,16.875361696111337,1.0,0.0
0,7,0.25,0.4,27001,0.8,2.0,1.0,4.505895656592429e-12,0.23410913140311804,0.08960597879706737,0.6008010634496536,2.5786207565896553,1.0,0.0
0,7,0.25,0.4,27001,0.8,2.0,0.0,3.5214886562329184e-12,0.35047327394209354,0.13978907007999877,0.6711128879652436,2.6107259515504393,1.0,0.0
0,7,0.25,0.4,27001,0.8,4.0,1.0,4.724651225807008e-12,0.19075723830734967,0.07211623378790999,0.5724853871099519,2.551034295930111,1.0,0.0
0,7,0.25,0.4,27001,0.8,4.0,0.0,3.5214886562329184e-12,0.35047327394209354,0.13978907007999877,0.6711128879652436,2.6107259515504393,1.0,0.0
0,7,0.25,0.4,27001,0.8,8.0,1.0,5.2584603338345914e-12,0.14880846325167038,0.055643877261657516,0.5416863941454881,2.5363867680965377,1.0,0.0
0,7,0.25,0.4,27001,0.8,8.0,0.0,3.5214886562329184e-12,0.35047327394209354,0.13978907007999877,0.6711128879652436,2.6107259515504393,1.0,0.0
0,7,0.25,0.4,27001,1.0,2.0,1.0,3.96672972247103e-12,0.19182628062360801,0.07271099350377601,0.5651470879155412,2.4894517608162814,1.0,0.0
0,7,0.25,0.4,27001,1.0,2.0,0.0,2.8664015605528448e-12,0.27380846325167035,0.10681504110626971,0.6278652737284602,2.4760238733865454,1.0,0.0
0,7,0.25,0.4,27001,1.0,4.0,1.0,4.461681024636732e-12,0.15817928730512248,0.059466875607395095,0.5374524348356031,2.470446639014109,1.0,0.0
0,7,0.25,0.4,27001,1.0,4.0,0.0,2.8664015605528448e-12,0.27380846325167035,0.10681504110626971,0.6278652737284602,2.4760238733865454,1.0,0.0
0,7,0.25,0.4,27001,1.0,8.0,1.0,4.859362912057463e-12,0.12437082405345212,0.04649706278371076,0.5063976681620427,2.44763785754037,1.0,0.0
0,7,0.25,0.4,27001,1.0,8.0,0.0,2.8664015605528448e-12,0.27380846325167035,0.10681504110626971,0.6278652737284602,2.4760238733865454,1.0,0.0
0,7,0.25,0.4,27001,1.2,2.0,1.0,2.716854519135836e-12,0.1550445434298441,0.058529167051313266,0.528091312722374,2.416299420811213,1.0,0.0
0,7,0.25,0.4,27001,1.2,2.0,0.0,2.33107977365421e-12,0.2099610244988864,0.08119267012062303,0.584209896931797,2.3738936524594494,1.0,0.0
0,7,0.25,0.4,27001,1.2,4.0,1.0,2.955469202703398e-12,0.1295489977728285,0.04871198852448161,0.5018415569519217,2.3952221780193215,1.0,0.0
0,7,0.25,0.4,27001,1.2,4.0,0.0,2.33107977365421e-12,0.2099610244988864,0.08119267012062303,0.584209896931797,2.3738936524594494,1.0,0.0
0,7,0.25,0.4,27001,1.2,8.0,1.0,3.191662212298496e-12,0.10384743875278396,0.038654777176397,0.4715873667608105,2.3608123579537996,1.0,0.0
0,7,0.25,0.4,27001,1.2,8.0,0.0,2.33107977365421e-12,0.2099610244988864,0.08119267012062303,0.584209896931797,2.3738936524594494,1.0,0.0
0,7,0.6,0.1,27100,0.8,2.0,1.0,2.2311180680745224e-12,0.18556236080178173,0.05846575457994056,0.5289332564148979,33.15738440348464,1.0,0.0
0,7,0.6,0.1,27100,0.8,2.0,0.0,1.8414436642189003e-12,0.26218819599109133,0.08733748712476269,0.5916915277030592,34.58441417240406,1.0,0.0
0,7,0.6,0.1,27100,0.8,4.0,1.0,2.983363556197105e-12,0.15484966592427618,0.04750605432558213,0.5042787842773477,32.194734521842896,1.0,0.0
0,7,0.6,0.1,27100,0.8,4.0,0.0,1.8414436642189003e-12,0.26218819599109133,0.08733748712476269,0.5916915277030592,34.58441417240406,1.0,0.0
0,7,0.6,0.1,27100,0.8,8.0,1.0,3.012083638065377e-12,0.12438195991091314,0.036881762155754026,0.4888467168242366,30.15728194850979,1.0,0.0
0,7,0.6,0.1,27100,0.8,8.0,0.0,1.8414436642189003e-12,0.26218819599109133,0.08733748712476269,0.5916915277030592,34.58441417240406,1.0,0.0
0,7,0.6,0.1,27100,1.0,2.0,1.0,1.5526538388321853e-12,0.14520601336302896,0.04433231872035439,0.4940711044740925,29.96995592394163,1.0,0.0
0,7,0.6,0.1,27100,1.0,2.0,0.0,1.3448547830918756e-12,0.19152561247216035,0.061736424055781676,0.5403894627564534,31.007317677125442,1.0,0.0
0,7,0.6,0.1,27100,1.0,4.0,1.0,1.8260948309034575e-12,0.12370267260579064,0.0367790412663071,0.47308177172336413,29.10315121088093,1.0,0.0
0,7,0.6,0.1,27100,1.0,4.0,0.0,1.3448547830918756e-12,0.19152561247216035,0.061736424055781676,0.5403894627564534,31.007317677125442,1.0,0.0
0,7,0.6,0.1,27100,1.0,8.0,1.0,2.2176357972192307e-12,0.10092427616926504,0.029048203813056693,0.4611987955087542,27.274171324298212,1.0,0.0
0,7,0.6,0.1,27100,1.0,8.0,0.0,1.3448547830918756e-12,0.19152561247216035,0.061736424055781676,0.5403894627564534,31.007317677125442,1.0,0.0
0,7,0.6,0.1,27100,1.2,2.0,1.0,1.1072393002464764e-12,0.11193207126948775,0.03281088859835534,0.4572270116163599,26.826783350508713,1.0,0.0
0,7,0.6,0.1,27100,1.2,2.0,0.0,9.630490849232842e-13,0.1410467706013363,0.042817755106418956,0.4928560098266896,27.206213633312554,1.0,0.0
0,7,0.6,0.1,27100,1.2,4.0,1.0,1.1090225959797806e-12,0.09780623608017817,0.027862808989537646,0.44089406486718874,25.97604510488366,1.0,0.0
0,7,0.6,0.1,27100,1.2,4.0,0.0,9.630490849232842e-13,0.1410467706013363,0.042817755106418956,0.4928560098266896,27.206213633312554,1.0,0.0
0,7,0.6,0.1,27100,1.2,8.0,1.0,1.2802398030586915e-12,0.0804120267260579,0.02250333784952046,0.4300375940651307,24.683398356767107,1.0,0.0
0,7,0.6,0.1,27100,1.2,8.0,0.0,9.630490849232842e-13,0.1410467706013363,0.042817755106418956,0.4928560098266896,27.206213633312554,1.0,0.0
0,7,0.6,0.4,27101,0.8,2.0,1.0,2.709305002568385e-12,0.18006681514476613,0.05695704728655335,0.7845462935900734,0.9591384494854351,1.0,0.0
0,7,0.6,0.4,27101,0.8,2.0,0.0,2.3666346660178306e-12,0.26105790645879734,0.08646649749344837,0.8220371977721036,0.9774518633074526,1.0,0.0
0,7,0.6,0.4,27101,0.8,4.0,1.0,3.0674074391612294e-12,0.14773942093541204,0.04612035904050845,0.7692129410285349,0.9529017859135693,1.0,0.0
0,7,0.6,0.4,27101,0.8,4.0,0.0,2.3666346660178306e-12,0.26105790645879734,0.08646649749344837,0.8220371977721036,0.9774518633074526,1.0,0.0
0,7,0.6,0.4,27101,0.8,8.0,1.0,3.4712024921113027e-12,0.11570155902004454,0.035798483949522765,0.7549514346066559,0.9419827643354896,1.0,0.0
0,7,0.6,0.4,27101,0.8,8.0,0.0,2.3666346660178306e-12,0.26105790645879734,0.08646649749344837,0.8220371977721036,0.9774518633074526,1.0,0.0
0,7,0.6,0.4,27101,1.0,2.0,1.0,2.0836804504043016e-12,0.13998329621380845,0.0434665433059805,0.7689401868571311,0.8977395233917149,1.0,0.0
0,7,0.6,0.4,27101,1.0,2.0,0.0,1.802349935964287e-12,0.1903563474387528,0.06130780624779636,0.7976655803599584,0.9128547833467853,1.0,0.0
0,7,0.6,0.4,27101,1.0,4.0,1.0,2.1518481441162862e-12,0.11711581291759465,0.035989993115654324,0.7566883280749034,0.8878400257099154,1.0,0.0
0,7,0.6,0.4,27101,1.0,4.0,0.0,1.802349935964287e-12,0.1903563474387528,0.06130780624779636,0.7976655803599584,0.9128547833467853,1.0,0.0
0,7,0.6,0.4,27101,1.0,8.0,1.0,3.2162952856573668e-12,0.09358017817371937,0.02846369372968044,0.7445643321150964,0.8721653452031797,1.0,0.0
0,7,0.6,0.4,27101,1.0,8.0,0.0,1.802349935964287e-12,0.1903563474387528,0.06130780624779636,0.7976655803599584,0.9128547833467853,1.0,0.0
0,7,0.6,0.4,27101,1.2,2.0,1.0,1.7398582574656984e-12,0.10648663697104677,0.03260344994325296,0.7537237430715081,0.8338698208345311,1.0,0.0
0,7,0.6,0.4,27101,1.2,2.0,0.0,1.3632012185738063e-12,0.1366425389755011,0.04301453697573402,0.7747596606653157,0.8475570638847121,1.0,0.0
0,7,0.6,0.4,27101,1.2,4.0,1.0,1.7480253355905973e-12,0.09114142538975502,0.027639313848603676,0.7441018032919021,0.8229467420549639,1.0,0.0
0,7,0.6,0.4,27101,1.2,4.0,0.0,1.3632012185738063e-12,0.1366425389755011,0.04301453697573402,0.7747596606653157,0.8475570638847121,1.0,0.0
0,7,0.6,0.4,27101,1.2,8.0,1.0,1.8844925619987407e-12,0.0741369710467706,0.022340869052150828,0.7346717222888456,0.8052517422732903,1.0,0.0
0,7,0.6,0.4,27101,1.2,8.0,0.0,1.3632012185738063e-12,0.1366425389755011,0.04301453697573402,0.7747596606653157,0.8475570638847121,1.0,0.0
0,7,0.9,0.1,27200,0.8,2.0,1.0,1.4801354586424509e-12,0.14924832962138085,0.03907700348940801,0.9224506880843445,3.4686893131313545,1.0,0.0
0,7,0.9,0.1,27200,0.8,2.0,0.0,1.221037160270555e-12,0.20256681514476615,0.05579868545505923,0.9351065789306102,3.411471379661048,1.0,0.0
0,7,0.9,0.1,27200,0.8,4.0,1.0,1.580208186524601e-12,0.12489977728285077,0.03216834427474222,0.9160912788615118,3.5090416513414318,1.0,0.0
0,7,0.9,0.1,27200,0.8,4.0,0.0,1.221037160270555e-12,0.20256681514476615,0.05579868545505923,0.9351065789306102,3.411471379661048,1.0,0.0
0,7,0.9,0.1,27200,0.8,8.0,1.0,1.8246550104183967e-12,0.10033964365256125,0.025317021423884794,0.9086245860778217,3.5333841987261247,1.0,0.0
0,7,0.9,0.1,27200,0.8,8.0,0.0,1.221037160270555e-12,0.20256681514476615,0.05579868545505923,0.9351065789306102,3.411471379661048,1.0,0.0
0,7,0.9,0.1,27200,1.0,2.0,1.0,9.108269694024784e-13,0.10886971046770601,0.02743751058327733,0.9101774842393029,3.327244232520657,1.0,0.0
0,7,0.9,0.1,27200,1.0,2.0,0.0,8.411951690767694e-13,0.1382683741648107,0.036166709839306505,0.9204498682333155,3.257883362928442,1.0,0.0
0,7,0.9,0.1,27200,1.0,4.0,1.0,1.0408340855860843e-12,0.0932293986636971,0.023245190501754533,0.9050807731932453,3.3413038327499938,1.0,0.0
0,7,0.9,0.1,27200,1.0,4.0,0.0,8.411951690767694e-13,0.1382683741648107,0.036166709839306505,0.9204498682333155,3.257883362928442,1.0,0.0
0,7,0.9,0.1,27200,1.0,8.0,1.0,1.1946728328826595e-12,0.07530066815144766,0.018799571485350105,0.89839762024655,3.3367027797658766,1.0,0.0
0,7,0.9,0.1,27200,1.0,8.0,0.0,8.411951690767694e-13,0.1382683741648107,0.036166709839306505,0.9204498682333155,3.257883362928442,1.0,0.0
0,7,0.9,0.1,27200,1.2,2.0,1.0,5.02698577209415e-13,0.07614699331848553,0.018624144531134097,0.8974047133836415,3.116159000577807,1.0,0.0
0,7,0.9,0.1,27200,1.2,2.0,0.0,5.675251935066683e-13,0.09214365256124722,0.022841760089387337,0.9044432234822094,3.081446817810971,1.0,0.0
0,7,0.9,0.1,27200,1.2,4.0,1.0,6.316613898604828e-13,0.06620267260579064,0.01630055004736949,0.8932702362113702,3.1081139796342114,1.0,0.0
0,7,0.9,0.1,27200,1.2,4.0,0.0,5.675251935066683e-13,0.09214365256124722,0.022841760089387337,0.9044432234822094,3.081446817810971,1.0,0.0
0,7,0.9,0.1,27200,1.2,8.0,1.0,6.590110401827332e-13,0.055673719376391984,0.013616651031259213,0.8872927011160733,3.031007256351694,1.0,0.0
0,7,0.9,0.1,27200,1.2,8.0,0.0,5.675251935066683e-13,0.09214365256124722,0.022841760089387337,0.9044432234822094,3.081446817810971,1.0,0.0
0,7,0.9,0.4,27201,0.8,2.0,1.0,3.6192993047023947e-12,0.20792316258351892,0.07276134192345904,0.9292563935120489,0.4213331604496686,0.85,0.0
0,7,0.9,0.4,27201,0.8,2.0,0.0,2.7761404286508196e-12,0.29711581291759465,0.10951122252492465,0.9402456567156321,0.4372531900538577,0.95,0.0
0,7,0.9,0.4,27201,0.8,4.0,1.0,3.711059237687664e-12,0.17208240534521158,0.0591223729575389,0.9252082212689465,0.40892346912276956,0.825,0.0
0,7,0.9,0.4,27201,0.8,4.0,0.0,2.7761404286508196e-12,0.29711581291759465,0.10951122252492465,0.9402456567156321,0.4372531900538577,0.95,0.0
0,7,0.9,0.4,27201,0.8,8.0,1.0,4.243799756054045e-12,0.13581291759465478,0.0460121491941257,0.9214716386082891,0.39802792176721574,0.85,0.0
0,7,0.9,0.4,27201,0.8,8.0,0.0,2.7761404286508196e-12,0.29711581291759465,0.10951122252492465,0.9402456567156321,0.4372531900538577,0.95,0.0
0,7,0.9,0.4,27201,1.0,2.0,1.0,3.018293948109374e-12,0.1663140311804009,0.05728089644570576,0.9211829175238552,0.41343846185693617,0.825,0.0
0,7,0.9,0.4,27201,1.0,2.0,0.0,2.234656903965515e-12,0.22662026726057907,0.08098184060850146,0.9310305259852509,0.42184807847839767,0.85,0.0
0,7,0.9,0.4,27201,1.0,4.0,1.0,2.7595287166448657e-12,0.13989420935412028,0.04741048185362329,0.9168908587035075,0.40364008134486595,0.825,0.0
0,7,0.9,0.4,27201,1.0,4.0,0.0,2.234656903965515e-12,0.22662026726057907,0.08098184060850146,0.9310305259852509,0.42184807847839767,0.85,0.0
0,7,0.9,0.4,27201,1.0,8.0,1.0,3.8089878473535066e-12,0.11239977728285078,0.037454655988791455,0.9131892723901466,0.3916529018217119,0.825,0.0
0,7,0.9,0.4,27201,1.0,8.0,0.0,2.234656903965515e-12,0.22662026726057907,0.08098184060850146,0.9310305259852509,0.42184807847839767,0.85,0.0
0,7,0.9,0.4,27201,1.2,2.0,1.0,1.930691717610955e-12,0.13129175946547883,0.044456444630051446,0.9133264078038982,0.40387674374330446,0.825,0.0
0,7,0.9,0.4,27201,1.2,2.0,0.0,1.8035989368669902e-12,0.16998886414253897,0.05929576066839627,0.921696249708442,0.4095681286567173,0.8,0.0
0,7,0.9,0.4,27201,1.2,4.0,1.0,2.011252275835318e-12,0.11269487750556793,0.03752420708466522,0.9091663868717572,0.39566436814218675,0.8,0.0
0,7,0.9,0.4,27201,1.2,4.0,0.0,1.8035989368669902e-12,0.16998886414253897,0.05929576066839627,0.921696249708442,0.4095681286567173,0.8,0.0
0,7,0.9,0.4,27201,1.2,8.0,1.0,2.416268574112479e-12,0.09214922048997773,0.030149120589121434,0.9052641575040631,0.38485070999424276,0.8,0.0
0,7,0.9,0.4,27201,1.2,8.0,0.0,1.8035989368669902e-12,0.16998886414253897,0.05929576066839627,0.921696249708442,0.4095681286567173,0.8,0.0
1,0,0.25,0.1,20000,1.0,4.0,1.0,1.2501874535608692e-12,0.10045657015590201,0.02815130107968644,0.26236408247842524,37.823678704729595,1.0,0.0
1,0,0.25,0.1,20000,1.0,4.0,0.0,9.62535606774395e-13,0.14920378619153674,0.042777980850467544,0.30320537768506894,39.30092748058915,1.0,0.0
1,0,0.25,0.4,20001,1.0,4.0,1.0,2.483069305725394e-12,0.12148106904231626,0.03806795177334991,0.3301670036693584,2.2782891169439297,1.0,0.0
1,0,0.25,0.4,20001,1.0,4.0,0.0,2.62875832213183e-12,0.19488864142538975,0.06462048090488333,0.43539179154578544,2.2722668775241535,1.0,0.0
1,0,0.6,0.1,20100,1.0,4.0,1.0,1.878046329562011e-12,0.11911469933184855,0.03653640456232682,0.8046040628943413,12.042163582829092,1.0,0.0
1,0,0.6,0.1,20100,1.0,4.0,0.0,1.3395534681492904e-12,0.1810913140311804,0.05880086925737377,0.8066137365275418,13.24965465466457,1.0,0.0
1,0,0.6,0.4,20101,1.0,4.0,1.0,2.5095689415444156e-12,0.12620824053452115,0.04197145734278189,0.7174102451181452,1.0995759759636357,1.0,0.0
1,0,0.6,0.4,20101,1.0,4.0,0.0,2.451955305460274e-12,0.20263919821826282,0.06963934522640618,0.7473009144281875,1.1862452211030274,1.0,0.0
1,0,0.9,0.1,20200,1.0,4.0,1.0,2.4297647227555785e-12,0.1381904231625835,0.04729929333573845,0.8450665205834033,10.181474976903932,1.0,0.0
1,0,0.9,0.1,20200,1.0,4.0,0.0,1.745728561708404e-12,0.2311358574610245,0.08263509776992684,0.884163926978572,8.89283417850165,1.0,0.0
1,0,0.9,0.4,20201,1.0,4.0,1.0,4.1330133759842624e-12,0.16369710467706014,0.06349070824085863,0.9393240016341364,0.3620948234228722,0.925,0.0
1,0,0.9,0.4,20201,1.0,4.0,0.0,2.810751631443509e-12,0.2892706013363029,0.11858046708476905,0.9512331094462492,0.38357314449037516,0.925,0.0
1,1,0.25,0.1,21000,1.0,4.0,1.0,1.2684367445281453e-12,0.09967706013363029,0.026654841230071415,0.4119866722705735,27.89607882422771,1.0,0.0
1,1,0.25,0.1,21000,1.0,4.0,0.0,9.227063557659676e-13,0.14971046770601337,0.04190262769778072,0.48481400644517453,27.61191932470459,1.0,0.0
1,1,0.25,0.4,21001,1.0,4.0,1.0,2.5427854266624195e-12,0.1262694877505568,0.040203611787972326,0.54882089995385,1.7678102452783244,1.0,0.0
1,1,0.25,0.4,21001,1.0,4.0,0.0,2.3200330545591896e-12,0.20415367483296215,0.06790942400616896,0.5845001639650852,1.9292674249957042,1.0,0.0
1,1,0.6,0.1,21100,1.0,4.0,1.0,2.56668991616138e-12,0.14150890868596883,0.046753026635437275,0.5288114247683083,31.176867318512606,1.0,0.0
1,1,0.6,0.1,21100,1.0,4.0,0.0,1.7244539129990244e-12,0.23206570155902004,0.08177158654650343,0.5887456378998703,33.517015428763976,1.0,0.0
1,1,0.6,0.4,21101,1.0,4.0,1.0,2.7793600754222325e-12,0.12443763919821826,0.039503261003021393,0.7724876012492463,0.8257211498267671,1.0,0.0
1,1,0.6,0.4,21101,1.0,4.0,0.0,2.0728974092776298e-12,0.20092427616926503,0.06661855762074269,0.8032142049656529,0.8758138487302652,1.0,0.0
1,1,0.9,0.1,21200,1.0,4.0,1.0,1.5599119218556723e-12,0.10665924276169265,0.030560419755961583,0.8558560459843061,8.101623240595176,1.0,0.0
1,1,0.9,0.1,21200,1.0,4.0,0.0,1.1488310303064964e-12,0.16378062360801782,0.048746011421949016,0.8689718347408179,8.334672239465828,1.0,0.0
1,1,0.9,0.4,21201,1.0,4.0,1.0,3.284345018172985e-12,0.14753340757238306,0.05113004214407034,0.9441128222362524,0.28653700903732277,0.75,0.0
1,1,0.9,0.4,21201,1.0,4.0,0.0,2.6813828934990624e-12,0.24702115812917594,0.08988962569469047,0.951856972424281,0.29921318998617097,0.75,0.0
1,2,0.25,0.1,22000,1.0,4.0,1.0,1.4805656700644931e-12,0.08970489977728285,0.02527028407074025,0.20996100448132254,37.35393424488248,1.0,0.0
1,2,0.25,0.1,22000,1.0,4.0,0.0,1.1406431354998858e-12,0.1278674832962138,0.038563912568512194,0.2464272608954366,42.03898393589955,1.0,0.0
1,2,0.25,0.4,22001,1.0,4.0,1.0,3.2943925365458426e-12,0.1375946547884187,0.04677388866661964,0.5022737533012568,2.261560827370958,1.0,0.0
1,2,0.25,0.4,22001,1.0,4.0,0.0,2.6937063690724017e-12,0.2304120267260579,0.08326444987657798,0.5700019104478293,2.495619778106845,1.0,0.0
1,2,0.6,0.1,22100,1.0,4.0,1.0,1.7017567910393439e-12,0.1087750556792873,0.031669746800396636,0.52179138823291,26.843678972962522,1.0,0.0
1,2,0.6,0.1,22100,1.0,4.0,0.0,1.2143480665471884e-12,0.16483296213808463,0.05080914821274347,0.591682812442978,26.488970619723847,1.0,0.0
1,2,0.6,0.4,22101,1.0,4.0,1.0,2.7395724577772285e-12,0.12842427616926502,0.04137100737630739,0.679508872682689,1.183404636888758,1.0,0.0
1,2,0.6,0.4,22101,1.0,4.0,0.0,2.1483648193765248e-12,0.2099944320712695,0.07053554741614779,0.7245922005532748,1.2326938510657073,1.0,0.0
1,2,0.9,0.1,22200,1.0,4.0,1.0,1.0613177003904184e-12,0.09276169265033407,0.026511888900620974,0.9035162803069949,5.0625023238757825,1.0,0.0
1,2,0.9,0.1,22200,1.0,4.0,0.0,8.932299344621697e-13,0.13347995545657015,0.03905575188343131,0.9019453317038114,5.85132679574722,1.0,0.0
1,2,0.9,0.4,22201,1.0,4.0,1.0,3.940792137058224e-12,0.15055122494432072,0.0527984669040606,0.9211461147467187,0.3732046337978222,0.825,0.0
1,2,0.9,0.4,22201,1.0,4.0,0.0,2.718741898277699e-12,0.25248329621380844,0.09437427931195597,0.9427195950631242,0.35016937920054547,0.825,0.0
1,3,0.25,0.1,23000,1.0,4.0,1.0,1.0228033697767813e-12,0.07973830734966593,0.020546652416208323,0.23138642446360042,28.124250852786187,1.0,0.0
1,3,0.25,0.1,23000,1.0,4.0,0.0,7.77801434370673e-13,0.11518930957683741,0.030853049905707808,0.281698362243043,29.176649492653347,1.0,0.0
1,3,0.25,0.4,23001,1.0,4.0,1.0,4.159755873089921e-12,0.1448608017817372,0.051901183873440816,0.5544878607993048,2.0346629963828486,1.0,0.0
1,3,0.25,0.4,23001,1.0,4.0,0.0,2.945810262389159e-12,0.2406347438752784,0.0913504582293407,0.6261575957751172,2.2004493483174703,1.0,0.0
1,3,0.6,0.1,23100,1.0,4.0,1.0,7.700125259635371e-13,0.07479955456570156,0.01837554624901388,0.47588607422380214,20.843939850684393,1.0,0.0
1,3,0.6,0.1,23100,1.0,4.0,0.0,6.162570453938088e-13,0.10785077951002227,0.026794455151585704,0.5006228188454822,20.542977670481932,1.0,0.0
1,3,0.6,0.4,23101,1.0,4.0,1.0,3.676822735165786e-12,0.13279510022271715,0.04469833196216019,0.8369863524204549,0.6431485330394449,1.0,0.0
1,3,0.6,0.4,23101,1.0,4.0,0.0,2.5853208462933708e-12,0.21994432071269487,0.07784203521455194,0.8730941516803963,0.6244866776218416,1.0,0.0
1,3,0.9,0.1,23200,1.0,4.0,1.0,1.5914838891184502e-12,0.1100890868596882,0.031778218212610315,0.8844933822925657,6.523869857578647,1.0,0.0
1,3,0.9,0.1,23200,1.0,4.0,0.0,1.0960260476977624e-12,0.1710857461024499,0.05191853375698213,0.8926274012095745,7.00329627101128,1.0,0.0
1,3,0.9,0.4,23201,1.0,4.0,1.0,3.1248476028977734e-12,0.13212694877505568,0.04171825863462436,0.8999518517119262,0.4046376199215556,0.85,0.0
1,3,0.9,0.4,23201,1.0,4.0,0.0,2.2653823261720163e-12,0.22097995545657015,0.07389633016783108,0.9243061193398346,0.40165119332543947,0.875,0.0
1,4,0.25,0.1,24000,1.0,4.0,1.0,1.4530321390537893e-12,0.10461581291759466,0.030435492007968898,0.23999933284441366,39.668081193312766,1.0,0.0
1,4,0.25,0.1,24000,1.0,4.0,0.0,9.859196792305625e-13,0.15798997772828507,0.04794971665604966,0.2813114533713358,42.52452368933733,1.0,0.0
1,4,0.25,0.4,24001,1.0,4.0,1.0,3.1083052798308586e-12,0.13570712694877504,0.045292665325493496,0.46314012777431507,2.40506261584368,1.0,0.0
1,4,0.25,0.4,24001,1.0,4.0,0.0,2.3694657347306247e-12,0.2242706013363029,0.07901940186285954,0.5459505813302015,2.574536844066225,1.0,0.0
1,4,0.6,0.1,24100,1.0,4.0,1.0,1.0897047153513029e-12,0.08894766146993319,0.02332459240482804,0.6830283536680248,13.911409588009933,1.0,0.0
1,4,0.6,0.1,24100,1.0,4.0,0.0,9.471451400955289e-13,0.132271714922049,0.035595852760198256,0.7021976984943051,13.952708272555379,1.0,0.0
1,4,0.6,0.4,24101,1.0,4.0,1.0,3.0172947473872114e-12,0.1449554565701559,0.05194062295961301,0.8428298878107672,0.737759747782882,0.975,0.0
1,4,0.6,0.4,24101,1.0,4.0,0.0,2.52151077795304e-12,0.2421380846325167,0.09100820144543405,0.875530797208529,0.7480875561796833,0.975,0.0
1,4,0.9,0.1,24200,1.0,4.0,1.0,2.0109261478218343e-12,0.11966592427616926,0.03845027924737034,0.9026942770758981,5.905977688601858,1.0,0.0
1,4,0.9,0.1,24200,1.0,4.0,0.0,1.3561790579430522e-12,0.1898106904231626,0.06223322194806932,0.913806876534027,6.043186275066381,1.0,0.0
1,4,0.9,0.4,24201,1.0,4.0,1.0,4.595032687682021e-12,0.16398663697104676,0.05764799301937494,0.956659032247503,0.21582823078658972,0.725,0.0
1,4,0.9,0.4,24201,1.0,4.0,0.0,3.2077951406250804e-12,0.27908685968819597,0.10675933745251691,0.9698422900152646,0.21626156245562358,0.7,0.0
1,5,0.25,0.1,25000,1.0,4.0,1.0,1.5668369379717717e-12,0.10159799554565702,0.028373024392514153,0.3474039602442886,31.144726701685023,1.0,0.0
1,5,0.25,0.1,25000,1.0,4.0,0.0,1.2403411631112249e-12,0.15247772828507794,0.04449722173974562,0.40091973060404434,34.643970087334445,1.0,0.0
1,5,0.25,0.4,25001,1.0,4.0,1.0,2.093963891169892e-12,0.11835746102449889,0.038205862488241,0.45096366858260584,1.9444965650459891,1.0,0.0
1,5,0.25,0.4,25001,1.0,4.0,0.0,1.914551850390467e-12,0.18865256124721602,0.06252869373579036,0.5343702299577652,1.9820560007648627,1.0,0.0
1,5,0.6,0.1,25100,1.0,4.0,1.0,1.063295285153032e-12,0.08347995545657015,0.020712606168930142,0.4383846179755904,24.523724442738885,1.0,0.0
1,5,0.6,0.1,25100,1.0,4.0,0.0,8.32771351877426e-13,0.12210467706013363,0.030515236077895847,0.4935585321204519,23.65724943609778,1.0,0.0
1,5,0.6,0.4,25101,1.0,4.0,1.0,4.837297229443038e-12,0.16001670378619154,0.061849195545142815,0.8433181207315853,0.9251612784854406,1.0,0.0
1,5,0.6,0.4,25101,1.0,4.0,0.0,2.9366509224360016e-12,0.2794209354120267,0.11177092789091013,0.8705482716990617,0.9484945610465081,1.0,0.0
1,5,0.9,0.1,25200,1.0,4.0,1.0,1.2740017374390789e-12,0.09898106904231625,0.027994612267084145,0.9391736654401777,2.8461744408140146,1.0,0.0
1,5,0.9,0.1,25200,1.0,4.0,0.0,9.486716967543884e-13,0.14829064587973273,0.04395829009688653,0.9493024837306042,2.781766014551674,1.0,0.0
1,5,0.9,0.4,25201,1.0,4.0,1.0,2.2348720096765362e-12,0.11686525612472161,0.034076309161309125,0.8184646543992334,0.48598768582250607,1.0,0.0
1,5,0.9,0.4,25201,1.0,4.0,0.0,1.5878548476067067e-12,0.1839086859688196,0.056929023253650686,0.8355320297465278,0.536556978653227,0.975,0.0
1,6,0.25,0.1,26000,1.0,4.0,1.0,1.770861235428356e-12,0.09373608017817373,0.02837332249635539,0.22355701738914396,42.563996582384746,1.0,0.0
1,6,0.25,0.1,26000,1.0,4.0,0.0,1.4540452175637597e-12,0.1463641425389755,0.04580396811876296,0.2646760457452974,47.95808602304656,1.0,0.0
1,6,0.25,0.4,26001,1.0,4.0,1.0,3.89846488424439e-12,0.13971046770601336,0.04683199134708405,0.5850952996562113,1.6863466673964926,1.0,0.0
1,6,0.25,0.4,26001,1.0,4.0,0.0,2.2878088312694445e-12,0.2339532293986637,0.0830099622286814,0.6487187864365902,1.838405135803614,1.0,0.0
1,6,0.6,0.1,26100,1.0,4.0,1.0,1.0507740511034314e-12,0.08933741648106905,0.022369065408105182,0.6720238470927697,15.972169904162373,1.0,0.0
1,6,0.6,0.1,26100,1.0,4.0,0.0,7.65679186720547e-13,0.1325,0.03392912146046019,0.7116195967780734,15.415178843191827,1.0,0.0
1,6,0.6,0.4,26101,1.0,4.0,1.0,2.727332248930736e-12,0.13156458797327394,0.0456286139685979,0.6298169629930428,1.5618713978619978,1.0,0.0
1,6,0.6,0.4,26101,1.0,4.0,0.0,2.166461454677915e-12,0.21921492204899778,0.07811503453184993,0.6891933884125343,1.5972926613587883,0.975,0.0
1,6,0.9,0.1,26200,1.0,4.0,1.0,1.2094283907693182e-12,0.0940924276169265,0.02816121913782655,0.8937473190613926,5.964070123523216,1.0,0.0
1,6,0.9,0.1,26200,1.0,4.0,0.0,8.843620280529763e-13,0.14129732739420936,0.04194069975045706,0.9106230833921916,5.493410131388285,1.0,0.0
1,6,0.9,0.4,26201,1.0,4.0,1.0,4.392458619051354e-12,0.16661469933184855,0.06366830825740011,0.9444518624616733,0.32229680319460985,0.95,0.0
1,6,0.9,0.4,26201,1.0,4.0,0.0,3.0907221226783577e-12,0.28783407572383074,0.1157837201407791,0.9569708112381041,0.3317784314530264,0.9,0.0
1,7,0.25,0.1,27000,1.0,4.0,1.0,7.570957749614138e-13,0.0775445434298441,0.020681299715895284,0.36981404458097894,26.578393869971617,1.0,0.0
1,7,0.25,0.1,27000,1.0,4.0,0.0,7.164199788967096e-13,0.11000556792873051,0.03008431611647727,0.41075305860079697,26.497774920400605,1.0,0.0
1,7,0.25,0.4,27001,1.0,4.0,1.0,4.301531353334553e-12,0.16129175946547883,0.058858723106507006,0.5023126942192543,2.3387492900558366,1.0,0.0
1,7,0.25,0.4,27001,1.0,4.0,0.0,3.113648228136867e-12,0.2790423162583519,0.10911250740540247,0.5938693994819173,2.5298398210523807,1.0,0.0
1,7,0.6,0.1,27100,1.0,4.0,1.0,2.09546963114704e-12,0.1235022271714922,0.03708369847383527,0.493337274657708,29.67020575130569,1.0,0.0
1,7,0.6,0.1,27100,1.0,4.0,0.0,1.2625595013915358e-12,0.194086859688196,0.061765840441419514,0.5566246259659765,31.647161321689563,1.0,0.0
1,7,0.6,0.4,27101,1.0,4.0,1.0,2.1222815171917375e-12,0.11677616926503341,0.03510350492438475,0.7693035187046964,0.8253374423926412,1.0,0.0
1,7,0.6,0.4,27101,1.0,4.0,0.0,1.7982143551975582e-12,0.18819042316258353,0.05927780833921986,0.801999776859274,0.8807386077233282,1.0,0.0
1,7,0.9,0.1,27200,1.0,4.0,1.0,1.0564257801881638e-12,0.09106904231625836,0.024657118003106562,0.9260061988643864,3.260524562800574,1.0,0.0
1,7,0.9,0.1,27200,1.0,4.0,0.0,8.820860708524947e-13,0.13733296213808463,0.037897894321071844,0.9326723060867549,3.2975971882389845,1.0,0.0
1,7,0.9,0.4,27201,1.0,4.0,1.0,3.742756105040712e-12,0.1365478841870824,0.04663786952547417,0.9173968506622896,0.41543926406631376,1.0,0.0
1,7,0.9,0.4,27201,1.0,4.0,0.0,2.333383486430307e-12,0.22573496659242762,0.08007598229654794,0.9347663638824009,0.398599708960529,0.925,0.0
2,0,0.25,0.1,20000,1.0,4.0,1.0,1.283785577843588e-12,0.10322383073496659,0.02840186386638285,0.26010790141441475,37.01328840495057,1.0,0.0
2,0,0.25,0.1,20000,1.0,4.0,0.0,9.491296637520463e-13,0.15351336302895324,0.04338680982434491,0.2993289988482118,37.59629494777034,1.0,0.0
2,0,0.25,0.4,20001,1.0,4.0,1.0,3.0929286909398e-12,0.12114699331848552,0.03858725423861569,0.40482743042810454,2.159808678010315,1.0,0.0
2,0,0.25,0.4,20001,1.0,4.0,0.0,2.5006663406657026e-12,0.19405345211581293,0.0645411463285792,0.4865144722536851,2.184391238616676,1.0,0.0
2,0,0.6,0.1,20100,1.0,4.0,1.0,1.8391677070184187e-12,0.11407572383073497,0.0375904993672706,0.784687939747223,13.638495668151927,1.0,0.0
2,0,0.6,0.1,20100,1.0,4.0,0.0,1.3707923685046808e-12,0.17753340757238306,0.0598225043114053,0.8070723062356268,13.662284566236544,1.0,0.0
2,0,0.6,0.4,20101,1.0,4.0,1.0,2.673548882281551e-12,0.12474944320712694,0.04260117188726337,0.7197973113191949,1.1753828271869744,1.0,0.0
2,0,0.6,0.4,20101,1.0,4.0,0.0,2.3753776723367537e-12,0.20080734966592428,0.07093811713750935,0.766398647875827,1.2099846911625183,1.0,0.0
2,0,0.9,0.1,20200,1.0,4.0,1.0,2.3687996009158496e-12,0.1432795100222717,0.048087802132799604,0.9010802554206998,5.903483658198586,1.0,0.0
2,0,0.9,0.1,20200,1.0,4.0,0.0,1.69800284943733e-12,0.23662026726057905,0.08328405499460638,0.9009006417251663,7.643931664561074,1.0,0.0
2,0,0.9,0.4,20201,1.0,4.0,1.0,4.3305498076406934e-12,0.16770601336302896,0.06193345579337595,0.9336515351276671,0.3451199926324294,0.925,0.0
2,0,0.9,0.4,20201,1.0,4.0,0.0,2.794570130859597e-12,0.29093541202672607,0.11775635499322215,0.9515899301427603,0.3692396261556807,0.925,0.0
2,1,0.25,0.1,21000,1.0,4.0,1.0,1.292396745178337e-12,0.09909799554565701,0.02676438063489483,0.4356375422334935,25.81539071206279,1.0,0.0
2,1,0.25,0.1,21000,1.0,4.0,0.0,9.005921008942153e-13,0.14501113585746103,0.04139605595443756,0.4591743663663989,29.02588401883575,1.0,0.0
2,1,0.25,0.4,21001,1.0,4.0,1.0,2.952166289205138e-12,0.12688195991091314,0.04032202585062855,0.5658484298371472,1.6445476060275759,1.0,0.0
2,1,0.25,0.4,21001,1.0,4.0,0.0,2.4040491819476983e-12,0.2044543429844098,0.06855034009505247,0.6197672689477451,1.7611188619075504,1.0,0.0
2,1,0.6,0.1,21100,1.0,4.0,1.0,2.3065577225978018e-12,0.13739977728285077,0.04544064586495166,0.47980286150818363,33.93309722975947,1.0,0.0
2,1,0.6,0.1,21100,1.0,4.0,0.0,1.623354228819096e-12,0.23114142538975502,0.07864855315716268,0.552210658057146,34.58107906164289,1.0,0.0
2,1,0.6,0.4,21101,1.0,4.0,1.0,2.5180413310010863e-12,0.12370267260579064,0.03874626015064163,0.7554926199183607,0.8473515623402234,1.0,0.0
2,1,0.6,0.4,21101,1.0,4.0,0.0,2.025685175155445e-12,0.20030066815144768,0.06553872749620052,0.7931436170808105,0.9062215588668688,1.0,0.0
2,1,0.9,0.1,21200,1.0,4.0,1.0,1.4201070874797495e-12,0.105456570155902,0.030301022879980974,0.8801521880009588,7.028196308818296,1.0,0.0
2,1,0.9,0.1,21200,1.0,4.0,0.0,1.036143393307043e-12,0.1545824053452116,0.046555657592176496,0.8836948473814257,7.221599955938312,1.0,0.0
2,1,0.9,0.4,21201,1.0,4.0,1.0,2.859421033285514e-12,0.1489977728285078,0.05398463744842025,0.9485537150446368,0.28447600493577335,0.825,0.0
2,1,0.9,0.4,21201,1.0,4.0,0.0,2.6368074390603624e-12,0.24561804008908686,0.09225224352262373,0.9598740949885746,0.26962686686512816,0.85,0.0
2,2,0.25,0.1,22000,1.0,4.0,1.0,1.3741299764724602e-12,0.09052895322939866,0.0236848632781414,0.15392805251551236,37.7817688673321,1.0,0.0
2,2,0.25,0.1,22000,1.0,4.0,0.0,1.0590139876143212e-12,0.1304120267260579,0.036485739074362526,0.20712551878337385,40.87913995392845,1.0,0.0
2,2,0.25,0.4,22001,1.0,4.0,1.0,3.7249231477076705e-12,0.13687639198218263,0.047781667310593974,0.5061765064558112,2.3433202706501284,1.0,0.0
2,2,0.25,0.4,22001,1.0,4.0,0.0,2.6933455465893985e-12,0.22919265033407574,0.08426967644560607,0.5947781583046504,2.4842553089260346,1.0,0.0
2,2,0.6,0.1,22100,1.0,4.0,1.0,1.7446877276228179e-12,0.11138641425389754,0.03070571123090965,0.5346129939119709,24.254450787070336,1.0,0.0
2,2,0.6,0.1,22100,1.0,4.0,0.0,1.1841222447017685e-12,0.16582962138084634,0.04905325068953319,0.58893415657025,25.550941985089057,1.0,0.0
2,2,0.6,0.4,22101,1.0,4.0,1.0,2.251712705181319e-12,0.13003340757238308,0.04124872977905675,0.6510644407263175,1.204387405068144,1.0,0.0
2,2,0.6,0.4,22101,1.0,4.0,0.0,2.1898871604975056e-12,0.21007238307349665,0.06993798765647581,0.7162291899745475,1.2151670956155507,1.0,0.0
2,2,0.9,0.1,22200,1.0,4.0,1.0,1.3121934094861842e-12,0.09111358574610245,0.0273253290944376,0.8820821163574571,6.369289919037237,1.0,0.0
2,2,0.9,0.1,22200,1.0,4.0,0.0,9.591494265492884e-13,0.13492204899777283,0.04127291158024546,0.8934959269096664,6.780957079372471,1.0,0.0
2,2,0.9,0.4,22201,1.0,4.0,1.0,4.338293613237454e-12,0.14830178173719377,0.050425586139524636,0.9202183220713461,0.342792194280365,0.8,0.0
2,2,0.9,0.4,22201,1.0,4.0,0.0,2.7106927813491666e-12,0.2538641425389755,0.09293516191646016,0.9432283786576893,0.33353888197876824,0.85,0.0
2,3,0.25,0.1,23000,1.0,4.0,1.0,9.880395113182061e-13,0.08258351893095768,0.02030694685057296,0.2401767491278162,27.929609983731144,1.0,0.0
2,3,0.25,0.1,23000,1.0,4.0,0.0,7.767952947546064e-13,0.11493875278396437,0.030169281543914718,0.2754301274427017,29.97922882628046,1.0,0.0
2,3,0.25,0.4,23001,1.0,4.0,1.0,4.07619771269907e-12,0.14437639198218263,0.05332831001112506,0.5053246519802953,2.4419055205029756,1.0,0.0
2,3,0.25,0.4,23001,1.0,4.0,0.0,2.941702437198046e-12,0.23851893095768373,0.09138812109965169,0.598803991400394,2.465604977494438,1.0,0.0
2,3,0.6,0.1,23100,1.0,4.0,1.0,8.290451658510278e-13,0.07683184855233853,0.020346349208279622,0.5527710208077415,20.283759519924995,1.0,0.0
2,3,0.6,0.1,23100,1.0,4.0,0.0,6.72635558363055e-13,0.10855790645879733,0.029327902690655955,0.5931126773707147,19.439331411783417,1.0,0.0
2,3,0.6,0.4,23101,1.0,4.0,1.0,2.678565702574076e-12,0.13007795100222716,0.04628308244600859,0.8584221181426722,0.6622510958254985,1.0,0.0
2,3,0.6,0.4,23101,1.0,4.0,0.0,2.484096262023172e-12,0.2163641425389755,0.07841111153824214,0.8710741174490406,0.712546281357507,1.0,0.0
2,3,0.9,0.1,23200,1.0,4.0,1.0,1.4616710619641538e-12,0.11033964365256124,0.03299753744062084,0.8769901866596073,7.120791699272768,1.0,0.0
2,3,0.9,0.1,23200,1.0,4.0,0.0,1.0903361546965584e-12,0.16912583518930957,0.05388207716349754,0.9019415623356507,6.623009723963655,1.0,0.0
2,3,0.9,0.4,23201,1.0,4.0,1.0,3.354275190936562e-12,0.1324053452115813,0.04164797520527115,0.8959736506522785,0.4179202574865279,0.9,0.0
2,3,0.9,0.4,23201,1.0,4.0,0.0,2.1444235276391055e-12,0.2210022271714922,0.07298013612320177,0.9167151306107474,0.428941869765137,0.85,0.0
2,4,0.25,0.1,24000,1.0,4.0,1.0,1.410788152966802e-12,0.10530066815144766,0.02989788027688776,0.24676384955643052,38.187955180240195,1.0,0.0
2,4,0.25,0.1,24000,1.0,4.0,0.0,1.0144246553878133e-12,0.1627728285077951,0.04795090208407682,0.29879670299926137,40.4812384613277,1.0,0.0
2,4,0.25,0.4,24001,1.0,4.0,1.0,3.1652874765697447e-12,0.13664810690423163,0.04443493692677189,0.48396689181798275,2.3273012122843078,1.0,0.0
2,4,0.25,0.4,24001,1.0,4.0,0.0,2.268546461792198e-12,0.2271380846325167,0.07770237092762648,0.5490558263350023,2.4574689384567727,1.0,0.0
2,4,0.6,0.1,24100,1.0,4.0,1.0,8.550798957784878e-13,0.08712694877505568,0.024016055413620372,0.589790943889519,18.259258305975226,1.0,0.0
2,4,0.6,0.1,24100,1.0,4.0,0.0,8.992875888402807e-13,0.12780066815144767,0.03548391311569267,0.6301536587735135,17.601503413965883,1.0,0.0
2,4,0.6,0.4,24101,1.0,4.0,1.0,3.0144636786744172e-12,0.14738864142538977,0.05108718076707606,0.8424962412527617,0.7286624399740139,1.0,0.0
2,4,0.6,0.4,24101,1.0,4.0,0.0,2.4701629630641264e-12,0.2456458797327394,0.09051371465234105,0.873989325288825,0.7238189669514452,0.975,0.0
2,4,0.9,0.1,24200,1.0,4.0,1.0,1.7808254870743667e-12,0.1240033407572383,0.03524318239846504,0.8874142051960395,5.250466332594325,1.0,0.0
2,4,0.9,0.1,24200,1.0,4.0,0.0,1.3089668238208674e-12,0.19439866369710468,0.05911302033831266,0.9071017461756702,5.477697669920395,1.0,0.0
2,4,0.9,0.4,24201,1.0,4.0,1.0,4.7915144074650584e-12,0.15915924276169266,0.05804877161098247,0.9638423406701803,0.18816293409767681,0.775,0.0
2,4,0.9,0.4,24201,1.0,4.0,0.0,3.137962112376158e-12,0.27492761692650336,0.10677155930266115,0.9706728861602992,0.21158510240739842,0.75,0.0
2,5,0.25,0.1,25000,1.0,4.0,1.0,1.9127824324449705e-12,0.10249443207126949,0.029117826362075362,0.41784123215834046,30.514593895195777,1.0,0.0
2,5,0.25,0.1,25000,1.0,4.0,0.0,1.2499307144864247e-12,0.15335189309576838,0.04609598615691431,0.4431387106693662,33.52260752650302,1.0,0.0
2,5,0.25,0.4,25001,1.0,4.0,1.0,2.630035078610149e-12,0.11744988864142539,0.03734271787061767,0.46308561088876105,1.8384950808969847,1.0,0.0
2,5,0.25,0.4,25001,1.0,4.0,0.0,1.8995360839824116e-12,0.18993318485523386,0.06216968781415009,0.5345623899745595,1.9636905405230447,1.0,0.0
2,5,0.6,0.1,25100,1.0,4.0,1.0,1.009359262837961e-12,0.08575167037861915,0.020708598042289493,0.3949130515820113,25.07389179823847,1.0,0.0
2,5,0.6,0.1,25100,1.0,4.0,0.0,8.191156086745366e-13,0.12330178173719376,0.031177496138033892,0.43213386782910185,25.860023139239583,1.0,0.0
2,5,0.6,0.4,25101,1.0,4.0,1.0,4.172134859814491e-12,0.16187639198218262,0.060496865876731046,0.8393260961862786,0.8777914684519813,1.0,0.0
2,5,0.6,0.4,25101,1.0,4.0,0.0,3.0370983505889626e-12,0.2823106904231626,0.11152519384906114,0.8614414936668318,0.9758914348135853,1.0,0.0
2,5,0.9,0.1,25200,1.0,4.0,1.0,1.2053552600477246e-12,0.0936804008908686,0.027249440509905642,0.9260551686183821,3.729136416134211,1.0,0.0
2,5,0.9,0.1,25200,1.0,4.0,0.0,9.042835924510939e-13,0.14667037861915366,0.0417738316402906,0.9415203708445298,3.25548481754234,1.0,0.0
2,5,0.9,0.4,25201,1.0,4.0,1.0,2.371235152676121e-12,0.11371380846325167,0.033893488599654645,0.8040155212458006,0.5773821597694417,1.0,0.0
2,5,0.9,0.4,25201,1.0,4.0,0.0,1.5877299475164364e-12,0.18075723830734966,0.05681874860674646,0.8312904692625611,0.5971650228390946,1.0,0.0
2,6,0.25,0.1,26000,1.0,4.0,1.0,1.9834550668562656e-12,0.093184855233853,0.02816213161332233,0.2767778277601412,42.91791879795447,1.0,0.0
2,6,0.25,0.1,26000,1.0,4.0,0.0,1.4135914661039806e-12,0.14384743875278397,0.04487639524206561,0.3017540909472056,50.97872226570556,1.0,0.0
2,6,0.25,0.4,26001,1.0,4.0,1.0,3.1261659927395158e-12,0.13938752783964364,0.047099882783319676,0.5585568747799686,1.7729337425775764,1.0,0.0
2,6,0.25,0.4,26001,1.0,4.0,0.0,2.3376300894994984e-12,0.23419821826280623,0.08279552070287718,0.6175619731967629,1.9491118286434095,1.0,0.0
2,6,0.6,0.1,26100,1.0,4.0,1.0,1.064183463572732e-12,0.09276169265033407,0.024268602125080706,0.6642212677685708,15.510967941077075,1.0,0.0
2,6,0.6,0.1,26100,1.0,4.0,0.0,7.611689056830073e-13,0.13239977728285077,0.03608048387537211,0.691324872573849,16.36209663799179,1.0,0.0
2,6,0.6,0.4,26101,1.0,4.0,1.0,2.6205773662191234e-12,0.13234409799554567,0.04503150866948367,0.6021676085979596,1.6006057482233087,0.975,0.0
2,6,0.6,0.4,26101,1.0,4.0,0.0,2.226968609519986e-12,0.22226057906458796,0.07908675292403287,0.6725042874419568,1.6452135298807384,0.95,0.0
2,6,0.9,0.1,26200,1.0,4.0,1.0,1.1646725250891166e-12,0.09842984409799554,0.02785214246321263,0.8772049767939788,5.8661049710879665,1.0,0.0
2,6,0.9,0.1,26200,1.0,4.0,0.0,9.649225862773392e-13,0.1493596881959911,0.04377575259656718,0.8902979407631736,6.209597842898246,1.0,0.0
2,6,0.9,0.4,26201,1.0,4.0,1.0,3.677835813675756e-12,0.16109688195991093,0.062250981392652664,0.9473135809975259,0.3189114764902401,0.925,0.0
2,6,0.9,0.4,26201,1.0,4.0,0.0,3.1426528046551994e-12,0.28907015590200447,0.11587199482512504,0.958382501734306,0.3255657282396522,0.925,0.0
2,7,0.25,0.1,27000,1.0,4.0,1.0,8.952734387168704e-13,0.07883630289532294,0.020303086026930893,0.43516520951205856,22.056482038175815,1.0,0.0
2,7,0.25,0.1,27000,1.0,4.0,0.0,6.743147706878005e-13,0.10767260579064589,0.028764244266616893,0.4581629210050921,22.98057083026004,1.0,0.0
2,7,0.25,0.4,27001,1.0,4.0,1.0,4.16446044315677e-12,0.16232739420935413,0.05817356095651971,0.5120390318021806,2.179082833235646,1.0,0.0
2,7,0.25,0.4,27001,1.0,4.0,0.0,3.1063762673255724e-12,0.27747772828507794,0.10819971872998398,0.6157729674952004,2.3417060857353467,1.0,0.0
2,7,0.6,0.1,27100,1.0,4.0,1.0,1.7617712844142375e-12,0.12448218262806236,0.039667669004298425,0.4577232630651347,36.43215730363198,1.0,0.0
2,7,0.6,0.1,27100,1.0,4.0,0.0,1.2327500131803504e-12,0.1910913140311804,0.06301811690402033,0.5156230949063209,37.21823466107996,1.0,0.0
2,7,0.6,0.4,27101,1.0,4.0,1.0,2.3666346660178306e-12,0.11624721603563475,0.035782397510175534,0.754801187025224,0.9140629683229149,1.0,0.0
2,7,0.6,0.4,27101,1.0,4.0,0.0,1.8120366318541414e-12,0.18572939866369712,0.06005451273885195,0.7938119947159742,0.9620575013070422,1.0,0.0
2,7,0.9,0.1,27200,1.0,4.0,1.0,9.859890681696015e-13,0.08851893095768375,0.02493621369093275,0.9611202835546786,1.8727498962684908,1.0,0.0
2,7,0.9,0.1,27200,1.0,4.0,0.0,8.354428260304303e-13,0.13393652561247216,0.0375086860178415,0.959732006666251,2.119457050586112,1.0,0.0
2,7,0.9,0.4,27201,1.0,4.0,1.0,3.1410846146329163e-12,0.1374554565701559,0.04646217805576537,0.9197556968081931,0.3993164675978796,0.975,0.0
2,7,0.9,0.4,27201,1.0,4.0,0.0,2.320671432798349e-12,0.22337416481069042,0.08096734549322183,0.9418196387485201,0.37886724176428793,0.925,0.0
3,0,0.25,0.1,20000,1.0,4.0,1.0,1.1556866574835567e-12,0.1019543429844098,0.029898900442253563,0.23811426611195685,38.92589715817106,1.0,0.0
3,0,0.25,0.1,20000,1.0,4.0,0.0,9.786754739948833e-13,0.1478118040089087,0.04449745392043369,0.2852514394845453,41.01964464632207,1.0,0.0
3,0,0.25,0.4,20001,1.0,4.0,1.0,2.2967183710420613e-12,0.12067928730512249,0.03930359065235351,0.38492535756060475,2.215670660904267,1.0,0.0
3,0,0.25,0.4,20001,1.0,4.0,0.0,2.5713597917587094e-12,0.19311247216035635,0.06548167650036935,0.4738468127439781,2.229354723891235,1.0,0.0
3,0,0.6,0.1,20100,1.0,4.0,1.0,1.752903378005044e-12,0.11498886414253898,0.036325537850163035,0.7936900478095241,11.891946079199498,1.0,0.0
3,0,0.6,0.1,20100,1.0,4.0,0.0,1.3676698662479225e-12,0.18041759465478843,0.05901498224542612,0.8202944975729324,11.852150044285642,1.0,0.0
3,0,0.6,0.4,20101,1.0,4.0,1.0,2.6898275273801175e-12,0.12721603563474387,0.04140828026661588,0.7009152015817202,1.1651353226069416,1.0,0.0
3,0,0.6,0.4,20101,1.0,4.0,0.0,2.360833750714164e-12,0.2053173719376392,0.07052372779504516,0.7409382458015578,1.2518451863586633,1.0,0.0
3,0,0.9,0.1,20200,1.0,4.0,1.0,2.430097789662966e-12,0.14232182628062362,0.04818323445453344,0.8736789007116668,7.956316598672735,1.0,0.0
3,0,0.9,0.1,20200,1.0,4.0,0.0,1.70727321169295e-12,0.24178173719376392,0.08388174064396262,0.8846872957372683,8.576011393431488,1.0,0.0
3,0,0.9,0.4,20201,1.0,4.0,1.0,3.97346044955782e-12,0.1628563474387528,0.06216978772001284,0.9399288846500264,0.34456465406470493,0.9,0.0
3,0,0.9,0.4,20201,1.0,4.0,0.0,2.6862956303830288e-12,0.2890590200445434,0.1155211395024451,0.9520516996687908,0.3649775506781463,0.9,0.0
3,1,0.25,0.1,21000,1.0,4.0,1.0,1.244900016406092e-12,0.09723273942093541,0.027664011872011066,0.45622683324948904,29.676027412902382,1.0,0.0
3,1,0.25,0.1,21000,1.0,4.0,0.0,9.076003837371616e-13,0.14865256124721604,0.041834995546032365,0.5208262903347008,27.900588610587736,1.0,0.0
3,1,0.25,0.4,21001,1.0,4.0,1.0,4.2052611393117445e-12,0.1240423162583519,0.0395901598662916,0.5327613891877971,1.8442693810875652,1.0,0.0
3,1,0.25,0.4,21001,1.0,4.0,0.0,2.496003403962277e-12,0.20415924276169264,0.06838326787935928,0.5792498441472705,1.9680216777371315,1.0,0.0
3,1,0.6,0.1,21100,1.0,4.0,1.0,2.369444918048913e-12,0.14435412026726058,0.04691332607222518,0.4975203976153704,34.39803258929865,1.0,0.0
3,1,0.6,0.1,21100,1.0,4.0,0.0,1.6954909698441156e-12,0.23097438752783964,0.08125586325837864,0.5642640964177046,35.7503881852978,1.0,0.0
3,1,0.6,0.4,21101,1.0,4.0,1.0,3.1483288198685955e-12,0.12360801781737193,0.038815163718512125,0.7744314637569981,0.8274050957095636,1.0,0.0
3,1,0.6,0.4,21101,1.0,4.0,0.0,2.053052172712455e-12,0.1975445434298441,0.0646902932073284,0.8093636010477206,0.83399365763334,1.0,0.0
3,1,0.9,0.1,21200,1.0,4.0,1.0,1.4692483341072204e-12,0.10597438752783965,0.030574487625030972,0.8358788173718613,10.319743665374908,1.0,0.0
3,1,0.9,0.1,21200,1.0,4.0,0.0,1.087893664042383e-12,0.16285077951002228,0.04782747077221428,0.8625701886098993,9.168517977385392,1.0,0.0
3,1,0.9,0.4,21201,1.0,4.0,1.0,3.4219294064996575e-12,0.14834632516703786,0.051544869623404106,0.9521752043520997,0.23857409400890153,0.875,0.0
3,1,0.9,0.4,21201,1.0,4.0,0.0,2.7166879856821424e-12,0.24695991091314032,0.09293055433958013,0.9608418433403467,0.2582767481425447,0.85,0.0
3,2,0.25,0.1,22000,1.0,4.0,1.0,1.3916853780493454e-12,0.09114142538975502,0.025107671114569317,0.2468752164554208,37.845654525440914,1.0,0.0
3,2,0.25,0.1,22000,1.0,4.0,0.0,1.0787898352404568e-12,0.1297772828507795,0.037708428574363274,0.26812026584308746,40.47280142891934,1.0,0.0
3,2,0.25,0.4,22001,1.0,4.0,1.0,3.1471353301171234e-12,0.13664810690423163,0.04865523820713576,0.4826322762914882,2.4917260006076845,1.0,0.0
3,2,0.25,0.4,22001,1.0,4.0,0.0,2.6256774532384952e-12,0.22828507795100222,0.08430319592362932,0.5705840885304925,2.5699217270954104,1.0,0.0
3,2,0.6,0.1,22100,1.0,4.0,1.0,1.8123280653981055e-12,0.1155011135857461,0.0313281729664409,0.5890683940446395,20.55967260419194,1.0,0.0
3,2,0.6,0.1,22100,1.0,4.0,0.0,1.1953910084017139e-12,0.16939866369710468,0.04989679471273119,0.6201651503074062,22.878076761974775,1.0,0.0
3,2,0.6,0.4,22101,1.0,4.0,1.0,2.6112237372366565e-12,0.12738307349665925,0.04056565532178195,0.6961515292460847,1.0846032061305744,1.0,0.0
3,2,0.6,0.4,22101,1.0,4.0,0.0,2.134376009266248e-12,0.20820155902004453,0.06975456984594815,0.7363519351853953,1.144395199227422,1.0,0.0
3,2,0.9,0.1,22200,1.0,4.0,1.0,1.194037924090452e-12,0.09101336302895323,0.024094001357234007,0.8749477773399226,5.429052965314869,1.0,0.0
3,2,0.9,0.1,22200,1.0,4.0,0.0,9.049358484780612e-13,0.13853563474387529,0.03760156738666185,0.8864131104838731,5.886646883381246,1.0,0.0
3,2,0.9,0.4,22201,1.0,4.0,1.0,3.979955254251877e-12,0.15116369710467706,0.05242555447203647,0.9232714093858836,0.3392582789865926,0.875,0.0
3,2,0.9,0.4,22201,1.0,4.0,0.0,2.6089963522935022e-12,0.25412026726057907,0.09204472685545002,0.9380080983098142,0.34347789789157757,0.925,0.0
3,3,0.25,0.1,23000,1.0,4.0,1.0,1.0874981470898604e-12,0.07863028953229399,0.021066934803448442,0.2376485527797375,30.20740427852912,1.0,0.0
3,3,0.25,0.1,23000,1.0,4.0,0.0,7.805839308261397e-13,0.11246102449888641,0.03097773143538333,0.27754542610062954,31.292978786461678,1.0,0.0
3,3,0.25,0.4,23001,1.0,4.0,1.0,4.331507374999433e-12,0.14016146993318485,0.05218323237483781,0.5382043377212173,2.340587585622776,1.0,0.0
3,3,0.25,0.4,23001,1.0,4.0,0.0,2.9009850077699184e-12,0.2397661469933185,0.09131848003479144,0.5939116330187869,2.511518871314674,1.0,0.0
3,3,0.6,0.1,23100,1.0,4.0,1.0,6.911970995560068e-13,0.07651447661469933,0.01950475224960346,0.5517591876240648,17.40575714131805,1.0,0.0
3,3,0.6,0.1,23100,1.0,4.0,0.0,5.798278523982958e-13,0.10742204899777283,0.027410750216402473,0.5559007443243065,17.851298290739738,1.0,0.0
3,3,0.6,0.4,23101,1.0,4.0,1.0,3.681527305232635e-12,0.13552895322939867,0.04684992474994464,0.8491484440124276,0.673722723124911,1.0,0.0
3,3,0.6,0.4,23101,1.0,4.0,0.0,2.4891755323608322e-12,0.21979955456570155,0.07965657295692509,0.8728109048277614,0.6803065082007482,1.0,0.0
3,3,0.9,0.1,23200,1.0,4.0,1.0,1.475188027288965e-12,0.11335189309576837,0.03299612521232485,0.8855393143982287,6.193086817855509,1.0,0.0
3,3,0.9,0.1,23200,1.0,4.0,0.0,1.0210166045965252e-12,0.17398106904231625,0.052531281774404755,0.8874865736801755,7.092119561090669,1.0,0.0
3,3,0.9,0.4,23201,1.0,4.0,1.0,3.0870167533336712e-12,0.1343708240534521,0.04049867842684054,0.8876235982575059,0.3869245051148146,0.875,0.0
3,3,0.9,0.4,23201,1.0,4.0,0.0,2.2254142972855107e-12,0.22155345211581293,0.07206089690964171,0.9118838084353015,0.41174440443815546,0.9,0.0
3,4,0.25,0.1,24000,1.0,4.0,1.0,1.2990025721748566e-12,0.10985523385300668,0.029951512507782423,0.19551092309367593,38.00480122451383,1.0,0.0
3,4,0.25,0.1,24000,1.0,4.0,0.0,9.294648384283732e-13,0.15902004454342986,0.04699278822771946,0.25258526914973595,41.019117550295235,1.0,0.0
3,4,0.25,0.4,24001,1.0,4.0,1.0,2.697037038146277e-12,0.13603006681514476,0.04495569853006015,0.4364807722402274,2.6722387827978786,1.0,0.0
3,4,0.25,0.4,24001,1.0,4.0,0.0,2.3329949083716883e-12,0.22540089086859688,0.07806369679504267,0.5249664989714755,2.6832022158933087,1.0,0.0
3,4,0.6,0.1,24100,1.0,4.0,1.0,1.2382525560461488e-12,0.09361358574610246,0.023893727349590197,0.6724107659615911,13.413431627112438,1.0,0.0
3,4,0.6,0.1,24100,1.0,4.0,0.0,9.213879659242252e-13,0.1331347438752784,0.03602348008864869,0.6795366870694519,14.537991746648116,1.0,0.0
3,4,0.6,0.4,24101,1.0,4.0,1.0,3.4985070396231777e-12,0.14396993318485524,0.052671144317351405,0.8368833259595198,0.7948527196851507,0.975,0.0
3,4,0.6,0.4,24101,1.0,4.0,0.0,2.4937829579130266e-12,0.24066258351893097,0.09207711307396046,0.8738020007484205,0.7878792382849136,0.975,0.0
3,4,0.9,0.1,24200,1.0,4.0,1.0,1.7477963520917683e-12,0.12561804008908686,0.03612954127489599,0.8943838585306456,4.96567819304335,1.0,0.0
3,4,0.9,0.1,24200,1.0,4.0,0.0,1.3647000196570502e-12,0.19198775055679287,0.06041777087743332,0.913832595207197,5.218598776445609,1.0,0.0
3,4,0.9,0.4,24201,1.0,4.0,1.0,4.117164942307738e-12,0.15731625835189308,0.05726064592704485,0.9607304107585652,0.20658791071396676,0.75,0.0
3,4,0.9,0.4,24201,1.0,4.0,0.0,3.217565103241782e-12,0.2739031180400891,0.10670649609361994,0.9718198317814937,0.2051500592120958,0.675,0.0
3,5,0.25,0.1,25000,1.0,4.0,1.0,1.8396950629551156e-12,0.09807906458797327,0.027199673061102776,0.42899319316222895,26.35136971745294,1.0,0.0
3,5,0.25,0.1,25000,1.0,4.0,0.0,1.2577439090222242e-12,0.14850779510022272,0.04391994832202172,0.4601850585494331,30.25009378429052,1.0,0.0
3,5,0.25,0.4,25001,1.0,4.0,1.0,2.5681470838812004e-12,0.11903674832962138,0.0375251634254315,0.4582544471192553,1.8287108236513652,1.0,0.0
3,5,0.25,0.4,25001,1.0,4.0,0.0,1.949468364514928e-12,0.19187639198218262,0.0629651626475655,0.529015984222475,1.9516773900783504,1.0,0.0
3,5,0.6,0.1,25100,1.0,4.0,1.0,1.032472718431876e-12,0.08628619153674832,0.02138779808169094,0.44194228830932847,25.102189671174802,1.0,0.0
3,5,0.6,0.1,25100,1.0,4.0,0.0,8.108166915654635e-13,0.12215478841870824,0.03186899266643004,0.48157343196292446,25.87258908167977,1.0,0.0
3,5,0.6,0.4,25101,1.0,4.0,1.0,3.793229619297733e-12,0.1622271714922049,0.06017010060097743,0.8327859358404586,0.8875625002030002,1.0,0.0
3,5,0.6,0.4,25101,1.0,4.0,0.0,2.9001523405014495e-12,0.28182628062360804,0.11118829220994136,0.8593601032478616,0.9791341178681661,1.0,0.0
3,5,0.9,0.1,25200,1.0,4.0,1.0,1.1214917883251019e-12,0.09429844097995546,0.027018842169332605,0.9326685906261174,3.4258950445951877,1.0,0.0
3,5,0.9,0.1,25200,1.0,4.0,0.0,8.276365703885347e-13,0.14463251670378618,0.041317708475035624,0.9348506002045247,3.472575757601755,1.0,0.0
3,5,0.9,0.4,25201,1.0,4.0,1.0,2.2124177490034924e-12,0.1175,0.03303057556500359,0.7866204391211439,0.518852619958865,0.975,0.0
3,5,0.9,0.4,25201,1.0,4.0,0.0,1.5927259511272496e-12,0.18743318485523386,0.05608126443415382,0.8156247109486074,0.5488087139033728,1.0,0.0
3,6,0.25,0.1,26000,1.0,4.0,1.0,2.134743770643155e-12,0.09560690423162584,0.0292643314850634,0.2513217331016333,42.83153789309116,1.0,0.0
3,6,0.25,0.1,26000,1.0,4.0,0.0,1.4478002130502432e-12,0.14580734966592426,0.04692730653945034,0.2805988789405213,49.26981969927047,1.0,0.0
3,6,0.25,0.4,26001,1.0,4.0,1.0,3.3691105461031157e-12,0.1403730512249443,0.048476542967022175,0.5838039369814751,1.790678059796568,1.0,0.0
3,6,0.25,0.4,26001,1.0,4.0,0.0,2.3455404285499526e-12,0.23311804008908685,0.08481471422383847,0.6439251431855166,1.972102283989897,1.0,0.0
3,6,0.6,0.1,26100,1.0,4.0,1.0,1.0585629595105672e-12,0.08683184855233853,0.024852124121881026,0.6989968187568851,16.946774647540703,1.0,0.0
3,6,0.6,0.1,26100,1.0,4.0,0.0,7.640207910775132e-13,0.13226614699331848,0.03723029101955734,0.733429186559464,16.094785807469673,1.0,0.0
3,6,0.6,0.4,26101,1.0,4.0,1.0,2.3890611711152587e-12,0.1355512249443207,0.046028402820679486,0.6205220180417289,1.4719920947141178,0.975,0.0
3,6,0.6,0.4,26101,1.0,4.0,0.0,2.0519697052634456e-12,0.2210412026726058,0.07840051704909831,0.6833710393579738,1.6135290883764786,0.975,0.0
3,6,0.9,0.1,26200,1.0,4.0,1.0,1.253504244846937e-12,0.10283964365256125,0.027425630871493478,0.8957691488628995,5.275135115956839,1.0,0.0
3,6,0.9,0.1,26200,1.0,4.0,0.0,9.591633043370962e-13,0.1526336302895323,0.04234399807507364,0.898764714731975,5.7313099856344545,1.0,0.0
3,6,0.9,0.4,26201,1.0,4.0,1.0,3.726921549151996e-12,0.16983853006681515,0.062122485774402665,0.9382307994663701,0.3405077602866569,0.9,0.0
3,6,0.9,0.4,26201,1.0,4.0,0.0,3.063382880696963e-12,0.2925445434298441,0.11554057675311945,0.9543714592611886,0.3317917563903528,0.925,0.0
3,7,0.25,0.1,27000,1.0,4.0,1.0,9.191467031932632e-13,0.08206013363028954,0.020869572308088766,0.4487773045008393,20.647373933325337,1.0,0.0
3,7,0.25,0.1,27000,1.0,4.0,0.0,6.761882720418555e-13,0.11287861915367484,0.02981896047544784,0.47270334317360746,21.52250968530984,1.0,0.0
3,7,0.25,0.4,27001,1.0,4.0,1.0,4.161712641170823e-12,0.16039532293986636,0.058281707822434276,0.5136384560057403,2.2644447997201396,1.0,0.0
3,7,0.25,0.4,27001,1.0,4.0,0.0,3.016281668877241e-12,0.2776336302895323,0.10734314937913718,0.603157933137705,2.4318802517135336,1.0,0.0
3,7,0.6,0.1,27100,1.0,4.0,1.0,1.75245234990129e-12,0.1248218262806236,0.03706096716457659,0.4554876496739445,32.84746172873756,1.0,0.0
3,7,0.6,0.1,27100,1.0,4.0,0.0,1.2718021080715403e-12,0.1924498886414254,0.061677835237287704,0.5365756909017486,32.706513868786445,1.0,0.0
3,7,0.6,0.4,27101,1.0,4.0,1.0,2.450595282255108e-12,0.11619153674832962,0.0369667881164112,0.7925837234042109,0.9493353663310133,1.0,0.0
3,7,0.6,0.4,27101,1.0,4.0,0.0,1.8186979700018924e-12,0.1839587973273942,0.06053435338578345,0.8201295350198667,0.9539531716136627,1.0,0.0
3,7,0.9,0.1,27200,1.0,4.0,1.0,1.0846566700362104e-12,0.09449331848552339,0.025266151450993462,0.9330052265961813,2.6791860700571526,1.0,0.0
3,7,0.9,0.1,27200,1.0,4.0,0.0,8.384126726213026e-13,0.1338251670378619,0.037738682890781784,0.9432533603883002,2.7700357949412036,1.0,0.0
3,7,0.9,0.4,27201,1.0,4.0,1.0,2.650213382082711e-12,0.1367817371937639,0.044849724755363,0.9219796525433991,0.3593705492647664,0.85,0.0
3,7,0.9,0.4,27201,1.0,4.0,0.0,2.2548907185893086e-12,0.22434855233853007,0.0771603038663459,0.930789360736242,0.3864027578068678,0.875,0.0
4,0,0.25,0.1,20000,1.0,4.0,1.0,1.3624865125017038e-12,0.10139755011135858,0.027771418604161813,0.2715606915201275,34.57630405836352,1.0,0.0
4,0,0.25,0.1,20000,1.0,4.0,0.0,1.0110939863139379e-12,0.1487694877505568,0.04357918552233459,0.3290142419376529,37.94785147279672,1.0,0.0
4,0,0.25,0.4,20001,1.0,4.0,1.0,2.7643165534385616e-12,0.12047327394209355,0.037576206285083624,0.3942459934227291,1.9807418657552827,1.0,0.0
4,0,0.25,0.4,20001,1.0,4.0,0.0,2.5098534361944758e-12,0.195,0.06381276057465056,0.48544057953804604,2.030891856223026,1.0,0.0
4,0,0.6,0.1,20100,1.0,4.0,1.0,1.6652235146352723e-12,0.11925946547884186,0.03808698186851605,0.8099294433783597,11.555587436302785,1.0,0.0
4,0,0.6,0.1,20100,1.0,4.0,0.0,1.3676698662479225e-12,0.18125835189309578,0.060245194639201714,0.8153914208374945,13.204163698731179,1.0,0.0
4,0,0.6,0.4,20101,1.0,4.0,1.0,2.607504490104162e-12,0.12639198218262807,0.04175730651257142,0.7111660838137541,1.1670470803031814,1.0,0.0
4,0,0.6,0.4,20101,1.0,4.0,0.0,2.406991272962955e-12,0.20273942093541203,0.07115688856308158,0.7557513855748781,1.2046842621843192,1.0,0.0
4,0,0.9,0.1,20200,1.0,4.0,1.0,2.784258934518391e-12,0.15141982182628064,0.046308795872551725,0.8537968696434116,7.370974087322311,1.0,0.0
4,0,0.9,0.1,20200,1.0,4.0,0.0,1.7955775755140735e-12,0.24421492204899778,0.08370714695474643,0.8726484246840374,8.528605734551045,1.0,0.0
4,0,0.9,0.4,20201,1.0,4.0,1.0,3.851016727729473e-12,0.16165367483296214,0.06161737579201262,0.922959387322932,0.4368633999593462,0.925,0.0
4,0,0.9,0.4,20201,1.0,4.0,0.0,2.837424739610128e-12,0.29025055679287304,0.1168281501814088,0.9506549406743751,0.37879033881242063,0.95,0.0
4,1,0.25,0.1,21000,1.0,4.0,1.0,1.3215956107259785e-12,0.10231625835189309,0.02721806558126889,0.4991788325814957,22.52689602547624,1.0,0.0
4,1,0.25,0.1,21000,1.0,4.0,0.0,9.95675764059456e-13,0.14928173719376392,0.04256689018108888,0.5283700922494061,25.7279706503294,1.0,0.0
4,1,0.25,0.4,21001,1.0,4.0,1.0,2.489182471254736e-12,0.12601893095768374,0.03918684694194664,0.5247840880105827,1.614229086667243,1.0,0.0
4,1,0.25,0.4,21001,1.0,4.0,0.0,2.4645563367897694e-12,0.2047271714922049,0.06802992054267495,0.5899124844392367,1.7976586670622356,1.0,0.0
4,1,0.6,0.1,21100,1.0,4.0,1.0,2.2616214456760986e-12,0.13991091314031182,0.046173271820474676,0.513068758428249,34.407321240648805,1.0,0.0
4,1,0.6,0.1,21100,1.0,4.0,0.0,1.6716211748146748e-12,0.23120267260579064,0.07891005044287458,0.5799603688670699,34.29038642189173,1.0,0.0
4,1,0.6,0.4,21101,1.0,4.0,1.0,2.6455365675914777e-12,0.12278396436525613,0.03982996150548924,0.7772796811000227,0.8127660751136734,1.0,0.0
4,1,0.6,0.4,21101,1.0,4.0,0.0,2.130684517709369e-12,0.19819599109131403,0.06666731945663973,0.8082587864555635,0.8626678559806046,1.0,0.0
4,1,0.9,0.1,21200,1.0,4.0,1.0,1.4320558627822777e-12,0.10252227171492205,0.030769991749182945,0.8907857255651964,7.4090123548272,1.0,0.0
4,1,0.9,0.1,21200,1.0,4.0,0.0,1.0761808111325877e-12,0.1620879732739421,0.048428480110526924,0.8971532133486403,6.996674318640217,1.0,0.0
4,1,0.9,0.4,21201,1.0,4.0,1.0,4.138661635622043e-12,0.14898106904231626,0.05172615434105662,0.947231049688095,0.2667739220527249,0.825,0.0
4,1,0.9,0.4,21201,1.0,4.0,0.0,2.7097213362026196e-12,0.24697104677060133,0.0908497604105477,0.9595039112179111,0.25894948528157147,0.825,0.0
4,2,0.25,0.1,22000,1.0,4.0,1.0,1.6268167368771458e-12,0.08796213808463252,0.0246932474774101,0.23777011648104787,40.36695306850544,1.0,0.0
4,2,0.25,0.1,22000,1.0,4.0,0.0,1.0711570519461588e-12,0.13014476614699333,0.03741550584869234,0.2842595327491574,41.67233579631201,1.0,0.0
4,2,0.25,0.4,22001,1.0,4.0,1.0,4.4688419631455645e-12,0.13746102449888642,0.04766049061345298,0.49355870980024047,2.2767478232468554,1.0,0.0
4,2,0.25,0.4,22001,1.0,4.0,0.0,2.7339519537150636e-12,0.2296325167037862,0.08430111657571077,0.5797331589584176,2.5344470431844233,1.0,0.0
4,2,0.6,0.1,22100,1.0,4.0,1.0,1.8580484373309503e-12,0.10747772828507796,0.032622259482067886,0.5782293590095845,25.772609508858967,1.0,0.0
4,2,0.6,0.1,22100,1.0,4.0,0.0,1.1924766729620728e-12,0.16226614699331848,0.05062795732853852,0.59963627362004,27.64541354230021,1.0,0.0
4,2,0.6,0.4,22101,1.0,4.0,1.0,2.7069388397471528e-12,0.12743875278396435,0.04139782651654698,0.680573646008813,1.2341060220723963,1.0,0.0
4,2,0.6,0.4,22101,1.0,4.0,0.0,2.1496415758548437e-12,0.20832962138084632,0.07063337018655903,0.7302915904528655,1.2413753093473945,1.0,0.0
4,2,0.9,0.1,22200,1.0,4.0,1.0,1.2801704141196524e-12,0.09121380846325167,0.02643692177036782,0.8820891041203901,5.85878236412599,1.0,0.0
4,2,0.9,0.1,22200,1.0,4.0,0.0,9.339473638902973e-13,0.1335857461024499,0.039932704643694625,0.8890834548353863,6.721644441590025,1.0,0.0
4,2,0.9,0.4,22201,1.0,4.0,1.0,4.385394825057176e-12,0.14953786191536747,0.05078850893441844,0.9137611107721497,0.3782030130924299,0.825,0.0
4,2,0.9,0.4,22201,1.0,4.0,0.0,2.7886304376778526e-12,0.2543652561247216,0.09269107676531788,0.937099018647315,0.3692291216376517,0.925,0.0
4,3,0.25,0.1,23000,1.0,4.0,1.0,1.0698178454227047e-12,0.07753340757238307,0.021523737285645758,0.2759462331127248,32.19653889137102,1.0,0.0
4,3,0.25,0.1,23000,1.0,4.0,0.0,7.709874405570361e-13,0.11293429844097995,0.031212005405110873,0.2995847769466776,32.45028026351574,1.0,0.0
4,3,0.25,0.4,23001,1.0,4.0,1.0,3.6788488921857265e-12,0.1445879732739421,0.052622289586774056,0.5483286023237078,2.2220620984900057,1.0,0.0
4,3,0.25,0.4,23001,1.0,4.0,0.0,2.952776911868682e-12,0.24285634743875278,0.09329151802342583,0.6146875991132917,2.362217876610965,1.0,0.0
4,3,0.6,0.1,23100,1.0,4.0,1.0,7.270295476757838e-13,0.07670935412026726,0.01980036449606282,0.4501605750240946,23.179068035382134,1.0,0.0
4,3,0.6,0.1,23100,1.0,4.0,0.0,6.283515374683191e-13,0.10935412026726057,0.028385479653152305,0.4855835126639375,22.486246009396446,1.0,0.0
4,3,0.6,0.4,23101,1.0,4.0,1.0,2.7282620607138597e-12,0.13476057906458797,0.0442447831648963,0.8494453229421846,0.5981958851959456,1.0,0.0
4,3,0.6,0.4,23101,1.0,4.0,0.0,2.4966140266258208e-12,0.2207349665924276,0.07624276122513989,0.8727691456101032,0.6111011873587766,1.0,0.0
4,3,0.9,0.1,23200,1.0,4.0,1.0,1.279004679943796e-12,0.11552338530066815,0.031993706583709064,0.873137542248065,6.2826233949080805,1.0,0.0
4,3,0.9,0.1,23200,1.0,4.0,0.0,9.84087811239931e-13,0.17610244988864143,0.05058962573557472,0.8854813352332348,6.366440724874592,1.0,0.0
4,3,0.9,0.4,23201,1.0,4.0,1.0,2.5299276562584794e-12,0.13307349665924276,0.04288185119959894,0.9023339851501445,0.43074949549322045,0.875,0.0
4,3,0.9,0.4,23201,1.0,4.0,0.0,2.2398471966056377e-12,0.21885300668151447,0.07314799342314501,0.9174815920293868,0.444941354295207,0.825,0.0
4,4,0.25,0.1,24000,1.0,4.0,1.0,1.447890418670994e-12,0.10519487750556793,0.02982542227673145,0.21840682472344264,40.7808105677179,1.0,0.0
4,4,0.25,0.1,24000,1.0,4.0,0.0,9.86558057469722e-13,0.16138084632516703,0.04830312063273747,0.28556745684657336,42.61128396467756,1.0,0.0
4,4,0.25,0.4,24001,1.0,4.0,1.0,3.9323266864954576e-12,0.1369097995545657,0.044406463440090346,0.4527959894474245,2.4469320665260743,1.0,0.0
4,4,0.25,0.4,24001,1.0,4.0,0.0,2.340488913787908e-12,0.2255902004454343,0.07712414644498282,0.5402179675656061,2.4741959536967304,1.0,0.0
4,4,0.6,0.1,24100,1.0,4.0,1.0,9.451363303103477e-13,0.0917316258351893,0.023143770418059373,0.673077477316805,13.383495039331258,1.0,0.0
4,4,0.6,0.1,24100,1.0,4.0,0.0,8.895315040113871e-13,0.1322327394209354,0.034846236066471005,0.6790561915997043,14.106104647264289,1.0,0.0
4,4,0.6,0.4,24101,1.0,4.0,1.0,3.1793040422556373e-12,0.1442706013363029,0.05077083198205743,0.8391923070968282,0.722171866422765,0.975,0.0
4,4,0.6,0.4,24101,1.0,4.0,0.0,2.51820786445478e-12,0.24153674832962138,0.08977917380185026,0.8724021033316461,0.7417794749718656,0.975,0.0
4,4,0.9,0.1,24200,1.0,4.0,1.0,1.83563581002133e-12,0.11662583518930958,0.033051727329730586,0.9000273116535207,5.140190209838418,1.0,0.0
4,4,0.9,0.1,24200,1.0,4.0,0.0,1.315655917544234e-12,0.19315701559020046,0.05551385666662139,0.9103709328724527,5.153201113845629,1.0,0.0
4,4,0.9,0.4,24201,1.0,4.0,1.0,4.6352643945368754e-12,0.15842427616926502,0.05898322714023584,0.9702254008872846,0.1721809618186246,0.65,0.0
4,4,0.9,0.4,24201,1.0,4.0,0.0,3.127581527095913e-12,0.27448775055679286,0.10518648746935245,0.9715995217359045,0.20733118582054683,0.725,0.0
4,5,0.25,0.1,25000,1.0,4.0,1.0,1.51639811818427e-12,0.10266146993318485,0.029443199723182097,0.37675645874652486,33.75922967794492,1.0,0.0
4,5,0.25,0.1,25000,1.0,4.0,0.0,1.1671913435762349e-12,0.15179287305122494,0.04566070535027259,0.4173224500917322,34.440163585348806,1.0,0.0
4,5,0.25,0.4,25001,1.0,4.0,1.0,2.706487811643399e-12,0.12025612472160356,0.0376786153586828,0.4266230728649329,1.8603298895821834,1.0,0.0
4,5,0.25,0.4,25001,1.0,4.0,0.0,1.963068596566586e-12,0.18980512249443207,0.062237412544086865,0.5054451815559983,1.9555772854536952,1.0,0.0
4,5,0.6,0.1,25100,1.0,4.0,1.0,1.024094004042908e-12,0.08439309576837417,0.020978286886324467,0.42975677502791926,23.42328536963347,1.0,0.0
4,5,0.6,0.1,25100,1.0,4.0,0.0,8.163469900068776e-13,0.12248329621380846,0.03138522265912875,0.46148744669580455,24.817752622462844,1.0,0.0
4,5,0.6,0.4,25101,1.0,4.0,1.0,4.135913833636096e-12,0.16043429844097995,0.05951513658087059,0.8356667195939118,0.8357128264303059,1.0,0.0
4,5,0.6,0.4,25101,1.0,4.0,0.0,3.0043467713625205e-12,0.2809966592427617,0.11163764126150695,0.8669365752304244,0.9201866382310655,1.0,0.0
4,5,0.9,0.1,25200,1.0,4.0,1.0,1.1438211489078753e-12,0.09398106904231626,0.027790662362262485,0.9538036053353992,2.5383669759507037,1.0,0.0
4,5,0.9,0.1,25200,1.0,4.0,0.0,8.853057176239076e-13,0.14280623608017817,0.04221771003545716,0.9550699622793218,2.679903736456863,1.0,0.0
4,5,0.9,0.4,25201,1.0,4.0,1.0,2.151029354635625e-12,0.11993318485523385,0.03475176998679411,0.7592465333501004,0.6315792935934048,0.925,0.0
4,5,0.9,0.4,25201,1.0,4.0,0.0,1.5850099011061047e-12,0.18644209354120267,0.05743656829182505,0.8032141237286458,0.6271995934190593,0.95,0.0
4,6,0.25,0.1,26000,1.0,4.0,1.0,2.3073140620333277e-12,0.09959354120267261,0.029093905835110685,0.23870914814840696,39.93764126938739,1.0,0.0
4,6,0.25,0.1,26000,1.0,4.0,0.0,1.466132770744366e-12,0.14905345211581292,0.04680864269602486,0.28784281697448383,45.82694394402789,1.0,0.0
4,6,0.25,0.4,26001,1.0,4.0,1.0,3.741326692896507e-12,0.14028953229398664,0.04721192993703273,0.5862487581473557,1.6710276241513249,1.0,0.0
4,6,0.25,0.4,26001,1.0,4.0,0.0,2.304462176638822e-12,0.23699331848552338,0.08329722864034078,0.6532524421938665,1.775622344158602,1.0,0.0
4,6,0.6,0.1,26100,1.0,4.0,1.0,1.0084988399938766e-12,0.0918596881959911,0.023044728586401282,0.7381346554033679,13.077951659512381,1.0,0.0
4,6,0.6,0.1,26100,1.0,4.0,0.0,7.531406054361867e-13,0.13656458797327395,0.034947968219121966,0.7408492102593344,14.361514351772575,1.0,0.0
4,6,0.6,0.4,26101,1.0,4.0,1.0,3.4758446121330167e-12,0.13241648106904233,0.04670583863881868,0.6304186206169854,1.5317887230030078,1.0,0.0
4,6,0.6,0.4,26101,1.0,4.0,0.0,2.2702117963291357e-12,0.21973830734966593,0.07941487392407995,0.6868309267583421,1.5937715845133986,0.975,0.0
4,6,0.9,0.1,26200,1.0,4.0,1.0,1.4037243589726245e-12,0.0974554565701559,0.027133279712975505,0.8910755621323309,5.24621558238753,1.0,0.0
4,6,0.9,0.1,26200,1.0,4.0,0.0,1.0085127177816844e-12,0.14375278396436525,0.04248362419163876,0.9041924102892095,5.5202641748589425,1.0,0.0
4,6,0.9,0.4,26201,1.0,4.0,1.0,4.338515657842379e-12,0.16729398663697104,0.06220467894837905,0.9391760348762104,0.3421200277465732,0.9,0.0
4,6,0.9,0.4,26201,1.0,4.0,0.0,3.200412157511323e-12,0.2926057906458797,0.11567810504279423,0.9555071994937974,0.3177481657694242,0.9,0.0
4,7,0.25,0.1,27000,1.0,4.0,1.0,7.949092772907562e-13,0.07844097995545657,0.020757318418123453,0.44198518987318997,24.159843257446123,1.0,0.0
4,7,0.25,0.1,27000,1.0,4.0,0.0,6.71740441049451e-13,0.110228285077951,0.029320088140013845,0.4688061236583386,23.94568965504075,1.0,0.0
4,7,0.25,0.4,27001,1.0,4.0,1.0,4.178088430784044e-12,0.15560690423162585,0.057545067481016614,0.5046479570002783,2.4096830964633593,1.0,0.0
4,7,0.25,0.4,27001,1.0,4.0,0.0,3.112760049717167e-12,0.27466035634743874,0.10680937507502067,0.6078322942315044,2.51194624349953,1.0,0.0
4,7,0.6,0.1,27100,1.0,4.0,1.0,1.7924620121512191e-12,0.11944320712694878,0.0374759345896666,0.4487522707276406,34.281625840606814,1.0,0.0
4,7,0.6,0.1,27100,1.0,4.0,0.0,1.2394807402671404e-12,0.18631403118040088,0.06028994422590622,0.5265283291661335,34.7208720052953,1.0,0.0
4,7,0.6,0.4,27101,1.0,4.0,1.0,2.2261151255698053e-12,0.11690979955456571,0.03620672052585029,0.7562832708939593,0.9199031513182767,1.0,0.0
4,7,0.6,0.4,27101,1.0,4.0,0.0,1.7762874504612114e-12,0.18796213808463252,0.0604729596311762,0.7864976786170021,0.9643137314007243,1.0,0.0
4,7,0.9,0.1,27200,1.0,4.0,1.0,1.07556324957514e-12,0.08998329621380846,0.025096068762616313,0.935090965062689,3.126646435012711,1.0,0.0
4,7,0.9,0.1,27200,1.0,4.0,0.0,7.92532706128668e-13,0.13438752783964364,0.03675687447867585,0.9434517671510823,2.8344423309263522,1.0,0.0
4,7,0.9,0.4,27201,1.0,4.0,1.0,3.4161007356203754e-12,0.1337750556792873,0.04608934810386762,0.9266851152180907,0.3820492218497003,0.95,0.0
4,7,0.9,0.4,27201,1.0,4.0,0.0,2.329192394512347e-12,0.22166481069042315,0.07996933706146102,0.9380385904563239,0.40379453368581975,0.925,0.0
5,0,0.25,0.1,20000,1.0,4.0,1.0,1.3834072776219841e-12,0.10125835189309577,0.026615016108712836,0.21622406421828966,34.71082764044801,1.0,0.0
5,0,0.25,0.1,20000,1.0,4.0,0.0,9.439671266875393e-13,0.14824610244988864,0.04104000521912738,0.2614587893950246,36.63692099291568,1.0,0.0
5,0,0.25,0.4,20001,1.0,4.0,1.0,3.1957353430200897e-12,0.1210022271714922,0.03827047266256695,0.37823101865471,2.059723602741363,1.0,0.0
5,0,0.25,0.4,20001,1.0,4.0,0.0,2.5603408282393048e-12,0.19458240534521157,0.06417159545011565,0.46122100684313494,2.0837890149579903,1.0,0.0
5,0,0.6,0.1,20100,1.0,4.0,1.0,1.6932080737497301e-12,0.11720489977728285,0.0359552424113908,0.7677734663026777,12.4585981862114,1.0,0.0
5,0,0.6,0.1,20100,1.0,4.0,0.0,1.3765932838083472e-12,0.18412583518930958,0.05858007311746772,0.7940499652918638,12.850791398914744,1.0,0.0
5,0,0.6,0.4,20101,1.0,4.0,1.0,2.1110266312796e-12,0.12502227171492206,0.04184678402701686,0.6947143492221343,1.275048573957325,1.0,0.0
5,0,0.6,0.4,20101,1.0,4.0,0.0,2.385452946285227e-12,0.20019487750556794,0.06954134623468235,0.7408183662717021,1.3060020048297756,1.0,0.0
5,0,0.9,0.1,20200,1.0,4.0,1.0,2.4690458011455974e-12,0.1393207126948775,0.04982468222442591,0.8688134280885491,8.780153124564453,1.0,0.0
5,0,0.9,0.1,20200,1.0,4.0,0.0,1.7031515087140292e-12,0.23385857461024498,0.08453842526470726,0.8896532623418559,8.967282058273852,1.0,0.0
5,0,0.9,0.4,20201,1.0,4.0,1.0,3.671188353315813e-12,0.1640423162583519,0.062369400919619886,0.9329914546173852,0.3965829929194675,0.95,0.0
5,0,0.9,0.4,20201,1.0,4.0,0.0,2.720462743965868e-12,0.2891759465478842,0.11549723923490894,0.946009913698384,0.40837054865759775,0.95,0.0
5,1,0.25,0.1,21000,1.0,4.0,1.0,1.2381137781680707e-12,0.10084632516703786,0.027842161833880538,0.3878490181715484,28.460229087042695,1.0,0.0
5,1,0.25,0.1,21000,1.0,4.0,0.0,9.648531973383001e-13,0.14874164810690424,0.04317383269465921,0.4514527222590092,30.27625427991319,1.0,0.0
5,1,0.25,0.4,21001,1.0,4.0,1.0,2.552846822823085e-12,0.12805679287305122,0.04031396044818133,0.509939125392533,1.8540878050018652,1.0,0.0
5,1,0.25,0.4,21001,1.0,4.0,0.0,2.351258077126772e-12,0.20496102449888642,0.06814338523750008,0.5797426084478969,1.893982334950353,1.0,0.0
5,1,0.6,0.1,21100,1.0,4.0,1.0,2.4595533942850523e-12,0.14319599109131403,0.04499198099551534,0.4801193418869063,31.456164337466166,1.0,0.0
5,1,0.6,0.1,21100,1.0,4.0,0.0,1.7623541515021657e-12,0.23079064587973275,0.08055915395412275,0.5589929180190463,34.41160109377355,1.0,0.0
5,1,0.6,0.4,21101,1.0,4.0,1.0,3.0357522051716046e-12,0.1228229398663697,0.04017982312498644,0.7468610606650193,1.0236889952283246,1.0,0.0
5,1,0.6,0.4,21101,1.0,4.0,0.0,2.0415058532563535e-12,0.19821269487750556,0.06735857713131971,0.8002547421303321,0.9941991778116566,1.0,0.0
5,1,0.9,0.1,21200,1.0,4.0,1.0,1.4577505869084462e-12,0.10216592427616926,0.0312971513601554,0.8618015244820529,7.997119209153391,1.0,0.0
5,1,0.9,0.1,21200,1.0,4.0,0.0,1.1299711166756765e-12,0.16206013363028954,0.049018068218935125,0.8712599898197825,8.397814367151641,1.0,0.0
5,1,0.9,0.4,21201,1.0,4.0,1.0,2.894670614317363e-12,0.14642538975501113,0.05145222738896081,0.950123523224614,0.2697454937722473,0.75,0.0
5,1,0.9,0.4,21201,1.0,4.0,0.0,2.6456892232573637e-12,0.24546213808463252,0.09119722750115057,0.9598376302978725,0.26454197911402755,0.875,0.0
5,2,0.25,0.1,22000,1.0,4.0,1.0,1.5829282329349326e-12,0.08645879732739421,0.02482404897225261,0.20060692711196468,39.74910989205196,1.0,0.0
5,2,0.25,0.1,22000,1.0,4.0,0.0,1.1651513087684862e-12,0.1245879732739421,0.03794804508575541,0.2421393473268648,44.369829232698244,1.0,0.0
5,2,0.25,0.4,22001,1.0,4.0,1.0,3.1662172883528683e-12,0.14039532293986637,0.04688635406914748,0.5026043498860246,1.9828956051860231,1.0,0.0
5,2,0.25,0.4,22001,1.0,4.0,0.0,2.7459423623810153e-12,0.2335077951002227,0.08274764942498332,0.5681531448790693,2.291201327122935,1.0,0.0
5,2,0.6,0.1,22100,1.0,4.0,1.0,1.7525703110976565e-12,0.1083184855233853,0.03212861793245886,0.6286685234356747,22.10866322090113,1.0,0.0
5,2,0.6,0.1,22100,1.0,4.0,0.0,1.2073259059164343e-12,0.16302338530066815,0.05090016235014874,0.6560027616320887,23.070499062939106,1.0,0.0
5,2,0.6,0.4,22101,1.0,4.0,1.0,2.580977098709525e-12,0.12577951002227172,0.040091209462594486,0.6459765925782202,1.4246381061036597,1.0,0.0
5,2,0.6,0.4,22101,1.0,4.0,0.0,2.055161596459243e-12,0.20824053452115812,0.06836977264419701,0.7048982306593288,1.320909485683287,1.0,0.0
5,2,0.9,0.1,22200,1.0,4.0,1.0,1.0290518437372498e-12,0.09362472160356347,0.025827888009153463,0.9018236918880583,4.485509014399549,1.0,0.0
5,2,0.9,0.1,22200,1.0,4.0,0.0,8.29183943729106e-13,0.13527839643652562,0.03831992052340819,0.9097495025325966,4.7948234891436785,1.0,0.0
5,2,0.9,0.4,22201,1.0,4.0,1.0,4.170760958821518e-12,0.14811804008908686,0.052400929860189016,0.9142810594219097,0.3905482274075799,0.85,0.0
5,2,0.9,0.4,22201,1.0,4.0,0.0,2.7233215682542777e-12,0.25028396436525613,0.0945724057979859,0.9431306847129511,0.35052993135051513,0.85,0.0
5,3,0.25,0.1,23000,1.0,4.0,1.0,1.0613870893294575e-12,0.08012806236080178,0.02070594177589562,0.22106641228430043,29.84341117555759,1.0,0.0
5,3,0.25,0.1,23000,1.0,4.0,0.0,7.751299602176687e-13,0.11293986636971047,0.030270951282991954,0.27610947322367263,30.6883457665659,1.0,0.0
5,3,0.25,0.4,23001,1.0,4.0,1.0,3.902822509616044e-12,0.14389198218262805,0.05122685572099255,0.5145301954017566,2.2887207652960093,1.0,0.0
5,3,0.25,0.4,23001,1.0,4.0,0.0,2.9613533847339113e-12,0.24270601336302897,0.09061012745693814,0.5931092232612075,2.3534444223175193,1.0,0.0
5,3,0.6,0.1,23100,1.0,4.0,1.0,7.660608258852619e-13,0.07815144766146993,0.01864184643776439,0.4619220520664294,20.400050257183377,1.0,0.0
5,3,0.6,0.1,23100,1.0,4.0,0.0,6.152786613533578e-13,0.10969376391982183,0.02693384981010857,0.511143980658209,19.403740353234014,1.0,0.0
5,3,0.6,0.4,23101,1.0,4.0,1.0,2.822860001305827e-12,0.13046770601336302,0.04532018226684711,0.8572983673469969,0.6383848819110867,1.0,0.0
5,3,0.6,0.4,23101,1.0,4.0,0.0,2.5790758417798543e-12,0.21757238307349666,0.07781221996199258,0.8740142499995858,0.6526406897961342,1.0,0.0
5,3,0.9,0.1,23200,1.0,4.0,1.0,1.6107393197017927e-12,0.11317371937639198,0.03394230650890645,0.8617872840483961,7.291342053107386,1.0,0.0
5,3,0.9,0.1,23200,1.0,4.0,0.0,1.0889622537035848e-12,0.16580734966592428,0.053871337656678474,0.8877231540614539,7.54989754654426,1.0,0.0
5,3,0.9,0.4,23201,1.0,4.0,1.0,3.4494351819347457e-12,0.13453229398663696,0.04142174649997741,0.8762759832090675,0.4484386499720576,0.9,0.0
5,3,0.9,0.4,23201,1.0,4.0,0.0,2.1626034296673424e-12,0.21956013363028953,0.07278450036861427,0.9055970507620161,0.4820561929053495,0.875,0.0
5,4,0.25,0.1,24000,1.0,4.0,1.0,1.3376105778561964e-12,0.10537861915367483,0.0306831703742136,0.31538060824392977,39.091606329326574,1.0,0.0
5,4,0.25,0.1,24000,1.0,4.0,0.0,9.796330413536225e-13,0.1605456570155902,0.048669408791510174,0.3643406243305346,39.89004239307781,1.0,0.0
5,4,0.25,0.4,24001,1.0,4.0,1.0,3.0768859682339667e-12,0.1353118040089087,0.044570354646090674,0.4018729802437227,2.797067686314414,1.0,0.0
5,4,0.25,0.4,24001,1.0,4.0,0.0,2.3987201114294976e-12,0.2250445434298441,0.07743437916121601,0.5028240508939044,2.7561161936439174,1.0,0.0
5,4,0.6,0.1,24100,1.0,4.0,1.0,1.3506834539711576e-12,0.09086859688195992,0.023973687857922237,0.6422364612110202,14.583894459099682,1.0,0.0
5,4,0.6,0.1,24100,1.0,4.0,0.0,1.0055012378273886e-12,0.1301336302895323,0.03615517009744837,0.670502300923243,15.19152238154787,1.0,0.0
5,4,0.6,0.4,24101,1.0,4.0,1.0,3.742214871316207e-12,0.14819599109131404,0.04946626612302821,0.818535107510881,0.7210286937413746,0.975,0.0
5,4,0.6,0.4,24101,1.0,4.0,0.0,2.611189042767137e-12,0.24783407572383073,0.08922724085554908,0.8576513599040174,0.7557019174721374,0.975,0.0
5,4,0.9,0.1,24200,1.0,4.0,1.0,1.881689248861562e-12,0.1194988864142539,0.04027425031012963,0.8983390618684213,6.342899321475436,1.0,0.0
5,4,0.9,0.1,24200,1.0,4.0,0.0,1.4249434965307728e-12,0.1880846325167038,0.06519016449851864,0.9161916695848932,6.4704025181814435,1.0,0.0
5,4,0.9,0.4,24201,1.0,4.0,1.0,4.326705660417929e-12,0.15861358574610246,0.05805955500189629,0.9595401899007786,0.22574272003870044,0.775,0.0
5,4,0.9,0.4,24201,1.0,4.0,0.0,3.201605647262795e-12,0.27669265033407575,0.10671230267284237,0.9698550247864737,0.2290538322680672,0.75,0.0
5,5,0.25,0.1,25000,1.0,4.0,1.0,1.4877474252550371e-12,0.09902004454342984,0.027964460584845016,0.45061432865872547,28.888357298428456,1.0,0.0
5,5,0.25,0.1,25000,1.0,4.0,0.0,1.1065454108560857e-12,0.14743318485523385,0.04340127409177484,0.4686249410700578,31.161145941464547,1.0,0.0
5,5,0.25,0.4,25001,1.0,4.0,1.0,2.4435453660487383e-12,0.11985523385300668,0.03767534352627962,0.4226060837447508,1.900015634394167,1.0,0.0
5,5,0.25,0.4,25001,1.0,4.0,0.0,1.875360977621199e-12,0.19055122494432072,0.061535470799761176,0.5080189185503239,1.9107161844510463,1.0,0.0
5,5,0.6,0.1,25100,1.0,4.0,1.0,1.1086756512845852e-12,0.08183741648106904,0.02185958980460772,0.3954351176678468,29.320093816388493,1.0,0.0
5,5,0.6,0.1,25100,1.0,4.0,0.0,8.281916819008472e-13,0.11825167037861915,0.032115617763007066,0.4366244956224473,29.863739231264443,1.0,0.0
5,5,0.6,0.4,25101,1.0,4.0,1.0,3.949424121074685e-12,0.16048440979955456,0.05999848402346747,0.8251241054451643,0.9546188611527024,0.975,0.0
5,5,0.6,0.4,25101,1.0,4.0,0.0,2.956052069791326e-12,0.2798719376391982,0.11100952366469304,0.8658804057831422,0.9513266409564266,1.0,0.0
5,5,0.9,0.1,25200,1.0,4.0,1.0,1.2065418109052928e-12,0.10155902004454342,0.027288540072930398,0.9420041189719188,2.763664710563358,1.0,0.0
5,5,0.9,0.1,25200,1.0,4.0,0.0,8.887751645758613e-13,0.15142538975501113,0.04217499872190888,0.9477351809824259,2.719476923560195,1.0,0.0
5,5,0.9,0.4,25201,1.0,4.0,1.0,2.325230286093216e-12,0.11523942093541202,0.03318073460436676,0.7875758724091717,0.5232977927354026,0.95,0.0
5,5,0.9,0.4,25201,1.0,4.0,0.0,1.6883161535474756e-12,0.18391425389755012,0.05637041046439037,0.8290962418246985,0.5250215253696222,0.975,0.0
5,6,0.25,0.1,26000,1.0,4.0,1.0,1.9362844660975043e-12,0.09169821826280623,0.027600392365297,0.18094680412051542,44.53536573576855,1.0,0.0
5,6,0.25,0.1,26000,1.0,4.0,0.0,1.513109082473818e-12,0.14287305122494431,0.04516650226949347,0.24402880157774445,52.38618313231241,1.0,0.0
5,6,0.25,0.4,26001,1.0,4.0,1.0,3.4386243852324583e-12,0.14268930957683743,0.04752458424144738,0.5680196525142942,1.632295066277976,1.0,0.0
5,6,0.25,0.4,26001,1.0,4.0,0.0,2.282091182692625e-12,0.23644766146993318,0.0840509781701222,0.6393458762703254,1.7890190801193613,1.0,0.0
5,6,0.6,0.1,26100,1.0,4.0,1.0,9.910856857420214e-13,0.09097995545657016,0.0230848134145702,0.7052876662547953,13.802097442831558,1.0,0.0
5,6,0.6,0.1,26100,1.0,4.0,0.0,7.153097558720845e-13,0.1349109131403118,0.035029134410291124,0.7278036408908428,13.83169367273312,1.0,0.0
5,6,0.6,0.4,26101,1.0,4.0,1.0,3.302899620472033e-12,0.1336358574610245,0.045568869705536884,0.6580196396784672,1.322021454101026,1.0,0.0
5,6,0.6,0.4,26101,1.0,4.0,0.0,2.21589413484935e-12,0.22079064587973274,0.0786039582118177,0.6960763795691964,1.469341504735569,0.975,0.0
5,6,0.9,0.1,26200,1.0,4.0,1.0,1.1654149867368346e-12,0.10294543429844098,0.02871398830595861,0.8903146347714189,5.5685235452766575,1.0,0.0
5,6,0.9,0.1,26200,1.0,4.0,0.0,8.878592305805455e-13,0.14383630289532293,0.04274316407244138,0.8991127172135489,5.694504078886159,1.0,0.0
5,6,0.9,0.4,26201,1.0,4.0,1.0,5.468736574698596e-12,0.16629175946547883,0.06223561346629604,0.9415665995893017,0.32593348716245857,0.875,0.0
5,6,0.9,0.4,26201,1.0,4.0,0.0,3.1223634788801746e-12,0.28960467706013365,0.1146983369822987,0.9553366918709086,0.3300095891374112,0.9,0.0
5,7,0.25,0.1,27000,1.0,4.0,1.0,9.166070680244331e-13,0.07964365256124721,0.019787361144164687,0.3986461434653262,23.791538431901557,1.0,0.0
5,7,0.25,0.1,27000,1.0,4.0,0.0,6.860831347488272e-13,0.10806792873051226,0.028588038585910164,0.42447056415665235,24.522889311034714,1.0,0.0
5,7,0.25,0.4,27001,1.0,4.0,1.0,3.897715483702768e-12,0.15997772828507795,0.058124338064587104,0.50099324040862,2.3345532130729962,1.0,0.0
5,7,0.25,0.4,27001,1.0,4.0,0.0,3.135797177478139e-12,0.2765423162583519,0.10834259937747154,0.6032322978017096,2.5090919232286817,1.0,0.0
5,7,0.6,0.1,27100,1.0,4.0,1.0,2.039007851450947e-12,0.11991648106904232,0.03716699062507619,0.4183558935364193,34.49321887391436,1.0,0.0
5,7,0.6,0.1,27100,1.0,4.0,0.0,1.2832096496495637e-12,0.19062917594654788,0.062246944976030345,0.48881833895724547,37.213808162505416,1.0,0.0
5,7,0.6,0.4,27101,1.0,4.0,1.0,2.1868479249675943e-12,0.11587973273942094,0.035138715684945476,0.7441165843577927,0.8861947403976299,1.0,0.0
5,7,0.6,0.4,27101,1.0,4.0,0.0,1.791053416688726e-12,0.18655902004454342,0.05914015649152288,0.7943636754444833,0.9301745801544605,1.0,0.0
5,7,0.9,0.1,27200,1.0,4.0,1.0,1.1549650125175503e-12,0.0919097995545657,0.024799574137896324,0.93634177189159,2.867546012264688,1.0,0.0
5,7,0.9,0.1,27200,1.0,4.0,0.0,8.557460295932628e-13,0.13343541202672607,0.037496148552602096,0.9444938168983649,2.826329923022609,1.0,0.0
5,7,0.9,0.4,27201,1.0,4.0,1.0,3.6076419629438305e-12,0.13643652561247216,0.045389100611890686,0.9082251502606142,0.42886716268248926,1.0,0.0
5,7,0.9,0.4,27201,1.0,4.0,0.0,2.400329934815204e-12,0.22547327394209354,0.08003695239210164,0.9355659183832905,0.3912543002839093,0.95,0.0
6,0,0.25,0.1,20000,1.0,4.0,1.0,1.1898884655359154e-12,0.10214922048997772,0.02826164124579297,0.22860769669916337,35.09413066066019,1.0,0.0
6,0,0.25,0.1,20000,1.0,4.0,0.0,9.426209812701813e-13,0.15203229398663698,0.04304494644749939,0.28888634322509227,35.45914411278918,1.0,0.0
6,0,0.25,0.4,20001,1.0,4.0,1.0,2.8734375989714067e-12,0.11880846325167038,0.03827675621433332,0.40034371126039636,2.094484779523101,1.0,0.0
6,0,0.25,0.4,20001,1.0,4.0,0.0,2.623012917979395e-12,0.1940924276169265,0.06486419475193099,0.47705801807260406,2.1378084767166894,1.0,0.0
6,0,0.6,0.1,20100,1.0,4.0,1.0,1.9750798219142496e-12,0.12026169265033408,0.03564943252012922,0.7774241045016073,11.72809116551669,1.0,0.0
6,0,0.6,0.1,20100,1.0,4.0,0.0,1.4070550280465e-12,0.1877672605790646,0.059730986450801535,0.7921228071645479,12.803441600180825,1.0,0.0
6,0,0.6,0.4,20101,1.0,4.0,1.0,3.6271680103894255e-12,0.12683741648106905,0.042533843014406394,0.7355443760448082,1.0939410217179373,1.0,0.0
6,0,0.6,0.4,20101,1.0,4.0,0.0,2.2884749650842195e-12,0.19967149220489977,0.06992676966870899,0.7618427822809307,1.1796631804394706,1.0,0.0
6,0,0.9,0.1,20200,1.0,4.0,1.0,2.5713736695465172e-12,0.14223830734966592,0.04747361099579074,0.8532385861601939,8.948684275918083,1.0,0.0
6,0,0.9,0.1,20200,1.0,4.0,0.0,1.695393825329461e-12,0.23323496659242762,0.0820706162894325,0.8787086189489941,9.22416280340809,1.0,0.0
6,0,0.9,0.4,20201,1.0,4.0,1.0,3.601313691703467e-12,0.16287861915367483,0.06352896084277289,0.9407723254594085,0.36464345335552245,0.9,0.0
6,0,0.9,0.4,20201,1.0,4.0,0.0,2.713052005276495e-12,0.2850501113585746,0.11668746042914434,0.9563675713530283,0.35924053856063637,0.9,0.0
6,1,0.25,0.1,21000,1.0,4.0,1.0,1.417893580324403e-12,0.0997271714922049,0.02739554362644527,0.382621736008768,28.973185171572062,1.0,0.0
6,1,0.25,0.1,21000,1.0,4.0,0.0,9.732908923254513e-13,0.14833518930957684,0.04227398776204197,0.4373540207079397,31.249215960290726,1.0,0.0
6,1,0.25,0.4,21001,1.0,4.0,1.0,2.3662599657470196e-12,0.12403674832962137,0.040204625664558694,0.5143016147279502,1.8637654436447775,1.0,0.0
6,1,0.25,0.4,21001,1.0,4.0,0.0,2.42353359602987e-12,0.20456013363028952,0.06888576453829019,0.5705559291050116,2.021904265206344,1.0,0.0
6,1,0.6,0.1,21100,1.0,4.0,1.0,2.454633718507182e-12,0.1326781737193764,0.04461258344636336,0.4797291456959542,36.16837915766403,1.0,0.0
6,1,0.6,0.1,21100,1.0,4.0,0.0,1.702041285689404e-12,0.2283129175946548,0.07780290419740898,0.5474826360843572,36.71144584219189,1.0,0.0
6,1,0.6,0.4,21101,1.0,4.0,1.0,3.3448105396516326e-12,0.12219933184855233,0.03824881099638754,0.7208176758905486,0.9399480921874654,1.0,0.0
6,1,0.6,0.4,21101,1.0,4.0,0.0,2.1434520824925585e-12,0.2007293986636971,0.0666450415464916,0.7759442135265893,0.9839662289855556,1.0,0.0
6,1,0.9,0.1,21200,1.0,4.0,1.0,1.5883405701799802e-12,0.10500556792873052,0.030746643547292937,0.870360925238592,7.240786776105594,1.0,0.0
6,1,0.9,0.1,21200,1.0,4.0,0.0,1.152147821592564e-12,0.16268930957683742,0.04865253525138383,0.8723799776518742,7.82800003565298,1.0,0.0
6,1,0.9,0.4,21201,1.0,4.0,1.0,3.498271117230445e-12,0.14651447661469932,0.0503048271501103,0.944015234265737,0.2822815902416674,0.725,0.0
6,1,0.9,0.4,21201,1.0,4.0,0.0,2.6738056213559958e-12,0.24783407572383073,0.08958633843670363,0.9557647722440229,0.27492700270245457,0.725,0.0
6,2,0.25,0.1,22000,1.0,4.0,1.0,1.5727072422144772e-12,0.08697661469933185,0.02476556137551183,0.18706448412585672,41.93719814857998,1.0,0.0
6,2,0.25,0.1,22000,1.0,4.0,0.0,1.1784878628517959e-12,0.12966592427616927,0.038436035161518965,0.22801367218985913,45.43155932553419,1.0,0.0
6,2,0.25,0.4,22001,1.0,4.0,1.0,2.8705232635317657e-12,0.13684855233853008,0.047015934800913664,0.4914011662317208,2.240398783139874,1.0,0.0
6,2,0.25,0.4,22001,1.0,4.0,0.0,2.8018698472465076e-12,0.2305902004454343,0.0845143354586201,0.5721156239475891,2.513901079592473,1.0,0.0
6,2,0.6,0.1,22100,1.0,4.0,1.0,1.3519879660250922e-12,0.10837973273942093,0.031176303315144545,0.5483273634210762,24.06450496716346,1.0,0.0
6,2,0.6,0.1,22100,1.0,4.0,0.0,1.1847883785165436e-12,0.1665033407572383,0.04977826196798418,0.6205590221824272,23.085313406099072,1.0,0.0
6,2,0.6,0.4,22101,1.0,4.0,1.0,2.6983554279880195e-12,0.12748329621380847,0.042709712218656964,0.676206067501864,1.2394993210729273,1.0,0.0
6,2,0.6,0.4,22101,1.0,4.0,0.0,2.0128620992210244e-12,0.20606347438752784,0.07146845326928429,0.7175680660444206,1.326281214781959,1.0,0.0
6,2,0.9,0.1,22200,1.0,4.0,1.0,1.0803892502853074e-12,0.0933184855233853,0.02650526669660941,0.8821396750086713,5.619773108145867,1.0,0.0
6,2,0.9,0.1,22200,1.0,4.0,0.0,8.692213615546507e-13,0.13525055679287304,0.03971388608275598,0.8999678876065289,5.712377123197109,1.0,0.0
6,2,0.9,0.4,22201,1.0,4.0,1.0,4.464331682108025e-12,0.14396993318485524,0.050513186939659324,0.9192468223982927,0.36859072207203214,0.825,0.0
6,2,0.9,0.4,22201,1.0,4.0,0.0,2.6641189254661413e-12,0.24885300668151447,0.09193580905153707,0.9374542430211672,0.37725466934126595,0.9,0.0
6,3,0.25,0.1,23000,1.0,4.0,1.0,1.040553060382976e-12,0.0806347438752784,0.02042114484381585,0.18967679021434125,31.794374155852267,1.0,0.0
6,3,0.25,0.1,23000,1.0,4.0,0.0,7.950654024035941e-13,0.11433741648106904,0.029940768590868246,0.24964457155480288,31.266831680452196,1.0,0.0
6,3,0.25,0.4,23001,1.0,4.0,1.0,4.44480563466243e-12,0.14282850779510023,0.05253599349517022,0.5193871351466872,2.424257004017357,1.0,0.0
6,3,0.25,0.4,23001,1.0,4.0,0.0,2.9095892362107634e-12,0.24062360801781738,0.09218571065177557,0.6047778890370951,2.451039806519816,1.0,0.0
6,3,0.6,0.1,23100,1.0,4.0,1.0,8.103621940147576e-13,0.0777227171492205,0.018734262429656864,0.4149998443929229,22.625178850593496,1.0,0.0
6,3,0.6,0.1,23100,1.0,4.0,0.0,6.34263475074448e-13,0.10917594654788419,0.02743015547562498,0.47584645495498656,21.828380564610324,1.0,0.0
6,3,0.6,0.4,23101,1.0,4.0,1.0,3.1204067107992728e-12,0.13301781737193763,0.04539270464283886,0.8414850936419794,0.6603258894406013,1.0,0.0
6,3,0.6,0.4,23101,1.0,4.0,0.0,2.5407731474302864e-12,0.218630289532294,0.07795967519367779,0.8699496046213386,0.661859353319346,1.0,0.0
6,3,0.9,0.1,23200,1.0,4.0,1.0,1.3527373665667142e-12,0.11276726057906458,0.031218944638147592,0.8614108213024326,7.433160950458551,1.0,0.0
6,3,0.9,0.1,23200,1.0,4.0,0.0,1.020655782113522e-12,0.1745489977728285,0.050447556049839595,0.8933945239571817,6.659950391600269,1.0,0.0
6,3,0.9,0.4,23201,1.0,4.0,1.0,2.9173746751709473e-12,0.13434298440979955,0.04155123915359559,0.8984230561641458,0.391998905763814,0.875,0.0
6,3,0.9,0.4,23201,1.0,4.0,0.0,2.1300461394702097e-12,0.218630289532294,0.07239879593839205,0.9126382892952496,0.43672893500536814,0.875,0.0
6,4,0.25,0.1,24000,1.0,4.0,1.0,1.455890963342199e-12,0.10115256124721604,0.030891041688215968,0.26925385072900443,42.48108001849593,1.0,0.0
6,4,0.25,0.1,24000,1.0,4.0,0.0,9.959255642399967e-13,0.16070712694877506,0.04940312497660501,0.33728205025547964,42.60573101617133,1.0,0.0
6,4,0.25,0.4,24001,1.0,4.0,1.0,2.9273805601803815e-12,0.13297327394209355,0.04504278674550085,0.41058977673531855,2.858818559291086,1.0,0.0
6,4,0.25,0.4,24001,1.0,4.0,0.0,2.3718804698091844e-12,0.22320712694877506,0.07869673525322934,0.5077996514871235,2.8350891879447278,1.0,0.0
6,4,0.6,0.1,24100,1.0,4.0,1.0,1.363374690921404e-12,0.08964365256124722,0.023127121504896948,0.6253429066762491,15.479647204762944,1.0,0.0
6,4,0.6,0.1,24100,1.0,4.0,0.0,9.664630207240066e-13,0.13187082405345213,0.03611299879955159,0.65714855011849,15.81976118678649,1.0,0.0
6,4,0.6,0.4,24101,1.0,4.0,1.0,3.7225361682047264e-12,0.14624721603563473,0.050947628773086326,0.8327937192058341,0.7332911572116334,0.975,0.0
6,4,0.6,0.4,24101,1.0,4.0,0.0,2.5214552668018086e-12,0.24639755011135858,0.09019072534325899,0.8665901390213767,0.7457765922486156,0.975,0.0
6,4,0.9,0.1,24200,1.0,4.0,1.0,1.6945403413792803e-12,0.11207683741648107,0.03687433829051894,0.8875873239006902,7.236654850476861,1.0,0.0
6,4,0.9,0.1,24200,1.0,4.0,0.0,1.308467223459786e-12,0.18330734966592427,0.05777183235577804,0.9050427997004719,6.639077793773684,1.0,0.0
6,4,0.9,0.4,24201,1.0,4.0,1.0,5.139444425594775e-12,0.16164253897550113,0.0578432816683866,0.9582023398539773,0.2094545612989126,0.75,0.0
6,4,0.9,0.4,24201,1.0,4.0,0.0,3.1133151612294796e-12,0.2764365256124722,0.10656250442936867,0.969583387488444,0.22300151361764015,0.7,0.0
6,5,0.25,0.1,25000,1.0,4.0,1.0,1.427094553640984e-12,0.09926503340757238,0.029380746437386186,0.4389069486036815,31.00363815236892,1.0,0.0
6,5,0.25,0.1,25000,1.0,4.0,0.0,1.0808576256238211e-12,0.14801781737193764,0.04440862774772529,0.4506520501720374,32.94692592902539,1.0,0.0
6,5,0.25,0.4,25001,1.0,4.0,1.0,2.5664054215113197e-12,0.1214977728285078,0.038068474262671806,0.459035824802249,1.7912278832964985,1.0,0.0
6,5,0.25,0.4,25001,1.0,4.0,0.0,1.8528789613725394e-12,0.19074053452115813,0.06209581043354021,0.5260452095011529,1.9239455051404335,1.0,0.0
6,5,0.6,0.1,25100,1.0,4.0,1.0,1.1617304340738599e-12,0.08346325167037862,0.021049260225095498,0.3330691769871872,29.360668722832834,1.0,0.0
6,5,0.6,0.1,25100,1.0,4.0,0.0,8.90738871550667e-13,0.12494432071269487,0.03250660827097465,0.41727314926382586,28.31201711600014,1.0,0.0
6,5,0.6,0.4,25101,1.0,4.0,1.0,3.766029155194417e-12,0.16503340757238308,0.061272003833191147,0.8325632130493767,0.8871393031590495,0.975,0.0
6,5,0.6,0.4,25101,1.0,4.0,0.0,2.875727433959696e-12,0.2820378619153675,0.11152162111479197,0.8694642784478931,0.8956913082424947,1.0,0.0
6,5,0.9,0.1,25200,1.0,4.0,1.0,1.1053484516576617e-12,0.1058630289532294,0.02727705200614942,0.922477743848483,3.371228939661425,1.0,0.0
6,5,0.9,0.1,25200,1.0,4.0,0.0,8.863881850729172e-13,0.15716035634743875,0.04306129460572298,0.9357147966846506,3.171233557405151,1.0,0.0
6,5,0.9,0.4,25201,1.0,4.0,1.0,2.4729454595195932e-12,0.11938195991091315,0.034280393711977844,0.778760087207798,0.5566394910869035,0.975,0.0
6,5,0.9,0.4,25201,1.0,4.0,0.0,1.5460549507295696e-12,0.18584632516703786,0.05693886980555002,0.8207252296129937,0.5570039968029503,0.975,0.0
6,6,0.25,0.1,26000,1.0,4.0,1.0,2.0158527624936085e-12,0.0958630289532294,0.028514969049070513,0.24325259957799342,41.29908952740317,1.0,0.0
6,6,0.25,0.1,26000,1.0,4.0,0.0,1.4577922202718696e-12,0.14519487750556792,0.04611188146619473,0.2789375960071825,48.1392649302059,1.0,0.0
6,6,0.25,0.4,26001,1.0,4.0,1.0,2.816885613654563e-12,0.14021158129175945,0.04885808082098478,0.5656113187156047,1.9929322928721884,1.0,0.0
6,6,0.25,0.4,26001,1.0,4.0,0.0,2.1273538486354937e-12,0.23107461024498888,0.08390215426665752,0.6264631104954261,2.0902999840085057,1.0,0.0
6,6,0.6,0.1,26100,1.0,4.0,1.0,9.971988512713637e-13,0.09252783964365256,0.023366224918684318,0.6734797407094316,14.751906116455585,1.0,0.0
6,6,0.6,0.1,26100,1.0,4.0,0.0,7.275638425063846e-13,0.13644766146993317,0.035529672238281365,0.7010681121066212,14.92895953202162,1.0,0.0
6,6,0.6,0.4,26101,1.0,4.0,1.0,3.260322567477658e-12,0.13587973273942094,0.045973544937485185,0.6103312057688703,1.509610699767836,1.0,0.0
6,6,0.6,0.4,26101,1.0,4.0,0.0,2.1913026948539027e-12,0.22307906458797327,0.07929408853781114,0.6764044635459553,1.624529376270962,0.975,0.0
6,6,0.9,0.1,26200,1.0,4.0,1.0,1.0493897417696019e-12,0.10125835189309577,0.027460689306669728,0.8858892341950287,5.9325656776592215,1.0,0.0
6,6,0.9,0.1,26200,1.0,4.0,0.0,8.67854399455581e-13,0.14517817371937639,0.040961891131770296,0.9015793933405752,5.580196623627205,1.0,0.0
6,6,0.9,0.4,26201,1.0,4.0,1.0,4.296146771665121e-12,0.16753340757238308,0.061589898994855674,0.9390468078858282,0.32623236265524336,0.9,0.0
6,6,0.9,0.4,26201,1.0,4.0,0.0,3.0445090892783355e-12,0.2922104677060134,0.11486415322969032,0.9547367936895239,0.3261713327697627,0.925,0.0
6,7,0.25,0.1,27000,1.0,4.0,1.0,8.40178621119847e-13,0.08165367483296214,0.020957554683757967,0.4382610180628209,24.002082649399195,1.0,0.0
6,7,0.25,0.1,27000,1.0,4.0,0.0,6.538727892468899e-13,0.11046213808463251,0.029703884764674508,0.46902499491784577,23.543774578412428,1.0,0.0
6,7,0.25,0.4,27001,1.0,4.0,1.0,4.341055293011209e-12,0.15991648106904233,0.05745911571456831,0.49759937601999243,2.3341695817094603,1.0,0.0
6,7,0.25,0.4,27001,1.0,4.0,0.0,3.010203197817418e-12,0.2775890868596882,0.10680865132571128,0.6008892995890425,2.405646971995597,1.0,0.0
6,7,0.6,0.1,27100,1.0,4.0,1.0,1.5706949629823441e-12,0.1193652561247216,0.03704082015811342,0.44654194347126674,36.15821304174372,1.0,0.0
6,7,0.6,0.1,27100,1.0,4.0,0.0,1.2629064460867312e-12,0.18975501113585747,0.06002255799065316,0.5086016853313533,36.39835273147486,1.0,0.0
6,7,0.6,0.4,27101,1.0,4.0,1.0,2.6115984375074675e-12,0.11844097995545658,0.036291382703652064,0.7584322230722891,0.8720837117447712,1.0,0.0
6,7,0.6,0.4,27101,1.0,4.0,0.0,1.838307284174334e-12,0.1885412026726058,0.061125268677047026,0.7974411438194924,0.953243406216637,1.0,0.0
6,7,0.9,0.1,27200,1.0,4.0,1.0,1.249979286743752e-12,0.09310133630289533,0.023879708290283432,0.9431781232551479,2.175054479869723,1.0,0.0
6,7,0.9,0.1,27200,1.0,4.0,0.0,8.649816973793634e-13,0.13835189309576837,0.03769342286495128,0.9426848918112214,2.619117191090621,1.0,0.0
6,7,0.9,0.4,27201,1.0,4.0,1.0,3.011701998900662e-12,0.1312305122494432,0.04629527028472206,0.9165587936857932,0.42794399712737274,0.925,0.0
6,7,0.9,0.4,27201,1.0,4.0,0.0,2.3111235147865727e-12,0.2219543429844098,0.08014884339323329,0.9329733343982335,0.428801500700466,0.9,0.0
7,0,0.25,0.1,20000,1.0,4.0,1.0,1.3383461006100106e-12,0.10012249443207127,0.02934594694634213,0.2504338981427931,40.260683824457935,1.0,0.0
7,0,0.25,0.1,20000,1.0,4.0,0.0,1.0304257447302234e-12,0.14984966592427618,0.04464910667077228,0.2853874931987181,41.6760761658215,1.0,0.0
7,0,0.25,0.4,20001,1.0,4.0,1.0,3.697264716606696e-12,0.12208240534521159,0.03871246572065745,0.37082614571619665,2.168019857446955,1.0,0.0
7,0,0.25,0.4,20001,1.0,4.0,0.0,2.5270618930761657e-12,0.1951336302895323,0.06483983664011123,0.448094834335054,2.2350926003499763,1.0,0.0
7,0,0.6,0.1,20100,1.0,4.0,1.0,1.9205748102990583e-12,0.11467149220489978,0.03647143517250134,0.7948971726226027,12.512059692844913,1.0,0.0
7,0,0.6,0.1,20100,1.0,4.0,0.0,1.411468164569385e-12,0.18454899777282852,0.059635732592483774,0.8027578243766205,12.942503692123614,1.0,0.0
7,0,0.6,0.4,20101,1.0,4.0,1.0,2.5764598787780812e-12,0.12389755011135857,0.04132768788762162,0.7229535648350502,1.1855338586375082,1.0,0.0
7,0,0.6,0.4,20101,1.0,4.0,0.0,2.3638868640318833e-12,0.2012750556792873,0.06905999841900523,0.7615757902682714,1.2238548264650566,1.0,0.0
7,0,0.9,0.1,20200,1.0,4.0,1.0,2.5251883917221107e-12,0.14355233853006683,0.04755307201987272,0.8592126041294055,8.658882419966535,1.0,0.0
7,0,0.9,0.1,20200,1.0,4.0,0.0,1.7890133818809772e-12,0.23703229398663697,0.08502113652572088,0.8894595608862883,8.522178994277434,1.0,0.0
7,0,0.9,0.4,20201,1.0,4.0,1.0,3.590475139425564e-12,0.16234409799554567,0.06323093985442556,0.9317059296048867,0.4094307282103455,0.925,0.0
7,0,0.9,0.4,20201,1.0,4.0,0.0,2.8243796190707826e-12,0.2865033407572383,0.11667288044442492,0.9499786646512827,0.39504458583461716,0.925,0.0
7,1,0.25,0.1,21000,1.0,4.0,1.0,1.38895839274511e-12,0.09594654788418708,0.027380100798858893,0.44330546343207444,28.6174046579122,1.0,0.0
7,1,0.25,0.1,21000,1.0,4.0,0.0,9.431622149946861e-13,0.14319599109131403,0.04226093479408081,0.4975969521445238,29.41263787382474,1.0,0.0
7,1,0.25,0.4,21001,1.0,4.0,1.0,3.1456504068216873e-12,0.12702672605790646,0.04022765585804947,0.525459596073874,1.7029538932903043,1.0,0.0
7,1,0.25,0.4,21001,1.0,4.0,0.0,2.4355240046958215e-12,0.20507795100222717,0.0683579778475567,0.6021869466930607,1.829177883542153,1.0,0.0
7,1,0.6,0.1,21100,1.0,4.0,1.0,2.7224958398797128e-12,0.13675389755011136,0.04637011894322327,0.4957901123183368,36.51225344181848,1.0,0.0
7,1,0.6,0.1,21100,1.0,4.0,0.0,1.7333218194082178e-12,0.22774498886414254,0.08096654905970249,0.5718617049925496,36.61907834856988,1.0,0.0
7,1,0.6,0.4,21101,1.0,4.0,1.0,2.9148281011082133e-12,0.12279510022271715,0.03868116763731129,0.7590375812439941,0.845064963807757,1.0,0.0
7,1,0.6,0.4,21101,1.0,4.0,0.0,2.1633250746333488e-12,0.20043429844097996,0.06566631406540145,0.8067769381536254,0.8485705869663859,1.0,0.0
7,1,0.9,0.1,21200,1.0,4.0,1.0,1.3105280749492465e-12,0.1030011135857461,0.03159876854555943,0.8703809038029217,8.243048571736802,1.0,0.0
7,1,0.9,0.1,21200,1.0,4.0,0.0,1.1199791094540501e-12,0.1600389755011136,0.04898367397194938,0.885893613647446,8.036982225461673,1.0,0.0
7,1,0.9,0.4,21201,1.0,4.0,1.0,3.765890377316339e-12,0.14981069042316258,0.05145645843217054,0.9320046677928613,0.3389912683012877,0.85,0.0
7,1,0.9,0.4,21201,1.0,4.0,0.0,2.8848312627616224e-12,0.248413140311804,0.09379462508828952,0.9565857070919003,0.28681534118958935,0.775,0.0
7,2,0.25,0.1,22000,1.0,4.0,1.0,1.7128382046038837e-12,0.08828507795100222,0.024012980210000257,0.16089447409019272,39.9499494521737,1.0,0.0
7,2,0.25,0.1,22000,1.0,4.0,0.0,1.1458750615034319e-12,0.12866926503340756,0.037055631054560764,0.20270625594626177,42.900445478080385,1.0,0.0
7,2,0.25,0.4,22001,1.0,4.0,1.0,3.850683660822085e-12,0.13912583518930957,0.046843530182949566,0.4795237706501161,2.210208803816295,1.0,0.0
7,2,0.25,0.4,22001,1.0,4.0,0.0,2.763234085989552e-12,0.23307349665924276,0.0829551460668756,0.5526205850435184,2.3960163493088724,1.0,0.0
7,2,0.6,0.1,22100,1.0,4.0,1.0,1.5773979344935185e-12,0.10669265033407573,0.030836959382994092,0.5175056858145479,25.599395624595733,1.0,0.0
7,2,0.6,0.1,22100,1.0,4.0,0.0,1.1455142390204287e-12,0.16528396436525614,0.04882824598961869,0.5777665898012259,25.752285180148217,1.0,0.0
7,2,0.6,0.4,22101,1.0,4.0,1.0,3.3213987116198496e-12,0.12870267260579066,0.0408610751664388,0.6581130584183028,1.2424497276685524,1.0,0.0
7,2,0.6,0.4,22101,1.0,4.0,0.0,2.1146695505791513e-12,0.20816815144766146,0.06940831423354878,0.7087428954200331,1.305428691194926,1.0,0.0
7,2,0.9,0.1,22200,1.0,4.0,1.0,1.2449277719817076e-12,0.09365812917594654,0.025815958331712092,0.8540536560800625,7.238468407167885,1.0,0.0
7,2,0.9,0.1,22200,1.0,4.0,0.0,9.453132721048974e-13,0.13687639198218263,0.03985186865025386,0.8858579153394752,6.76121093357417,1.0,0.0
7,2,0.9,0.4,22201,1.0,4.0,1.0,3.578956575545078e-12,0.15028396436525612,0.05139050204920058,0.9185456022060193,0.35755760926008706,0.875,0.0
7,2,0.9,0.4,22201,1.0,4.0,0.0,2.7811641878372484e-12,0.2535467706013363,0.0921190967376601,0.9376762495758147,0.3499306222417691,0.875,0.0
7,3,0.25,0.1,23000,1.0,4.0,1.0,1.0559400576148903e-12,0.08015033407572383,0.020695762827429104,0.22338398323239267,31.521674146536267,1.0,0.0
7,3,0.25,0.1,23000,1.0,4.0,0.0,7.802855583882717e-13,0.11335746102449888,0.03019661793741579,0.2531029412929504,31.772680349806155,1.0,0.0
7,3,0.25,0.4,23001,1.0,4.0,1.0,4.731728897588994e-12,0.14538418708240536,0.052253046998259035,0.5201548239475333,2.256268471490147,1.0,0.0
7,3,0.25,0.4,23001,1.0,4.0,0.0,3.0541680295925744e-12,0.24047327394209353,0.09310350867918808,0.6008936153118194,2.455698528557874,1.0,0.0
7,3,0.6,0.1,23100,1.0,4.0,1.0,7.604923635273764e-13,0.07853006681514477,0.018770555865592377,0.5176673232723625,16.467803731147825,1.0,0.0
7,3,0.6,0.1,23100,1.0,4.0,0.0,6.398145901975738e-13,0.1084521158129176,0.027037967132080593,0.5500861652804843,16.6400614341901,1.0,0.0
7,3,0.6,0.4,23101,1.0,4.0,1.0,3.111108592968037e-12,0.1335077951002227,0.04545101733321706,0.8397300302467188,0.7114056533505847,1.0,0.0
7,3,0.6,0.4,23101,1.0,4.0,0.0,2.5517643553740754e-12,0.2187694877505568,0.07929848179475407,0.8726609882403967,0.6836063108084101,1.0,0.0
7,3,0.9,0.1,23200,1.0,4.0,1.0,1.4761178390720886e-12,0.10831291759465479,0.03428381181025954,0.8815025507850315,7.32991559224975,1.0,0.0
7,3,0.9,0.1,23200,1.0,4.0,0.0,1.0384887394465636e-12,0.17038418708240535,0.05388793203292357,0.9034938352238476,6.812429050132964,1.0,0.0
7,3,0.9,0.4,23201,1.0,4.0,1.0,2.7141344727255046e-12,0.13425389755011136,0.04218128665735517,0.9005370094303865,0.420121943895225,0.9,0.0
7,3,0.9,0.4,23201,1.0,4.0,0.0,2.167266366370768e-12,0.21837973273942093,0.07301729788928349,0.9248149449050171,0.4044129161080939,0.9,0.0
7,4,0.25,0.1,24000,1.0,4.0,1.0,1.3488862804500457e-12,0.1052728285077951,0.03181913551324407,0.2826213570017539,40.35598994138823,1.0,0.0
7,4,0.25,0.1,24000,1.0,4.0,0.0,9.58802481854093e-13,0.1609521158129176,0.04954370485797559,0.33004619671884783,42.37029325088445,1.0,0.0
7,4,0.25,0.4,24001,1.0,4.0,1.0,2.5715679585758267e-12,0.13599109131403117,0.04520209078950859,0.4093260435520054,2.7667730464039324,1.0,0.0
7,4,0.25,0.4,24001,1.0,4.0,0.0,2.2694068846362825e-12,0.22648106904231627,0.07789084446918208,0.4994770261350365,2.796403896738539,1.0,0.0
7,4,0.6,0.1,24100,1.0,4.0,1.0,1.4262549474786113e-12,0.08978285077951002,0.025773299122653713,0.658349349259552,18.92767518378398,1.0,0.0
7,4,0.6,0.1,24100,1.0,4.0,0.0,9.464790062807538e-13,0.1312750556792873,0.03796959195233902,0.6887409559965044,17.697575613103062,1.0,0.0
7,4,0.6,0.4,24101,1.0,4.0,1.0,3.006567217411771e-12,0.1446269487750557,0.05155188457091156,0.8475109771681895,0.7201612234283632,0.95,0.0
7,4,0.6,0.4,24101,1.0,4.0,0.0,2.6268709429899673e-12,0.24489977728285078,0.09172654333129074,0.8741110915495239,0.7376600425707476,0.975,0.0
7,4,0.9,0.1,24200,1.0,4.0,1.0,1.883139477687479e-12,0.12344654788418709,0.03612566065989294,0.8840164903008118,5.5630864255907175,1.0,0.0
7,4,0.9,0.1,24200,1.0,4.0,0.0,1.384684034100303e-12,0.19305122494432073,0.060199139220984174,0.9037378385879623,5.70002910592227,1.0,0.0
7,4,0.9,0.4,24201,1.0,4.0,1.0,4.10223244262653e-12,0.1609075723830735,0.05678598663207708,0.959112077536163,0.20098975182381743,0.775,0.0
7,4,0.9,0.4,24201,1.0,4.0,0.0,3.3213432004686183e-12,0.2765590200445434,0.10612187968874454,0.9692444750995085,0.21160341048435388,0.675,0.0
7,5,0.25,0.1,25000,1.0,4.0,1.0,1.66390512479353e-12,0.09714922048997773,0.027264828504087093,0.4461987513789904,27.430164704149075,1.0,0.0
7,5,0.25,0.1,25000,1.0,4.0,0.0,1.265612614709255e-12,0.14729398663697105,0.04340484235354513,0.47989400903591967,30.17833152857189,1.0,0.0
7,5,0.25,0.4,25001,1.0,4.0,1.0,2.272369792333251e-12,0.11814587973273942,0.03705104226880021,0.44502671469474897,1.8215341704974797,1.0,0.0
7,5,0.25,0.4,25001,1.0,4.0,0.0,2.1187773757702644e-12,0.19042873051224946,0.0626237862740376,0.5263056101907053,1.9710216233979794,1.0,0.0
7,5,0.6,0.1,25100,1.0,4.0,1.0,9.925983646130732e-13,0.08554008908685969,0.021134290344897853,0.42635005928790853,25.285713977796803,1.0,0.0
7,5,0.6,0.1,25100,1.0,4.0,0.0,7.703351845300688e-13,0.12156458797327394,0.03080851355219805,0.46638973429877056,26.18313891019811,1.0,0.0
7,5,0.6,0.4,25101,1.0,4.0,1.0,4.468578285177216e-12,0.1598608017817372,0.05996653748788144,0.8305368759153082,0.9402121045848225,0.975,0.0
7,5,0.6,0.4,25101,1.0,4.0,0.0,3.008787663461021e-12,0.2797772828507795,0.11151841807596621,0.8620148297168693,1.0132512944363996,1.0,0.0
7,5,0.9,0.1,25200,1.0,4.0,1.0,1.1472767180720211e-12,0.09936525612472161,0.027388976715237635,0.9304175620098691,3.26403345266431,1.0,0.0
7,5,0.9,0.1,25200,1.0,4.0,0.0,8.63586979704678e-13,0.14561247216035636,0.04195199391033599,0.939959825912555,3.2274342927748028,1.0,0.0
7,5,0.9,0.4,25201,1.0,4.0,1.0,2.1261881144596373e-12,0.11683184855233852,0.03420468110303424,0.7990145143457988,0.5616915625984517,0.95,0.0
7,5,0.9,0.4,25201,1.0,4.0,0.0,1.5119988594491929e-12,0.18316815144766146,0.05608558742454853,0.8303729532060078,0.5487818823747683,0.95,0.0
7,6,0.25,0.1,26000,1.0,4.0,1.0,2.0729251648532454e-12,0.0946325167037862,0.028919362599740286,0.2012976023032821,47.48637211640116,1.0,0.0
7,6,0.25,0.1,26000,1.0,4.0,0.0,1.4779150125932006e-12,0.14420935412026725,0.04675200518875604,0.24277095417554773,54.97402356975715,1.0,0.0
7,6,0.25,0.4,26001,1.0,4.0,1.0,3.5160208078366395e-12,0.13912026726057908,0.04719423014537667,0.5895927718374431,1.7659380068006936,1.0,0.0
7,6,0.25,0.4,26001,1.0,4.0,0.0,2.2953028366856643e-12,0.2351447661469933,0.0827695807679106,0.6411059926534728,1.8729378864472628,1.0,0.0
7,6,0.6,0.1,26100,1.0,4.0,1.0,8.919497085368988e-13,0.09119153674832962,0.022952239260697265,0.7353943045558036,12.223780993724192,1.0,0.0
7,6,0.6,0.1,26100,1.0,4.0,0.0,6.966302534827662e-13,0.13317371937639197,0.034290551974693835,0.7446833160974946,12.933059321297245,1.0,0.0
7,6,0.6,0.4,26101,1.0,4.0,1.0,3.880826215940658e-12,0.13183184855233854,0.04596353069356843,0.5872250566789475,1.6865648449659982,1.0,0.0
7,6,0.6,0.4,26101,1.0,4.0,0.0,2.234573637238668e-12,0.21969933184855234,0.07966181609734567,0.6716612533803714,1.7448869820130912,0.975,0.0
7,6,0.9,0.1,26200,1.0,4.0,1.0,1.343924971308752e-12,0.09839086859688197,0.02861977670581577,0.9124868523114462,4.506474151853483,1.0,0.0
7,6,0.9,0.1,26200,1.0,4.0,0.0,9.989509219821002e-13,0.14198775055679289,0.043993024698464736,0.9218691205519026,4.627485332644306,1.0,0.0
7,6,0.9,0.4,26201,1.0,4.0,1.0,3.664249459411906e-12,0.1622216035634744,0.062046025305203784,0.9434394183566477,0.3321786459150988,0.9,0.0
7,6,0.9,0.4,26201,1.0,4.0,0.0,3.190031572231078e-12,0.287956570155902,0.11605136279021318,0.9595319069831344,0.3061197797384204,0.925,0.0
7,7,0.25,0.1,27000,1.0,4.0,1.0,8.602840662064182e-13,0.08080178173719377,0.020000205637343466,0.4308675801947785,21.80187915246886,1.0,0.0
7,7,0.25,0.1,27000,1.0,4.0,0.0,7.257736078791766e-13,0.11253897550111358,0.029429744438579604,0.4682479585539016,22.670978914823895,1.0,0.0
7,7,0.25,0.4,27001,1.0,4.0,1.0,4.4209774729964124e-12,0.15874721603563474,0.05802349545580237,0.5156698286766287,2.32372002670253,1.0,0.0
7,7,0.25,0.4,27001,1.0,4.0,0.0,3.1469826744512375e-12,0.2755679287305122,0.10740800169586867,0.6005627663893657,2.450443724143023,1.0,0.0
7,7,0.6,0.1,27100,1.0,4.0,1.0,1.7222126502680624e-12,0.12347438752783964,0.03751810673399354,0.4097011540986985,37.0228070584509,1.0,0.0
7,7,0.6,0.1,27100,1.0,4.0,0.0,1.2798512250000726e-12,0.19971046770601336,0.061805021491344356,0.4986135459667326,35.06354751882552,1.0,0.0
7,7,0.6,0.4,27101,1.0,4.0,1.0,2.294511802780619e-12,0.11802338530066815,0.037160278813251894,0.7751067241908569,0.8990453954261902,1.0,0.0
7,7,0.6,0.4,27101,1.0,4.0,0.0,1.765768087302888e-12,0.18543986636971047,0.0602454886057829,0.8042111483811311,0.9311966104947295,1.0,0.0
7,7,0.9,0.1,27200,1.0,4.0,1.0,1.0197259703303985e-12,0.09148106904231626,0.02476870610763872,0.9126422654686788,3.840583548962698,1.0,0.0
7,7,0.9,0.1,27200,1.0,4.0,0.0,8.264569584248704e-13,0.13383073496659242,0.03713252799752371,0.923533776934461,3.6741999433137416,1.0,0.0
7,7,0.9,0.4,27201,1.0,4.0,1.0,3.1935981636976862e-12,0.13711024498886415,0.04548922281621728,0.9087804091199786,0.44440315571525196,0.975,0.0
7,7,0.9,0.4,27201,1.0,4.0,0.0,2.3969437545900973e-12,0.22630846325167037,0.07888442305860931,0.9290558222029976,0.41936324035712635,0.9,0.0
8,0,0.25,0.1,20000,1.0,4.0,1.0,1.185586351315493e-12,0.09775055679287305,0.02849988873800464,0.22750680111191993,40.224084921246636,1.0,0.0
8,0,0.25,0.1,20000,1.0,4.0,0.0,9.026876468531952e-13,0.14841870824053452,0.043452489754125155,0.27986169218260293,41.352933696234615,1.0,0.0
8,0,0.25,0.4,20001,1.0,4.0,1.0,2.4451829450100604e-12,0.12119153674832962,0.03778390351624028,0.36687869393734274,2.0688283325712176,1.0,0.0
8,0,0.25,0.4,20001,1.0,4.0,0.0,2.5694169014656154e-12,0.19489420935412027,0.06324148269050398,0.45961137543330666,2.0893548056095335,1.0,0.0
8,0,0.6,0.1,20100,1.0,4.0,1.0,1.4391057789886474e-12,0.11764476614699332,0.03725512889429001,0.7671257373638372,14.365293252882308,1.0,0.0
8,0,0.6,0.1,20100,1.0,4.0,0.0,1.2983641939356971e-12,0.18356347438752785,0.05876799275321024,0.7818157243146475,14.470756816280813,1.0,0.0
8,0,0.6,0.4,20101,1.0,4.0,1.0,2.712018110084813e-12,0.12644209354120267,0.04142845031874186,0.7021370902512585,1.1276151690276508,1.0,0.0
8,0,0.6,0.4,20101,1.0,4.0,0.0,2.3873403254270897e-12,0.20409799554565702,0.07150539567369558,0.7554386562117931,1.2028026828856184,1.0,0.0
8,0,0.9,0.1,20200,1.0,4.0,1.0,2.720157432634096e-12,0.1462750556792873,0.04964881985955438,0.8746357894933572,7.926586148013506,1.0,0.0
8,0,0.9,0.1,20200,1.0,4.0,0.0,1.7872647806171926e-12,0.2366425389755011,0.0869022345772676,0.8923690928476591,8.706991735027383,1.0,0.0
8,0,0.9,0.4,20201,1.0,4.0,1.0,4.6027209821275505e-12,0.16825723830734968,0.0647927352046746,0.9460554128304667,0.3326028832082012,0.9,0.0
8,0,0.9,0.4,20201,1.0,4.0,0.0,2.732064574573201e-12,0.2864587973273942,0.1179277915838294,0.9545923978123599,0.3664321158400253,0.875,0.0
8,1,0.25,0.1,21000,1.0,4.0,1.0,1.2319659181692089e-12,0.09973273942093541,0.027438113317683057,0.44502457968902726,25.990468605410353,1.0,0.0
8,1,0.25,0.1,21000,1.0,4.0,0.0,9.59995971605565e-13,0.14880289532293986,0.04242359673121831,0.492950615805494,27.889195158920568,1.0,0.0
8,1,0.25,0.4,21001,1.0,4.0,1.0,2.604597093558425e-12,0.12611915367483295,0.039977548888148584,0.48091273771386844,1.9401563696506796,1.0,0.0
8,1,0.25,0.4,21001,1.0,4.0,0.0,2.412764432691006e-12,0.20723273942093542,0.06854937011936853,0.5495261502233394,2.014416736551556,1.0,0.0
8,1,0.6,0.1,21100,1.0,4.0,1.0,2.5872914921620804e-12,0.1378118040089087,0.046545590292873834,0.5049060635317693,33.576991318875486,1.0,0.0
8,1,0.6,0.1,21100,1.0,4.0,0.0,1.7815610098281809e-12,0.22561247216035635,0.08168491045360549,0.5709722680588253,36.21771057189795,1.0,0.0
8,1,0.6,0.4,21101,1.0,4.0,1.0,2.7568364258101496e-12,0.1242761692650334,0.03858393942798594,0.7687161477275961,0.8072675732978059,1.0,0.0
8,1,0.6,0.4,21101,1.0,4.0,0.0,2.1385671011842078e-12,0.2037249443207127,0.06688109869925699,0.8175837001276608,0.7660482838304771,1.0,0.0
8,1,0.9,0.1,21200,1.0,4.0,1.0,1.3222825612224653e-12,0.10842984409799554,0.03165027036907458,0.8515879682079722,7.730678259848077,1.0,0.0
8,1,0.9,0.1,21200,1.0,4.0,0.0,1.0829809271584168e-12,0.16343541202672607,0.04882672594586713,0.8574964837214776,8.77712804807172,1.0,0.0
8,1,0.9,0.4,21201,1.0,4.0,1.0,3.0924360294726227e-12,0.149315144766147,0.05153321954804043,0.950069958309553,0.24659743457873315,0.775,0.0
8,1,0.9,0.4,21201,1.0,4.0,0.0,2.7566282589930324e-12,0.24775612472160358,0.09287996376841233,0.9573458214987238,0.27329352544297963,0.8,0.0
8,2,0.25,0.1,22000,1.0,4.0,1.0,1.5229276173478468e-12,0.09067371937639199,0.023750816257284008,0.11949636566368035,35.776140425101055,1.0,0.0
8,2,0.25,0.1,22000,1.0,4.0,0.0,1.2325279685754253e-12,0.13266703786191536,0.03767037707838626,0.1768944199211803,41.2076249890351,1.0,0.0
8,2,0.25,0.4,22001,1.0,4.0,1.0,3.148287186505172e-12,0.13757238307349665,0.04664547531266847,0.521007213743629,2.1215433166288475,1.0,0.0
8,2,0.25,0.4,22001,1.0,4.0,0.0,2.7230995236493527e-12,0.2279955456570156,0.0818424398014428,0.5923628166626094,2.34715027403241,1.0,0.0
8,2,0.6,0.1,22100,1.0,4.0,1.0,1.7691056952706674e-12,0.10570712694877506,0.02872714932983238,0.522370086918011,22.666753359409498,1.0,0.0
8,2,0.6,0.1,22100,1.0,4.0,0.0,1.2054385267745715e-12,0.16680400890868596,0.04729163543641332,0.5873416311707886,22.3865654404625,1.0,0.0
8,2,0.6,0.4,22101,1.0,4.0,1.0,3.238853629738969e-12,0.12664810690423162,0.040981134658125466,0.6437869551522811,1.3344056967375877,1.0,0.0
8,2,0.6,0.4,22101,1.0,4.0,0.0,2.1009860518006462e-12,0.20706570155902004,0.06920618601062525,0.7033274945106639,1.2893800000381899,1.0,0.0
8,2,0.9,0.1,22200,1.0,4.0,1.0,1.250652359452431e-12,0.0904120267260579,0.025617376105899536,0.8954128315072463,5.5038121245838285,1.0,0.0
8,2,0.9,0.1,22200,1.0,4.0,0.0,8.941389295635815e-13,0.13599109131403117,0.03895859208906753,0.8989755373717466,5.921012644939234,1.0,0.0
8,2,0.9,0.4,22201,1.0,4.0,1.0,3.1336877537313512e-12,0.14855790645879732,0.05109640741650455,0.9324810923962656,0.3125658560564857,0.8,0.0
8,2,0.9,0.4,22201,1.0,4.0,0.0,2.672806420633833e-12,0.2524220489977728,0.0922653774454106,0.9437823245854237,0.3257026782096457,0.85,0.0
8,3,0.25,0.1,23000,1.0,4.0,1.0,9.888409535641074e-13,0.07920378619153674,0.02097556214214454,0.2078584055760086,32.54655718351554,1.0,0.0
8,3,0.25,0.1,23000,1.0,4.0,0.0,7.700368120922008e-13,0.11084075723830734,0.030172022478234445,0.24492824183254167,33.23373068678236,1.0,0.0
8,3,0.25,0.4,23001,1.0,4.0,1.0,4.577421774953905e-12,0.14408685968819598,0.05144371254131315,0.5104658008068296,2.2807526451937643,1.0,0.0
8,3,0.25,0.4,23001,1.0,4.0,0.0,2.9222180231158745e-12,0.2410913140311804,0.0916828798270514,0.5832024928123154,2.4501893884146613,1.0,0.0
8,3,0.6,0.1,23100,1.0,4.0,1.0,7.631881238090443e-13,0.07791759465478842,0.0187874227689566,0.44173765520085473,19.707785678104194,1.0,0.0
8,3,0.6,0.1,23100,1.0,4.0,0.0,6.373998551190141e-13,0.10849109131403117,0.027292139030705362,0.486014019391027,19.660699019141536,1.0,0.0
8,3,0.6,0.4,23101,1.0,4.0,1.0,2.9176522309271036e-12,0.130913140311804,0.0442793976336692,0.8473046338101614,0.6332283382025925,1.0,0.0
8,3,0.6,0.4,23101,1.0,4.0,0.0,2.5798252423214763e-12,0.21771158129175947,0.07705164672394557,0.8712181128831367,0.6323911154277774,1.0,0.0
8,3,0.9,0.1,23200,1.0,4.0,1.0,1.4509435319887132e-12,0.1073162583518931,0.03156909728433731,0.8990578940940153,5.596708689183555,1.0,0.0
8,3,0.9,0.1,23200,1.0,4.0,0.0,1.1018269630014288e-12,0.1721881959910913,0.052048575546163746,0.9102625144328877,5.884669253467725,1.0,0.0
8,3,0.9,0.4,23201,1.0,4.0,1.0,3.115542546172634e-12,0.13038975501113587,0.040815571910575776,0.8970261951734132,0.41513656700318774,0.875,0.0
8,3,0.9,0.4,23201,1.0,4.0,0.0,2.2082891071306676e-12,0.21855790645879733,0.07258625367486227,0.9136269950693733,0.43313534734812226,0.9,0.0
8,4,0.25,0.1,24000,1.0,4.0,1.0,1.4012679905306413e-12,0.1064587973273942,0.030961207285157947,0.22061469289507585,41.27849142584102,1.0,0.0
8,4,0.25,0.1,24000,1.0,4.0,0.0,9.883205365213144e-13,0.1602783964365256,0.04873374950049773,0.295925569021031,42.40108918750834,1.0,0.0
8,4,0.25,0.4,24001,1.0,4.0,1.0,3.03940206336506e-12,0.13507795100222716,0.044693441607512784,0.4619504722470967,2.550775499550459,1.0,0.0
8,4,0.25,0.4,24001,1.0,4.0,0.0,2.402883447771842e-12,0.22410913140311803,0.0767183365349878,0.5410270349636774,2.5504003479895765,1.0,0.0
8,4,0.6,0.1,24100,1.0,4.0,1.0,1.173693087164196e-12,0.08585746102449889,0.023379129196385753,0.5305484580694253,22.41814153577256,1.0,0.0
8,4,0.6,0.1,24100,1.0,4.0,0.0,9.72708025237523e-13,0.12506124721603565,0.03501716425630272,0.5950257502479879,21.070054138737657,1.0,0.0
8,4,0.6,0.4,24101,1.0,4.0,1.0,3.7408548481110415e-12,0.14575167037861916,0.050777560303637656,0.8480185216524448,0.7191206918622502,0.975,0.0
8,4,0.6,0.4,24101,1.0,4.0,0.0,2.4917568008930857e-12,0.24560690423162584,0.08935675992494449,0.8615243465553112,0.7924928765212536,0.975,0.0
8,4,0.9,0.1,24200,1.0,4.0,1.0,1.905274549240943e-12,0.12447104677060133,0.03801106857916239,0.8914238142270156,5.615619699785429,1.0,0.0
8,4,0.9,0.1,24200,1.0,4.0,0.0,1.3906514828576633e-12,0.19359688195991093,0.06239072151175956,0.8989897477353105,6.470303810735929,1.0,0.0
8,4,0.9,0.4,24201,1.0,4.0,1.0,4.432149092181703e-12,0.16061804008908687,0.05865464442624475,0.9602136783547178,0.1985546531171557,0.775,0.0
8,4,0.9,0.4,24201,1.0,4.0,0.0,3.283290306299591e-12,0.27624721603563474,0.10855255942411093,0.9705690513041128,0.219314626448734,0.7,0.0
8,5,0.25,0.1,25000,1.0,4.0,1.0,1.6416451531497955e-12,0.10029510022271715,0.028741636159167663,0.4317532849620907,29.906528638385243,1.0,0.0
8,5,0.25,0.1,25000,1.0,4.0,0.0,1.2115447534100099e-12,0.14850779510022272,0.0442877393608514,0.47144526683650895,32.72482776718686,1.0,0.0
8,5,0.25,0.4,25001,1.0,4.0,1.0,2.1256676974168442e-12,0.11893095768374165,0.03726495272140768,0.47452227142480874,1.8198543355143293,1.0,0.0
8,5,0.25,0.4,25001,1.0,4.0,0.0,1.9328150191455507e-12,0.19014476614699333,0.061612018130977046,0.5374681553723122,1.864391039602726,1.0,0.0
8,5,0.6,0.1,25100,1.0,4.0,1.0,1.1609185834871028e-12,0.08701559020044543,0.021643922407695346,0.3621898880617184,26.808737127739764,1.0,0.0
8,5,0.6,0.1,25100,1.0,4.0,0.0,9.032496972594117e-13,0.12319599109131403,0.032570350127193545,0.4268229082740701,27.394037093919113,1.0,0.0
8,5,0.6,0.4,25101,1.0,4.0,1.0,3.818598215410418e-12,0.16166481069042316,0.06046823128785329,0.8209179610579971,0.9587586940292249,1.0,0.0
8,5,0.6,0.4,25101,1.0,4.0,0.0,3.0141444895548375e-12,0.28211024498886417,0.1113516849106543,0.8582179962254535,0.9855889723779128,1.0,0.0
8,5,0.9,0.1,25200,1.0,4.0,1.0,1.2405770855039577e-12,0.09340200445434299,0.029379495218971236,0.9526305285611318,2.8621992015125204,1.0,0.0
8,5,0.9,0.1,25200,1.0,4.0,0.0,9.31574262175161e-13,0.14144766146993318,0.04471364836136578,0.9535848409992331,3.1702048388424995,1.0,0.0
8,5,0.9,0.4,25201,1.0,4.0,1.0,2.548586341966086e-12,0.11566258351893095,0.03330263232492563,0.7989913626059226,0.5419951465575025,0.95,0.0
8,5,0.9,0.4,25201,1.0,4.0,0.0,1.6849022177467532e-12,0.18439309576837418,0.05633298538196437,0.8306174926894743,0.544237029476342,0.95,0.0
8,6,0.25,0.1,26000,1.0,4.0,1.0,2.1632765023760214e-12,0.09546213808463251,0.0283514690904478,0.21382170450392313,43.315589307209706,1.0,0.0
8,6,0.25,0.1,26000,1.0,4.0,0.0,1.5164397515476935e-12,0.14384187082405345,0.04596887842567779,0.2513276549215289,50.60335948950508,1.0,0.0
8,6,0.25,0.4,26001,1.0,4.0,1.0,3.1234320685413763e-12,0.14120267260579064,0.04782878333061933,0.5822319817422258,1.7108566986030216,1.0,0.0
8,6,0.25,0.4,26001,1.0,4.0,0.0,2.2966906154664457e-12,0.23702672605790645,0.08442658927283984,0.6420874816146437,1.844282065637705,1.0,0.0
8,6,0.6,0.1,26100,1.0,4.0,1.0,1.068978239260332e-12,0.08859688195991092,0.02325693522462698,0.6320102870043438,17.18573593603119,1.0,0.0
8,6,0.6,0.1,26100,1.0,4.0,0.0,7.325876016928135e-13,0.12951559020044542,0.034270319254522154,0.6676045838843279,17.050110902910763,1.0,0.0
8,6,0.6,0.4,26101,1.0,4.0,1.0,3.5279001942001287e-12,0.13323496659242762,0.04508117637035878,0.6366980696195187,1.4611216450530418,0.95,0.0
8,6,0.6,0.4,26101,1.0,4.0,0.0,2.2566115642774776e-12,0.2203563474387528,0.07864899016113769,0.6956855257930945,1.5509317263913773,0.95,0.0
8,6,0.9,0.1,26200,1.0,4.0,1.0,1.4124534875037398e-12,0.09665367483296214,0.028742542828995535,0.8913518509677378,5.852402179620023,1.0,0.0
8,6,0.9,0.1,26200,1.0,4.0,0.0,9.406780909770873e-13,0.142728285077951,0.043521895143105754,0.909270239445272,5.514379816258031,1.0,0.0
8,6,0.9,0.4,26201,1.0,4.0,1.0,4.417147203561456e-12,0.1681904231625835,0.06145970186812506,0.9366157137765121,0.3384694006298123,0.875,0.0
8,6,0.9,0.4,26201,1.0,4.0,0.0,3.0645486148728196e-12,0.2944933184855234,0.11435100690503223,0.9529365287784508,0.3328054988778001,0.925,0.0
8,7,0.25,0.1,27000,1.0,4.0,1.0,9.336871553689008e-13,0.08012806236080178,0.020295875501304825,0.4068046712713057,24.13517383756754,1.0,0.0
8,7,0.25,0.1,27000,1.0,4.0,0.0,7.196673812437382e-13,0.11139755011135857,0.029231281111502066,0.4435891384332377,24.439903248678522,1.0,0.0
8,7,0.25,0.4,27001,1.0,4.0,1.0,4.2835041069722024e-12,0.1619097995545657,0.058758849716024596,0.4915861205634127,2.4070381229860045,1.0,0.0
8,7,0.25,0.4,27001,1.0,4.0,0.0,3.1391278465520145e-12,0.27910913140311805,0.10861549529540131,0.5935134583857095,2.6051942721447547,1.0,0.0
8,7,0.6,0.1,27100,1.0,4.0,1.0,1.8731474704658524e-12,0.12330734966592427,0.037030960783956214,0.4353010624833745,34.654457588349366,1.0,0.0
8,7,0.6,0.1,27100,1.0,4.0,0.0,1.3270357035466418e-12,0.19605233853006682,0.06297856698309429,0.5086818419161226,34.963505989732596,1.0,0.0
8,7,0.6,0.4,27101,1.0,4.0,1.0,2.8489294257028064e-12,0.11859688195991092,0.03628825488925544,0.750132792181527,0.9162167362126441,1.0,0.0
8,7,0.6,0.4,27101,1.0,4.0,0.0,1.744757116561857e-12,0.18760579064587973,0.05974642895335076,0.796516491394142,0.9397500835921034,1.0,0.0
8,7,0.9,0.1,27200,1.0,4.0,1.0,8.707271015317986e-13,0.08895879732739422,0.02414770990849642,0.9238192338670868,3.3686889803209317,1.0,0.0
8,7,0.9,0.1,27200,1.0,4.0,0.0,8.221756608861597e-13,0.13321826280623608,0.036195403890952424,0.9299584576788131,3.363060494748497,1.0,0.0
8,7,0.9,0.4,27201,1.0,4.0,1.0,2.9047875216292596e-12,0.13561247216035635,0.04441110487552341,0.9164678793646137,0.3658696234734504,0.925,0.0
8,7,0.9,0.4,27201,1.0,4.0,0.0,2.3774870960835415e-12,0.22502227171492206,0.0784153529289486,0.9342181267229331,0.38107082112173035,0.9,0.0
9,0,0.25,0.1,20000,1.0,4.0,1.0,1.3932605069655324e-12,0.10206013363028953,0.029030585944775852,0.19025423554311838,40.70187873575428,1.0,0.0
9,0,0.25,0.1,20000,1.0,4.0,0.0,9.812012313759055e-13,0.15314031180400892,0.04599503778122202,0.2537352566520344,42.12968542788634,1.0,0.0
9,0,0.25,0.4,20001,1.0,4.0,1.0,2.9839186677094176e-12,0.12007238307349666,0.03733402048237371,0.40281254748227746,1.9247392774975818,1.0,0.0
9,0,0.25,0.4,20001,1.0,4.0,0.0,2.6411928200076318e-12,0.19516703786191536,0.0640713091330808,0.4879851703186717,1.9556402737327714,1.0,0.0
9,0,0.6,0.1,20100,1.0,4.0,1.0,1.482820810583263e-12,0.11972160356347439,0.03508126281638958,0.7717065968771687,12.424820488324576,1.0,0.0
9,0,0.6,0.1,20100,1.0,4.0,0.0,1.3502671203369232e-12,0.18622494432071268,0.05718561809571713,0.7868280617463623,12.68209871712314,1.0,0.0
9,0,0.6,0.4,20101,1.0,4.0,1.0,3.25224569497351e-12,0.12829064587973274,0.03959648363364705,0.6855105354471769,1.114263759508491,1.0,0.0
9,0,0.6,0.4,20101,1.0,4.0,0.0,2.394889841994541e-12,0.20506124721603564,0.06800485150131667,0.7463737851529909,1.1190717615098804,1.0,0.0
9,0,0.9,0.1,20200,1.0,4.0,1.0,2.732196413557375e-12,0.14061804008908685,0.04849873501620742,0.8710512909007588,8.315241076557406,1.0,0.0
9,0,0.9,0.1,20200,1.0,4.0,0.0,1.7852525013850595e-12,0.23286748329621382,0.08408852055144893,0.8827788584065369,9.269811235778366,1.0,0.0
9,0,0.9,0.4,20201,1.0,4.0,1.0,4.194519731548496e-12,0.16892538975501115,0.06504810830483128,0.9405890912043732,0.33798563419693156,0.9,0.0
9,0,0.9,0.4,20201,1.0,4.0,0.0,2.7135516056375764e-12,0.2863530066815145,0.11798264466117331,0.9524479525951324,0.37179997711538904,0.925,0.0
9,1,0.25,0.1,21000,1.0,4.0,1.0,1.4614559562531326e-12,0.10046770601336302,0.027283731888341288,0.44504806276154507,26.922667851073047,1.0,0.0
9,1,0.25,0.1,21000,1.0,4.0,0.0,9.851564009011327e-13,0.15025612472160357,0.042966859451262364,0.48595579350807405,29.076214441835837,1.0,0.0
9,1,0.25,0.4,21001,1.0,4.0,1.0,2.555296252371164e-12,0.1257238307349666,0.04041433775417783,0.5392016813782173,1.7183860332944048,1.0,0.0
9,1,0.25,0.4,21001,1.0,4.0,0.0,2.409544785919593e-12,0.20402561247216036,0.06883378547427084,0.6033857250812389,1.8525758092383529,1.0,0.0
9,1,0.6,0.1,21100,1.0,4.0,1.0,2.6502480765522307e-12,0.13875278396436524,0.045657878735940426,0.5077236208829671,34.27443475280071,1.0,0.0
9,1,0.6,0.1,21100,1.0,4.0,0.0,1.7729290258117203e-12,0.23348552338530068,0.08142456986127518,0.5626901478181818,36.45013835820386,1.0,0.0
9,1,0.6,0.4,21101,1.0,4.0,1.0,3.029132500387277e-12,0.12206013363028953,0.03994772311217725,0.7475673593417523,0.9844854109157298,1.0,0.0
9,1,0.6,0.4,21101,1.0,4.0,0.0,2.0708990078333045e-12,0.19893652561247216,0.06767672838276582,0.8003315799519849,0.9701263429521294,1.0,0.0
9,1,0.9,0.1,21200,1.0,4.0,1.0,1.443477282148109e-12,0.10576837416481069,0.03161844222320783,0.8527327041456558,8.43707805978424,1.0,0.0
9,1,0.9,0.1,21200,1.0,4.0,0.0,1.1376732889090135e-12,0.16057906458797327,0.04957135189987006,0.8731941046948,8.611976148708978,1.0,0.0
9,1,0.9,0.4,21201,1.0,4.0,1.0,4.375375062259934e-12,0.14814587973273943,0.04989516713669589,0.934620868519233,0.2997422339353596,0.875,0.0
9,1,0.9,0.4,21201,1.0,4.0,0.0,2.7183255646434645e-12,0.24896436525612473,0.09012661026652002,0.950118311799798,0.29807192358374374,0.85,0.0
9,2,0.25,0.1,22000,1.0,4.0,1.0,1.6872475638862738e-12,0.08989977728285078,0.024326293224604324,0.2776045106879201,33.71314012331956,1.0,0.0
9,2,0.25,0.1,22000,1.0,4.0,0.0,1.1753792383828454e-12,0.12891425389755012,0.03741836365802352,0.3265458000705015,38.55612638228081,1.0,0.0
9,2,0.25,0.4,22001,1.0,4.0,1.0,3.2365637947506798e-12,0.1384465478841871,0.04721882812284472,0.45496523269045913,2.4503386818677613,1.0,0.0
9,2,0.25,0.4,22001,1.0,4.0,0.0,2.6851021406315567e-12,0.22969376391982183,0.08282321285751784,0.5454228967342982,2.557594024400863,1.0,0.0
9,2,0.6,0.1,22100,1.0,4.0,1.0,1.4108783585875528e-12,0.10941536748329621,0.030184694038929833,0.5988748523811015,23.39687627113023,1.0,0.0
9,2,0.6,0.1,22100,1.0,4.0,0.0,1.160668783306562e-12,0.16683741648106903,0.04797956748206973,0.6456293568290368,22.833437432258027,1.0,0.0
9,2,0.6,0.4,22101,1.0,4.0,1.0,2.378576502426455e-12,0.12869710467706014,0.04151421872500322,0.6867766769156765,1.1525424018690684,1.0,0.0
9,2,0.6,0.4,22101,1.0,4.0,0.0,2.123828890532309e-12,0.21033407572383073,0.07070749882660701,0.7079523873764808,1.2921031697081382,1.0,0.0
9,2,0.9,0.1,22200,1.0,4.0,1.0,1.1807568811583735e-12,0.09606904231625835,0.02361867774756325,0.8416292884165725,6.097671063181303,1.0,0.0
9,2,0.9,0.1,22200,1.0,4.0,0.0,8.197331702319843e-13,0.13709354120267261,0.035759008306860164,0.8679187369663852,5.977190478900668,1.0,0.0
9,2,0.9,0.4,22201,1.0,4.0,1.0,4.4308445801277685e-12,0.14702672605790645,0.05398436983442726,0.9361722090617581,0.33329425679180436,0.8,0.0
9,2,0.9,0.4,22201,1.0,4.0,0.0,2.6868229863197257e-12,0.24803452115812918,0.09532471277175679,0.9454424747491335,0.3545682040859306,0.85,0.0
9,3,0.25,0.1,23000,1.0,4.0,1.0,1.0298706332179108e-12,0.08239420935412027,0.020684016421299238,0.19939265673563739,27.561103767257883,1.0,0.0
9,3,0.25,0.1,23000,1.0,4.0,0.0,7.40026095957802e-13,0.11466035634743875,0.03026018505256684,0.25914948237308744,28.242488696832925,1.0,0.0
9,3,0.25,0.4,23001,1.0,4.0,1.0,3.86214671355134e-12,0.14393095768374164,0.05158603224460347,0.5047777131245614,2.326251853643356,1.0,0.0
9,3,0.25,0.4,23001,1.0,4.0,0.0,2.8982649613595868e-12,0.2431347438752784,0.09148132070179772,0.5848044483174587,2.456649329592697,1.0,0.0
9,3,0.6,0.1,23100,1.0,4.0,1.0,7.75775277350732e-13,0.08347438752783964,0.01924928478393526,0.42701297087231066,20.472700525082764,1.0,0.0
9,3,0.6,0.1,23100,1.0,4.0,0.0,5.841785388760456e-13,0.11375278396436525,0.026983876745520195,0.45951914067382466,19.95082194858767,1.0,0.0
9,3,0.6,0.4,23101,1.0,4.0,1.0,2.6934843244674767e-12,0.13310690423162583,0.04469521749421919,0.8644880129285992,0.5760351391040222,1.0,0.0
9,3,0.6,0.4,23101,1.0,4.0,0.0,2.451483460674808e-12,0.2197216035634744,0.0759552765363601,0.8709656085341296,0.6302854688202456,1.0,0.0
9,3,0.9,0.1,23200,1.0,4.0,1.0,1.5685647225538446e-12,0.10912026726057907,0.03300789370332904,0.9004492828199785,5.662472334848726,1.0,0.0
9,3,0.9,0.1,23200,1.0,4.0,0.0,1.0623307789003889e-12,0.1738530066815145,0.05243971386354062,0.9045675047894156,6.032089920949109,1.0,0.0
9,3,0.9,0.4,23201,1.0,4.0,1.0,3.1308844405941727e-12,0.12984966592427616,0.04173217508874816,0.9083667743392162,0.39584248163673047,0.925,0.0
9,3,0.9,0.4,23201,1.0,4.0,0.0,2.136762988769192e-12,0.21835746102449888,0.07352221086097563,0.9254353089994278,0.4042685917290914,0.9,0.0
9,4,0.25,0.1,24000,1.0,4.0,1.0,1.3526540998398673e-12,0.105913140311804,0.029951856596579285,0.2448676718878453,41.198891937458534,1.0,0.0
9,4,0.25,0.1,24000,1.0,4.0,0.0,9.95384330515492e-13,0.16134743875278396,0.04808650278818838,0.30538376524249206,42.158994800157856,1.0,0.0
9,4,0.25,0.4,24001,1.0,4.0,1.0,2.99450741980678e-12,0.13402561247216035,0.046272844412308084,0.4057742649294318,3.0093573104615747,1.0,0.0
9,4,0.25,0.4,24001,1.0,4.0,0.0,2.3612500843483986e-12,0.22280066815144767,0.0793695142507145,0.508955693631523,2.9351939041185475,1.0,0.0
9,4,0.6,0.1,24100,1.0,4.0,1.0,1.442811148333334e-12,0.09020044543429843,0.02462391424392357,0.6169796217306112,18.73722915860333,1.0,0.0
9,4,0.6,0.1,24100,1.0,4.0,0.0,1.0073192280302123e-12,0.1304120267260579,0.03643226128240444,0.6228330693883919,19.992486712708075,1.0,0.0
9,4,0.6,0.4,24101,1.0,4.0,1.0,3.0088292968244446e-12,0.1462694877505568,0.0525946019512977,0.8294048239754338,0.7994328145918309,0.975,0.0
9,4,0.6,0.4,24101,1.0,4.0,0.0,2.419703326594913e-12,0.24158129175946547,0.09127097241375187,0.8633448562700005,0.8186802220820595,0.975,0.0
9,4,0.9,0.1,24200,1.0,4.0,1.0,1.8186424588506611e-12,0.11778953229398664,0.03618484161042151,0.8872807109783206,6.0642723044278215,1.0,0.0
9,4,0.9,0.1,24200,1.0,4.0,0.0,1.4527407055098251e-12,0.18599665924276168,0.06076170429926933,0.9063540851974544,6.314062781167492,1.0,0.0
9,4,0.9,0.4,24201,1.0,4.0,1.0,5.240294309594162e-12,0.15888084632516702,0.057922215519656955,0.958789549929643,0.20808645450729402,0.75,0.0
9,4,0.9,0.4,24201,1.0,4.0,0.0,3.185313124376421e-12,0.2745935412026726,0.10583120497378733,0.968618932582535,0.22498734118703115,0.725,0.0
9,5,0.25,0.1,25000,1.0,4.0,1.0,1.3902420881173327e-12,0.10298440979955456,0.028773810040978533,0.4204235991239928,28.468356383405045,1.0,0.0
9,5,0.25,0.1,25000,1.0,4.0,0.0,1.1449591275081161e-12,0.14905345211581292,0.044926309468537685,0.46799222689031017,31.184848952168334,1.0,0.0
9,5,0.25,0.4,25001,1.0,4.0,1.0,2.8812507935072063e-12,0.11985523385300668,0.03679644470341117,0.4410565726291434,1.7668152524470302,1.0,0.0
9,5,0.25,0.4,25001,1.0,4.0,0.0,1.9423351815817114e-12,0.19142538975501114,0.061811176339041846,0.5274729108403724,1.8402758634060625,1.0,0.0
9,5,0.6,0.1,25100,1.0,4.0,1.0,1.34047634103851e-12,0.0821380846325167,0.02141233705647428,0.38554061584140387,28.51550594983274,1.0,0.0
9,5,0.6,0.1,25100,1.0,4.0,0.0,8.782280458419223e-13,0.11969376391982182,0.03219125271394266,0.45846943600548623,28.713236521180267,1.0,0.0
9,5,0.6,0.4,25101,1.0,4.0,1.0,3.92075261146374e-12,0.16011135857461026,0.05994350234138016,0.8280748872926031,0.9755808937914846,0.975,0.0
9,5,0.6,0.4,25101,1.0,4.0,0.0,2.941036303383271e-12,0.2813140311804009,0.1115596110629635,0.8638209523263695,0.9899041045245945,1.0,0.0
9,5,0.9,0.1,25200,1.0,4.0,1.0,1.3688009059542594e-12,0.0924053452115813,0.0274150152102869,0.9595464761872834,2.192143633729902,1.0,0.0
9,5,0.9,0.1,25200,1.0,4.0,0.0,9.12506181727224e-13,0.14553452115812918,0.042424197553936914,0.9576098579185899,2.430205828218728,1.0,0.0
9,5,0.9,0.4,25201,1.0,4.0,1.0,1.968626650583616e-12,0.11672605790645879,0.03490100535432147,0.7972267365020906,0.5764206002915474,1.0,0.0
9,5,0.9,0.4,25201,1.0,4.0,0.0,1.580582886795412e-12,0.18422048997772827,0.05754331186938041,0.8274265273556997,0.58308113201516,1.0,0.0
9,6,0.25,0.1,26000,1.0,4.0,1.0,1.9080848012720253e-12,0.09669821826280624,0.029355531801152718,0.23637158049719303,41.803200700322115,1.0,0.0
9,6,0.25,0.1,26000,1.0,4.0,0.0,1.4285517213608045e-12,0.1489532293986637,0.046356219546143156,0.2873513001610469,46.632316813321694,1.0,0.0
9,6,0.25,0.4,26001,1.0,4.0,1.0,3.4473812693391892e-12,0.1421826280623608,0.04757103753174468,0.5474260581591546,1.8174153597239513,1.0,0.0
9,6,0.25,0.4,26001,1.0,4.0,0.0,2.29666285989083e-12,0.23746102449888642,0.08436712071898805,0.6186420982428843,1.9473257688104102,1.0,0.0
9,6,0.6,0.1,26100,1.0,4.0,1.0,8.722744748723699e-13,0.08955456570155902,0.023119677444712577,0.6665211751733988,15.452860477147507,1.0,0.0
9,6,0.6,0.1,26100,1.0,4.0,0.0,7.069553276117801e-13,0.12987193763919821,0.034487071107012,0.7206019309662711,14.489223784628216,1.0,0.0
9,6,0.6,0.4,26101,1.0,4.0,1.0,3.2098212976450213e-12,0.13320155902004455,0.04548599309653733,0.6197427581488041,1.4393678346188354,0.975,0.0
9,6,0.6,0.4,26101,1.0,4.0,0.0,2.1873614031164834e-12,0.2191258351893096,0.07806480925702489,0.6919398244074402,1.5184750070762216,0.975,0.0
9,6,0.9,0.1,26200,1.0,4.0,1.0,1.3435016987806137e-12,0.09942650334075724,0.02770732830575437,0.8839494088596422,6.002578682063832,1.0,0.0
9,6,0.9,0.1,26200,1.0,4.0,0.0,9.254125243884914e-13,0.1453229398663697,0.04204420010483417,0.9015759335564584,5.942566959779687,1.0,0.0
9,6,0.9,0.4,26201,1.0,4.0,1.0,5.468639430183941e-12,0.1666314031180401,0.06123275442374219,0.9483256678203017,0.28880602987578624,0.95,0.0
9,6,0.9,0.4,26201,1.0,4.0,0.0,3.1198099659235368e-12,0.290662583518931,0.1132153567514502,0.9608696419834024,0.28360534025328105,0.9,0.0
9,7,0.25,0.1,27000,1.0,4.0,1.0,8.697591258322035e-13,0.0777227171492205,0.021097518963466066,0.41219527821882074,23.960809437399067,1.0,0.0
9,7,0.25,0.1,27000,1.0,4.0,0.0,6.925363060794609e-13,0.1079120267260579,0.029625301799824724,0.4381919430244858,24.2750769468456,1.0,0.0
9,7,0.25,0.4,27001,1.0,4.0,1.0,4.4396014642344994e-12,0.16021714922049,0.05812828356676464,0.4730156073764622,2.597427915356519,1.0,0.0
9,7,0.25,0.4,27001,1.0,4.0,0.0,3.0988267507581213e-12,0.27870824053452115,0.10769353390587487,0.5819384373795846,2.6347442975683033,1.0,0.0
9,7,0.6,0.1,27100,1.0,4.0,1.0,1.878421029832822e-12,0.11793429844097995,0.03683910119320807,0.4634688676239366,32.34411046106268,1.0,0.0
9,7,0.6,0.1,27100,1.0,4.0,0.0,1.3289230826885046e-12,0.19674276169265034,0.06226007094447902,0.5239990179761108,34.099511677060356,1.0,0.0
9,7,0.6,0.4,27101,1.0,4.0,1.0,2.3047119768193625e-12,0.11580178173719377,0.03659170019230533,0.7464371416992718,0.9459665263169669,1.0,0.0
9,7,0.6,0.4,27101,1.0,4.0,0.0,1.89351312407382e-12,0.18515590200445434,0.06068250573983147,0.7946081370731403,0.9798831050289056,1.0,0.0
9,7,0.9,0.1,27200,1.0,4.0,1.0,1.1202705429980142e-12,0.09280623608017817,0.027378327735492192,0.9578107830150008,2.1701863923379534,1.0,0.0
9,7,0.9,0.1,27200,1.0,4.0,0.0,9.461181837977506e-13,0.13982182628062362,0.04220796184829831,0.9575324598930123,2.5355398542776952,1.0,0.0
9,7,0.9,0.4,27201,1.0,4.0,1.0,3.520086999664329e-12,0.13033407572383074,0.046125165885520195,0.929325553060821,0.3842190135964234,0.975,0.0
9,7,0.9,0.4,27201,1.0,4.0,0.0,2.3518964553659316e-12,0.22065144766146993,0.07956585611341094,0.9377895855072915,0.3985768203754585,0.925,0.0
10,0,0.25,0.1,20000,1.0,4.0,1.0,1.2749801214795298e-12,0.09623608017817371,0.02861174669292887,0.24294402415827518,40.878305266712246,1.0,0.0
10,0,0.25,0.1,20000,1.0,4.0,0.0,9.854478344450968e-13,0.1469988864142539,0.044062677481766094,0.3123107231783718,40.85016661097963,1.0,0.0
10,0,0.25,0.4,20001,1.0,4.0,1.0,3.0701691189349845e-12,0.12126948775055679,0.03861995926975373,0.3669948478014199,2.0981688330977897,1.0,0.0
10,0,0.25,0.4,20001,1.0,4.0,0.0,2.5094926137114726e-12,0.19455456570155902,0.06461004103132893,0.4733180543092799,2.1234456225226044,1.0,0.0
10,0,0.6,0.1,20100,1.0,4.0,1.0,1.8862134076869097e-12,0.1138641425389755,0.036179186764659595,0.8082206326836974,12.19101865208643,1.0,0.0
10,0,0.6,0.1,20100,1.0,4.0,0.0,1.3742479376688266e-12,0.1815478841870824,0.05908460698663183,0.8186357348675042,12.431256301552981,1.0,0.0
10,0,0.6,0.4,20101,1.0,4.0,1.0,2.5646360035658233e-12,0.12650334075723832,0.04078509091592343,0.6696921265295787,1.264720110024345,1.0,0.0
10,0,0.6,0.4,20101,1.0,4.0,0.0,2.3364365997480263e-12,0.20320155902004455,0.06866291743099368,0.7360138010738856,1.2344987572106074,1.0,0.0
10,0,0.9,0.1,20200,1.0,4.0,1.0,2.686566247245281e-12,0.14202672605790645,0.04774156731782641,0.8684214995966792,8.069573981442225,1.0,0.0
10,0,0.9,0.1,20200,1.0,4.0,0.0,1.771457980304092e-12,0.2355512249443207,0.08396684865628054,0.8979942869223638,7.970024937639206,1.0,0.0
10,0,0.9,0.4,20201,1.0,4.0,1.0,4.72584471555848e-12,0.16768930957683742,0.061345337444268476,0.9393882465875316,0.34569928565566094,0.875,0.0
10,0,0.9,0.4,20201,1.0,4.0,0.0,2.7217117448685713e-12,0.2961804008908686,0.11506394232796853,0.9476003110417814,0.3724578253941209,0.925,0.0
10,1,0.25,0.1,21000,1.0,4.0,1.0,1.3007789290142568e-12,0.10064031180400891,0.03012805882247387,0.46677160630250386,30.30558294212956,1.0,0.0
10,1,0.25,0.1,21000,1.0,4.0,0.0,9.88722992367741e-13,0.14756681514476613,0.044901501021379124,0.49300092081596186,31.38847699593043,1.0,0.0
10,1,0.25,0.4,21001,1.0,4.0,1.0,2.5212401610907875e-12,0.12574053452115813,0.03937190736026478,0.4851035898800344,1.8596081277675047,1.0,0.0
10,1,0.25,0.4,21001,1.0,4.0,0.0,2.4218960170685477e-12,0.20526726057906458,0.06810955309421701,0.570408537432431,1.9365513511861248,1.0,0.0
10,1,0.6,0.1,21100,1.0,4.0,1.0,2.6672969388741308e-12,0.13925389755011136,0.04517659766636472,0.546855238845343,30.78919430215262,1.0,0.0
10,1,0.6,0.1,21100,1.0,4.0,0.0,1.6998485952157694e-12,0.22915367483296215,0.07994227452422921,0.587683591997956,32.883571629182576,1.0,0.0
10,1,0.6,0.4,21101,1.0,4.0,1.0,2.5964091987518145e-12,0.123413140311804,0.04000529572175872,0.7734294609774627,0.8486222305346673,1.0,0.0
10,1,0.6,0.4,21101,1.0,4.0,0.0,2.083361261284722e-12,0.20119153674832962,0.06832479612939162,0.8143169386615288,0.8717394381712038,1.0,0.0
10,1,0.9,0.1,21200,1.0,4.0,1.0,1.3729711811905077e-12,0.09819599109131404,0.028696651743448612,0.8853956820814314,7.006799023239986,1.0,0.0
10,1,0.9,0.1,21200,1.0,4.0,0.0,1.07241993063667e-12,0.15551781737193765,0.04532154871319326,0.8795573886245155,7.686923254542654,1.0,0.0
10,1,0.9,0.4,21201,1.0,4.0,1.0,2.79540973702197e-12,0.1453619153674833,0.050363667029056515,0.9524255405010488,0.23914126481860015,0.75,0.0
10,1,0.9,0.4,21201,1.0,4.0,0.0,2.728456349743169e-12,0.24633630289532293,0.09068459748247985,0.958368020300237,0.26578905578516693,0.775,0.0
10,2,0.25,0.1,22000,1.0,4.0,1.0,1.4946655024772326e-12,0.09041759465478842,0.025333845908387446,0.17294812883774602,38.31698558393699,1.0,0.0
10,2,0.25,0.1,22000,1.0,4.0,0.0,1.1084605455735641e-12,0.1304510022271715,0.03830250400828043,0.2171319798386998,41.647203281303575,1.0,0.0
10,2,0.25,0.4,22001,1.0,4.0,1.0,3.8202080387961246e-12,0.13729398663697104,0.04759466932400188,0.48778463646770887,2.279094284661723,1.0,0.0
10,2,0.25,0.4,22001,1.0,4.0,0.0,2.7044755324112657e-12,0.2309521158129176,0.08408953875139769,0.5769137369095599,2.5034460188805308,1.0,0.0
10,2,0.6,0.1,22100,1.0,4.0,1.0,1.7426199372394535e-12,0.11148106904231626,0.030369823317580567,0.5579423194522444,21.70827952863422,1.0,0.0
10,2,0.6,0.1,22100,1.0,4.0,0.0,1.2578132979612633e-12,0.1698273942093541,0.04915860293588971,0.5974476710861379,23.546249005207603,1.0,0.0
10,2,0.6,0.4,22101,1.0,4.0,1.0,2.4143603782889045e-12,0.12599665924276168,0.04168115120687554,0.6576531760543088,1.2917139377031246,1.0,0.0
10,2,0.6,0.4,22101,1.0,4.0,0.0,2.0756174556879614e-12,0.2057683741648107,0.0711301454020035,0.7094326207403555,1.3584730853790263,1.0,0.0
10,2,0.9,0.1,22200,1.0,4.0,1.0,1.068221899824806e-12,0.09005011135857462,0.02596753362613245,0.858237942947846,7.714865909691611,1.0,0.0
10,2,0.9,0.1,22200,1.0,4.0,0.0,8.492512248992057e-13,0.13192650334075723,0.03820036665013349,0.8669600619458792,8.034535655426776,1.0,0.0
10,2,0.9,0.4,22201,1.0,4.0,1.0,4.557645927327769e-12,0.14711024498886413,0.052622725320383666,0.9331703730874221,0.32671545548762493,0.825,0.0
10,2,0.9,0.4,22201,1.0,4.0,0.0,2.7488289422450407e-12,0.25130289532293987,0.09372978346351553,0.9481202471903721,0.3156254657435061,0.85,0.0
10,3,0.25,0.1,23000,1.0,4.0,1.0,1.1867451465974455e-12,0.08012806236080178,0.021782202554476358,0.2424753710666916,32.962967766586516,1.0,0.0
10,3,0.25,0.1,23000,1.0,4.0,0.0,8.017406183391529e-13,0.1150890868596882,0.03193159712561216,0.2677682102646548,34.19271013902448,1.0,0.0
10,3,0.25,0.4,23001,1.0,4.0,1.0,4.035799472390522e-12,0.14287861915367484,0.05128393101692514,0.5171494167224753,2.3234287005127046,1.0,0.0
10,3,0.25,0.4,23001,1.0,4.0,0.0,2.9707070137163782e-12,0.2421380846325167,0.09186307385373217,0.5836921679100499,2.449145139650185,1.0,0.0
10,3,0.6,0.1,23100,1.0,4.0,1.0,7.413375469056405e-13,0.07661469933184856,0.019319141997206288,0.5406685290235742,18.652513265161723,1.0,0.0
10,3,0.6,0.1,23100,1.0,4.0,0.0,6.398215290914777e-13,0.10876391982182627,0.02818954116396632,0.548934332048474,19.2292165460262,1.0,0.0
10,3,0.6,0.4,23101,1.0,4.0,1.0,3.314265528686633e-12,0.1352338530066815,0.04542680236471326,0.8452431188690621,0.6413107501227117,1.0,0.0
10,3,0.6,0.4,23101,1.0,4.0,0.0,2.436828516749756e-12,0.2190089086859688,0.07708961572065817,0.8691932093814069,0.6768968078978511,1.0,0.0
10,3,0.9,0.1,23200,1.0,4.0,1.0,1.389555137620846e-12,0.11423162583518931,0.03192628231674606,0.9096765341954824,4.895766509854914,1.0,0.0
10,3,0.9,0.1,23200,1.0,4.0,0.0,1.0231399061311208e-12,0.1733184855233853,0.05061312919961269,0.9017812150127661,5.923610212099138,1.0,0.0
10,3,0.9,0.4,23201,1.0,4.0,1.0,3.012451399442284e-12,0.13247772828507795,0.04273752813569865,0.9173717818753426,0.36781949098575467,0.925,0.0
10,3,0.9,0.4,23201,1.0,4.0,0.0,2.1585788712030762e-12,0.21781180400890868,0.0739835703607276,0.9253818631045635,0.42235786286096544,0.875,0.0
10,4,0.25,0.1,24000,1.0,4.0,1.0,1.1982845271596432e-12,0.10897550111358574,0.028763029889003637,0.25808620375947566,32.295351333450505,1.0,0.0
10,4,0.25,0.1,24000,1.0,4.0,0.0,9.077807949786632e-13,0.1618652561247216,0.04539546790209246,0.2942543101174719,35.195006643202554,1.0,0.0
10,4,0.25,0.4,24001,1.0,4.0,1.0,3.6102509870516997e-12,0.13246102449888641,0.044896456512450895,0.42030408889786974,2.884177807667103,1.0,0.0
10,4,0.25,0.4,24001,1.0,4.0,0.0,2.4122093211786932e-12,0.2233184855233853,0.07873581362735513,0.5048863390759566,2.949038488342059,1.0,0.0
10,4,0.6,0.1,24100,1.0,4.0,1.0,1.3065104553788842e-12,0.09330178173719376,0.02524073359135115,0.6249938761042074,16.160674121896,1.0,0.0
10,4,0.6,0.1,24100,1.0,4.0,0.0,9.412609580650155e-13,0.13484966592427616,0.03760226056279977,0.6563464176644271,16.37470292075429,1.0,0.0
10,4,0.6,0.4,24101,1.0,4.0,1.0,3.484490473937285e-12,0.1436247216035635,0.05039960351147646,0.8314026996276687,0.7903107171675031,0.975,0.0
10,4,0.6,0.4,24101,1.0,4.0,0.0,2.596672876720163e-12,0.2440423162583519,0.08949843042921256,0.868628930643008,0.7619511648716851,0.975,0.0
10,4,0.9,0.1,24200,1.0,4.0,1.0,1.835705198960369e-12,0.1199554565701559,0.036946898837833655,0.8959392377921518,5.7668387948172395,1.0,0.0
10,4,0.9,0.1,24200,1.0,4.0,0.0,1.4148127114310682e-12,0.1907739420935412,0.06223024378757627,0.9157337426848345,5.669572179858919,1.0,0.0
10,4,0.9,0.4,24201,1.0,4.0,1.0,4.106187612151757e-12,0.15609688195991092,0.05722773799186811,0.9576799329501845,0.21922834999930887,0.775,0.0
10,4,0.9,0.4,24201,1.0,4.0,0.0,3.298333828283262e-12,0.27451002227171495,0.10734846329779785,0.9715509682637731,0.22003099311405658,0.725,0.0
10,5,0.25,0.1,25000,1.0,4.0,1.0,1.5508289097354577e-12,0.09930400890868597,0.027610694501212805,0.38539553118221714,28.477887717258167,1.0,0.0
10,5,0.25,0.1,25000,1.0,4.0,0.0,1.2092687962095283e-12,0.15291202672605791,0.043954130626144124,0.4332381001446729,30.35363356451945,1.0,0.0
10,5,0.25,0.4,25001,1.0,4.0,1.0,2.2712803859903374e-12,0.11997216035634743,0.03757282160240366,0.49860014328631114,1.6329117470900218,1.0,0.0
10,5,0.25,0.4,25001,1.0,4.0,0.0,1.945804628533665e-12,0.18896993318485522,0.061912168167201465,0.5517336455516668,1.8010077331767047,1.0,0.0
10,5,0.6,0.1,25100,1.0,4.0,1.0,1.2315912178983979e-12,0.08951559020044543,0.020752274102664663,0.39424376539877204,22.700066655655885,1.0,0.0
10,5,0.6,0.1,25100,1.0,4.0,0.0,8.044953592190041e-13,0.12403674832962137,0.031015358753579757,0.4264902891600324,25.789753151921285,1.0,0.0
10,5,0.6,0.4,25101,1.0,4.0,1.0,4.158326460945716e-12,0.1629064587973274,0.06012148056537369,0.8403193081875736,0.8737031425069742,1.0,0.0
10,5,0.6,0.4,25101,1.0,4.0,0.0,2.925243380857978e-12,0.28105233853006684,0.11006601925878647,0.8683785820224225,0.91654649179604,1.0,0.0
10,5,0.9,0.1,25200,1.0,4.0,1.0,1.295838436554675e-12,0.09422048997772829,0.027686658054336722,0.9390326256813148,3.2609478101987204,1.0,0.0
10,5,0.9,0.1,25200,1.0,4.0,0.0,9.381384558082573e-13,0.145228285077951,0.043889834439097684,0.9420667981397088,3.4723256866213896,1.0,0.0
10,5,0.9,0.4,25201,1.0,4.0,1.0,2.0539125955565396e-12,0.11630289532293987,0.03373968531367368,0.7875694028957625,0.5647283053826081,0.975,0.0
10,5,0.9,0.4,25201,1.0,4.0,0.0,1.5272227926743653e-12,0.18539532293986638,0.05557056556843465,0.8144602161109278,0.5856538883543749,0.95,0.0
10,6,0.25,0.1,26000,1.0,4.0,1.0,2.1341192701918033e-12,0.09939866369710468,0.029432901362826683,0.21150044715905147,40.459302253053025,1.0,0.0
10,6,0.25,0.1,26000,1.0,4.0,0.0,1.4518108937267016e-12,0.14728841870824053,0.0471650467103474,0.25995432641963684,48.450496503540144,1.0,0.0
10,6,0.25,0.4,26001,1.0,4.0,1.0,2.7763763510435524e-12,0.13917594654788418,0.04710880255819886,0.5956186617064164,1.6372997452398947,1.0,0.0
10,6,0.25,0.4,26001,1.0,4.0,0.0,2.2452317782750697e-12,0.23373051224944322,0.08420851711166824,0.6641484308268158,1.7963928060506595,1.0,0.0
10,6,0.6,0.1,26100,1.0,4.0,1.0,1.0344711198762013e-12,0.09115812917594655,0.023788367549755655,0.7089107093722948,13.253783817931298,1.0,0.0
10,6,0.6,0.1,26100,1.0,4.0,0.0,7.324141293452158e-13,0.13325167037861915,0.03598801713875868,0.7382780189397946,14.106540495045179,1.0,0.0
10,6,0.6,0.4,26101,1.0,4.0,1.0,3.1682295675850014e-12,0.1348663697104677,0.04520491087440248,0.5973214029444809,1.5099293797839113,1.0,0.0
10,6,0.6,0.4,26101,1.0,4.0,0.0,2.271155485900067e-12,0.22121380846325167,0.07837500497267215,0.6739315402606547,1.5459124639579356,1.0,0.0
10,6,0.9,0.1,26200,1.0,4.0,1.0,1.1284237433351052e-12,0.09696547884187083,0.02673991718072201,0.8797885935058882,5.433289917355946,1.0,0.0
10,6,0.9,0.1,26200,1.0,4.0,0.0,9.939965517347105e-13,0.14659799554565703,0.04191416640699907,0.893496689724335,5.728204405986386,1.0,0.0
10,6,0.9,0.4,26201,1.0,4.0,1.0,4.666322883650764e-12,0.1643652561247216,0.06134426043920193,0.9415962419108054,0.3183611345332993,0.9,0.0
10,6,0.9,0.4,26201,1.0,4.0,0.0,3.2062963395418365e-12,0.2900445434298441,0.1152947728724571,0.9571809441558243,0.3176367020045357,0.9,0.0
10,7,0.25,0.1,27000,1.0,4.0,1.0,6.874396885070411e-13,0.07935412026726057,0.021219492834746525,0.3660033762671641,24.85785418027782,1.0,0.0
10,7,0.25,0.1,27000,1.0,4.0,0.0,6.532413499016343e-13,0.11002227171492204,0.029310759759718738,0.4101073192804299,24.3924666102649,1.0,0.0
10,7,0.25,0.4,27001,1.0,4.0,1.0,4.340236503530548e-12,0.15993875278396436,0.058545687030231816,0.4995766286983199,2.3939718351599093,1.0,0.0
10,7,0.25,0.4,27001,1.0,4.0,0.0,3.1324665084042635e-12,0.2765590200445434,0.10831774821757778,0.6013570011490216,2.5218345418926984,1.0,0.0
10,7,0.6,0.1,27100,1.0,4.0,1.0,1.904303104094396e-12,0.11849109131403118,0.0370577203486707,0.4562196061551254,36.249983119830596,1.0,0.0
10,7,0.6,0.1,27100,1.0,4.0,0.0,1.3117423813824303e-12,0.19156458797327394,0.061948612095884814,0.5337497193656107,35.47414889648095,1.0,0.0
10,7,0.6,0.4,27101,1.0,4.0,1.0,2.456951309071087e-12,0.11540645879732739,0.0351523133777106,0.7303761565726365,0.9618622214432143,1.0,0.0
10,7,0.6,0.4,27101,1.0,4.0,0.0,1.7325446632909802e-12,0.18647550111358574,0.058673885870383975,0.7727511287980499,0.9978590952130811,1.0,0.0
10,7,0.9,0.1,27200,1.0,4.0,1.0,1.061428722692881e-12,0.08856904231625835,0.02429849390308837,0.9338631450936927,3.3309110228164593,1.0,0.0
10,7,0.9,0.1,27200,1.0,4.0,0.0,8.424788644489922e-13,0.13379175946547883,0.03653167345189427,0.9396711524196479,3.1659646333514493,1.0,0.0
10,7,0.9,0.4,27201,1.0,4.0,1.0,3.1384478349494316e-12,0.1348162583518931,0.04664674860413916,0.9223696653645435,0.40834055982490675,0.95,0.0
10,7,0.9,0.4,27201,1.0,4.0,0.0,2.3259449921653186e-12,0.22293986636971047,0.07929369139837832,0.9310143150644801,0.43709632965986583,0.9,0.0
