side,kc,subtype,participation,noise_active,input_total,claws_mapped,cb_share,hub,responsive
right,720575941351040048,KCab,0,0.0,0.4117647058823529,2,0.0,False,False
right,720575941352057392,KC,9,0.0,0.4411764705882353,1,1.0,False,True
right,720575941352627504,KCg,0,0.0,0.08823529411764706,1,0.0,False,False
right,720575941352861744,KCg,0,0.0,0.0,0,0.0,False,False
right,720575941352978224,KCg,0,0.0,0.058823529411764705,2,0.0,False,False
right,720575941390655236,KCab,67,0.06,2.2058823529411766,5,0.4666666666666667,True,True
right,720575941390911492,KCg,0,0.0,0.0,0,0.0,False,False
right,720575941390989060,KCa'b',0,0.0,0.029411764705882353,1,1.0,False,False
right,720575941391081110,KCg,0,0.0,0.0,0,0.0,False,False
right,720575941391371158,KCa'b',0,0.0,0.411764705882353,3,0.7142857142857143,False,False
right,720575941391740676,KCg,0,0.0,0.0,0,0.0,False,False
right,720575941391741956,KCg,0,0.0,0.0,0,0.0,False,False
right,720575941391763460,KCg,0,0.0,0.411764705882353,3,0.35714285714285715,False,False
right,720575941391816452,KC,0,0.0,0.23529411764705882,2,0.125,False,False
right,720575941391906052,KCg,0,0.0,0.0,0,0.0,False,False
right,720575941391907588,KCab,26,0.002,0.7352941176470588,3,0.7200000000000001,False,True
right,720575941391910148,KCg,0,0.0,0.0,0,0.0,False,False
right,720575941392159236,KCg,0,0.0,0.08823529411764706,1,0.0,False,False
right,720575941392321284,KCg,4,0.0,0.7647058823529411,6,0.0,False,True
right,720575941392349590,KCg,0,0.0,0.4117647058823529,3,0.35714285714285715,False,False
right,720575941392359830,KCab,72,0.014,1.588235294117647,6,0.22222222222222224,True,True
right,720575941392487428,KCab,0,0.0,0.2647058823529412,1,1.0,False,False
right,720575941392524292,KC,0,0.0,0.0,0,0.0,False,False
right,720575941392643222,KCg,43,0.004,1.1470588235294117,5,0.0,False,True
right,720575941392654230,KCg,63,0.022,0.8529411764705883,3,0.0,True,True
right,720575941392655510,KCab,1,0.0,0.7352941176470589,3,0.0,False,True
right,720575941392656278,KCapbp,0,0.0,0.11764705882352941,1,0.0,False,False
right,720575941392700932,KCab,0,0.0,0.029411764705882353,1,1.0,False,False
right,720575941392755094,KCg,0,0.0,0.2647058823529412,2,0.6666666666666667,False,False
right,720575941393181334,KCab,0,0.0,0.0,0,0.0,False,False
right,720575941393210006,KCab,0,0.0,0.11764705882352941,1,0.0,False,False
right,720575941393316758,KCg,0,0.0,0.5882352941176471,3,0.0,False,False
right,720575941393692420,KCab,55,0.082,1.7647058823529411,5,0.2833333333333333,False,True
right,720575941399900451,KCa'b',0,0.0,0.2058823529411765,3,1.0,False,False
right,720575941400730659,KCg,6,0.0,0.6470588235294118,1,1.0,False,True
right,720575941400845091,KCg,14,0.0,0.7352941176470589,3,0.48,False,True
right,720575941400847395,KC,0,0.0,0.411764705882353,2,0.0,False,False
right,720575941400855587,KCab,0,0.0,0.11764705882352941,1,1.0,False,False
right,720575941400856099,KCab,0,0.0,0.47058823529411764,2,0.0,False,False
right,720575941401071139,KCg,0,0.0,0.08823529411764706,1,0.0,False,False
right,720575941401391139,KCab,3,0.002,0.8235294117647058,2,0.4642857142857143,False,True
right,720575941401722147,KCab,0,0.03,0.8823529411764706,4,0.03333333333333333,False,False
right,720575941401862947,KCg,0,0.0,0.08823529411764706,1,0.0,False,False
right,720575941402867312,KCg,0,0.0,0.3235294117647059,2,0.0,False,False
right,720575941403677040,KCg,0,0.0,0.38235294117647056,4,0.07692307692307693,False,False
right,720575941404005488,KCg,0,0.0,0.0,0,0.0,False,False
right,720575941404013936,KCg,0,0.0,0.6176470588235294,3,0.047619047619047616,False,False
right,720575941404016240,KCg,6,0.0,0.7941176470588236,2,0.5925925925925926,False,True
right,720575941404448624,KCab,27,0.006,1.2941176470588234,3,0.9772727272727274,False,True
right,720575941406224046,KCg,13,0.004,0.7058823529411765,2,0.0,False,True
right,720575941406581934,KCg,0,0.0,0.23529411764705882,1,1.0,False,False
right,720575941406616238,KCab,0,0.0,0.3235294117647059,3,0.9090909090909091,False,False
right,720575941407357102,KCa'b',0,0.0,0.3235294117647059,2,0.7272727272727272,False,False
right,720575941407486511,KCg,29,0.0,1.0588235294117647,2,1.0,False,True
right,720575941408016558,KCa'b',0,0.0,0.411764705882353,4,0.42857142857142855,False,False
right,720575941408057647,KCab,32,0.008,0.9411764705882353,3,0.0,False,True
right,720575941408491694,KCg,1,0.0,0.5588235294117647,3,0.9473684210526315,False,True
right,720575941408610863,KCg,1,0.0,0.5294117647058824,3,0.0,False,True
right,720575941410052523,KCab,0,0.0,0.08823529411764706,1,0.0,False,False
right,720575941410151851,KCa'b',0,0.0,0.23529411764705882,1,0.0,False,False
right,720575941410169259,KCg,1,0.002,0.6176470588235294,2,0.0,False,True
right,720575941410171051,KCab,70,0.068,1.647058823529412,3,0.5535714285714285,True,True
right,720575941410253995,KCg,0,0.0,0.14705882352941177,2,0.6,False,False
right,720575941410289579,KCg,12,0.028,0.5,1,0.0,False,True
right,720575941410351019,KCg,0,0.0,0.08823529411764705,2,0.0,False,False
right,720575941410352299,KCab,0,0.0,0.029411764705882353,1,0.0,False,False
right,720575941410721647,KCg,0,0.0,0.20588235294117646,1,0.0,False,False
right,720575941410779503,KCg,0,0.0,0.0,0,0.0,False,False
right,720575941410815659,KCg,0,0.0,0.0,0,0.0,False,False
right,720575941410937455,KCapbp,0,0.0,0.0,0,0.0,False,False
right,720575941410989227,KCg,8,0.002,0.7352941176470589,3,0.19999999999999998,False,True
right,720575941411143083,KCab,39,0.01,1.7352941176470589,2,1.0,False,True
right,720575941411212203,KCab,0,0.0,0.0,0,0.0,False,False
right,720575941411271279,KCg,0,0.0,0.0,0,0.0,False,False
right,720575941412021137,KCg,0,0.0,0.0,0,0.0,False,False
right,720575941412237972,KCa'b',0,0.0,0.17647058823529413,1,0.0,False,False
right,720575941412247700,KCa'b',0,0.0,0.0,0,0.0,False,False
right,720575941412252783,KCab,0,0.0,0.0,0,0.0,False,False
right,720575941412272239,KCab,0,0.0,0.17647058823529413,1,1.0,False,False
right,720575941412281455,KCab,2,0.0,0.47058823529411764,3,0.0,False,True
right,720575941412294511,KCg,16,0.0,0.7058823529411765,4,0.3333333333333333,False,True
right,720575941412528555,KCg,20,0.0,0.7058823529411765,3,0.25,False,True
right,720575941412598932,KCapbp,0,0.0,0.0,0,0.0,False,False
right,720575941412859759,KCab,0,0.0,0.029411764705882353,1,0.0,False,False
right,720575941413327508,KC,0,0.0,0.3235294117647059,1,0.0,False,False
right,720575941413369748,KCab,0,0.0,0.029411764705882353,1,1.0,False,False
right,720575941413465745,KCg,0,0.0,0.0,0,0.0,False,False
right,720575941413524116,KCg,0,0.0,0.3529411764705882,2,0.5833333333333334,False,False
right,720575941413567636,KCg,19,0.014,0.7941176470588236,2,0.0,False,True
right,720575941413568660,KCab,0,0.0,0.5,3,0.058823529411764705,False,False
right,720575941413569428,KCab,0,0.0,0.08823529411764705,2,0.0,False,False
right,720575941413569940,KCg,0,0.0,0.11764705882352941,2,0.0,False,False
right,720575941413625492,KCab,0,0.0,0.6176470588235294,3,0.0,False,False
right,720575941413778580,KCg,0,0.0,0.411764705882353,2,0.0,False,False
right,720575941413783956,KCg,20,0.01,0.8529411764705883,2,0.0,False,True
right,720575941413876113,KCab,0,0.0,0.23529411764705882,1,1.0,False,False
right,720575941413900689,KCg,0,0.0,0.0,0,0.0,False,False
right,720575941414655380,KCg,15,0.004,0.8529411764705881,3,0.0,False,True
right,720575941414776980,KCg,0,0.0,0.11764705882352941,1,0.0,False,False
right,720575941415410972,KCg,0,0.0,0.38235294117647056,1,1.0,False,False
right,720575941415411996,KCab,20,0.0,0.8823529411764706,4,0.6333333333333334,False,True
right,720575941415421724,KCa'b',0,0.0,0.0,0,0.0,False,False
right,720575941415640604,KCg,10,0.0,0.7352941176470589,3,0.0,False,True
right,720575941415717777,KCa'b',0,0.0,0.0,0,0.0,False,False
right,720575941415819292,KCg,0,0.0,0.6470588235294117,3,0.04545454545454546,False,False
right,720575941416595228,KCab,31,0.0,0.7352941176470589,2,0.44,False,True
right,720575941417887772,KCg,8,0.0,0.8823529411764706,3,0.4333333333333333,False,True
right,720575941425741396,KCab,0,0.0,0.47058823529411764,2,0.0,False,False
right,720575941426230100,KCab,0,0.0,0.0,0,0.0,False,False
right,720575941426566740,KCab,13,0.0,0.4411764705882353,2,1.0,False,True
right,720575941426731604,KCab,25,0.0,0.9411764705882353,3,1.0,False,True
right,720575941427032660,KCab,9,0.0,1.0,2,1.0,False,True
right,720575941427336020,KCab,25,0.006,1.0294117647058825,2,0.6857142857142857,False,True
right,720575941427340372,KCg,0,0.0,0.17647058823529413,1,1.0,False,False
right,720575941428575480,KCg,0,0.0,0.0,0,0.0,False,False
right,720575941428588280,KCa'b',0,0.0,0.0,0,0.0,False,False
right,720575941428653652,KCg,0,0.0,0.35294117647058826,1,0.0,False,False
right,720575941428715000,KCab,0,0.0,0.3235294117647059,2,0.0,False,False
right,720575941428843401,KCg,0,0.0,0.0,0,0.0,False,False
right,720575941428930900,KCab,52,0.002,1.2352941176470589,2,0.5714285714285714,False,True
right,720575941429177263,KCg,64,0.0,0.9117647058823529,6,0.3548387096774194,True,True
right,720575941429865175,KCa'b',2,0.004,0.5588235294117647,2,0.0,False,True
right,720575941429940216,KCg,0,0.0,0.14705882352941177,2,1.0,False,False
right,720575941430011055,KCab,19,0.0,0.6470588235294118,1,1.0,False,True
right,720575941430013321,KCg,0,0.0,0.2647058823529412,2,1.0,False,False
right,720575941430174456,KCab,3,0.024,0.6176470588235294,1,0.0,False,True
right,720575941430179320,KCg,0,0.0,0.1764705882352941,2,0.0,False,False
right,720575941430307977,KC,0,0.0,0.0,0,0.0,False,False
right,720575941430317231,KCa'b',0,0.0,0.5294117647058824,4,0.1111111111111111,False,False
right,720575941430319497,KCab,0,0.0,0.0,0,0.0,False,False
right,720575941430460335,KCg,0,0.0,0.029411764705882353,1,0.0,False,False
right,720575941430461359,KCab,9,0.0,0.5588235294117647,1,1.0,False,True
right,720575941430470648,KCg,0,0.0,0.29411764705882354,1,1.0,False,False
right,720575941430625967,KCg,0,0.0,0.0,0,0.0,False,False
right,720575941430677719,KCg,0,0.0,0.0,0,0.0,False,False
right,720575941430755977,KCab,1,0.0,0.588235294117647,2,0.0,False,True
right,720575941430794744,KCg,58,0.1,1.6176470588235292,6,0.018181818181818184,False,True
right,720575941430795991,KCab,2,0.0,0.6470588235294118,4,0.7727272727272727,False,True
right,720575941430859256,KCg,0,0.0,0.08823529411764706,1,0.0,False,False
right,720575941430867448,KC,10,0.0,0.6764705882352942,2,1.0,False,True
right,720575941430869935,KCg,0,0.0,0.47058823529411764,5,0.125,False,False
right,720575941430940920,KCg,0,0.0,0.029411764705882353,1,0.0,False,False
right,720575941431063822,KCg,0,0.0,0.20588235294117646,1,0.0,False,False
right,720575941431112206,KCg,0,0.0,0.029411764705882353,1,0.0,False,False
right,720575941431113431,KCa'b',0,0.0,0.0,0,0.0,False,False
right,720575941431121166,KCg,0,0.0,0.0,0,0.0,False,False
right,720575941431199841,KCg,0,0.0,0.29411764705882354,1,0.0,False,False
right,720575941431360471,KC,3,0.0,0.4411764705882353,1,1.0,False,True
right,720575941431362735,KCg,0,0.0,0.4117647058823529,1,1.0,False,False
right,720575941431374295,KCa'b',0,0.0,0.5882352941176471,4,0.049999999999999996,False,False
right,720575941431378095,KCab,8,0.0,0.6764705882352942,1,0.0,False,True
right,720575941431387351,KCab,14,0.0,0.6176470588235294,1,1.0,False,True
right,720575941431612769,KC,0,0.0,0.0,0,0.0,False,False
right,720575941431624545,KCab,0,0.0,0.14705882352941177,2,0.7999999999999999,False,False
right,720575941431661015,KCg,0,0.0,0.0,0,0.0,False,False
right,720575941431876961,KCg,2,0.0,0.6176470588235294,4,0.0,False,True
right,720575941431877079,KCg,0,0.0,0.0,0,0.0,False,False
right,720575941431879895,KCab,0,0.0,0.0,0,0.0,False,False
right,720575941431881313,KCa'b',0,0.0,0.08823529411764705,2,0.0,False,False
right,720575941431907086,KCa'b',0,0.0,0.0,0,0.0,False,False
right,720575941431917326,KCab,0,0.0,0.3529411764705882,2,0.0,False,False
right,720575941431942670,KCg,0,0.0,0.0,0,0.0,False,False
right,720575941432172046,KCg,0,0.0,0.11764705882352941,1,1.0,False,False
right,720575941432297230,KC,1,0.0,0.7352941176470589,4,0.0,False,True
right,720575941432332247,KCab,9,0.0,1.1764705882352942,6,0.475,False,True
right,720575941432685326,KCa'b',0,0.0,0.058823529411764705,1,0.0,False,False
right,720575941433220110,KCab,23,0.046,1.3235294117647058,5,0.0,False,True
right,720575941433248526,KCg,0,0.0,0.029411764705882353,1,0.0,False,False
right,720575941433505678,KCg,0,0.0,0.0,0,0.0,False,False
right,720575941433525975,KCg,0,0.0,0.11764705882352941,1,0.0,False,False
right,720575941434029088,KCa'b',1,0.0,0.7352941176470589,3,0.0,False,True
right,720575941434317198,KC,58,0.006,0.8529411764705883,3,0.5862068965517241,False,True
right,720575941434832160,KCab,56,0.01,0.8823529411764706,3,0.06666666666666667,False,True
right,720575941434988064,KCg,0,0.0,0.029411764705882353,1,0.0,False,False
right,720575941434989600,KCg,0,0.0,0.029411764705882353,1,1.0,False,False
right,720575941434998560,KCab,0,0.0,0.0,0,0.0,False,False
right,720575941435245856,KCab,1,0.0,0.823529411764706,4,0.0,False,True
right,720575941435490190,KCab,0,0.0,0.2647058823529412,1,1.0,False,False
right,720575941435542158,KCab,46,0.048,1.4411764705882353,6,0.04081632653061224,False,True
right,720575941435618336,KCg,0,0.0,0.0,0,0.0,False,False
right,720575941436172562,KCab,0,0.0,0.17647058823529413,1,1.0,False,False
right,720575941436215950,KCab,0,0.0,0.23529411764705882,2,1.0,False,False
right,720575941436260384,KCab,0,0.0,0.0,0,0.0,False,False
right,720575941437054175,KCa'b',16,0.0,1.0588235294117647,3,0.5833333333333334,False,True
right,720575941437330706,KCab,47,0.022,0.9705882352941178,2,0.303030303030303,False,True
right,720575941437401618,KCab,11,0.03,0.5588235294117647,2,0.0,False,True
right,720575941437414930,KCg,0,0.0,0.35294117647058826,3,0.16666666666666666,False,False
right,720575941437552914,KCab,0,0.0,0.7058823529411764,2,0.0,False,False
right,720575941437556242,KCg,0,0.0,0.0,0,0.0,False,False
right,720575941437604831,KCg,0,0.0,0.0,0,0.0,False,False
right,720575941437622495,KCg,0,0.0,0.058823529411764705,1,0.0,False,False
right,720575941437635039,KCab,37,0.03,0.7941176470588235,1,0.0,False,True
right,720575941437666092,KCab,38,0.048,1.2058823529411762,4,0.02439024390243903,False,True
right,720575941437690175,KCab,0,0.0,0.5,2,1.0,False,False
right,720575941437724460,KCg,0,0.0,0.17647058823529413,3,0.16666666666666666,False,False
right,720575941437842194,KCg,0,0.0,0.6176470588235294,3,0.0,False,False
right,720575941438089490,KCab,3,0.0,0.6764705882352942,4,0.34782608695652173,False,True
right,720575941438104108,KCg,0,0.0,0.5,2,0.0,False,False
right,720575941438261055,KCab,55,0.01,1.0588235294117647,2,0.8333333333333333,False,True
right,720575941438263871,KCg,0,0.0,0.411764705882353,2,0.0,False,False
right,720575941438309439,KCab,19,0.0,0.8823529411764706,2,1.0,False,True
right,720575941438445631,KCab,5,0.0,0.5294117647058824,2,0.0,False,True
right,720575941438459967,KCg,0,0.0,0.20588235294117646,1,0.0,False,False
right,720575941438523103,KCab,30,0.0,0.6764705882352942,3,0.43478260869565216,False,True
right,720575941438651436,KCg,0,0.0,0.38235294117647056,1,0.0,False,False
right,720575941438665746,KCg,25,0.028,0.6764705882352942,3,0.0,False,True
right,720575941438713311,KCg,0,0.0,0.029411764705882353,1,0.0,False,False
right,720575941438713567,KCg,0,0.0,0.0,0,0.0,False,False
right,720575941438715615,KCab,0,0.0,0.0,0,0.0,False,False
right,720575941438716895,KCg,0,0.0,0.29411764705882354,3,0.9,False,False
right,720575941438818860,KCg,1,0.014,0.7941176470588236,2,0.0,False,True
right,720575941438983231,KCab,0,0.004,0.5588235294117647,3,0.0,False,False
right,720575941438991423,KCg,0,0.0,0.29411764705882354,1,1.0,False,False
right,720575941439076955,KCab,0,0.0,0.3235294117647059,1,0.0,False,False
right,720575941439166943,KCg,0,0.0,0.0,0,0.0,False,False
right,720575941439224917,KCg,20,0.004,1.0588235294117645,5,0.0,False,True
right,720575941439261151,KCg,0,0.0,0.0,0,0.0,False,False
right,720575941439262687,KC,61,0.002,1.8529411764705883,5,0.7936507936507936,True,True
right,720575941439275487,KCab,0,0.0,0.3235294117647059,2,0.9090909090909091,False,False
right,720575941439294431,KCg,0,0.0,0.0,0,0.0,False,False
right,720575941439366485,KCab,0,0.0,0.0,0,0.0,False,False
right,720575941439369301,KCg,0,0.0,0.058823529411764705,1,0.0,False,False
right,720575941439369557,KCg,0,0.0,0.7352941176470589,4,0.39999999999999997,False,False
right,720575941439373909,KCa'b',0,0.0,0.0,0,0.0,False,False
right,720575941439376213,KCg,0,0.0,0.20588235294117646,1,0.0,False,False
right,720575941439377237,KCg,0,0.0,0.029411764705882353,1,0.0,False,False
right,720575941439377749,KCg,0,0.0,0.0,0,0.0,False,False
right,720575941439535445,KCab,17,0.0,0.6764705882352942,2,1.0,False,True
right,720575941439540821,KCg,0,0.0,0.35294117647058826,1,0.0,False,False
right,720575941439648603,KCg,0,0.0,0.29411764705882354,2,0.0,False,False
right,720575941439669567,KCg,1,0.0,0.5588235294117647,3,0.6315789473684211,False,True
right,720575941439813311,KCg,2,0.0,0.7647058823529411,3,0.576923076923077,False,True
right,720575941439826383,KCg,65,0.05,1.3823529411764706,3,0.0,True,True
right,720575941440031061,KCg,66,0.04,1.7352941176470589,7,0.2033898305084746,True,True
right,720575941440190911,KCab,0,0.0,0.0,0,0.0,False,False
right,720575941440304063,KCab,19,0.002,0.6470588235294118,3,0.0,False,True
right,720575941440326229,KCg,0,0.0,0.0,0,0.0,False,False
right,720575941440449743,KCapbp,0,0.0,0.2647058823529412,2,0.0,False,False
right,720575941440458687,KCab,9,0.002,0.7647058823529411,3,0.0,False,True
right,720575941440526527,KCg,18,0.0,1.1764705882352942,3,0.7749999999999999,False,True
right,720575941440540351,KCg,0,0.0,0.0,0,0.0,False,False
right,720575941440818267,KCab,0,0.0,0.23529411764705882,2,0.37500000000000006,False,False
right,720575941440949967,KCab,0,0.0,0.20588235294117646,2,0.0,False,False
right,720575941440952015,KCg,15,0.002,0.823529411764706,4,0.14285714285714285,False,True
right,720575941440957391,KCab,0,0.0,0.47058823529411764,2,0.7500000000000001,False,False
right,720575941440961231,KCg,11,0.0,0.8235294117647058,1,1.0,False,True
right,720575941441173983,KCab,0,0.0,0.7352941176470589,6,0.039999999999999994,False,False
right,720575941441216347,KCg,1,0.01,0.9117647058823529,3,0.0,False,True
right,720575941441221211,KCab,0,0.0,0.20588235294117646,1,1.0,False,False
right,720575941441251791,KCa'b',0,0.0,0.5588235294117647,2,0.42105263157894735,False,False
right,720575941441356479,KCg,0,0.0,0.058823529411764705,1,1.0,False,False
right,720575941441439579,KCg,0,0.0,0.5588235294117647,3,0.0,False,False
right,720575941441508815,KCg,0,0.0,0.0,0,0.0,False,False
right,720575941441511887,KC,19,0.0,0.7058823529411764,2,1.0,False,True
right,720575941441518031,KCab,0,0.0,0.17647058823529413,1,1.0,False,False
right,720575941441541071,KCa'b',0,0.0,0.3823529411764706,2,0.0,False,False
right,720575941441551055,KCg,18,0.004,0.7058823529411764,2,0.0,False,True
right,720575941441566415,KCg,0,0.0,0.35294117647058826,3,0.08333333333333333,False,False
right,720575941441690063,KCab,0,0.0,0.029411764705882353,1,0.0,False,False
right,720575941442029659,KCa'b',0,0.0,0.14705882352941177,1,1.0,False,False
right,720575941442653098,KCg,58,0.098,1.176470588235294,4,0.0,False,True
right,720575941442999210,KCab,0,0.0,0.3235294117647059,2,0.8181818181818181,False,False
right,720575941443806378,KCg,0,0.0,0.29411764705882354,2,0.6,False,False
right,720575941444752810,KC,0,0.0,0.0,0,0.0,False,False
right,720575941444772010,KCab,0,0.0,0.3823529411764706,3,0.0,False,False
right,720575941445097898,KCapbp,0,0.0,0.20588235294117646,1,0.0,False,False
right,720575941446768916,KCg,0,0.0,0.0,0,0.0,False,False
right,720575941446789908,KCg,0,0.0,0.29411764705882354,3,0.0,False,False
right,720575941446853908,KCg,0,0.0,0.47058823529411764,3,0.0,False,False
right,720575941446986004,KCab,17,0.0,0.9705882352941175,4,0.33333333333333337,False,True
right,720575941447067156,KCg,0,0.0,0.0,0,0.0,False,False
right,720575941447099412,KCa'b',0,0.0,0.4411764705882353,4,0.0,False,False
right,720575941447173140,KCab,7,0.0,1.4411764705882353,3,0.9795918367346937,False,True
right,720575941447357204,KCg,63,0.036,1.4117647058823528,4,0.0,True,True
right,720575941447400117,KCg,30,0.062,0.7941176470588236,2,0.0,False,True
right,720575941447732756,KCab,31,0.022,1.1764705882352942,3,0.0,False,True
right,720575941448140622,KCa'b',0,0.0,0.08823529411764706,1,0.0,False,False
right,720575941448141405,KCapbp,0,0.0,0.0,0,0.0,False,False
right,720575941448890461,KCg,1,0.0,0.4411764705882353,1,0.0,False,True
right,720575941449016654,KC,0,0.0,0.0,0,0.0,False,False
right,720575941449343925,KCab,9,0.0,0.911764705882353,7,0.3225806451612903,False,True
right,720575941449373262,KCg,4,0.0,0.7058823529411765,2,0.75,False,True
right,720575941449576782,KCab,0,0.0,0.0,0,0.0,False,False
right,720575941449591118,KCg,5,0.0,0.6176470588235294,3,0.0,False,True
right,720575941449600334,KCg,0,0.0,0.0,0,0.0,False,False
right,720575941449733966,KCab,0,0.0,0.029411764705882353,1,0.0,False,False
right,720575941449806926,KCab,5,0.0,0.7647058823529411,1,1.0,False,True
right,720575941449839950,KCapbp,8,0.0,0.7647058823529411,2,1.0,False,True
right,720575941449876661,KCab,24,0.002,1.0294117647058822,5,0.0,False,True
right,720575941449910197,KCa'b',0,0.0,0.17647058823529413,1,0.0,False,False
right,720575941449938101,KCab,9,0.002,1.0,3,0.0,False,True
right,720575941450060469,KCg,0,0.0,0.4411764705882353,2,1.0,False,False
right,720575941450125390,KCab,5,0.002,1.2941176470588236,4,0.3636363636363636,False,True
right,720575941450496590,KCab,0,0.0,0.0,0,0.0,False,False
right,720575941450616501,KCg,0,0.0,0.0,0,0.0,False,False
right,720575941450616757,KCg,0,0.0,0.14705882352941174,3,0.0,False,False
right,720575941450834810,KCg,0,0.0,0.0,0,0.0,False,False
right,720575941450955854,KCg,0,0.0,0.0,0,0.0,False,False
right,720575941451034490,KCab,0,0.0,0.2647058823529412,1,0.0,False,False
right,720575941451082830,KCab,0,0.0,0.6176470588235294,4,0.9047619047619048,False,False
right,720575941451143593,KCab,0,0.0,0.029411764705882353,1,0.0,False,False
right,720575941451188346,KCab,0,0.0,0.058823529411764705,1,1.0,False,False
right,720575941451598919,KCg,0,0.0,0.3235294117647059,3,0.0,False,False
right,720575941451644794,KCa'b',0,0.0,0.029411764705882353,1,0.0,False,False
right,720575941451645050,KCg,0,0.0,0.029411764705882353,1,0.0,False,False
right,720575941451650119,KCg,13,0.0,0.6176470588235294,4,0.0,False,True
right,720575941451650631,KCg,0,0.0,0.058823529411764705,1,0.0,False,False
right,720575941451885895,KCab,0,0.0,0.4411764705882353,3,0.6,False,False
right,720575941451888711,KCab,55,0.002,1.088235294117647,4,0.40540540540540543,False,True
right,720575941451902586,KCab,28,0.0,1.0882352941176472,3,0.9189189189189189,False,True
right,720575941452086394,KCg,0,0.0,0.0,0,0.0,False,False
right,720575941452191657,KCg,20,0.01,0.7941176470588235,3,0.0,False,True
right,720575941452347561,KCg,0,0.0,0.0,0,0.0,False,False
right,720575941452359081,KCab,0,0.0,0.0,0,0.0,False,False
right,720575941452424775,KCg,14,0.03,0.6470588235294118,1,0.0,False,True
right,720575941452581033,KCab,0,0.0,0.35294117647058826,1,0.0,False,False
right,720575941452712775,KCg,0,0.0,0.6176470588235294,2,0.0,False,False
right,720575941452897449,KCa'b',0,0.0,0.17647058823529413,2,0.5,False,False
right,720575941452982855,KCab,0,0.0,0.3235294117647059,1,0.0,False,False
right,720575941453339817,KCg,0,0.0,0.7647058823529412,6,0.0,False,False
right,720575941453769779,KCa'b',0,0.0,0.5588235294117647,3,0.0,False,False
right,720575941453777203,KCg,0,0.0,0.14705882352941177,2,0.0,False,False
right,720575941454033971,KCg,0,0.0,0.44117647058823534,4,0.0,False,False
right,720575941454100019,KCapbp,67,0.002,1.5,8,0.2745098039215686,True,True
right,720575941454110515,KCg,0,0.0,0.029411764705882353,1,0.0,False,False
right,720575941454285225,KCg,0,0.0,0.058823529411764705,1,1.0,False,False
right,720575941454361001,KCg,1,0.0,0.7352941176470588,3,0.0,False,True
right,720575941454414061,KCg,14,0.0,1.0294117647058822,2,1.0,False,True
right,720575941454543411,KCab,0,0.0,0.23529411764705882,2,0.125,False,False
right,720575941454554163,KCg,0,0.002,0.8529411764705883,4,0.0,False,False
right,720575941454566451,KCab,0,0.0,0.0,0,0.0,False,False
right,720575941454578739,KCab,5,0.0,0.5882352941176471,1,1.0,False,True
right,720575941454581043,KCab,0,0.0,0.5,1,1.0,False,False
right,720575941455615213,KCab,16,0.0,1.1470588235294117,5,0.23076923076923078,False,True
right,720575941455821805,KC,0,0.0,0.0,0,0.0,False,False
right,720575941455824877,KCg,0,0.0,0.14705882352941177,1,1.0,False,False
right,720575941455942893,KCg,68,0.034,1.5294117647058825,5,0.28846153846153844,True,True
right,720575941455963629,KCg,3,0.0,0.6764705882352942,4,0.0,False,True
right,720575941455967213,KCg,62,0.004,1.2647058823529411,7,0.0,True,True
right,720575941456387824,KCg,0,0.0,0.029411764705882353,1,0.0,False,False
right,720575941457120415,KCa'b',2,0.0,0.6176470588235294,2,1.0,False,True
right,720575941457530352,KC,0,0.0,0.3823529411764706,2,0.7692307692307692,False,False
right,720575941457606896,KC,0,0.0,0.17647058823529413,1,1.0,False,False
right,720575941457748976,KCg,0,0.0,0.0,0,0.0,False,False
right,720575941457821680,KCab,63,0.016,1.3235294117647058,2,0.6888888888888889,True,True
right,720575941457822192,KCab,0,0.0,0.5588235294117647,2,0.5263157894736842,False,False
right,720575941457822704,KCg,0,0.0,0.029411764705882353,1,1.0,False,False
right,720575941457900272,KCapbp,0,0.0,0.08823529411764706,1,0.0,False,False
right,720575941458003615,KCg,47,0.014,1.7058823529411766,3,0.7586206896551724,False,True
right,720575941458218655,KCg,0,0.0,0.411764705882353,2,0.0,False,False
right,720575941458465776,KC,0,0.0,0.20588235294117646,1,1.0,False,False
right,720575941458547667,KCab,0,0.0,0.0,0,0.0,False,False
right,720575941458954054,KCab,0,0.0,0.20588235294117646,2,0.2857142857142857,False,False
right,720575941458954822,KCab,0,0.0,0.6764705882352942,3,0.2608695652173913,False,False
right,720575941458955846,KC,0,0.0,0.058823529411764705,1,0.0,False,False
right,720575941458968479,KCg,7,0.0,0.5294117647058824,2,0.0,False,True
right,720575941459053638,KCab,10,0.0,0.4411764705882353,2,0.06666666666666667,False,True
right,720575941459185222,KCa'b',0,0.0,0.08823529411764706,1,0.0,False,False
right,720575941459447792,KCab,0,0.0,0.0,0,0.0,False,False
right,720575941459664580,KCa'b',0,0.0,0.08823529411764706,1,1.0,False,False
right,720575941460124486,KCg,0,0.0,0.0,0,0.0,False,False
right,720575941460172996,KCa'b',0,0.0,0.0,0,0.0,False,False
right,720575941460284115,KCab,18,0.004,1.1764705882352942,2,1.0,False,True
right,720575941460287443,KCa'b',0,0.0,0.5,4,0.0,False,False
right,720575941460328592,KCg,0,0.0,0.058823529411764705,1,0.0,False,False
right,720575941460371667,KCg,0,0.0,0.0,0,0.0,False,False
right,720575941460405663,KCg,66,0.2,2.735294117647059,7,0.15053763440860216,True,True
right,720575941460424659,KCg,0,0.0,0.0,0,0.0,False,False
right,720575941460437830,KCa'b',3,0.034,0.7352941176470589,1,0.0,False,True
right,720575941460852947,KCg,23,0.004,0.7941176470588235,2,0.0,False,True
right,720575941461005508,KCab,0,0.0,0.0,0,0.0,False,False
right,720575941461250259,KCab,0,0.0,0.0,0,0.0,False,False
right,720575941461297348,KC,0,0.0,0.0,0,0.0,False,False
right,720575941461458576,KCg,0,0.0,0.058823529411764705,1,1.0,False,False
right,720575941461459856,KCab,0,0.0,0.0,0,0.0,False,False
right,720575941461460368,KCg,0,0.0,0.0,0,0.0,False,False
right,720575941461460880,KCab,3,0.0,0.6470588235294117,2,1.0,False,True
right,720575941461464720,KC,0,0.0,0.4411764705882353,2,0.6,False,False
right,720575941461668240,KCg,0,0.0,0.20588235294117646,1,1.0,False,False
right,720575941461683600,KCab,0,0.0,0.35294117647058826,1,0.0,False,False
right,720575941461881028,KCg,0,0.0,0.20588235294117646,2,0.4285714285714286,False,False
right,720575941462103696,KCab,0,0.0,0.5,2,0.47058823529411764,False,False
right,720575941462437776,KCab,0,0.0,0.4411764705882353,2,0.06666666666666667,False,False
right,720575941462444176,KCa'b',0,0.0,0.0,0,0.0,False,False
right,720575941462683917,KCg,0,0.0,0.2647058823529412,2,0.0,False,False
right,720575941462778125,KCg,60,0.054,1.3823529411764706,9,0.1702127659574468,True,True
right,720575941463746317,KCg,0,0.0,0.0,0,0.0,False,False
right,720575941465206806,KCa'b',0,0.0,0.0,0,0.0,False,False
right,720575941465609046,KCab,0,0.0,0.29411764705882354,2,0.9,False,False
right,720575941465670230,KCg,0,0.0,0.17647058823529413,2,0.0,False,False
right,720575941465695830,KCab,19,0.004,1.176470588235294,3,0.5750000000000002,False,True
right,720575941465801046,KCg,0,0.0,0.08823529411764706,1,0.0,False,False
right,720575941466048342,KCg,27,0.054,0.7941176470588235,4,0.0,False,True
right,720575941466577942,KCab,0,0.0,0.058823529411764705,2,0.5,False,False
right,720575941466605142,KCg,0,0.0,0.08823529411764706,1,0.0,False,False
right,720575941466723350,KCa'b',0,0.0,0.47058823529411764,2,0.0,False,False
right,720575941466730774,KCg,0,0.0,0.0,0,0.0,False,False
right,720575941466800406,KCab,0,0.0,0.0,0,0.0,False,False
right,720575941466804246,KCa'b',0,0.0,0.17647058823529413,3,0.0,False,False
right,720575941466841878,KCg,0,0.0,0.0,0,0.0,False,False
right,720575941466844694,KCab,0,0.0,0.029411764705882353,1,1.0,False,False
right,720575941466956630,KCa'b',0,0.0,0.058823529411764705,1,1.0,False,False
right,720575941467228182,KC,0,0.0,0.0,0,0.0,False,False
right,720575941467519510,KCab,0,0.0,0.35294117647058826,1,0.0,False,False
right,720575941468815382,KCab,0,0.0,0.17647058823529413,1,0.0,False,False
right,720575941468828637,KCg,0,0.0,0.29411764705882354,1,0.0,False,False
right,720575941468831965,KCg,0,0.0,0.0,0,0.0,False,False
right,720575941468981981,KCa'b',0,0.0,0.0,0,0.0,False,False
right,720575941468996317,KCab,0,0.0,0.08823529411764706,1,1.0,False,False
right,720575941469103581,KCg,0,0.0,0.3235294117647059,1,0.0,False,False
right,720575941469116279,KCa'b',0,0.0,0.0,0,0.0,False,False
right,720575941469132555,KCab,66,0.016,1.9411764705882353,5,0.7575757575757577,True,True
right,720575941469166301,KC,0,0.0,0.11764705882352941,1,0.0,False,False
right,720575941469412829,KCg,28,0.008,1.3235294117647058,3,0.3111111111111111,False,True
right,720575941469596125,KCg,0,0.0,0.11764705882352941,2,0.0,False,False
right,720575941469694784,KCg,0,0.0,0.17647058823529413,1,0.0,False,False
right,720575941469781056,KCg,41,0.0,1.1176470588235294,2,0.3684210526315789,False,True
right,720575941469787456,KCab,0,0.0,0.029411764705882353,1,0.0,False,False
right,720575941469901533,KCab,0,0.0,0.0,0,0.0,False,False
right,720575941469908189,KCab,0,0.0,0.2647058823529412,1,1.0,False,False
right,720575941470263927,KCab,8,0.0,0.9117647058823529,4,0.7096774193548386,False,True
right,720575941470290240,KCg,0,0.0,0.0,0,0.0,False,False
right,720575941470378103,KCa'b',0,0.0,0.0,0,0.0,False,False
right,720575941470410507,KCg,2,0.0,0.5882352941176471,3,0.0,False,True
right,720575941470550795,KCab,0,0.0,0.4411764705882353,2,0.0,False,False
right,720575941470557195,KCg,0,0.0,0.23529411764705882,3,0.0,False,False
right,720575941470560267,KCapbp,0,0.0,0.0,0,0.0,False,False
right,720575941470563851,KCab,2,0.0,0.4411764705882353,1,1.0,False,True
right,720575941470609472,KCa'b',0,0.0,0.029411764705882353,1,1.0,False,False
right,720575941470693643,KCa'b',0,0.0,0.0,0,0.0,False,False
right,720575941471027723,KCg,0,0.0,0.20588235294117646,1,1.0,False,False
right,720575941471041856,KCg,0,0.0,0.35294117647058826,1,0.0,False,False
right,720575941471045696,KCab,0,0.0,0.44117647058823534,4,0.06666666666666667,False,False
right,720575941471063872,KCab,0,0.0,0.47058823529411764,2,0.0,False,False
right,720575941471068427,KCg,0,0.0,0.17647058823529413,1,0.0,False,False
right,720575941471084555,KCapbp,0,0.0,0.14705882352941177,1,1.0,False,False
right,720575941471185216,KCab,10,0.0,1.1176470588235292,4,0.9736842105263159,False,True
right,720575941471299959,KCg,0,0.0,0.3235294117647059,1,0.0,False,False
right,720575941471362679,KCg,0,0.0,0.38235294117647056,4,0.07692307692307693,False,False
right,720575941471422560,KCa'b',0,0.0,0.0,0,0.0,False,False
right,720575941471489088,KCg,8,0.0,0.7647058823529412,2,0.11538461538461538,False,True
right,720575941471636235,KCg,9,0.0,0.7941176470588236,3,0.4814814814814814,False,True
right,720575941471706379,KCab,31,0.0,0.7352941176470589,2,1.0,False,True
right,720575941471809088,KCg,0,0.0,0.1764705882352941,2,0.0,False,False
right,720575941471860064,KCab,0,0.0,0.7058823529411765,3,0.041666666666666664,False,False
right,720575941471928843,KCab,0,0.0,0.20588235294117646,1,0.0,False,False
right,720575941472036160,KCg,0,0.0,0.2647058823529412,3,0.0,False,False
right,720575941472273962,KCapbp,0,0.0,0.0,0,0.0,False,False
right,720575941472668000,KCab,3,0.0,0.6764705882352942,1,1.0,False,True
right,720575941472675424,KCg,4,0.0,0.4117647058823529,3,0.0,False,True
right,720575941472780640,KCab,8,0.0,0.8235294117647058,2,0.6071428571428572,False,True
right,720575941472902698,KCab,0,0.0,0.2058823529411765,2,0.0,False,False
right,720575941472919904,KCg,0,0.0,0.029411764705882353,1,0.0,False,False
right,720575941472920416,KCg,0,0.0,0.3235294117647059,2,0.1818181818181818,False,False
right,720575941472920672,KCg,13,0.0,0.6176470588235294,2,0.0,False,True
right,720575941473014112,KCa'b',0,0.0,0.029411764705882353,1,1.0,False,False
right,720575941473079904,KCapbp,0,0.0,0.29411764705882354,2,0.9,False,False
right,720575941473400928,KCab,0,0.022,0.7352941176470589,3,0.0,False,False
right,720575941473559136,KCg,32,0.06,2.058823529411765,6,0.35714285714285715,False,True
right,720575941473613354,KCab,7,0.0,0.5882352941176471,1,1.0,False,True
right,720575941473619498,KCab,0,0.0,0.11764705882352941,1,1.0,False,False
right,720575941473887018,KCg,0,0.0,0.0,0,0.0,False,False
right,720575941474202410,KCab,0,0.0,0.0,0,0.0,False,False
right,720575941474288426,KCab,0,0.0,0.0,0,0.0,False,False
right,720575941474289450,KCab,0,0.0,0.14705882352941177,2,0.6,False,False
right,720575941474296106,KCg,0,0.0,0.35294117647058826,1,0.0,False,False
right,720575941474755131,KCa'b',0,0.0,0.2647058823529412,3,0.0,False,False
right,720575941474788657,KCab,70,0.106,1.7941176470588236,5,0.3442622950819672,True,True
right,720575941475130161,KCab,0,0.0,0.3529411764705882,2,0.0,False,False
right,720575941475968030,KCg,0,0.0,0.14705882352941177,1,0.0,False,False
right,720575941476123441,KCab,0,0.0,0.17647058823529413,1,0.0,False,False
right,720575941476124721,KCg,0,0.0,0.0,0,0.0,False,False
right,720575941476126257,KCab,4,0.0,0.8823529411764706,3,1.0,False,True
right,720575941476126769,KCab,5,0.0,0.6176470588235294,1,1.0,False,True
right,720575941476129585,KCab,5,0.0,0.6764705882352942,3,0.9130434782608695,False,True
right,720575941476163434,KCab,13,0.018,0.7941176470588236,3,0.0,False,True
right,720575941476204574,KC,0,0.0,0.029411764705882353,1,1.0,False,False
right,720575941476211998,KCab,37,0.01,1.3235294117647056,4,0.2888888888888889,False,True
right,720575941476287537,KCab,0,0.0,0.029411764705882353,1,0.0,False,False
right,720575941476432670,KCg,0,0.0,0.23529411764705882,2,0.0,False,False
right,720575941476474218,KCab,0,0.0,0.3529411764705882,3,0.0,False,False
right,720575941476503873,KCg,14,0.0,0.7352941176470589,2,1.0,False,True
right,720575941476504385,KCg,1,0.0,0.6176470588235294,2,0.6666666666666666,False,True
right,720575941476655156,KCg,45,0.01,0.7941176470588235,3,0.0,False,True
right,720575941476656955,KCab,0,0.0,0.7058823529411765,3,0.0,False,False
right,720575941476665153,KCab,0,0.0,0.0,0,0.0,False,False
right,720575941476666177,KCab,0,0.0,0.29411764705882354,2,0.0,False,False
right,720575941476688699,KCg,0,0.0,0.0,0,0.0,False,False
right,720575941476689713,KCapbp,0,0.0,0.20588235294117646,1,0.0,False,False
right,720575941476701236,KCg,7,0.028,1.0294117647058822,3,0.0,False,True
right,720575941476707380,KCg,0,0.0,0.0,0,0.0,False,False
right,720575941476866113,KCab,0,0.0,0.6470588235294117,4,0.0,False,False
right,720575941476980532,KCab,24,0.01,0.7941176470588236,2,1.0,False,True
right,720575941477094209,KCg,0,0.0,0.17647058823529413,2,0.16666666666666666,False,False
right,720575941477146673,KCg,0,0.0,0.0,0,0.0,False,False
right,720575941477245505,KCg,49,0.136,1.1764705882352942,2,0.0,False,True
right,720575941477249073,KCa'b',20,0.01,0.8235294117647058,4,0.10714285714285715,False,True
right,720575941477256257,KCab,22,0.0,0.5588235294117647,3,0.0,False,True
right,720575941477321578,KCg,69,0.166,1.8235294117647058,4,0.0,True,True
right,720575941477655402,KCab,0,0.0,0.0,0,0.0,False,False
right,720575941478243458,KCapbp,0,0.0,0.3823529411764706,3,0.7692307692307692,False,False
right,720575941478376042,KCab,25,0.004,1.0,4,0.3235294117647059,False,True
right,720575941478432480,KCg,0,0.0,0.29411764705882354,1,1.0,False,False
right,720575941478453122,KCg,0,0.0,0.0,0,0.0,False,False
right,720575941478529955,KCab,0,0.0,0.0,0,0.0,False,False
right,720575941478678122,KCg,0,0.0,0.4411764705882353,2,0.0,False,False
right,720575941478807715,KCab,0,0.0,0.0,0,0.0,False,False
right,720575941478815907,KCa'b',0,0.0,0.0,0,0.0,False,False
right,720575941478973761,KCab,7,0.012,1.4411764705882353,5,0.2448979591836735,False,True
right,720575941479145696,KCg,3,0.0,0.9705882352941178,3,0.0,False,True
right,720575941479150415,KCg,0,0.0,0.0,0,0.0,False,False
right,720575941479345376,KCg,0,0.0,0.029411764705882353,1,0.0,False,False
right,720575941479489154,KCab,0,0.0,0.29411764705882354,1,0.0,False,False
right,720575941479529346,KCab,30,0.0,1.0,5,0.0,False,True
right,720575941479615362,KCg,0,0.0,0.5882352941176471,4,0.0,False,False
right,720575941479755394,KCab,47,0.038,1.2352941176470587,5,0.1666666666666667,False,True
right,720575941479787906,KCab,0,0.0,0.17647058823529413,2,0.0,False,False
right,720575941479921315,KCab,7,0.022,0.6470588235294118,3,0.0,False,True
right,720575941479974083,KCg,0,0.0,0.2058823529411765,2,0.0,False,False
right,720575941480097443,KCg,0,0.0,0.23529411764705882,2,0.0,False,False
right,720575941480129187,KCab,4,0.0,0.4411764705882353,2,0.0,False,True
right,720575941480139906,KCab,0,0.0,0.0,0,0.0,False,False
right,720575941480167042,KCab,0,0.0,0.0,0,0.0,False,False
right,720575941480198223,KCab,0,0.0,0.08823529411764706,1,0.0,False,False
right,720575941480220835,KCg,1,0.0,0.7058823529411764,2,0.7083333333333334,False,True
right,720575941480244387,KCab,0,0.0,0.4411764705882353,2,1.0,False,False
right,720575941480250787,KCab,0,0.0,0.08823529411764706,1,1.0,False,False
right,720575941480357199,KCa'b',1,0.0,0.8823529411764707,3,0.4666666666666666,False,True
right,720575941480420003,KCab,0,0.0,0.29411764705882354,3,0.0,False,False
right,720575941480434851,KCg,0,0.0,0.2058823529411765,2,0.0,False,False
right,720575941480435107,KCg,27,0.108,1.3235294117647058,2,0.0,False,True
right,720575941480443299,KC,0,0.0,0.0,0,0.0,False,False
right,720575941480971171,KCab,29,0.0,1.4117647058823528,2,0.3541666666666667,False,True
right,720575941481032611,KCab,1,0.0,0.6764705882352942,3,0.4782608695652174,False,True
right,720575941481061571,KCab,52,0.028,1.6470588235294117,4,0.625,False,True
right,720575941481104070,KCa'b',0,0.0,0.0,0,0.0,False,False
right,720575941481327555,KCa'b',0,0.0,0.0,0,0.0,False,False
right,720575941481579459,KCab,0,0.0,0.058823529411764705,1,1.0,False,False
right,720575941481601219,KCa'b',58,0.096,0.9411764705882353,2,0.03125,False,True
right,720575941481728186,KCa'b',0,0.0,0.0,0,0.0,False,False
right,720575941481787522,KCg,0,0.0,0.17647058823529413,1,0.0,False,False
right,720575941481864134,KCg,0,0.0,0.0,0,0.0,False,False
right,720575941481885382,KCab,11,0.0,0.7647058823529411,2,0.42307692307692313,False,True
right,720575941481919683,KCab,4,0.0,0.7647058823529412,3,0.03846153846153846,False,True
right,720575941481980102,KCab,61,0.016,1.3823529411764706,3,0.8297872340425532,True,True
right,720575941482107834,KCg,12,0.0,0.6470588235294118,4,0.0,False,True
right,720575941482196166,KCg,0,0.0,0.0,0,0.0,False,False
right,720575941482492346,KCab,0,0.0,0.14705882352941177,1,1.0,False,False
right,720575941482539706,KCa'b',30,0.006,1.2058823529411766,4,0.2439024390243902,False,True
right,720575941482623162,KCab,50,0.0,1.2941176470588234,3,0.3636363636363637,False,True
right,720575941482625210,KCab,0,0.0,0.4411764705882353,2,0.4,False,False
right,720575941482630842,KCab,0,0.0,0.23529411764705882,1,0.0,False,False
right,720575941482634938,KCg,0,0.0,0.3235294117647059,3,0.5454545454545454,False,False
right,720575941482635194,KCab,0,0.0,0.0,0,0.0,False,False
right,720575941482644934,KCa'b',0,0.0,0.11764705882352941,1,0.0,False,False
right,720575941482668797,KCg,0,0.0,0.0,0,0.0,False,False
right,720575941482816765,KCab,0,0.0,0.0,0,0.0,False,False
right,720575941482821373,KCg,0,0.0,0.3235294117647059,2,0.45454545454545453,False,False
right,720575941482839482,KCg,0,0.0,0.35294117647058826,2,0.75,False,False
right,720575941482840317,KCg,72,0.064,1.9117647058823533,5,0.3692307692307692,True,True
right,720575941482842298,KCab,24,0.016,1.176470588235294,5,0.0,False,True
right,720575941482909949,KCa'b',0,0.0,0.0,0,0.0,False,False
right,720575941482920189,KCg,50,0.066,1.5588235294117645,4,0.41509433962264153,False,True
right,720575941482922950,KCab,3,0.0,0.5294117647058824,1,1.0,False,True
right,720575941482931898,KCab,0,0.0,0.4411764705882353,2,0.0,False,False
right,720575941482957309,KCg,0,0.0,0.35294117647058826,2,0.08333333333333333,False,False
right,720575941482981373,KCab,0,0.0,0.058823529411764705,1,0.0,False,False
right,720575941482985469,KCab,0,0.0,0.5294117647058824,5,0.33333333333333337,False,False
right,720575941482985981,KCg,2,0.0,0.5294117647058824,3,0.0,False,True
right,720575941483012294,KCab,47,0.018,1.0588235294117647,3,0.0,False,True
right,720575941483211962,KCg,0,0.0,0.0,0,0.0,False,False
right,720575941483265734,KCg,0,0.0,0.29411764705882354,3,0.19999999999999998,False,False
right,720575941483345405,KC,0,0.0,0.0,0,0.0,False,False
right,720575941483732410,KCg,48,0.0,1.411764705882353,5,0.3333333333333333,False,True
right,720575941483775162,KCab,0,0.0,0.29411764705882354,2,1.0,False,False
right,720575941484482957,KCg,0,0.0,0.29411764705882354,2,0.0,False,False
right,720575941484647174,KCg,0,0.0,0.0,0,0.0,False,False
right,720575941484986365,KCg,0,0.0,0.4411764705882353,1,0.0,False,False
right,720575941485269645,KCg,0,0.0,0.029411764705882353,1,0.0,False,False
right,720575941485363266,KCab,1,0.0,0.6470588235294118,4,0.5454545454545454,False,True
right,720575941485510978,KCa'b',0,0.0,0.0,0,0.0,False,False
right,720575941485517122,KCab,0,0.0,0.0,0,0.0,False,False
right,720575941485560838,KCab,0,0.0,0.0,0,0.0,False,False
right,720575941485577990,KCg,1,0.0,0.5,2,0.0,False,True
right,720575941485639309,KCg,0,0.0,0.29411764705882354,1,0.0,False,False
right,720575941485704454,KCab,0,0.0,0.0,0,0.0,False,False
right,720575941485713414,KCab,15,0.026,1.1764705882352942,3,0.0,False,True
right,720575941485722064,KC,0,0.0,0.029411764705882353,1,0.0,False,False
right,720575941486049090,KC,0,0.0,0.2058823529411765,2,0.8571428571428571,False,False
right,720575941486078349,KCg,0,0.0,0.17647058823529413,2,0.16666666666666666,False,False
right,720575941486080141,KCab,22,0.01,1.0588235294117647,2,0.861111111111111,False,True
right,720575941486201094,KC,18,0.016,1.2941176470588236,4,0.5,False,True
right,720575941486372418,KCg,0,0.0,0.0,0,0.0,False,False
right,720575941486482061,KCab,11,0.006,0.7058823529411764,2,0.0,False,True
right,720575941486514061,KCg,0,0.0,0.0,0,0.0,False,False
right,720575941486704013,KCab,5,0.0,0.8529411764705883,6,0.41379310344827586,False,True
right,720575941486727234,KCab,0,0.0,0.0,0,0.0,False,False
right,720575941486808016,KCg,0,0.0,0.17647058823529413,1,0.0,False,False
right,720575941486821328,KCa'b',28,0.006,1.2647058823529411,5,0.4418604651162791,False,True
right,720575941486961872,KCg,0,0.0,0.08823529411764705,2,0.6666666666666667,False,False
right,720575941486962896,KCg,0,0.0,0.17647058823529413,1,0.0,False,False
right,720575941486966992,KCab,59,0.006,1.8823529411764706,4,1.0,False,True
right,720575941486978000,KCab,1,0.0,0.5,2,0.9411764705882353,False,True
right,720575941487147728,KCab,46,0.068,1.588235294117647,6,0.0,False,True
right,720575941487167696,KCg,29,0.02,1.2647058823529411,5,0.3488372093023256,False,True
right,720575941487494096,KCg,0,0.0,0.0,0,0.0,False,False
right,720575941487496656,KCab,0,0.0,0.29411764705882354,1,0.0,False,False
right,720575941487755216,KCab,41,0.01,1.1764705882352942,5,0.075,False,True
right,720575941488194869,KCa'b',0,0.0,0.0,0,0.0,False,False
right,720575941488591305,KCab,34,0.0,1.1176470588235294,2,1.0,False,True
right,720575941488778805,KCab,0,0.0,0.38235294117647056,1,1.0,False,False
right,720575941488866249,KCg,0,0.0,0.0,0,0.0,False,False
right,720575941489116364,KCab,0,0.0,0.0,0,0.0,False,False
right,720575941489126453,KCg,0,0.0,0.5882352941176471,2,0.0,False,False
right,720575941489151438,KCapbp,0,0.0,0.0,0,0.0,False,False
right,720575941489159374,KCg,0,0.0,0.0,0,0.0,False,False
right,720575941489227726,KCab,0,0.0,0.20588235294117646,1,0.0,False,False
right,720575941489489973,KCab,0,0.0,0.38235294117647056,1,1.0,False,False
right,720575941489492021,KCg,0,0.0,0.0,0,0.0,False,False
right,720575941489498677,KCab,0,0.0,0.0,0,0.0,False,False
right,720575941489629493,KCab,5,0.0,0.8529411764705883,3,0.6551724137931034,False,True
right,720575941489685813,KCg,0,0.0,0.0,0,0.0,False,False
right,720575941489758951,KCa'b',0,0.0,0.14705882352941177,1,0.0,False,False
right,720575941489940172,KCab,4,0.0,0.7647058823529411,2,1.0,False,True
right,720575941490042318,KCg,22,0.0,0.9411764705882353,2,1.0,False,True
right,720575941490048309,KCab,0,0.0,0.2647058823529412,2,0.8888888888888888,False,False
right,720575941490063157,KCab,1,0.0,0.6764705882352942,2,0.3043478260869565,False,True
right,720575941490345673,KCa'b',0,0.0,0.6764705882352942,4,0.043478260869565216,False,False
right,720575941490346185,KC,0,0.0,0.029411764705882353,1,0.0,False,False
right,720575941490381513,KCg,0,0.0,0.3235294117647059,3,0.5454545454545454,False,False
right,720575941490442188,KCg,0,0.0,0.0,0,0.0,False,False
right,720575941490450124,KCab,1,0.0,0.5,2,1.0,False,True
right,720575941490451404,KCg,0,0.0,0.0,0,0.0,False,False
right,720575941490453196,KCg,0,0.0,0.4117647058823529,2,0.0,False,False
right,720575941490608359,KCab,56,0.054,1.0,3,0.17647058823529413,False,True
right,720575941490616777,KCg,0,0.0,0.23529411764705882,1,0.0,False,False
right,720575941490622153,KC,0,0.0,0.058823529411764705,1,1.0,False,False
right,720575941490637365,KCa'b',5,0.0,0.47058823529411764,2,0.0,False,True
right,720575941490649550,KCg,46,0.05,1.5,5,0.0,False,True
right,720575941490658023,KCab,0,0.0,0.08823529411764706,1,1.0,False,False
right,720575941490887655,KCa'b',2,0.0,0.5294117647058824,3,0.16666666666666669,False,True
right,720575941490888935,KCg,0,0.0,0.3823529411764706,4,0.15384615384615383,False,False
right,720575941490901452,KCa'b',0,0.0,0.0,0,0.0,False,False
right,720575941491033292,KCg,2,0.01,0.5882352941176471,1,0.0,False,True
right,720575941491202510,KCg,0,0.0,0.17647058823529413,1,0.0,False,False
right,720575941491312048,KCg,0,0.0,0.14705882352941177,2,0.0,False,False
right,720575941491412942,KCab,0,0.0,0.0,0,0.0,False,False
right,720575941491556071,KCab,22,0.0,0.8235294117647058,3,1.0,False,True
right,720575941491608521,KCa'b',0,0.0,0.0,0,0.0,False,False
right,720575941492114352,KCab,22,0.038,0.8823529411764706,2,0.0,False,True
right,720575941492128944,KCg,0,0.0,0.029411764705882353,1,0.0,False,False
right,720575941492156336,KCg,0,0.0,0.20588235294117646,1,1.0,False,False
right,720575941492349360,KCg,0,0.0,0.35294117647058826,3,0.0,False,False
right,720575941492350896,KCab,11,0.0,0.7058823529411765,1,1.0,False,True
right,720575941492579788,KCab,0,0.0,0.23529411764705882,1,1.0,False,False
right,720575941492580300,KCg,30,0.01,0.8235294117647058,4,0.0,False,True
right,720575941492956336,KCg,62,0.054,1.0294117647058822,5,0.14285714285714288,True,True
right,720575941493070768,KCab,0,0.0,0.0,0,0.0,False,False
right,720575941493146494,KCab,0,0.0,0.0,0,0.0,False,False
right,720575941493215664,KCg,72,0.028,1.7647058823529411,5,0.3166666666666667,True,True
right,720575941494206846,KCab,0,0.0,0.20588235294117646,1,0.0,False,False
right,720575941494223486,KCg,10,0.002,0.9705882352941176,3,0.5757575757575758,False,True
right,720575941494430080,KCab,12,0.0,0.7647058823529411,2,1.0,False,True
right,720575941494460032,KCa'b',0,0.0,0.17647058823529413,2,0.0,False,False
right,720575941494566014,KCapbp,0,0.0,0.29411764705882354,1,0.0,False,False
right,720575941494739399,KCa'b',0,0.0,0.0,0,0.0,False,False
right,720575941494799488,KCg,0,0.0,0.6176470588235293,5,0.6666666666666667,False,False
right,720575941494930375,KCg,16,0.04,1.3823529411764706,3,0.06382978723404256,False,True
right,720575941494997632,KCab,2,0.018,0.7647058823529412,2,0.11538461538461538,False,True
right,720575941495062398,KCab,0,0.0,0.14705882352941177,3,0.0,False,False
right,720575941495072126,KCg,0,0.0,0.0,0,0.0,False,False
right,720575941495221374,KCab,0,0.0,0.0,0,0.0,False,False
right,720575941495655111,KCg,0,0.024,0.7352941176470589,3,0.0,False,False
right,720575941495673031,KCg,0,0.0,0.029411764705882353,1,0.0,False,False
right,720575941495693255,KCg,13,0.008,1.1470588235294117,2,0.4102564102564103,False,True
right,720575941495712455,KCab,26,0.0,1.1764705882352942,6,0.7999999999999999,False,True
right,720575941495766912,KCg,0,0.0,0.3235294117647059,2,0.0,False,False
right,720575941495768960,KC,0,0.0,0.3529411764705882,3,0.5833333333333334,False,False
right,720575941495772800,KCab,0,0.0,0.6176470588235294,2,1.0,False,False
right,720575941495791232,KCg,0,0.0,0.0,0,0.0,False,False
right,720575941495949952,KCa'b',0,0.0,0.0,0,0.0,False,False
right,720575941496026235,KCg,0,0.0,0.0,0,0.0,False,False
right,720575941496131783,KCg,0,0.0,0.11764705882352941,4,0.5,False,False
right,720575941496290503,KCg,0,0.0,0.08823529411764705,2,0.0,False,False
right,720575941496449920,KCg,0,0.0,0.4411764705882353,2,0.13333333333333333,False,False
right,720575941496681801,KCab,0,0.0,0.0,0,0.0,False,False
right,720575941496684513,KCg,39,0.042,1.147058823529412,4,0.0,False,True
right,720575941496743497,KCg,0,0.0,0.0,0,0.0,False,False
right,720575941496780001,KCa'b',0,0.0,0.08823529411764706,1,0.0,False,False
right,720575941497023305,KC,0,0.0,0.0,0,0.0,False,False
right,720575941497143202,KCab,1,0.0,0.5294117647058824,2,0.0,False,True
right,720575941497229435,KCg,0,0.0,0.0,0,0.0,False,False
right,720575941497257851,KCg,0,0.0,0.29411764705882354,3,0.0,False,False
right,720575941497432955,KCab,22,0.01,0.9117647058823529,1,1.0,False,True
right,720575941497540937,KCab,0,0.0,0.0,0,0.0,False,False
right,720575941497577851,KCab,0,0.0,0.058823529411764705,2,0.0,False,False
right,720575941497776713,KCg,28,0.026,1.2058823529411766,3,0.0,False,True
right,720575941497788322,KCg,53,0.002,1.3235294117647058,8,0.044444444444444446,False,True
right,720575941497798369,KCab,2,0.0,0.8823529411764706,6,0.03333333333333333,False,True
right,720575941497945211,KCab,42,0.01,0.9705882352941176,8,0.12121212121212122,False,True
right,720575941497951650,KCa'b',0,0.0,0.0,0,0.0,False,False
right,720575941497976905,KCa'b',0,0.0,0.0,0,0.0,False,False
right,720575941498037729,KCab,0,0.0,0.23529411764705882,2,0.0,False,False
right,720575941498046177,KCg,15,0.04,0.7352941176470589,2,0.0,False,True
right,720575941498077819,KCab,16,0.0,0.911764705882353,3,0.3225806451612903,False,True
right,720575941498081353,KCg,0,0.0,0.0,0,0.0,False,False
right,720575941498086985,KCg,0,0.0,0.23529411764705885,3,0.0,False,False
right,720575941498088059,KCab,1,0.0,0.5,2,1.0,False,True
right,720575941498124513,KCg,0,0.0,0.2647058823529412,1,0.0,False,False
right,720575941498173665,KCg,0,0.0,0.4411764705882353,4,0.0,False,False
right,720575941498195681,KCg,0,0.0,0.20588235294117646,1,0.0,False,False
right,720575941498224763,KCg,0,0.0,0.3235294117647059,1,0.0,False,False
right,720575941498229985,KCapbp,0,0.0,0.11764705882352941,1,0.0,False,False
right,720575941498244065,KCg,0,0.0,0.0,0,0.0,False,False
right,720575941498266849,KCg,2,0.0,0.3823529411764706,2,0.0,False,True
right,720575941498298849,KCab,12,0.0,1.4117647058823528,2,1.0,False,True
right,720575941498404833,KCab,0,0.0,0.0,0,0.0,False,False
right,720575941498419323,KCab,26,0.0,1.3235294117647058,3,0.4222222222222222,False,True
right,720575941498581729,KCg,0,0.0,0.0,0,0.0,False,False
right,720575941498585313,KCa'b',0,0.0,0.0,0,0.0,False,False
right,720575941498590537,KC,0,0.0,0.0,0,0.0,False,False
right,720575941498623305,KCg,14,0.0,0.6176470588235294,2,0.8095238095238095,False,True
right,720575941498627657,KCg,0,0.0,0.0,0,0.0,False,False
right,720575941498634825,KCg,18,0.022,1.1470588235294117,4,0.0,False,True
right,720575941498651209,KCab,0,0.0,0.3235294117647059,2,0.9090909090909091,False,False
right,720575941498860450,KC,0,0.0,0.0,0,0.0,False,False
right,720575941498922146,KCg,9,0.018,1.2647058823529411,4,0.0,False,True
right,720575941499025314,KCg,14,0.0,0.5588235294117647,2,1.0,False,True
right,720575941499038114,KCab,0,0.0,0.23529411764705882,3,0.0,False,False
right,720575941499093473,KCa'b',0,0.0,0.11764705882352941,1,0.0,False,False
right,720575941499364321,KCa'b',0,0.0,0.411764705882353,2,0.7857142857142857,False,False
right,720575941499412386,KCg,14,0.0,0.7941176470588236,3,1.0,False,True
right,720575941499429449,KCab,0,0.0,0.029411764705882353,1,1.0,False,False
right,720575941499429961,KCab,0,0.0,0.0,0,0.0,False,False
right,720575941499430473,KCab,0,0.0,0.44117647058823534,3,0.0,False,False
right,720575941499910881,KCab,0,0.0,0.7352941176470589,3,0.5599999999999999,False,False
right,720575941500085131,KCapbp,0,0.0,0.17647058823529413,1,0.0,False,False
right,720575941500092043,KCa'b',0,0.0,0.029411764705882353,1,0.0,False,False
right,720575941500854946,KCab,10,0.002,0.9411764705882354,4,0.3125,False,True
right,720575941501119883,KCg,0,0.0,0.23529411764705882,2,0.0,False,False
right,720575941501130123,KCab,0,0.0,0.14705882352941177,2,0.7999999999999999,False,False
right,720575941501130635,KCab,69,0.158,1.7352941176470587,5,0.2711864406779661,True,True
right,720575941501388779,KCa'b',0,0.0,0.0,0,0.0,False,False
right,720575941501714571,KC,0,0.0,0.2647058823529412,2,1.0,False,False
right,720575941502020802,KCab,67,0.052,1.5000000000000002,4,0.2156862745098039,True,True
right,720575941502256834,KCg,0,0.0,0.20588235294117646,1,0.0,False,False
right,720575941502607298,KCab,7,0.0,0.7941176470588236,2,0.37037037037037035,False,True
right,720575941502634434,KCg,0,0.0,0.0,0,0.0,False,False
right,720575941502668779,KCab,61,0.038,2.294117647058824,4,0.641025641025641,True,True
right,720575941502843371,KCg,0,0.0,0.0,0,0.0,False,False
right,720575941502857451,KCab,0,0.0,0.411764705882353,3,0.0,False,False
right,720575941502899543,KCg,0,0.0,0.0,0,0.0,False,False
right,720575941502899947,KCab,7,0.0,0.9411764705882353,3,0.21875,False,True
right,720575941502905943,KCg,0,0.0,0.3235294117647059,3,1.0,False,False
right,720575941503095019,KCg,0,0.0,0.11764705882352941,1,0.0,False,False
right,720575941503124619,KCab,68,0.096,1.2941176470588234,4,0.0,True,True
right,720575941503149803,KCg,0,0.0,0.058823529411764705,1,1.0,False,False
right,720575941503383639,KCab,36,0.048,1.411764705882353,3,0.4583333333333333,False,True
right,720575941503402178,KCg,0,0.0,0.35294117647058826,1,0.0,False,False
right,720575941503414359,KCab,0,0.0,0.14705882352941177,1,1.0,False,False
right,720575941503419115,KCg,0,0.0,0.2647058823529412,2,1.0,False,False
right,720575941503419735,KCab,0,0.0,0.6176470588235294,3,0.23809523809523808,False,False
right,720575941503420759,KCg,2,0.002,0.8823529411764706,2,0.0,False,True
right,720575941503463362,KCab,3,0.0,0.5,2,0.9411764705882353,False,True
right,720575941503473714,KCg,0,0.0,0.29411764705882354,2,0.0,False,False
right,720575941503482162,KCg,0,0.0,0.0,0,0.0,False,False
right,720575941503603906,KCg,21,0.006,0.6176470588235294,3,0.0,False,True
right,720575941503706818,KCab,1,0.0,0.7058823529411764,3,0.0,False,True
right,720575941503716802,KCa'b',0,0.0,0.08823529411764706,1,0.0,False,False
right,720575941503734210,KCg,0,0.0,0.08823529411764706,1,0.0,False,False
right,720575941503740866,KCab,0,0.0,0.0,0,0.0,False,False
right,720575941503762923,KCg,0,0.0,0.0,0,0.0,False,False
right,720575941503921970,KCab,0,0.0,0.47058823529411764,3,0.0,False,False
right,720575941504072386,KCa'b',0,0.0,0.08823529411764706,1,0.0,False,False
right,720575941504098498,KCab,6,0.008,0.7647058823529412,3,0.0,False,True
right,720575941504104130,KCab,57,0.0,1.2941176470588234,3,0.7954545454545455,False,True
right,720575941504164802,KCg,2,0.006,1.0882352941176472,4,0.27027027027027023,False,True
right,720575941504171570,KC,0,0.0,0.0,0,0.0,False,False
right,720575941504221490,KC,64,0.058,1.4117647058823528,3,0.4583333333333334,True,True
right,720575941504223426,KCg,0,0.0,0.3235294117647059,2,0.0,False,False
right,720575941504267173,KCa'b',0,0.0,0.4117647058823529,2,0.0,False,False
right,720575941504466155,KCab,0,0.0,0.0,0,0.0,False,False
right,720575941504601794,KCapbp,0,0.0,0.0,0,0.0,False,False
right,720575941504788037,KCab,61,0.026,1.3529411764705883,2,0.5,True,True
right,720575941504821669,KCg,31,0.002,1.0,6,0.11764705882352941,False,True
right,720575941504884805,KCab,0,0.0,0.29411764705882354,1,1.0,False,False
right,720575941505053756,KCg,0,0.0,0.2058823529411765,2,0.0,False,False
right,720575941505151141,KCg,0,0.0,0.0,0,0.0,False,False
right,720575941505166245,KCab,9,0.0,0.6764705882352942,4,0.4782608695652173,False,True
right,720575941505339452,KCab,0,0.0,0.058823529411764705,2,0.0,False,False
right,720575941505473340,KCg,0,0.0,0.0,0,0.0,False,False
right,720575941505490085,KCg,1,0.0,0.4117647058823529,1,0.0,False,True
right,720575941505921596,KCg,0,0.0,0.0,0,0.0,False,False
right,720575941505950629,KCab,0,0.0,0.08823529411764706,1,1.0,False,False
right,720575941506072599,KCg,0,0.0,0.029411764705882353,1,0.0,False,False
right,720575941506082327,KCg,0,0.0,0.058823529411764705,1,1.0,False,False
right,720575941506086167,KCab,0,0.0,0.0,0,0.0,False,False
right,720575941506088215,KCg,32,0.0,0.6764705882352942,1,1.0,False,True
right,720575941506096407,KCa'b',31,0.0,0.6470588235294117,2,0.0,False,True
right,720575941506099479,KCa'b',0,0.0,0.23529411764705882,2,0.0,False,False
right,720575941506106647,KCg,0,0.0,0.0,0,0.0,False,False
right,720575941506224151,KCab,56,0.068,1.4705882352941175,5,0.0,False,True
right,720575941506226210,KCa'b',21,0.004,1.3823529411764706,2,1.0,False,True
right,720575941506229121,KCg,0,0.0,0.0,0,0.0,False,False
right,720575941506239045,KCg,1,0.0,0.5588235294117647,2,0.0,False,True
right,720575941506248005,KCg,0,0.0,0.08823529411764706,1,0.0,False,False
right,720575941506382359,KCab,0,0.0,0.5294117647058824,2,0.7777777777777777,False,False
right,720575941506395973,KCab,2,0.0,0.6764705882352942,2,0.5652173913043478,False,True
right,720575941506467934,KCg,0,0.0,0.23529411764705882,1,1.0,False,False
right,720575941506490021,KCg,0,0.0,0.058823529411764705,1,0.0,False,False
right,720575941506565189,KCab,0,0.0,0.1764705882352941,2,0.6666666666666667,False,False
right,720575941506643772,KCg,0,0.0,0.2647058823529412,1,0.0,False,False
right,720575941506741527,KCab,11,0.0,0.6470588235294118,2,0.45454545454545453,False,True
right,720575941506743575,KCg,0,0.0,0.29411764705882354,2,0.0,False,False
right,720575941506785861,KC,0,0.0,0.4411764705882353,2,0.0,False,False
right,720575941506798405,KCab,0,0.0,0.23529411764705882,1,0.0,False,False
right,720575941506804037,KCg,0,0.0,0.17647058823529413,1,0.0,False,False
right,720575941507020823,KCg,0,0.0,0.14705882352941177,4,0.19999999999999998,False,False
right,720575941507185221,KCa'b',0,0.0,0.0,0,0.0,False,False
right,720575941507196510,KCg,0,0.0,0.20588235294117646,2,0.0,False,False
right,720575941507246370,KCab,0,0.0,0.0,0,0.0,False,False
right,720575941507258021,KCg,0,0.0,0.0,0,0.0,False,False
right,720575941507268446,KCg,0,0.0,0.3235294117647059,1,0.0,False,False
right,720575941507386402,KCg,59,0.018,0.9411764705882353,3,0.0,False,True
right,720575941507387426,KCab,0,0.0,0.029411764705882353,1,0.0,False,False
right,720575941507387682,KCg,0,0.0,0.17647058823529413,1,0.0,False,False
right,720575941507485313,KCab,0,0.0,0.4411764705882353,3,0.5333333333333333,False,False
right,720575941507494238,KC,0,0.0,0.0,0,0.0,False,False
right,720575941507532066,KCg,0,0.0,0.0,0,0.0,False,False
right,720575941507532126,KCapbp,0,0.0,0.08823529411764705,2,0.0,False,False
right,720575941507582849,KCg,0,0.0,0.058823529411764705,2,0.5,False,False
right,720575941507592321,KCab,16,0.0,0.7058823529411764,2,1.0,False,True
right,720575941507596673,KCa'b',0,0.0,0.1764705882352941,3,0.0,False,False
right,720575941507707742,KCab,3,0.0,0.6470588235294118,1,1.0,False,True
right,720575941507911970,KCab,0,0.0,0.0,0,0.0,False,False
right,720575941507925794,KCa'b',0,0.0,0.11764705882352941,1,1.0,False,False
right,720575941508048151,KCg,0,0.0,0.0,0,0.0,False,False
right,720575941508212514,KCab,0,0.002,0.6176470588235294,4,0.0,False,False
right,720575941508232994,KCab,0,0.0,0.0,0,0.0,False,False
right,720575941508384606,KCab,65,0.024,1.5588235294117645,4,0.6792452830188679,True,True
right,720575941508405264,KCab,1,0.0,0.38235294117647056,1,1.0,False,True
right,720575941508427536,KCab,0,0.0,0.4117647058823529,2,0.0,False,False
right,720575941508435841,KCg,0,0.0,0.0,0,0.0,False,False
right,720575941508459358,KCg,0,0.0,0.058823529411764705,2,0.5,False,False
right,720575941508462686,KCab,25,0.012,0.8529411764705883,2,0.0,False,True
right,720575941509197778,KCg,0,0.0,0.0,0,0.0,False,False
right,720575941509234386,KCab,39,0.002,1.8529411764705883,4,0.619047619047619,False,True
right,720575941509289232,KCg,0,0.0,0.058823529411764705,2,0.0,False,False
right,720575941509600016,KCa'b',0,0.0,0.5294117647058824,2,0.0,False,False
right,720575941509708048,KCg,0,0.0,0.5294117647058824,3,0.2222222222222222,False,False
right,720575941510123280,KCab,0,0.0,0.0,0,0.0,False,False
right,720575941510145040,KCab,0,0.0,0.38235294117647056,2,1.0,False,False
right,720575941510149904,KCab,0,0.0,0.4117647058823529,2,0.0,False,False
right,720575941510165458,KC,0,0.0,0.0,0,0.0,False,False
right,720575941510536146,KCg,0,0.0,0.029411764705882353,1,0.0,False,False
right,720575941510883026,KC,0,0.0,0.0,0,0.0,False,False
right,720575941510914770,KCab,0,0.0,0.4117647058823529,1,0.0,False,False
right,720575941510929618,KCab,0,0.0,0.0,0,0.0,False,False
right,720575941511835212,KCg,0,0.0,0.2647058823529412,1,0.0,False,False
right,720575941512802115,KCg,0,0.0,0.0,0,0.0,False,False
right,720575941512817987,KCab,29,0.008,1.088235294117647,3,0.2702702702702703,False,True
right,720575941512861905,KCg,39,0.006,0.7647058823529411,1,1.0,False,True
right,720575941512877265,KCg,0,0.0,0.0,0,0.0,False,False
right,720575941512885324,KCg,0,0.0,0.2647058823529412,3,0.6666666666666667,False,False
right,720575941512893260,KCab,0,0.0,0.7647058823529412,4,0.4615384615384615,False,False
right,720575941512896076,KCg,0,0.0,0.0,0,0.0,False,False
right,720575941513010755,KCapbp,0,0.0,0.0,0,0.0,False,False
right,720575941513037900,KCg,0,0.0,0.08823529411764705,2,0.0,False,False
right,720575941513080140,KCg,0,0.0,0.5588235294117647,3,0.0,False,False
right,720575941513107276,KCa'b',0,0.0,0.29411764705882354,1,0.0,False,False
right,720575941513131843,KCab,9,0.0,0.9705882352941178,2,0.6363636363636364,False,True
right,720575941513350732,KCab,6,0.0,0.5882352941176471,2,1.0,False,True
right,720575941513429763,KCg,44,0.014,0.8823529411764706,4,0.0,False,True
right,720575941513612364,KCg,52,0.002,1.0,5,0.7352941176470589,False,True
right,720575941513657955,KCa'b',0,0.0,0.47058823529411764,3,0.0,False,False
right,720575941513675875,KCab,0,0.0,0.4411764705882353,1,0.0,False,False
right,720575941513763537,KCg,0,0.0,0.4117647058823529,3,0.0,False,False
right,720575941513822713,KCapbp,0,0.0,0.2647058823529412,1,1.0,False,False
right,720575941514184515,KCg,0,0.0,0.2647058823529412,2,0.7777777777777777,False,False
right,720575941514187331,KCab,0,0.0,0.0,0,0.0,False,False
right,720575941514462275,KCg,0,0.0,0.08823529411764706,1,0.0,False,False
right,720575941514477667,KCab,8,0.0,0.8529411764705882,3,0.034482758620689655,False,True
right,720575941514525955,KCg,0,0.0,0.11764705882352941,1,0.0,False,False
right,720575941514592346,KCg,0,0.0,0.0,0,0.0,False,False
right,720575941514642435,KCab,8,0.0,0.8235294117647058,3,0.9642857142857144,False,True
right,720575941514643011,KCg,0,0.0,0.0,0,0.0,False,False
right,720575941514678883,KCab,0,0.0,0.29411764705882354,1,0.0,False,False
right,720575941514725779,KCg,57,0.02,1.9705882352941178,5,0.26865671641791045,False,True
right,720575941514752835,KC,0,0.0,0.0,0,0.0,False,False
right,720575941514807395,KCa'b',0,0.0,0.029411764705882353,1,1.0,False,False
right,720575941514812762,KCg,57,0.028,0.7647058823529412,2,0.0,False,True
right,720575941514864730,KC,0,0.0,0.08823529411764706,1,1.0,False,False
right,720575941514904057,KCa'b',4,0.0,0.7058823529411764,3,0.4583333333333334,False,True
right,720575941514918905,KCab,0,0.0,0.14705882352941177,2,0.19999999999999998,False,False
right,720575941514946819,KCa'b',0,0.0,0.0,0,0.0,False,False
right,720575941514955513,KCab,26,0.002,1.5,3,0.7058823529411765,False,True
right,720575941515044089,KCg,2,0.008,0.7352941176470589,2,0.0,False,True
right,720575941515046905,KCab,10,0.0,1.0588235294117645,3,0.5555555555555556,False,True
right,720575941515056474,KCab,0,0.0,0.11764705882352941,1,0.0,False,False
right,720575941515060570,KCg,73,0.086,2.0588235294117645,7,0.27142857142857146,True,True
right,720575941515061338,KCg,17,0.006,1.0294117647058825,2,0.34285714285714286,False,True
right,720575941515062362,KCg,0,0.0,0.4411764705882353,2,0.6,False,False
right,720575941515116611,KCg,0,0.0,0.029411764705882353,1,0.0,False,False
right,720575941515143523,KCab,16,0.0,0.6176470588235294,4,0.7142857142857142,False,True
right,720575941515201603,KCg,0,0.0,0.20588235294117646,1,0.0,False,False
right,720575941515205219,KCg,0,0.0,0.0,0,0.0,False,False
right,720575941515205731,KCg,0,0.0,0.0,0,0.0,False,False
right,720575941515217242,KCab,0,0.0,0.08823529411764706,1,0.0,False,False
right,720575941515238243,KC,0,0.0,0.0,0,0.0,False,False
right,720575941515255386,KCg,0,0.0,0.23529411764705882,2,0.0,False,False
right,720575941515283523,KCg,0,0.0,0.1764705882352941,2,0.0,False,False
right,720575941515332931,KCg,0,0.0,0.3235294117647059,3,0.0,False,False
right,720575941515372025,KCg,0,0.0,0.0,0,0.0,False,False
right,720575941515451459,KCab,25,0.06,1.0588235294117647,4,0.0,False,True
right,720575941515525219,KCg,0,0.0,0.0,0,0.0,False,False
right,720575941515531155,KCab,0,0.0,0.0,0,0.0,False,False
right,720575941515564537,KCab,72,0.008,1.7352941176470589,7,0.44067796610169485,True,True
right,720575941515580409,KCg,16,0.0,0.7941176470588235,3,1.0,False,True
right,720575941515589466,KCg,14,0.0,0.7352941176470589,4,0.24,False,True
right,720575941515683587,KCab,0,0.0,0.029411764705882353,1,1.0,False,False
right,720575941515732227,KCab,1,0.0,0.4411764705882353,1,1.0,False,True
right,720575941515878490,KCapbp,0,0.0,0.029411764705882353,1,0.0,False,False
right,720575941515884634,KCab,17,0.0,0.7647058823529411,1,1.0,False,True
right,720575941515890937,KCab,0,0.0,0.3823529411764706,3,1.0,False,False
right,720575941515910403,KCg,0,0.0,0.47058823529411764,3,0.0,False,False
right,720575941516073107,KCab,10,0.034,1.088235294117647,5,0.0,False,True
right,720575941516348307,KCg,0,0.0,0.08823529411764706,1,0.0,False,False
right,720575941516348563,KCab,0,0.0,0.0,0,0.0,False,False
right,720575941516371034,KCa'b',0,0.0,0.029411764705882353,1,0.0,False,False
right,720575941516388755,KCg,0,0.0,0.0,0,0.0,False,False
right,720575941517242734,KCg,0,0.0,0.11764705882352941,1,0.0,False,False
right,720575941517267416,KCa'b',0,0.0,0.3235294117647059,1,0.0,False,False
right,720575941517636012,KCg,7,0.0,0.6764705882352942,3,0.0,False,True
right,720575941517749651,KCg,0,0.0,0.08823529411764706,1,0.0,False,False
right,720575941517853356,KCg,0,0.0,0.08823529411764706,1,1.0,False,False
right,720575941517855404,KC,68,0.0,1.6764705882352942,8,0.3508771929824561,True,True
right,720575941518001368,KCa'b',0,0.0,0.11764705882352941,1,0.0,False,False
right,720575941518048428,KCg,0,0.0,0.38235294117647056,2,0.6923076923076924,False,False
right,720575941518064856,KCg,0,0.0,0.0,0,0.0,False,False
right,720575941518109356,KCg,0,0.0,0.3529411764705882,3,0.33333333333333337,False,False
right,720575941518119571,KCa'b',0,0.0,0.08823529411764705,2,0.0,False,False
right,720575941518137772,KCa'b',0,0.0,0.411764705882353,3,1.0,False,False
right,720575941518245548,KCab,3,0.0,0.6176470588235294,1,1.0,False,True
right,720575941518269868,KCab,0,0.0,0.0,0,0.0,False,False
right,720575941518398318,KCab,20,0.024,0.7941176470588236,2,0.25925925925925924,False,True
right,720575941518426284,KCab,1,0.0,0.7352941176470588,3,0.0,False,True
right,720575941518430636,KCab,0,0.0,0.911764705882353,3,0.0,False,False
right,720575941518579054,KCa'b',0,0.0,0.0,0,0.0,False,False
right,720575941518693230,KCa'b',5,0.0,0.5882352941176471,1,1.0,False,True
right,720575941518854872,KCg,0,0.0,0.0,0,0.0,False,False
right,720575941518897624,KCab,0,0.0,0.0,0,0.0,False,False
right,720575941518911960,KCg,0,0.0,0.23529411764705882,1,1.0,False,False
right,720575941519084211,KCg,0,0.0,0.0,0,0.0,False,False
right,720575941519091822,KCab,3,0.0,0.5,1,1.0,False,True
right,720575941519094638,KC,0,0.0,0.0,0,0.0,False,False
right,720575941519147703,KCa'b',0,0.0,0.35294117647058826,1,1.0,False,False
right,720575941519203251,KCab,0,0.0,0.0,0,0.0,False,False
right,720575941519356270,KCa'b',0,0.0,0.0,0,0.0,False,False
right,720575941519401944,KCg,3,0.0,0.7647058823529412,4,0.6153846153846153,False,True
right,720575941519969203,KCg,17,0.084,0.7352941176470589,3,0.0,False,True
right,720575941520004531,KCab,4,0.0,0.47058823529411764,1,1.0,False,True
right,720575941520178867,KCg,6,0.0,0.7058823529411765,3,0.0,False,True
right,720575941520197303,KCa'b',0,0.0,0.3235294117647059,1,0.0,False,False
right,720575941520212151,KCab,0,0.0,0.4411764705882353,1,0.0,False,False
right,720575941520216247,KCab,0,0.0,0.35294117647058826,1,0.0,False,False
right,720575941520288183,KCa'b',50,0.002,1.2647058823529411,4,0.3488372093023256,False,True
right,720575941520311223,KCg,0,0.0,0.0,0,0.0,False,False
right,720575941520313523,KCab,0,0.0,0.0,0,0.0,False,False
right,720575941520373939,KCab,0,0.0,0.29411764705882354,1,0.0,False,False
right,720575941520426419,KCab,0,0.0,0.4411764705882353,2,0.06666666666666667,False,False
right,720575941520547511,KCg,0,0.0,0.23529411764705882,3,1.0,False,False
right,720575941520627822,KCa'b',0,0.0,0.4117647058823529,3,1.0,False,False
right,720575941520663287,KCa'b',0,0.0,0.0,0,0.0,False,False
right,720575941520666551,KCa'b',0,0.0,0.35294117647058826,2,0.0,False,False
right,720575941520670455,KCg,0,0.0,0.029411764705882353,1,0.0,False,False
right,720575941520700270,KCab,2,0.002,0.6470588235294118,2,0.0,False,True
right,720575941520713326,KCab,0,0.0,0.08823529411764705,2,0.0,False,False
right,720575941520849587,KC,0,0.0,0.0,0,0.0,False,False
right,720575941520884147,KCg,0,0.0,0.20588235294117646,1,1.0,False,False
right,720575941520884659,KC,21,0.01,0.9117647058823529,1,1.0,False,True
right,720575941520993975,KCab,0,0.0,0.14705882352941177,1,0.0,False,False
right,720575941521019575,KCab,0,0.0,0.3823529411764706,2,0.923076923076923,False,False
right,720575941521020087,KCab,23,0.0,1.1176470588235294,3,0.7368421052631579,False,True
right,720575941521246903,KCg,0,0.0,0.0,0,0.0,False,False
right,720575941521972299,KCa'b',0,0.0,0.08823529411764705,2,0.6666666666666667,False,False
right,720575941522216523,KCab,37,0.0,0.9705882352941178,3,0.8181818181818181,False,True
right,720575941522444535,KCab,0,0.0,0.7941176470588236,5,0.0,False,False
right,720575941522477047,KCg,0,0.0,0.0,0,0.0,False,False
right,720575941522636023,KCg,0,0.0,0.0,0,0.0,False,False
right,720575941522778615,KCab,43,0.026,0.7647058823529411,2,0.0,False,True
right,720575941522799607,KCab,0,0.0,0.35294117647058826,1,1.0,False,False
right,720575941523248203,KCab,1,0.0,0.588235294117647,2,0.65,False,True
right,720575941523249483,KCab,63,0.01,1.2352941176470589,4,0.11904761904761904,True,True
right,720575941523345227,KCab,0,0.0,0.029411764705882353,1,0.0,False,False
right,720575941523351371,KCa'b',0,0.0,0.29411764705882354,3,0.3,False,False
right,720575941523763787,KCg,0,0.0,0.058823529411764705,1,0.0,False,False
right,720575941523782475,KCab,0,0.0,0.0,0,0.0,False,False
right,720575941523824971,KCg,0,0.0,0.0,0,0.0,False,False
right,720575941524387403,KCg,0,0.0,0.058823529411764705,2,0.0,False,False
right,720575941524423755,KCab,0,0.0,0.38235294117647056,1,1.0,False,False
right,720575941524752484,KCg,0,0.0,0.47058823529411764,3,0.0,False,False
right,720575941524908825,KCg,0,0.0,0.0,0,0.0,False,False
right,720575941525650201,KCab,43,0.0,0.7352941176470589,2,0.44,False,True
right,720575941525761613,KCg,6,0.036,0.5294117647058824,1,0.0,False,True
right,720575941525905252,KCg,0,0.0,0.0,0,0.0,False,False
right,720575941525908813,KCg,0,0.0,0.2647058823529412,3,0.0,False,False
right,720575941525936642,KCab,0,0.0,0.14705882352941177,3,0.6,False,False
right,720575941525967949,KCab,49,0.002,1.8235294117647056,7,0.8548387096774194,False,True
right,720575941525980930,KCg,0,0.0,0.23529411764705882,1,0.0,False,False
right,720575941525981186,KCg,0,0.0,0.0,0,0.0,False,False
right,720575941525982285,KCab,0,0.0,0.0,0,0.0,False,False
right,720575941526058573,KCab,0,0.0,0.3529411764705882,2,0.41666666666666674,False,False
right,720575941526079513,KCg,0,0.0,0.0,0,0.0,False,False
right,720575941526309709,KC,0,0.0,0.0,0,0.0,False,False
right,720575941526342402,KC,45,0.0,1.2352941176470589,5,0.9523809523809522,False,True
right,720575941526379341,KCg,0,0.0,0.29411764705882354,1,1.0,False,False
right,720575941526393625,KCab,0,0.0,0.44117647058823534,3,0.7999999999999999,False,False
right,720575941526458649,KCab,0,0.0,0.14705882352941177,1,1.0,False,False
right,720575941526621517,KCab,49,0.066,2.0294117647058822,4,0.463768115942029,False,True
right,720575941526880868,KCg,0,0.0,0.08823529411764706,1,1.0,False,False
right,720575941526881380,KCg,0,0.0,0.4117647058823529,1,1.0,False,False
right,720575941527074214,KCg,0,0.0,0.0,0,0.0,False,False
right,720575941527083686,KCab,0,0.0,0.29411764705882354,1,0.0,False,False
right,720575941527147686,KCab,0,0.0,0.0,0,0.0,False,False
right,720575941527223577,KCg,19,0.044,0.911764705882353,3,0.06451612903225806,False,True
right,720575941527272358,KCab,1,0.004,0.7352941176470589,4,0.0,False,True
right,720575941527535782,KCab,0,0.0,0.0,0,0.0,False,False
right,720575941527672397,KCg,0,0.0,0.029411764705882353,1,0.0,False,False
right,720575941527753730,KCg,0,0.0,0.23529411764705882,3,0.0,False,False
right,720575941527888772,KCg,0,0.0,0.4411764705882353,3,0.33333333333333337,False,False
right,720575941527921284,KCg,0,0.0,0.17647058823529413,1,1.0,False,False
right,720575941528103556,KCg,0,0.0,0.0,0,0.0,False,False
right,720575941528106884,KCab,0,0.0,0.5,4,0.0,False,False
right,720575941528108932,KCg,0,0.0,0.3235294117647059,3,0.6363636363636364,False,False
right,720575941528110980,KCg,0,0.0,0.29411764705882354,1,0.0,False,False
right,720575941528111748,KCab,5,0.0,1.2058823529411764,8,0.8292682926829269,False,True
right,720575941528122244,KCab,9,0.0,1.1764705882352942,3,0.7,False,True
right,720575941528136870,KCg,0,0.0,0.17647058823529413,1,0.0,False,False
right,720575941528323972,KCab,49,0.01,0.8823529411764706,2,0.0,False,True
right,720575941528408708,KCg,0,0.0,0.29411764705882354,3,0.0,False,False
right,720575941528511876,KCg,9,0.0,0.6764705882352942,3,0.4782608695652174,False,True
right,720575941528619174,KCg,0,0.0,0.11764705882352941,1,0.0,False,False
right,720575941528619430,KCg,0,0.0,0.0,0,0.0,False,False
right,720575941528663940,KCab,0,0.0,0.29411764705882354,2,1.0,False,False
right,720575941528702136,KCab,69,0.018,2.117647058823529,8,0.5,True,True
right,720575941528959160,KCg,0,0.0,0.058823529411764705,1,0.0,False,False
right,720575941529019558,KCa'b',0,0.0,0.08823529411764706,1,0.0,False,False
right,720575941529277624,KC,0,0.0,0.38235294117647056,1,0.0,False,False
right,720575941529431992,KCab,0,0.0,0.029411764705882353,1,0.0,False,False
right,720575941529440696,KC,0,0.0,0.0,0,0.0,False,False
right,720575941529893560,KCg,0,0.0,0.08823529411764706,1,1.0,False,False
right,720575941530049924,KCg,0,0.0,0.47058823529411764,3,0.0,False,False
right,720575941530131640,KCa'b',0,0.0,0.0,0,0.0,False,False
right,720575941530131896,KCg,0,0.0,0.29411764705882354,2,0.0,False,False
right,720575941530199525,KCg,0,0.0,0.3235294117647059,2,0.45454545454545453,False,False
right,720575941530240997,KCab,20,0.018,1.088235294117647,3,0.0,False,True
right,720575941530375883,KCab,0,0.004,0.4411764705882353,1,0.0,False,False
right,720575941530376651,KCg,0,0.0,0.029411764705882353,1,1.0,False,False
right,720575941530928587,KC,0,0.0,0.0,0,0.0,False,False
right,720575941531051723,KCg,0,0.0,0.29411764705882354,4,0.19999999999999998,False,False
right,720575941531254147,KCg,0,0.0,0.38235294117647056,3,0.5384615384615384,False,False
right,720575941531481547,KCa'b',0,0.0,0.23529411764705882,2,0.0,False,False
right,720575941531555557,KCab,0,0.0,0.029411764705882353,1,0.0,False,False
right,720575941531607781,KCg,0,0.0,0.0,0,0.0,False,False
right,720575941531609061,KCab,0,0.0,0.0,0,0.0,False,False
right,720575941531738853,KC,10,0.002,0.5882352941176471,3,0.09999999999999999,False,True
right,720575941531794405,KCab,4,0.0,0.9705882352941175,3,0.0,False,True
right,720575941532132325,KCg,0,0.0,0.20588235294117646,1,1.0,False,False
right,720575941532349571,KCa'b',1,0.01,0.7352941176470589,3,0.0,False,True
right,720575941532493187,KCg,0,0.0,0.29411764705882354,1,1.0,False,False
right,720575941532493699,KCab,52,0.0,1.7647058823529413,4,0.8666666666666667,False,True
right,720575941532601475,KCg,0,0.0,0.3235294117647059,3,0.0,False,False
right,720575941532692867,KCa'b',0,0.0,0.0,0,0.0,False,False
right,720575941532787331,KCg,0,0.0,0.0,0,0.0,False,False
right,720575941532810072,KCab,62,0.052,1.1176470588235294,3,0.0,True,True
right,720575941533114290,KCg,0,0.0,0.0,0,0.0,False,False
right,720575941533256323,KCg,28,0.004,0.8823529411764707,5,0.0,False,True
right,720575941533352323,KCab,0,0.0,0.4117647058823529,2,0.5714285714285714,False,False
right,720575941533422273,KCab,0,0.0,0.0,0,0.0,False,False
right,720575941533624042,KCa'b',0,0.0,0.0,0,0.0,False,False
right,720575941533627826,KCab,45,0.0,1.0294117647058822,4,0.37142857142857144,False,True
right,720575941533915058,KCg,26,0.058,1.2058823529411766,3,0.2195121951219512,False,True
right,720575941533955850,KCab,0,0.0,0.29411764705882354,1,0.0,False,False
right,720575941533956786,KCg,0,0.0,0.0,0,0.0,False,False
right,720575941534060632,KCab,0,0.0,0.0,0,0.0,False,False
right,720575941534068568,KCg,41,0.002,1.0588235294117647,3,0.0,False,True
right,720575941534104242,KCab,15,0.0,1.0294117647058822,7,0.2285714285714286,False,True
right,720575941534108850,KCab,0,0.0,0.3235294117647059,1,1.0,False,False
right,720575941534111666,KCg,0,0.0,0.029411764705882353,1,0.0,False,False
right,720575941534157034,KCab,0,0.0,0.029411764705882353,1,0.0,False,False
right,720575941534161386,KCg,0,0.0,0.14705882352941177,1,1.0,False,False
right,720575941534164658,KCg,0,0.0,0.0,0,0.0,False,False
right,720575941534296242,KCab,0,0.0,0.3823529411764706,2,0.0,False,False
right,720575941534317802,KCg,0,0.0,0.0,0,0.0,False,False
right,720575941534410689,KCa'b',0,0.0,0.0,0,0.0,False,False
right,720575941534500618,KCab,1,0.0,0.5,2,0.0,False,True
right,720575941534527770,KC,29,0.0,0.823529411764706,4,0.9642857142857143,False,True
right,720575941534580250,KCa'b',0,0.0,0.14705882352941177,1,0.0,False,False
right,720575941534626538,KCg,15,0.006,0.6176470588235294,3,0.0,False,True
right,720575941534653418,KC,0,0.0,0.0,0,0.0,False,False
right,720575941534674410,KC,0,0.0,0.0,0,0.0,False,False
right,720575941534682346,KCg,0,0.0,0.029411764705882353,1,1.0,False,False
right,720575941534732010,KCab,19,0.0,0.7058823529411764,2,0.2916666666666667,False,True
right,720575941534732042,KCab,0,0.0,0.0,0,0.0,False,False
right,720575941534772161,KC,0,0.0,0.058823529411764705,1,0.0,False,False
right,720575941534782913,KCg,2,0.0,0.7647058823529411,3,0.38461538461538464,False,True
right,720575941534850570,KCg,0,0.0,0.029411764705882353,1,1.0,False,False
right,720575941534855690,KC,3,0.0,0.6470588235294118,4,0.04545454545454545,False,True
right,720575941534972338,KCab,0,0.0,0.0,0,0.0,False,False
right,720575941535041002,KCab,71,0.064,1.6176470588235297,5,0.27272727272727265,True,True
right,720575941535077810,KCab,0,0.0,0.4117647058823529,2,0.0,False,False
right,720575941535208202,KCa'b',0,0.0,0.14705882352941177,1,0.0,False,False
right,720575941535216650,KCg,0,0.0,0.20588235294117646,1,0.0,False,False
right,720575941535230698,KCg,0,0.0,0.058823529411764705,1,1.0,False,False
right,720575941535237898,KCg,0,0.0,0.4411764705882353,3,0.0,False,False
right,720575941535279370,KCg,0,0.0,0.0,0,0.0,False,False
right,720575941535397146,KCab,0,0.0,0.0,0,0.0,False,False
right,720575941535523777,KCg,0,0.0,0.0,0,0.0,False,False
right,720575941535561192,KCa'b',0,0.0,0.0,0,0.0,False,False
right,720575941535573953,KCab,1,0.0,0.5588235294117647,1,1.0,False,True
right,720575941535578561,KCab,0,0.0,0.0,0,0.0,False,False
right,720575941535596314,KCab,0,0.0,0.29411764705882354,1,0.0,False,False
right,720575941535608090,KCg,0,0.0,0.1764705882352941,3,0.16666666666666669,False,False
right,720575941535609354,KCg,0,0.0,0.0,0,0.0,False,False
right,720575941535613194,KCg,0,0.0,0.0,0,0.0,False,False
right,720575941535618842,KCg,0,0.002,0.6176470588235294,3,0.0,False,False
right,720575941535753955,KCab,2,0.0,0.4411764705882353,1,1.0,False,True
right,720575941535839425,KC,61,0.008,1.2647058823529411,5,0.3488372093023256,True,True
right,720575941536107969,KCa'b',33,0.002,1.7647058823529413,9,0.7333333333333333,False,True
right,720575941536142529,KCab,0,0.0,0.0,0,0.0,False,False
right,720575941536173066,KCa'b',0,0.0,0.08823529411764706,1,0.0,False,False
right,720575941536220865,KCg,0,0.0,0.17647058823529413,2,0.8333333333333333,False,False
right,720575941536435605,KC,0,0.0,0.20588235294117646,1,0.0,False,False
right,720575941536456218,KCab,59,0.048,1.4705882352941178,4,0.5,False,True
right,720575941536465384,KCg,0,0.0,0.029411764705882353,1,0.0,False,False
right,720575941536570083,KC,0,0.0,0.0,0,0.0,False,False
right,720575941536663528,KCab,19,0.028,0.9411764705882353,2,0.0,False,True
right,720575941536667112,KCab,1,0.0,0.6764705882352942,1,1.0,False,True
right,720575941536669416,KCg,0,0.0,0.0,0,0.0,False,False
right,720575941536722659,KCg,0,0.0,0.2647058823529412,2,0.0,False,False
right,720575941536746211,KCab,0,0.0,0.14705882352941177,2,0.0,False,False
right,720575941536844003,KCab,4,0.024,1.1764705882352942,3,0.45,False,True
right,720575941536884968,KCg,0,0.0,0.0,0,0.0,False,False
right,720575941536886760,KCab,28,0.0,0.9117647058823529,2,0.5483870967741935,False,True
right,720575941537013219,KCg,0,0.0,0.08823529411764706,1,0.0,False,False
right,720575941537028033,KCg,0,0.0,0.0,0,0.0,False,False
right,720575941537070997,KCab,0,0.0,0.0,0,0.0,False,False
right,720575941537158376,KCab,9,0.01,1.0,2,0.4117647058823529,False,True
right,720575941537160680,KCg,0,0.0,0.5588235294117647,2,0.0,False,False
right,720575941537294051,KCg,0,0.0,0.0,0,0.0,False,False
right,720575941537308392,KCg,0,0.0,0.0,0,0.0,False,False
right,720575941537743843,KCab,0,0.0,0.0,0,0.0,False,False
right,720575941537825256,KCab,0,0.0,0.3823529411764706,4,0.0,False,False
right,720575941537842659,KCab,0,0.0,0.029411764705882353,1,0.0,False,False
right,720575941537933539,KCg,0,0.0,0.0,0,0.0,False,False
right,720575941537961202,KCg,18,0.006,1.0,3,0.0,False,True
right,720575941537994211,KCa'b',0,0.0,0.23529411764705882,1,1.0,False,False
right,720575941538104050,KCab,0,0.0,0.2647058823529412,1,1.0,False,False
right,720575941538109170,KCg,0,0.0,0.029411764705882353,1,0.0,False,False
right,720575941538113778,KCg,0,0.0,0.3823529411764706,2,0.0,False,False
right,720575941538114290,KCab,1,0.0,0.47058823529411764,1,1.0,False,True
right,720575941538117106,KCab,0,0.0,0.0,0,0.0,False,False
right,720575941538149525,KCg,0,0.002,0.47058823529411764,1,0.0,False,False
right,720575941538159765,KCg,0,0.0,0.11764705882352941,2,0.0,False,False
right,720575941538161301,KCab,0,0.0,0.11764705882352941,2,0.0,False,False
right,720575941538349693,KCa'b',0,0.0,0.0,0,0.0,False,False
right,720575941538630386,KCab,0,0.0,0.5882352941176471,4,0.5,False,False
right,720575941538642930,KCg,0,0.0,0.17647058823529413,1,0.0,False,False
right,720575941538937330,KCab,0,0.0,0.35294117647058826,3,0.0,False,False
right,720575941538975474,KCg,0,0.0,0.08823529411764706,1,0.0,False,False
right,720575941539204813,KCg,36,0.0,1.3823529411764706,5,0.9574468085106385,False,True
right,720575941539232149,KCa'b',0,0.0,0.11764705882352941,1,0.0,False,False
right,720575941539349141,KCg,28,0.0,1.2058823529411764,5,0.4634146341463415,False,True
right,720575941539393405,KCab,0,0.0,0.4117647058823529,2,1.0,False,False
right,720575941539398269,KCg,0,0.0,0.20588235294117646,3,0.0,False,False
right,720575941539400573,KCg,0,0.0,0.0,0,0.0,False,False
right,720575941539425149,KCg,0,0.0,0.029411764705882353,1,0.0,False,False
right,720575941539436749,KCab,0,0.0,0.0,0,0.0,False,False
right,720575941539550077,KCa'b',0,0.0,0.23529411764705882,3,0.0,False,False
right,720575941539585149,KCab,56,0.018,1.3235294117647058,3,0.8222222222222222,False,True
right,720575941539733965,KCab,9,0.0,0.8529411764705882,4,0.8965517241379312,False,True
right,720575941539895757,KCg,63,0.06,1.0294117647058825,3,0.0,True,True
right,720575941539900285,KCa'b',0,0.0,0.17647058823529413,1,1.0,False,False
right,720575941539935357,KCg,0,0.0,0.4411764705882353,1,0.0,False,False
right,720575941539953789,KCg,0,0.0,0.0,0,0.0,False,False
right,720575941540055026,KCg,0,0.0,0.20588235294117646,1,1.0,False,False
right,720575941540204749,KCg,0,0.0,0.0,0,0.0,False,False
right,720575941540422781,KCg,0,0.0,0.5,2,0.0,False,False
right,720575941540491901,KCab,21,0.002,0.7058823529411764,3,0.0,False,True
right,720575941540594813,KCab,3,0.0,0.5882352941176471,2,0.9,False,True
right,720575941540750172,KC,0,0.0,0.029411764705882353,1,1.0,False,False
right,720575941541439324,KCab,0,0.0,0.7647058823529411,3,0.0,False,False
right,720575941541548124,KCg,0,0.0,0.2058823529411765,3,0.0,False,False
right,720575941541551452,KCg,29,0.004,1.088235294117647,5,0.2972972972972973,False,True
right,720575941541848924,KCg,62,0.022,1.2941176470588236,4,0.2727272727272727,True,True
right,720575941541939485,KCg,0,0.0,0.5882352941176471,2,0.0,False,False
right,720575941542134045,KCab,0,0.0,0.20588235294117646,2,0.0,False,False
right,720575941542391644,KCab,1,0.002,0.6470588235294118,2,0.0,False,True
right,720575941542458972,KCg,0,0.0,0.14705882352941177,1,0.0,False,False
right,720575941542520349,KCab,0,0.0,0.17647058823529413,2,0.8333333333333333,False,False
right,720575941542533405,KCg,0,0.0,0.7352941176470589,5,0.12,False,False
right,720575941542710557,KCab,42,0.032,1.2647058823529411,6,0.0,False,True
right,720575941542787333,KCg,0,0.0,0.14705882352941177,2,0.19999999999999998,False,False
right,720575941542798877,KCab,2,0.002,1.0882352941176472,3,0.5405405405405405,False,True
right,720575941542849884,KCab,0,0.0,0.7058823529411764,4,0.12500000000000003,False,False
right,720575941543097629,KCapbp,0,0.0,0.0,0,0.0,False,False
right,720575941543513180,KCg,0,0.0,0.0,0,0.0,False,False
right,720575941543606789,KCab,0,0.0,0.20588235294117646,1,1.0,False,False
right,720575941543622917,KCab,0,0.0,0.29411764705882354,2,0.0,False,False
right,720575941543836933,KCab,0,0.0,0.14705882352941177,1,1.0,False,False
right,720575941543837445,KCa'b',0,0.0,0.029411764705882353,1,1.0,False,False
right,720575941543840773,KCg,10,0.0,0.6764705882352942,3,0.7391304347826086,False,True
right,720575941543866204,KCg,0,0.0,0.6176470588235294,3,0.0,False,False
right,720575941543968956,KCg,0,0.0,0.029411764705882353,1,0.0,False,False
right,720575941544117789,KCg,5,0.0,0.47058823529411764,1,1.0,False,True
right,720575941544320956,KCab,0,0.0,0.0,0,0.0,False,False
right,720575941544455965,KCg,0,0.0,0.0,0,0.0,False,False
right,720575941544464645,KCab,0,0.0,0.058823529411764705,1,1.0,False,False
right,720575941545072389,KCab,0,0.0,0.47058823529411764,2,0.0,False,False
right,720575941545385916,KC,0,0.0,0.08823529411764706,1,0.0,False,False
right,720575941545509052,KCab,6,0.0,0.5,1,0.0,False,True
right,720575941545516393,KCg,60,0.03,1.6764705882352942,4,0.3157894736842105,True,True
right,720575941545523900,KCab,44,0.034,1.1176470588235292,4,0.05263157894736843,False,True
right,720575941545527145,KCg,8,0.0,0.7647058823529412,2,1.0,False,True
right,720575941545527401,KCab,0,0.0,0.20588235294117646,3,0.14285714285714285,False,False
right,720575941545527740,KCab,0,0.0,0.47058823529411764,2,0.125,False,False
right,720575941545528252,KCg,8,0.0,0.7647058823529411,2,0.7307692307692308,False,True
right,720575941545528425,KCab,5,0.0,0.6176470588235294,2,0.47619047619047616,False,True
right,720575941545533372,KCg,53,0.026,1.3529411764705883,5,0.0,False,True
right,720575941545533628,KCab,17,0.006,1.4117647058823528,2,0.6666666666666667,False,True
right,720575941545608380,KC,0,0.0,0.0,0,0.0,False,False
right,720575941545677756,KCab,0,0.0,0.6176470588235294,2,0.619047619047619,False,False
right,720575941545690217,KCa'b',5,0.0,0.7647058823529411,5,0.6153846153846154,False,True
right,720575941545757801,KCg,0,0.0,0.6764705882352942,3,0.608695652173913,False,False
right,720575941545884521,KCab,6,0.0,0.47058823529411764,1,1.0,False,True
right,720575941545888005,KCg,0,0.0,0.08823529411764706,1,0.0,False,False
right,720575941546242228,KCab,0,0.0,0.5,2,0.0,False,False
right,720575941546334132,KCg,0,0.0,0.3235294117647059,2,0.0,False,False
right,720575941546338228,KCa'b',0,0.0,0.38235294117647056,2,0.0,False,False
right,720575941546385513,KCab,15,0.0,1.2647058823529411,2,0.2790697674418605,False,True
right,720575941546398825,KCg,1,0.0,0.5294117647058824,4,0.2777777777777778,False,True
right,720575941546756488,KC,3,0.0,0.47058823529411764,1,1.0,False,True
right,720575941546762376,KCg,1,0.0,0.5882352941176471,3,0.7,False,True
right,720575941546805609,KCapbp,0,0.0,0.4117647058823529,3,0.4285714285714286,False,False
right,720575941546885556,KCab,0,0.0,0.2647058823529412,1,1.0,False,False
right,720575941547239816,KCa'b',0,0.0,0.14705882352941177,1,0.0,False,False
right,720575941547248520,KCa'b',17,0.0,0.8529411764705882,8,0.3103448275862069,False,True
right,720575941547307400,KCab,0,0.0,0.47058823529411764,3,0.0,False,False
right,720575941547366324,KCab,3,0.004,0.8235294117647058,2,0.0,False,True
right,720575941547373417,KCab,1,0.0,0.6176470588235294,3,0.8095238095238095,False,True
right,720575941547375752,KCa'b',0,0.0,0.0,0,0.0,False,False
right,720575941547378977,KCg,0,0.0,0.029411764705882353,1,0.0,False,False
right,720575941547418504,KCg,0,0.0,0.0,0,0.0,False,False
right,720575941547446633,KCg,0,0.0,0.20588235294117646,2,0.0,False,False
right,720575941547662452,KCg,0,0.0,0.6176470588235294,4,0.047619047619047616,False,False
right,720575941547731828,KCg,4,0.0,0.5,2,0.0,False,True
right,720575941547773320,KCab,0,0.0,0.17647058823529413,2,0.0,False,False
right,720575941547774088,KCg,0,0.0,0.23529411764705882,2,0.0,False,False
right,720575941547830664,KCg,47,0.006,1.3235294117647058,3,1.0,False,True
right,720575941547911304,KCg,0,0.0,0.20588235294117646,1,0.0,False,False
right,720575941547930941,KCg,0,0.0,0.11764705882352941,2,0.0,False,False
right,720575941548285729,KCg,0,0.0,0.5294117647058824,5,0.2777777777777778,False,False
right,720575941548820513,KCg,69,0.082,1.8529411764705883,6,0.06349206349206349,True,True
right,720575941548854644,KCab,3,0.002,0.5294117647058824,1,0.0,False,True
right,720575941549071137,KCg,51,0.034,1.176470588235294,4,0.35000000000000003,False,True
right,720575941549074804,KCg,0,0.0,0.058823529411764705,1,0.0,False,False
right,720575941549179965,KCg,0,0.0,0.5294117647058824,3,0.0,False,False
right,720575941549212221,KCapbp,5,0.0,0.6176470588235294,2,0.9047619047619048,False,True
right,720575941549553469,KC,0,0.0,0.0,0,0.0,False,False
right,720575941549599521,KCg,0,0.0,0.23529411764705882,2,0.0,False,False
right,720575941549745725,KCg,2,0.0,0.5294117647058824,3,0.0,False,True
right,720575941549863997,KCg,0,0.0,0.20588235294117646,1,1.0,False,False
right,720575941549918836,KCg,21,0.0,0.911764705882353,7,0.0,False,True
right,720575941549928052,KCg,0,0.0,0.47058823529411764,3,0.0,False,False
right,720575941549947764,KCapbp,0,0.0,0.3235294117647059,1,0.0,False,False
right,720575941550024509,KCg,0,0.0,0.17647058823529413,1,0.0,False,False
right,720575941550099005,KCa'b',0,0.0,0.0,0,0.0,False,False
right,720575941550119679,KCg,0,0.0,0.47058823529411764,4,0.18750000000000003,False,False
right,720575941550146559,KCab,0,0.0,0.4411764705882353,2,0.0,False,False
right,720575941550183741,KCab,0,0.0,0.4411764705882353,1,0.0,False,False
right,720575941550190142,KCg,0,0.0,0.0,0,0.0,False,False
right,720575941550271038,KCab,0,0.0,0.0,0,0.0,False,False
right,720575941550612991,KCab,7,0.0,0.7352941176470589,1,0.0,False,True
right,720575941551078911,KCg,0,0.0,0.14705882352941177,1,0.0,False,False
right,720575941551079679,KCg,13,0.0,1.0,2,0.7647058823529411,False,True
right,720575941551081983,KCg,0,0.0,0.0,0,0.0,False,False
right,720575941551211007,KCa'b',7,0.0,0.6470588235294118,2,1.0,False,True
right,720575941551427207,KCg,0,0.0,0.058823529411764705,1,0.0,False,False
right,720575941551637054,KCg,0,0.0,0.35294117647058826,2,0.0,False,False
right,720575941551744903,KCab,0,0.0,0.7352941176470589,4,0.0,False,False
right,720575941551750683,KCg,4,0.0,0.5,1,1.0,False,True
right,720575941551899647,KCab,8,0.0,0.8529411764705883,3,0.6206896551724137,False,True
right,720575941551918591,KCab,68,0.062,2.3529411764705883,3,0.6875,True,True
right,720575941552009215,KCg,0,0.0,0.29411764705882354,2,1.0,False,False
right,720575941552062782,KCab,0,0.0,0.7647058823529411,3,0.2307692307692308,False,False
right,720575941552231230,KCg,0,0.0,0.0,0,0.0,False,False
right,720575941552235519,KC,0,0.0,0.0,0,0.0,False,False
right,720575941552269630,KC,0,0.0,0.0,0,0.0,False,False
right,720575941552554814,KCg,0,0.0,0.23529411764705882,2,0.0,False,False
right,720575941552745534,KCa'b',0,0.0,0.20588235294117646,2,0.0,False,False
right,720575941552747143,KCab,8,0.0,0.7058823529411765,3,0.0,False,True
right,720575941552824603,KC,9,0.0,0.4117647058823529,1,1.0,False,True
right,720575941552891527,KCab,0,0.0,0.029411764705882353,1,0.0,False,False
right,720575941552897690,KCa'b',0,0.0,0.0,0,0.0,False,False
right,720575941552912794,KCab,0,0.0,0.14705882352941177,5,0.19999999999999998,False,False
right,720575941553097243,KCg,0,0.0,0.4411764705882353,2,0.0,False,False
right,720575941553098267,KCg,0,0.0,0.47058823529411764,2,0.0,False,False
right,720575941553168979,KCab,2,0.006,0.8235294117647058,4,0.0,False,True
right,720575941553173787,KCg,0,0.0,0.3235294117647059,1,0.0,False,False
right,720575941553230234,KC,0,0.0,0.0,0,0.0,False,False
right,720575941553250714,KCab,0,0.0,0.0,0,0.0,False,False
right,720575941553282970,KCab,19,0.002,0.8529411764705882,3,0.0,False,True
right,720575941553512531,KCg,0,0.0,0.5588235294117647,6,0.05263157894736842,False,False
right,720575941553636379,KC,0,0.0,0.0,0,0.0,False,False
right,720575941553655067,KCab,2,0.0,0.6176470588235294,2,1.0,False,True
right,720575941553664539,KCg,0,0.0,0.0,0,0.0,False,False
right,720575941553717383,KCg,0,0.0,0.35294117647058826,3,0.0,False,False
right,720575941553893274,KCg,27,0.012,1.088235294117647,2,1.0,False,True
right,720575941553987329,KCab,0,0.0,0.20588235294117646,1,1.0,False,False
right,720575941554073683,KCg,0,0.0,0.6470588235294118,4,0.22727272727272727,False,False
right,720575941554081363,KCg,0,0.0,0.0,0,0.0,False,False
right,720575941554084353,KCab,13,0.004,1.2941176470588236,3,0.38636363636363635,False,True
right,720575941554157595,KCg,0,0.0,0.029411764705882353,1,0.0,False,False
right,720575941554170522,KCab,0,0.0,0.6764705882352942,3,0.9130434782608695,False,False
right,720575941554275585,KCapbp,0,0.0,0.058823529411764705,1,0.0,False,False
right,720575941554276609,KCab,0,0.0,0.058823529411764705,1,1.0,False,False
right,720575941554279937,KCg,0,0.0,0.5294117647058824,2,0.0,False,False
right,720575941554280449,KC,0,0.0,0.4411764705882353,3,0.6,False,False
right,720575941554292225,KCab,0,0.0,0.0,0,0.0,False,False
right,720575941554292993,KCab,15,0.054,1.3235294117647058,4,0.35555555555555557,False,True
right,720575941554296833,KCab,0,0.0,0.17647058823529413,1,0.0,False,False
right,720575941554370305,KCab,0,0.0,0.0,0,0.0,False,False
right,720575941554380801,KC,4,0.0,0.5294117647058824,2,0.8333333333333333,False,True
right,720575941554427475,KCg,0,0.0,0.23529411764705882,1,0.0,False,False
right,720575941554433819,KCa'b',0,0.0,0.0,0,0.0,False,False
right,720575941554566995,KCab,0,0.0,0.5588235294117647,2,0.0,False,False
right,720575941554574931,KCa'b',62,0.01,1.2058823529411764,7,0.0,True,True
right,720575941554704538,KCapbp,7,0.0,0.7647058823529412,6,0.34615384615384615,False,True
right,720575941554706259,KCg,0,0.002,0.7941176470588236,6,0.0,False,False
right,720575941554772051,KCg,0,0.002,0.7058823529411764,3,0.0,False,False
right,720575941554991443,KCab,0,0.0,0.29411764705882354,2,0.0,False,False
right,720575941555118675,KCab,0,0.0,0.29411764705882354,1,1.0,False,False
right,720575941555123027,KC,0,0.0,0.0,0,0.0,False,False
right,720575941555292644,KCg,0,0.0,0.058823529411764705,1,0.0,False,False
right,720575941555753114,KCapbp,0,0.0,0.0,0,0.0,False,False
right,720575941555830500,KCg,0,0.0,0.2647058823529412,2,0.4444444444444444,False,False
right,720575941555970899,KCab,54,0.03,1.4705882352941178,5,0.5599999999999999,False,True
right,720575941556151588,KCa'b',0,0.0,0.0,0,0.0,False,False
right,720575941556218020,KCab,5,0.0,0.7058823529411765,1,1.0,False,True
right,720575941556646564,KC,0,0.0,0.0,0,0.0,False,False
right,720575941556810753,KCab,0,0.0,0.08823529411764706,1,1.0,False,False
right,720575941556958884,KCapbp,3,0.0,0.5882352941176471,3,0.95,False,True
right,720575941557119268,KC,0,0.0,0.4117647058823529,4,0.0,False,False
right,720575941557186340,KCg,0,0.0,0.5,4,0.0,False,False
right,720575941557394724,KCg,11,0.0,0.7647058823529411,3,0.2307692307692308,False,True
right,720575941557401636,KCg,0,0.0,0.14705882352941177,4,0.0,False,False
right,720575941557422372,KCab,70,0.086,1.9705882352941178,5,0.3880597014925373,True,True
right,720575941557468964,KCa'b',0,0.0,0.029411764705882353,1,1.0,False,False
right,720575941557471140,KCg,13,0.08,0.6470588235294118,2,0.0,False,True
right,720575941557545892,KCg,0,0.0,0.38235294117647056,1,0.0,False,False
right,720575941557552420,KCg,63,0.022,1.2941176470588236,4,0.22727272727272727,True,True
right,720575941557571556,KCg,0,0.0,0.35294117647058826,2,0.0,False,False
right,720575941557590820,KCa'b',16,0.0,1.0,4,0.35294117647058826,False,True
right,720575941557667620,KCg,0,0.0,0.0,0,0.0,False,False
right,720575941557669668,KCg,0,0.0,0.17647058823529413,1,0.0,False,False
right,720575941557956644,KCab,26,0.012,0.9705882352941176,3,0.030303030303030304,False,True
right,720575941557973028,KCapbp,48,0.01,1.6764705882352942,4,0.6666666666666666,False,True
right,720575941558015012,KCab,1,0.0,0.4411764705882353,4,0.5333333333333333,False,True
right,720575941558016627,KCg,0,0.0,0.0,0,0.0,False,False
right,720575941558238958,KCg,0,0.0,0.38235294117647056,3,0.4615384615384616,False,False
right,720575941558357107,KCg,0,0.0,0.029411764705882353,1,1.0,False,False
right,720575941558404388,KCg,0,0.0,0.029411764705882353,1,0.0,False,False
right,720575941558639012,KCg,2,0.002,0.9117647058823529,3,0.25806451612903225,False,True
right,720575941558957294,KCg,0,0.0,0.11764705882352941,1,0.0,False,False
right,720575941559014159,KCg,0,0.0,0.4117647058823529,2,0.07142857142857142,False,False
right,720575941559167347,KCg,49,0.024,2.0,4,0.7058823529411765,False,True
right,720575941559191055,KCab,0,0.0,0.9705882352941178,5,0.0,False,False
right,720575941559191534,KCab,18,0.0,0.8823529411764706,2,1.0,False,True
right,720575941559227919,KCa'b',0,0.0,0.0,0,0.0,False,False
right,720575941559276303,KCa'b',16,0.0,0.7058823529411765,3,0.4583333333333333,False,True
right,720575941559279119,KCab,0,0.0,0.20588235294117646,3,0.0,False,False
right,720575941559303918,KCab,0,0.0,0.3235294117647059,1,0.0,False,False
right,720575941559364979,KCa'b',0,0.0,0.08823529411764706,1,0.0,False,False
right,720575941559429668,KCa'b',0,0.0,0.029411764705882353,1,0.0,False,False
right,720575941559457395,KCab,0,0.0,0.058823529411764705,1,0.0,False,False
right,720575941559567987,KCg,19,0.0,0.8235294117647058,5,0.0,False,True
right,720575941559598351,KC,0,0.0,0.0,0,0.0,False,False
right,720575941559598607,KCab,0,0.0,0.38235294117647056,2,0.0,False,False
right,720575941559747566,KCab,0,0.0,0.0,0,0.0,False,False
right,720575941559748879,KCg,0,0.0,0.029411764705882353,1,0.0,False,False
right,720575941559781870,KCg,2,0.0,0.588235294117647,2,0.0,False,True
right,720575941560020462,KCab,0,0.0,0.0,0,0.0,False,False
right,720575941560026639,KCg,0,0.0,0.0,0,0.0,False,False
right,720575941560082447,KCg,23,0.018,1.2352941176470589,3,0.5,False,True
right,720575941560088691,KCab,0,0.0,0.23529411764705882,2,0.125,False,False
right,720575941560113523,KCab,0,0.0,0.0,0,0.0,False,False
right,720575941560186606,KCg,1,0.0,0.5,2,0.0,False,True
right,720575941560332845,KCapbp,0,0.0,0.11764705882352941,2,0.7500000000000001,False,False
right,720575941560349229,KCg,2,0.0,0.5,2,0.0,False,True
right,720575941560351789,KCg,0,0.0,0.6470588235294118,2,0.0,False,False
right,720575941560923949,KCg,2,0.0,0.47058823529411764,3,0.0,False,True
right,720575941560938029,KCab,37,0.006,1.0588235294117647,6,0.3055555555555556,False,True
right,720575941560966189,KCg,66,0.064,1.4117647058823528,4,0.0,True,True
right,720575941560980269,KCab,0,0.0,0.0,0,0.0,False,False
right,720575941560998701,KCab,0,0.0,0.029411764705882353,1,0.0,False,False
right,720575941561179816,KCa'b',0,0.0,0.029411764705882353,1,0.0,False,False
right,720575941561219187,KCg,6,0.0,0.47058823529411764,1,1.0,False,True
right,720575941561291565,KCab,0,0.0,0.0,0,0.0,False,False
right,720575941561324014,KCab,2,0.0,0.7941176470588236,4,0.037037037037037035,False,True
right,720575941561394733,KCab,35,0.0,1.5882352941176472,3,1.0,False,True
right,720575941561502253,KCa'b',0,0.0,0.4411764705882353,3,0.6666666666666667,False,False
right,720575941561802386,KCab,0,0.0,0.4411764705882353,1,0.0,False,False
right,720575941561951400,KCg,0,0.0,0.35294117647058826,3,0.16666666666666666,False,False
right,720575941561971346,KCg,0,0.0,0.0,0,0.0,False,False
right,720575941561997480,KCg,0,0.0,0.0,0,0.0,False,False
right,720575941562085522,KCab,0,0.0,0.0,0,0.0,False,False
right,720575941562698408,KCab,0,0.0,0.0,0,0.0,False,False
right,720575941562799104,KCab,3,0.0,0.4411764705882353,1,0.0,False,True
right,720575941562861410,KCg,0,0.0,0.14705882352941177,1,0.0,False,False
right,720575941562868834,KCab,0,0.0,0.0,0,0.0,False,False
right,720575941563087111,KCg,0,0.0,0.08823529411764706,1,1.0,False,False
right,720575941563183623,KCg,9,0.004,0.7941176470588235,3,0.0,False,True
right,720575941563184530,KCg,0,0.0,0.0,0,0.0,False,False
right,720575941563318418,KCg,0,0.0,0.0,0,0.0,False,False
right,720575941563364754,KCab,0,0.0,0.35294117647058826,4,0.0,False,False
right,720575941563422098,KCg,1,0.0,0.4117647058823529,1,0.0,False,True
right,720575941563426194,KCg,0,0.0,0.35294117647058826,3,0.0,False,False
right,720575941563450002,KCg,1,0.002,0.5294117647058824,2,0.0,False,True
right,720575941563609344,KCg,58,0.048,1.3529411764705883,2,0.4782608695652174,False,True
right,720575941563615232,KCab,0,0.0,0.29411764705882354,1,1.0,False,False
right,720575941563762432,KCg,0,0.0,0.20588235294117646,1,1.0,False,False
right,720575941564029447,KCg,66,0.002,1.4411764705882353,5,0.26530612244897955,True,True
right,720575941564099682,KCg,0,0.0,0.0,0,0.0,False,False
right,720575941564108800,KCab,0,0.0,0.14705882352941177,2,0.6,False,False
right,720575941564110087,KCab,0,0.0,0.38235294117647056,2,0.0,False,False
right,720575941564275298,KCg,0,0.0,0.0,0,0.0,False,False
right,720575941564361319,KCa'b',4,0.0,0.8235294117647058,3,0.9642857142857144,False,True
right,720575941564371463,KCg,0,0.0,0.0,0,0.0,False,False
right,720575941564489128,KCg,0,0.0,0.3823529411764706,3,0.0,False,False
right,720575941564646912,KCg,0,0.0,0.08823529411764706,1,0.0,False,False
right,720575941564680448,KCab,0,0.0,0.0,0,0.0,False,False
right,720575941564694423,KCg,13,0.0,1.2058823529411766,2,1.0,False,True
right,720575941564700823,KCg,66,0.024,1.9411764705882355,4,0.6969696969696969,True,True
right,720575941564736103,KCab,0,0.0,0.35294117647058826,1,0.0,False,False
right,720575941564762631,KC,0,0.0,0.029411764705882353,1,1.0,False,False
right,720575941564804359,KCg,0,0.0,0.029411764705882353,1,0.0,False,False
right,720575941564811106,KCab,3,0.002,0.7941176470588236,4,0.037037037037037035,False,True
right,720575941565085586,KCab,15,0.052,1.0882352941176472,2,0.0,False,True
right,720575941565129879,KCab,0,0.0,0.0,0,0.0,False,False
right,720575941565172278,KCa'b',0,0.0,0.0,0,0.0,False,False
right,720575941565178934,KCg,23,0.076,0.9117647058823529,2,0.0,False,True
right,720575941565185590,KCa'b',0,0.0,0.29411764705882354,1,0.0,False,False
right,720575941565192758,KCab,15,0.008,0.9117647058823529,2,0.0,False,True
right,720575941565210263,KCab,1,0.0,0.47058823529411764,1,0.0,False,True
right,720575941565362274,KCg,63,0.084,1.9999999999999998,12,0.13235294117647062,True,True
right,720575941565497447,KCg,0,0.002,0.911764705882353,5,0.0967741935483871,False,False
right,720575941565637735,KCab,0,0.0,0.4117647058823529,2,0.6428571428571429,False,False
right,720575941565638247,KCg,37,0.012,0.5882352941176471,1,0.0,False,True
right,720575941565758006,KCab,5,0.0,0.6470588235294118,1,1.0,False,True
right,720575941565768246,KCab,0,0.0,0.0,0,0.0,False,False
right,720575941565790262,KCg,0,0.0,0.2647058823529412,2,0.8888888888888888,False,False
right,720575941565801831,KCab,15,0.09,1.9117647058823528,5,0.04615384615384616,False,True
right,720575941566108470,KCab,2,0.0,0.5294117647058824,2,0.8888888888888888,False,True
right,720575941566144814,KCg,0,0.0,0.11764705882352941,1,0.0,False,False
right,720575941566206311,KCg,1,0.0,0.5588235294117647,2,0.0,False,True
right,720575941566310966,KCab,30,0.002,1.3529411764705883,2,1.0,False,True
right,720575941566529590,KCg,0,0.0,0.4411764705882353,3,0.0,False,False
right,720575941566775703,KCab,0,0.0,0.058823529411764705,1,1.0,False,False
right,720575941566800279,KCa'b',0,0.0,0.0,0,0.0,False,False
right,720575941567021102,KCg,0,0.0,0.0,0,0.0,False,False
right,720575941567026478,KCab,0,0.0,0.0,0,0.0,False,False
right,720575941567195130,KCab,0,0.0,0.11764705882352941,2,0.0,False,False
right,720575941567236142,KCg,0,0.0,0.411764705882353,5,0.0,False,False
right,720575941567343150,KCab,10,0.0,0.6176470588235294,2,1.0,False,True
right,720575941567366446,KCg,35,0.004,1.1176470588235294,5,0.0,False,True
right,720575941567808046,KCa'b',0,0.0,0.0,0,0.0,False,False
right,720575941567944562,KCab,60,0.004,1.0588235294117645,3,0.6111111111111113,True,True
right,720575941567950638,KCg,0,0.0,0.14705882352941177,3,0.0,False,False
right,720575941568196722,KCab,67,0.082,1.7352941176470587,6,0.06779661016949153,True,True
right,720575941568225838,KCa'b',0,0.0,0.08823529411764706,1,0.0,False,False
right,720575941568246522,KCab,0,0.0,0.11764705882352941,1,0.0,False,False
right,720575941568253690,KCg,0,0.0,0.0,0,0.0,False,False
right,720575941568261422,KCg,0,0.0,0.7941176470588236,4,0.3333333333333333,False,False
right,720575941568409390,KCa'b',0,0.0,0.0,0,0.0,False,False
right,720575941568514418,KCab,0,0.0,0.5294117647058824,1,0.0,False,False
right,720575941568521330,KCg,0,0.0,0.0,0,0.0,False,False
right,720575941568585210,KCab,47,0.002,1.5,3,0.7058823529411765,False,True
right,720575941568623610,KCab,1,0.016,0.6764705882352942,1,0.0,False,True
right,720575941568747770,KCab,0,0.0,0.08823529411764705,2,0.6666666666666667,False,False
right,720575941568870900,KCg,0,0.0,0.0,0,0.0,False,False
right,720575941568882420,KCg,0,0.0,0.058823529411764705,2,0.5,False,False
right,720575941568884468,KCg,54,0.028,1.7647058823529411,6,0.23333333333333334,False,True
right,720575941568905586,KCab,0,0.0,0.1764705882352941,2,0.0,False,False
right,720575941568987636,KCg,0,0.0,0.4411764705882353,3,0.0,False,False
right,720575941569037562,KCg,4,0.0,0.8823529411764707,4,0.0,False,True
right,720575941569063924,KCab,0,0.0,0.0,0,0.0,False,False
right,720575941569076980,KCab,0,0.0,0.23529411764705882,1,0.0,False,False
right,720575941569403898,KCg,0,0.0,0.0,0,0.0,False,False
right,720575941569516532,KCab,53,0.024,2.2058823529411766,4,0.6933333333333332,False,True
right,720575941569534196,KCg,0,0.0,0.08823529411764706,1,0.0,False,False
right,720575941569551860,KCg,56,0.01,1.1470588235294117,4,0.9743589743589742,False,True
right,720575941569574900,KCg,0,0.0,0.0,0,0.0,False,False
right,720575941569804914,KCapbp,6,0.0,0.8823529411764706,3,1.0,False,True
right,720575941569990388,KCab,0,0.0,0.0,0,0.0,False,False
right,720575941570154996,KCab,0,0.0,0.08823529411764706,1,0.0,False,False
right,720575941570694514,KCab,0,0.0,0.14705882352941177,4,0.0,False,False
right,720575941570794228,KCg,0,0.0,0.029411764705882353,1,0.0,False,False
right,720575941571131720,KCa'b',0,0.0,0.0,0,0.0,False,False
right,720575941571275422,KCab,0,0.0,0.029411764705882353,1,0.0,False,False
right,720575941571289758,KCg,0,0.0,0.411764705882353,4,0.07142857142857142,False,False
right,720575941571525278,KCg,3,0.0,0.6176470588235294,3,0.6666666666666666,False,True
right,720575941571525790,KCg,0,0.0,0.0,0,0.0,False,False
right,720575941571534238,KCab,0,0.0,0.4117647058823529,3,0.5,False,False
right,720575941571538846,KCg,12,0.004,0.9117647058823529,5,0.0,False,True
right,720575941571755016,KCa'b',0,0.0,0.0,0,0.0,False,False
right,720575941571792030,KCg,19,0.0,0.8823529411764706,3,0.0,False,True
right,720575941571816094,KCa'b',2,0.0,0.5588235294117647,2,1.0,False,True
right,720575941572046088,KCab,0,0.0,0.35294117647058826,1,0.0,False,False
right,720575941572047624,KCab,68,0.044,1.647058823529412,5,0.19642857142857142,True,True
right,720575941572055454,KCab,0,0.0,0.23529411764705882,1,1.0,False,False
right,720575941572078494,KCab,25,0.0,0.7058823529411765,2,0.0,False,True
right,720575941572349597,KCa'b',0,0.0,0.14705882352941177,3,0.0,False,False
right,720575941572358921,KCab,0,0.0,0.0,0,0.0,False,False
right,720575941573422587,KCg,0,0.0,0.23529411764705882,1,0.0,False,False
right,720575941573456797,KC,0,0.0,0.08823529411764706,1,0.0,False,False
right,720575941573510395,KCg,0,0.0,0.38235294117647056,1,1.0,False,False
right,720575941573527439,KCg,0,0.0,0.0,0,0.0,False,False
right,720575941573603400,KCab,0,0.0,0.4117647058823529,1,0.0,False,False
right,720575941573693341,KCab,9,0.0,0.6176470588235294,2,0.47619047619047616,False,True
right,720575941573698973,KCg,0,0.0,0.0,0,0.0,False,False
right,720575941573717405,KCab,0,0.0,0.35294117647058826,1,0.0,False,False
right,720575941573814281,KCab,21,0.07,0.8529411764705882,1,0.0,False,True
right,720575941573815305,KCab,0,0.0,0.0,0,0.0,False,False
right,720575941573815561,KCab,42,0.006,1.5588235294117645,3,1.0,False,True
right,720575941573826313,KCab,1,0.0,0.5,2,0.0,False,True
right,720575941573840392,KCab,0,0.0,0.0,0,0.0,False,False
right,720575941573938319,KCab,0,0.0,0.2647058823529412,2,0.2222222222222222,False,False
right,720575941574248200,KCg,16,0.028,1.0588235294117647,3,0.2777777777777778,False,True
right,720575941574273896,KCg,0,0.0,0.29411764705882354,4,0.6,False,False
right,720575941574326429,KCab,0,0.0,0.29411764705882354,2,0.3,False,False
right,720575941574640744,KC,0,0.0,0.0,0,0.0,False,False
right,720575941574649526,KCg,0,0.0,0.0,0,0.0,False,False
right,720575941574655887,KCa'b',0,0.0,0.14705882352941177,2,0.0,False,False
right,720575941574672271,KCg,0,0.0,0.4117647058823529,2,0.0,False,False
right,720575941574795785,KCab,65,0.118,2.529411764705882,7,0.372093023255814,True,True
right,720575941574846109,KCg,28,0.0,0.6176470588235294,2,0.0,False,True
right,720575941574867721,KCa'b',0,0.0,0.0,0,0.0,False,False
right,720575941574931721,KCg,0,0.0,0.0,0,0.0,False,False
right,720575941574947766,KCg,0,0.0,0.14705882352941177,1,0.0,False,False
right,720575941575008521,KCg,5,0.0,0.6764705882352942,2,0.0,False,True
right,720575941575093647,KCab,0,0.0,0.20588235294117646,1,1.0,False,False
right,720575941575117672,KCab,2,0.0,0.8235294117647058,2,0.6071428571428572,False,True
right,720575941575120054,KCa'b',0,0.0,0.0,0,0.0,False,False
right,720575941575120310,KCab,0,0.0,0.47058823529411764,1,0.0,False,False
right,720575941575125430,KCa'b',0,0.0,0.4411764705882353,2,0.6,False,False
right,720575941575142070,KCg,0,0.0,0.029411764705882353,1,1.0,False,False
right,720575941575172278,KCab,23,0.0,1.0294117647058822,4,0.942857142857143,False,True
right,720575941575190523,KCa'b',0,0.0,0.6470588235294118,3,0.0,False,False
right,720575941575198863,KCab,21,0.0,0.5882352941176471,2,1.0,False,True
right,720575941575292598,KCab,0,0.0,0.35294117647058826,3,0.24999999999999997,False,False
right,720575941575318280,KCg,0,0.0,0.2647058823529412,1,0.0,False,False
right,720575941575333558,KCg,0,0.0,0.20588235294117646,1,0.0,False,False
right,720575941575359670,KCa'b',0,0.0,0.0,0,0.0,False,False
right,720575941575368630,KCab,22,0.156,1.6176470588235292,3,0.0,False,True
right,720575941575375286,KCab,12,0.01,0.8823529411764706,2,1.0,False,True
right,720575941575571087,KCg,0,0.0,0.35294117647058826,1,0.0,False,False
right,720575941575650742,KCg,0,0.0,0.0,0,0.0,False,False
right,720575941575815784,KCab,0,0.0,0.0,0,0.0,False,False
right,720575941575852136,KCg,0,0.0,0.5588235294117647,6,0.31578947368421056,False,False
right,720575941575925352,KCg,0,0.0,0.11764705882352941,1,1.0,False,False
right,720575941576204136,KCg,17,0.006,0.8823529411764706,3,0.4333333333333333,False,True
right,720575941576253288,KCab,3,0.0,0.4705882352941177,3,0.0,False,True
right,720575941576256872,KCab,0,0.0,0.32352941176470584,2,0.0,False,False
right,720575941576581465,KCab,8,0.0,0.8823529411764706,3,0.9333333333333333,False,True
right,720575941576649561,KCab,3,0.0,0.5294117647058824,1,1.0,False,True
right,720575941577371737,KCab,0,0.0,0.35294117647058826,2,0.0,False,False
right,720575941577385973,KCab,3,0.0,0.6176470588235294,3,0.8095238095238095,False,True
right,720575941577569881,KCg,7,0.0,0.6764705882352942,3,0.7826086956521738,False,True
right,720575941577571417,KCg,0,0.0,0.14705882352941177,1,0.0,False,False
right,720575941577573977,KCg,0,0.0,0.0,0,0.0,False,False
right,720575941577772121,KCab,0,0.0,0.0,0,0.0,False,False
right,720575941577940569,KCa'b',0,0.0,0.0,0,0.0,False,False
right,720575941578410073,KCg,0,0.0,0.0,0,0.0,False,False
right,720575941578426713,KCg,0,0.0,0.6176470588235293,9,0.523809523809524,False,False
right,720575941578621173,KCg,0,0.0,0.058823529411764705,1,0.0,False,False
right,720575941578622197,KCg,0,0.0,0.0,0,0.0,False,False
right,720575941578690293,KCg,5,0.018,0.7352941176470589,2,0.0,False,True
right,720575941578734325,KCab,0,0.0,0.058823529411764705,2,0.5,False,False
right,720575941578739189,KCab,50,0.114,2.1470588235294117,2,0.6164383561643836,False,True
right,720575941578760017,KCab,0,0.0,0.5588235294117647,3,0.05263157894736842,False,False
right,720575941578771281,KCab,0,0.0,0.3823529411764706,2,0.0,False,False
right,720575941578771537,KCab,0,0.0,0.47058823529411764,2,0.9375,False,False
right,720575941578775889,KCab,0,0.0,0.029411764705882353,1,0.0,False,False
right,720575941578778961,KCg,0,0.0,0.08823529411764706,1,1.0,False,False
right,720575941578885109,KCab,1,0.0,0.7941176470588236,2,0.4444444444444444,False,True
right,720575941578922321,KCa'b',0,0.0,0.0,0,0.0,False,False
right,720575941579300177,KCapbp,0,0.0,0.0,0,0.0,False,False
right,720575941579401461,KCa'b',0,0.0,0.6176470588235294,4,0.047619047619047616,False,False
right,720575941579565401,KCg,1,0.0,0.8529411764705883,5,0.31034482758620685,False,True
right,720575941579633489,KCab,4,0.0,0.5588235294117647,2,1.0,False,True
right,720575941579762257,KCa'b',0,0.0,0.38235294117647056,2,1.0,False,False
right,720575941579824249,KC,14,0.0,0.5588235294117647,1,1.0,False,True
right,720575941579866489,KCa'b',2,0.0,0.5588235294117647,3,0.0,False,True
right,720575941580001781,KCab,14,0.0,0.7647058823529411,4,0.6923076923076924,False,True
right,720575941580070901,KCg,27,0.064,1.5294117647058825,4,0.0,False,True
right,720575941580585337,KCg,0,0.0,0.029411764705882353,1,0.0,False,False
right,720575941580633425,KCab,0,0.0,0.38235294117647056,1,0.0,False,False
right,720575941580822393,KCab,18,0.002,0.9411764705882353,5,0.0625,False,True
right,720575941580829561,KCab,4,0.0,0.6470588235294118,2,0.0,False,True
right,720575941581024377,KCg,13,0.002,0.8529411764705882,3,0.0,False,True
right,720575941581041529,KCab,16,0.002,0.7647058823529411,3,0.0,False,True
right,720575941581125497,KCab,40,0.014,1.0588235294117645,5,0.0,False,True
right,720575941581217781,KCg,8,0.006,0.7058823529411765,4,0.0,False,True
right,720575941581308281,KCg,0,0.0,0.0,0,0.0,False,False
right,720575941581388153,KCg,0,0.0,0.0,0,0.0,False,False
right,720575941582097247,KCa'b',0,0.0,0.29411764705882354,2,1.0,False,False
right,720575941583038559,KCab,22,0.0,0.7647058823529411,3,0.3076923076923077,False,True
right,720575941583307103,KCab,0,0.0,0.0,0,0.0,False,False
right,720575941583614342,KCg,0,0.0,0.44117647058823534,2,1.0,False,False
right,720575941583650143,KCg,4,0.004,0.9705882352941176,5,0.0,False,True
right,720575941583746399,KCg,7,0.0,0.6470588235294118,4,0.0909090909090909,False,True
right,720575941583947230,KCg,0,0.0,0.0,0,0.0,False,False
right,720575941584067167,KCg,0,0.0,0.0,0,0.0,False,False
right,720575941584567647,KCa'b',0,0.0,0.11764705882352941,1,0.0,False,False
right,720575941585121414,KCab,45,0.0,1.1764705882352942,3,1.0,False,True
right,720575941585186014,KCg,0,0.0,0.058823529411764705,1,0.0,False,False
right,720575941585435358,KCg,0,0.0,0.17647058823529413,1,0.0,False,False
right,720575941585447646,KCg,12,0.026,1.4411764705882355,3,0.0,False,True
right,720575941585449950,KCa'b',0,0.0,0.029411764705882353,1,0.0,False,False
right,720575941585451230,KCab,0,0.0,0.08823529411764706,1,0.0,False,False
right,720575941585532126,KCg,0,0.0,0.4117647058823529,3,0.2857142857142857,False,False
right,720575941585537246,KCg,0,0.0,0.058823529411764705,1,0.0,False,False
right,720575941585563014,KCg,0,0.0,0.0,0,0.0,False,False
right,720575941585622750,KCab,5,0.01,1.0,4,0.0,False,True
right,720575941585655774,KCg,0,0.0,0.20588235294117646,1,1.0,False,False
right,720575941586003422,KCg,0,0.0,0.7058823529411764,4,0.0,False,False
right,720575941586758724,KCa'b',0,0.0,0.0,0,0.0,False,False
right,720575941586943812,KCa'b',0,0.0,0.2647058823529412,1,0.0,False,False
right,720575941587056196,KCg,0,0.0,0.2647058823529412,1,1.0,False,False
right,720575941587943236,KCab,0,0.0,0.0,0,0.0,False,False
right,720575941587981111,KCab,0,0.0,0.0,0,0.0,False,False
right,720575941588105284,KCg,0,0.0,0.1764705882352941,3,0.16666666666666669,False,False
right,720575941588107588,KCg,0,0.0,0.14705882352941177,3,0.19999999999999998,False,False
right,720575941588140855,KCab,48,0.0,1.2352941176470589,3,0.47619047619047616,False,True
right,720575941588234820,KCab,29,0.044,1.0588235294117647,5,0.0,False,True
right,720575941588609860,KCa'b',0,0.0,0.0,0,0.0,False,False
right,720575941588698436,KCab,65,0.046,1.4411764705882353,3,0.2857142857142857,True,True
right,720575941588906380,KCab,0,0.0,0.5882352941176471,3,0.55,False,False
right,720575941588912708,KCg,19,0.0,1.0,4,0.4117647058823529,False,True
right,720575941588972356,KCab,0,0.0,0.2647058823529412,2,0.1111111111111111,False,False
right,720575941589036343,KCab,0,0.0,0.23529411764705882,1,1.0,False,False
right,720575941589129028,KCg,0,0.0,0.0,0,0.0,False,False
right,720575941589165892,KCg,0,0.0,0.14705882352941177,3,0.19999999999999998,False,False
right,720575941589192004,KCab,9,0.0,0.47058823529411764,1,0.0,False,True
right,720575941589513470,KCab,0,0.0,0.0,0,0.0,False,False
right,720575941589513982,KCab,0,0.0,0.35294117647058826,2,0.0,False,False
right,720575941589576759,KCab,0,0.0,0.17647058823529413,1,1.0,False,False
right,720575941589592887,KC,0,0.0,0.0,0,0.0,False,False
right,720575941589852414,KCapbp,0,0.0,0.38235294117647056,1,1.0,False,False
right,720575941589988606,KCg,0,0.0,0.5882352941176471,4,0.0,False,False
right,720575941590104375,KCg,0,0.0,0.029411764705882353,1,0.0,False,False
right,720575941590254404,KCg,0,0.0,0.3235294117647059,3,0.0,False,False
right,720575941590413708,KCab,0,0.0,0.38235294117647056,2,0.6923076923076924,False,False
right,720575941590558462,KCab,0,0.006,0.6176470588235294,4,0.0,False,False
right,720575941590623372,KCg,0,0.0,0.14705882352941177,1,1.0,False,False
right,720575941590639656,KCab,0,0.0,0.0,0,0.0,False,False
right,720575941590675340,KCg,9,0.0,1.0294117647058822,5,0.5428571428571429,False,True
right,720575941591011947,KCa'b',53,0.054,1.0,2,0.0,False,True
right,720575941591941416,KCa'b',0,0.0,0.0,0,0.0,False,False
right,720575941591942184,KCab,8,0.0,0.823529411764706,3,0.8214285714285714,False,True
right,720575941591943464,KCa'b',0,0.0,0.35294117647058826,3,0.0,False,False
right,720575941592078632,KCa'b',0,0.0,0.029411764705882353,1,0.0,False,False
right,720575941592257387,KCa'b',0,0.0,0.0,0,0.0,False,False
right,720575941592353387,KC,0,0.0,0.2647058823529412,3,0.0,False,False
right,720575941592409707,KCa'b',49,0.01,0.9411764705882353,1,1.0,False,True
right,720575941592450856,KCa'b',0,0.0,0.2058823529411765,3,0.7142857142857143,False,False
right,720575941592493352,KCg,0,0.0,0.4117647058823529,3,0.0,False,False
right,720575941592560491,KCab,15,0.0,0.6764705882352942,2,0.0,False,True
right,720575941592686187,KCab,5,0.0,0.7352941176470589,3,0.76,False,True
right,720575941592783211,KCab,0,0.0,0.0,0,0.0,False,False
right,720575941592809000,KCg,0,0.0,0.11764705882352941,1,1.0,False,False
right,720575941592876327,KCg,1,0.0,0.6764705882352942,3,0.0,False,True
right,720575941593157227,KCg,0,0.0,0.14705882352941174,3,0.4000000000000001,False,False
right,720575941593466475,KCg,0,0.0,0.38235294117647056,4,1.0,False,False
right,720575941593656939,KCg,0,0.0,0.058823529411764705,1,0.0,False,False
right,720575941593749361,KCab,0,0.0,0.029411764705882353,1,1.0,False,False
right,720575941593991894,KCg,0,0.0,0.5882352941176471,3,0.049999999999999996,False,False
right,720575941594125526,KCg,0,0.0,0.2647058823529412,1,0.0,False,False
right,720575941594140374,KCab,0,0.0,0.6176470588235294,4,0.047619047619047616,False,False
right,720575941594183207,KCab,0,0.0,0.2647058823529412,2,0.5555555555555556,False,False
right,720575941594287143,KCab,0,0.0,0.5588235294117647,3,0.0,False,False
right,720575941594359847,KCa'b',0,0.0,0.14705882352941177,3,0.19999999999999998,False,False
right,720575941594405413,KCab,72,0.06,2.176470588235294,6,0.31081081081081086,True,True
right,720575941594521125,KCg,0,0.0,0.0,0,0.0,False,False
right,720575941594536406,KCab,0,0.0,0.3823529411764706,4,0.30769230769230765,False,False
right,720575941594551079,KCg,0,0.0,0.0,0,0.0,False,False
right,720575941594567207,KCab,0,0.0,0.2647058823529412,1,0.0,False,False
right,720575941594568743,KCab,0,0.0,0.0,0,0.0,False,False
right,720575941594673189,KCab,70,0.164,2.0,6,0.0,True,True
right,720575941594678641,KCg,0,0.0,0.0,0,0.0,False,False
right,720575941594861349,KCab,0,0.0,0.0,0,0.0,False,False
right,720575941594862375,KCg,21,0.0,1.1764705882352942,4,0.425,False,True
right,720575941594883365,KCab,0,0.0,0.11764705882352941,1,0.0,False,False
right,720575941594897957,KCab,0,0.0,0.0,0,0.0,False,False
right,720575941594916721,KCg,0,0.0,0.0,0,0.0,False,False
right,720575941594918513,KCg,25,0.008,1.4999999999999998,4,0.5882352941176471,False,True
right,720575941594957351,KCab,0,0.0,0.20588235294117646,1,0.0,False,False
right,720575941595015537,KCg,0,0.0,0.058823529411764705,1,0.0,False,False
right,720575941595049174,KCg,0,0.0,0.14705882352941177,3,1.0,False,False
right,720575941595062897,KCg,0,0.0,0.029411764705882353,1,1.0,False,False
right,720575941595095153,KCg,0,0.0,0.11764705882352941,1,0.0,False,False
right,720575941595121701,KCab,0,0.0,0.0,0,0.0,False,False
right,720575941595122981,KCg,0,0.0,0.0,0,0.0,False,False
right,720575941595136881,KCab,0,0.0,0.7647058823529412,5,0.0,False,False
right,720575941595137829,KCg,0,0.0,0.058823529411764705,1,0.0,False,False
right,720575941595370021,KCa'b',0,0.0,0.0,0,0.0,False,False
right,720575941595370023,KCg,0,0.0,0.058823529411764705,1,0.0,False,False
right,720575941595384453,KCg,0,0.0,0.058823529411764705,2,0.5,False,False
right,720575941595426085,KCa'b',0,0.0,0.11764705882352941,1,1.0,False,False
right,720575941595489649,KCg,0,0.0,0.0,0,0.0,False,False
right,720575941595493745,KCg,0,0.0,0.0,0,0.0,False,False
right,720575941595579013,KCg,0,0.0,0.08823529411764705,3,0.6666666666666667,False,False
right,720575941595579781,KCg,0,0.002,0.5,2,0.0,False,False
right,720575941595591557,KCab,0,0.0,0.0,0,0.0,False,False
right,720575941595592325,KCg,0,0.0,0.0,0,0.0,False,False
right,720575941595701125,KCg,0,0.0,0.2647058823529412,3,1.0,False,False
right,720575941595820933,KCg,0,0.0,0.0,0,0.0,False,False
right,720575941595884145,KCg,0,0.0,0.058823529411764705,1,0.0,False,False
right,720575941596147904,KCg,0,0.0,0.0,0,0.0,False,False
right,720575941596486300,KC,0,0.0,0.029411764705882353,1,1.0,False,False
right,720575941596641669,KCg,5,0.0,0.6176470588235294,2,0.0,False,True
right,720575941597123264,KCg,11,0.004,0.6764705882352942,2,0.0,False,True
right,720575941597551552,KCab,0,0.0,0.35294117647058826,3,0.0,False,False
right,720575941597606044,KCab,0,0.0,0.38235294117647056,3,0.6153846153846154,False,False
right,720575941597943452,KCg,0,0.0,0.20588235294117646,1,0.0,False,False
right,720575941597958300,KC,0,0.0,0.0,0,0.0,False,False
right,720575941598249152,KCg,0,0.0,0.058823529411764705,2,0.0,False,False
right,720575941598306601,KCapbp,0,0.0,0.0,0,0.0,False,False
right,720575941598634793,KCab,0,0.008,0.7352941176470589,4,0.0,False,False
right,720575941598703772,KCg,1,0.0,0.5588235294117647,2,0.0,False,True
right,720575941598789929,KCapbp,2,0.0,0.7058823529411765,4,0.8333333333333333,False,True
right,720575941598966208,KCapbp,20,0.0,0.9411764705882353,2,1.0,False,True
right,720575941599418665,KCg,0,0.0,0.0,0,0.0,False,False
right,720575941599434281,KCab,6,0.002,0.823529411764706,4,0.0,False,True
right,720575941599805481,KCa'b',0,0.0,0.058823529411764705,1,0.0,False,False
right,720575941600018368,KCg,11,0.014,0.6470588235294118,2,0.04545454545454545,False,True
right,720575941600096809,KCab,0,0.0,0.411764705882353,2,0.0,False,False
right,720575941600158505,KCg,8,0.0,0.911764705882353,3,0.0,False,True
right,720575941600811049,KCab,0,0.0,0.5588235294117647,2,0.0,False,False
right,720575941601790454,KCg,0,0.0,0.0,0,0.0,False,False
right,720575941601794038,KCab,0,0.0,0.17647058823529413,1,0.0,False,False
right,720575941601824502,KCg,0,0.0,0.0,0,0.0,False,False
right,720575941601846262,KCab,0,0.0,0.0,0,0.0,False,False
right,720575941601884918,KCab,0,0.0,0.0,0,0.0,False,False
right,720575941602482422,KCg,0,0.0,0.29411764705882354,3,0.0,False,False
right,720575941602810870,KCab,23,0.056,1.1176470588235294,3,0.07894736842105264,False,True
right,720575941602875577,KCg,0,0.0,0.0,0,0.0,False,False
right,720575941603000054,KCg,0,0.0,0.029411764705882353,1,1.0,False,False
right,720575941603001078,KCg,0,0.0,0.0,0,0.0,False,False
right,720575941603004406,KCg,0,0.0,0.058823529411764705,1,0.0,False,False
right,720575941603052473,KCa'b',0,0.0,0.0,0,0.0,False,False
right,720575941603091902,KC,20,0.022,1.2352941176470589,4,0.0,False,True
right,720575941603180534,KCapbp,0,0.0,0.0,0,0.0,False,False
right,720575941603185910,KCab,0,0.0,0.0,0,0.0,False,False
right,720575941603229630,KCab,0,0.0,0.5294117647058824,2,1.0,False,False
right,720575941603423161,KCab,0,0.0,0.29411764705882354,3,0.9,False,False
right,720575941603427513,KCab,0,0.0,0.5588235294117647,4,0.0,False,False
right,720575941603588086,KCapbp,0,0.0,0.5,3,0.47058823529411764,False,False
right,720575941603856574,KCg,0,0.0,0.44117647058823534,3,0.0,False,False
right,720575941603873214,KCa'b',0,0.0,0.058823529411764705,1,0.0,False,False
right,720575941604074174,KCab,0,0.0,0.11764705882352941,1,0.0,False,False
right,720575941604078782,KCg,7,0.0,0.7352941176470589,2,0.0,False,True
right,720575941604202686,KCg,0,0.0,0.3823529411764706,5,0.0,False,False
right,720575941605035966,KCa'b',0,0.0,0.0,0,0.0,False,False
right,720575941605103294,KCa'b',0,0.0,0.0,0,0.0,False,False
right,720575941605423213,KCa'b',0,0.0,0.0,0,0.0,False,False
right,720575941605656429,KCg,5,0.0,0.6176470588235294,1,1.0,False,True
right,720575941606204606,KCg,0,0.0,0.08823529411764705,2,0.33333333333333337,False,False
right,720575941606452333,KCg,0,0.0,0.029411764705882353,1,0.0,False,False
right,720575941606490221,KCg,0,0.0,0.0,0,0.0,False,False
right,720575941606494573,KCg,0,0.0,0.0,0,0.0,False,False
right,720575941606585453,KCab,26,0.0,0.8823529411764706,3,0.6666666666666667,False,True
right,720575941606745453,KCab,0,0.0,0.17647058823529413,2,0.0,False,False
right,720575941606752365,KCg,5,0.002,0.5588235294117647,4,0.0,False,True
right,720575941606759021,KCg,0,0.0,0.0,0,0.0,False,False
right,720575941606869869,KCab,48,0.01,0.8529411764705882,1,1.0,False,True
right,720575941607202413,KCab,0,0.0,0.0,0,0.0,False,False
right,720575941607221613,KCg,0,0.0,0.0,0,0.0,False,False
right,720575941607242605,KCg,0,0.0,0.20588235294117646,1,0.0,False,False
right,720575941607410541,KCab,0,0.002,1.088235294117647,4,0.4594594594594595,False,False
right,720575941607540845,KCab,60,0.096,1.0,5,0.058823529411764705,True,True
right,720575941608816202,KCg,0,0.0,0.6176470588235294,3,0.0,False,False
right,720575941609321961,KCab,21,0.012,1.5,5,0.5686274509803922,False,True
right,720575941609531881,KCg,0,0.0,0.2647058823529412,1,0.0,False,False
right,720575941609885542,KCab,0,0.0,0.0,0,0.0,False,False
right,720575941609912678,KCa'b',0,0.0,0.029411764705882353,1,0.0,False,False
right,720575941609944394,KCg,0,0.0,0.2647058823529412,1,0.0,False,False
right,720575941609994214,KCab,0,0.0,0.0,0,0.0,False,False
right,720575941610108333,KCg,41,0.0,1.5000000000000002,6,0.803921568627451,False,True
right,720575941610128813,KCg,0,0.0,0.029411764705882353,1,0.0,False,False
right,720575941610148269,KCab,0,0.0,0.08823529411764706,1,0.0,False,False
right,720575941610187850,KCab,0,0.0,0.0,0,0.0,False,False
right,720575941610188106,KCab,21,0.0,0.9705882352941178,3,0.7575757575757576,False,True
right,720575941610510313,KCg,0,0.0,0.35294117647058826,3,0.5,False,False
right,720575941610604521,KCg,0,0.0,0.2647058823529412,1,0.0,False,False
right,720575941610635497,KCapbp,2,0.0,0.7941176470588236,3,0.0,False,True
right,720575941610688842,KCab,0,0.0,0.0,0,0.0,False,False
right,720575941610718794,KCab,14,0.0,0.47058823529411764,2,1.0,False,True
right,720575941610722378,KCab,0,0.0,0.0,0,0.0,False,False
right,720575941610806445,KCa'b',5,0.0,0.7352941176470589,4,0.7999999999999999,False,True
right,720575941610869734,KCa'b',0,0.0,0.0,0,0.0,False,False
right,720575941610924774,KCg,0,0.014,0.5882352941176471,1,0.0,False,False
right,720575941610968650,KCab,48,0.0,1.3529411764705883,5,0.608695652173913,False,True
right,720575941610969446,KC,0,0.0,0.0,0,0.0,False,False
right,720575941610973357,KCab,0,0.0,0.35294117647058826,1,0.0,False,False
right,720575941610974282,KCab,36,0.0,1.0588235294117647,2,1.0,False,True
right,720575941610974438,KCg,0,0.0,0.29411764705882354,1,1.0,False,False
right,720575941610976685,KCab,13,0.0,0.6176470588235294,2,1.0,False,True
right,720575941610978989,KCg,1,0.0,0.4411764705882353,2,0.0,False,True
right,720575941610981293,KCg,0,0.0,0.47058823529411764,4,0.0625,False,False
right,720575941611003868,KCg,0,0.0,0.0,0,0.0,False,False
right,720575941611014377,KC,0,0.0,0.0,0,0.0,False,False
right,720575941611044585,KCa'b',0,0.0,0.0,0,0.0,False,False
right,720575941611048294,KCg,0,0.0,0.0,0,0.0,False,False
right,720575941611075245,KCab,0,0.0,0.20588235294117646,1,0.0,False,False
right,720575941611159213,KCg,0,0.0,0.38235294117647056,1,0.0,False,False
right,720575941611160294,KCab,0,0.0,0.0,0,0.0,False,False
right,720575941611206758,KCab,0,0.0,0.029411764705882353,1,0.0,False,False
right,720575941611221350,KCab,27,0.0,1.411764705882353,7,0.10416666666666666,False,True
right,720575941611283945,KCg,20,0.006,1.1764705882352942,3,0.425,False,True
right,720575941611300198,KCapbp,0,0.0,0.0,0,0.0,False,False
right,720575941611347274,KCg,0,0.0,0.0,0,0.0,False,False
right,720575941611385190,KCapbp,0,0.0,0.029411764705882353,1,1.0,False,False
right,720575941611389542,KCg,0,0.0,0.0,0,0.0,False,False
right,720575941611400668,KCab,0,0.0,0.5294117647058824,4,0.38888888888888884,False,False
right,720575941611498470,KCg,0,0.0,0.0,0,0.0,False,False
right,720575941611586733,KCab,1,0.0,0.35294117647058826,1,0.0,False,True
right,720575941611607725,KCg,36,0.0,0.9411764705882353,4,0.3125,False,True
right,720575941611630253,KCg,0,0.0,0.0,0,0.0,False,False
right,720575941611663462,KC,11,0.0,0.7941176470588235,1,0.0,False,True
right,720575941611747430,KC,0,0.0,0.17647058823529413,2,0.8333333333333333,False,False
right,720575941611873709,KCab,0,0.0,0.0,0,0.0,False,False
right,720575941612101862,KCg,0,0.0,0.47058823529411764,3,0.625,False,False
right,720575941612115373,KCapbp,0,0.0,0.058823529411764705,2,0.0,False,False
right,720575941612398044,KCg,0,0.0,0.38235294117647056,1,1.0,False,False
right,720575941612399836,KCab,6,0.0,0.6764705882352942,2,0.7391304347826086,False,True
right,720575941612404700,KCg,40,0.034,1.3529411764705883,3,0.0,False,True
right,720575941612611548,KCab,0,0.0,0.5588235294117647,3,0.0,False,False
right,720575941612645340,KCab,0,0.0,0.1764705882352941,2,0.0,False,False
right,720575941612703708,KCg,0,0.0,0.23529411764705882,4,0.0,False,False
right,720575941612911324,KCab,46,0.042,1.3823529411764706,3,0.0425531914893617,False,True
right,720575941612963942,KCg,0,0.0,0.058823529411764705,1,1.0,False,False
right,720575941613032550,KCab,0,0.0,0.23529411764705882,2,0.0,False,False
right,720575941613036390,KC,0,0.0,0.11764705882352941,2,0.0,False,False
right,720575941613047772,KCg,0,0.0,0.08823529411764706,1,1.0,False,False
right,720575941613173011,KCg,11,0.0,0.6470588235294118,3,0.0,False,True
right,720575941613411737,KCab,0,0.0,0.23529411764705882,2,1.0,False,False
right,720575941613426707,KCg,0,0.0,0.0,0,0.0,False,False
right,720575941613427475,KCg,41,0.006,1.0588235294117647,7,0.0,False,True
right,720575941613432339,KCg,0,0.0,0.3235294117647059,2,0.0,False,False
right,720575941613592595,KCg,0,0.0,0.0,0,0.0,False,False
right,720575941613650707,KCa'b',0,0.0,0.029411764705882353,1,1.0,False,False
right,720575941613651932,KCg,0,0.0,0.0,0,0.0,False,False
right,720575941614221721,KCg,0,0.0,0.14705882352941177,1,0.0,False,False
right,720575941614255001,KCa'b',0,0.0,0.38235294117647056,1,0.0,False,False
right,720575941614407388,KCg,0,0.0,0.058823529411764705,1,1.0,False,False
right,720575941614413209,KCapbp,0,0.0,0.0,0,0.0,False,False
right,720575941614417305,KCg,0,0.0,0.20588235294117646,1,0.0,False,False
right,720575941614419097,KCab,5,0.0,0.6176470588235294,3,1.0,False,True
right,720575941614508697,KCab,0,0.0,0.23529411764705882,1,1.0,False,False
right,720575941614560531,KCab,0,0.0,0.3235294117647059,1,1.0,False,False
right,720575941614802329,KCab,0,0.0,0.14705882352941177,1,0.0,False,False
right,720575941615034581,KCa'b',0,0.0,0.3235294117647059,2,0.0,False,False
right,720575941615188755,KCg,0,0.0,0.20588235294117646,2,0.0,False,False
right,720575941615519385,KCa'b',5,0.002,0.823529411764706,3,0.39285714285714285,False,True
right,720575941616107477,KCg,0,0.0,0.14705882352941177,1,0.0,False,False
right,720575941616355797,KCa'b',7,0.002,0.6764705882352942,2,0.0,False,True
right,720575941616872661,KCab,0,0.0,0.0,0,0.0,False,False
right,720575941616953301,KCapbp,0,0.0,0.029411764705882353,1,0.0,False,False
right,720575941616956885,KCa'b',0,0.0,0.08823529411764705,3,0.0,False,False
right,720575941617274069,KCg,0,0.0,0.0,0,0.0,False,False
right,720575941617332437,KCab,7,0.0,0.8235294117647058,2,1.0,False,True
right,720575941617908095,KCab,5,0.0,0.4117647058823529,1,1.0,False,True
right,720575941618447999,KCab,0,0.0,0.20588235294117646,2,1.0,False,False
right,720575941618783871,KCg,0,0.0,0.17647058823529413,1,1.0,False,False
right,720575941618944895,KCg,0,0.0,0.29411764705882354,3,0.09999999999999999,False,False
right,720575941619031167,KCa'b',0,0.0,0.0,0,0.0,False,False
right,720575941619138175,KCg,2,0.0,0.4411764705882353,2,1.0,False,True
right,720575941619267199,KCg,0,0.0,0.029411764705882353,1,0.0,False,False
right,720575941619311743,KCg,0,0.0,0.08823529411764706,1,0.0,False,False
right,720575941619324543,KCg,6,0.03,0.6470588235294118,1,0.0,False,True
right,720575941620065407,KCa'b',0,0.0,0.029411764705882353,1,0.0,False,False
right,720575941621005695,KCab,0,0.0,0.5294117647058824,2,0.0,False,False
right,720575941621367679,KCab,23,0.0,1.176470588235294,4,1.0,False,True
right,720575941622969340,KCab,0,0.0,0.7352941176470589,5,0.52,False,False
right,720575941623097084,KCg,0,0.0,0.08823529411764705,2,0.0,False,False
right,720575941623260924,KCg,0,0.0,0.35294117647058826,1,0.0,False,False
right,720575941623269628,KCab,0,0.0,0.0,0,0.0,False,False
right,720575941623343868,KCg,0,0.0,0.17647058823529413,1,0.0,False,False
right,720575941623446012,KCab,0,0.0,0.0,0,0.0,False,False
right,720575941623448316,KCg,2,0.0,0.5294117647058824,2,0.6666666666666667,False,True
right,720575941623458812,KCapbp,0,0.0,0.5,2,1.0,False,False
right,720575941623523227,KCa'b',0,0.0,0.4411764705882353,3,0.6666666666666667,False,False
right,720575941623539355,KCg,35,0.012,0.7352941176470589,3,0.039999999999999994,False,True
right,720575941623596955,KCg,0,0.0,0.0,0,0.0,False,False
right,720575941623597723,KCg,34,0.03,1.0882352941176472,4,0.08108108108108107,False,True
right,720575941623921404,KCg,8,0.002,1.0294117647058822,4,0.028571428571428574,False,True
right,720575941624187244,KCg,0,0.0,0.0,0,0.0,False,False
right,720575941624197228,KCab,0,0.0,0.23529411764705882,1,1.0,False,False
right,720575941624230794,KCa'b',0,0.0,0.5588235294117647,4,0.0,False,False
right,720575941624253322,KCa'b',0,0.0,0.0,0,0.0,False,False
right,720575941624267402,KCa'b',0,0.0,0.29411764705882354,1,1.0,False,False
right,720575941624282108,KCg,0,0.0,0.17647058823529413,1,0.0,False,False
right,720575941624541386,KCa'b',0,0.0,0.08823529411764706,1,1.0,False,False
right,720575941624572315,KCg,0,0.0,0.23529411764705882,1,0.0,False,False
right,720575941624728778,KC,0,0.0,0.0,0,0.0,False,False
right,720575941624795547,KCa'b',0,0.0,0.0,0,0.0,False,False
right,720575941624830875,KCab,0,0.0,0.058823529411764705,1,1.0,False,False
right,720575941624972699,KCg,0,0.0,0.0,0,0.0,False,False
right,720575941624981147,KCg,0,0.0,0.0,0,0.0,False,False
right,720575941624993644,KCab,67,0.014,1.6764705882352942,4,0.7894736842105263,True,True
right,720575941624994459,KCg,0,0.0,0.20588235294117646,3,0.0,False,False
right,720575941624995995,KCg,0,0.034,0.7647058823529412,2,0.0,False,False
right,720575941624997275,KCab,0,0.0,0.0,0,0.0,False,False
right,720575941624997531,KCab,0,0.0,0.14705882352941177,3,1.0,False,False
right,720575941625002139,KCg,0,0.0,0.3823529411764706,2,0.07692307692307691,False,False
right,720575941625002651,KCab,9,0.0,0.9705882352941176,3,0.9696969696969697,False,True
right,720575941625005467,KCab,0,0.0,0.11764705882352941,1,0.0,False,False
right,720575941625015963,KCg,0,0.0,0.7647058823529412,4,0.0,False,False
right,720575941625018732,KCg,0,0.0,0.4411764705882353,3,0.0,False,False
right,720575941625095050,KCg,0,0.0,0.4117647058823529,1,0.0,False,False
right,720575941625099419,KCg,0,0.0,0.11764705882352941,2,0.25,False,False
right,720575941625154762,KCab,1,0.002,0.9411764705882353,3,0.5,False,True
right,720575941625167818,KCg,13,0.0,0.47058823529411764,2,0.0,False,True
right,720575941625172635,KCa'b',0,0.0,0.11764705882352941,1,0.0,False,False
right,720575941625191067,KCg,0,0.0,0.058823529411764705,1,1.0,False,False
right,720575941625353883,KCg,0,0.0,0.029411764705882353,1,0.0,False,False
right,720575941625388908,KCab,3,0.016,0.7352941176470589,3,0.0,False,True
right,720575941625498267,KCab,43,0.012,1.0,4,0.4411764705882353,False,True
right,720575941625541787,KCg,0,0.0,0.3823529411764706,3,0.0,False,False
right,720575941625571227,KCg,35,0.016,1.0588235294117647,4,0.0,False,True
right,720575941625674651,KCg,54,0.012,1.1176470588235292,4,0.0,False,True
right,720575941625726828,KCg,3,0.0,0.6764705882352942,4,0.3913043478260869,False,True
right,720575941625884810,KCab,64,0.024,2.0294117647058822,6,0.4057971014492754,True,True
right,720575941625888138,KCab,0,0.0,0.0,0,0.0,False,False
right,720575941626002796,KCa'b',2,0.0,0.5294117647058824,2,0.5,False,True
right,720575941626048923,KCg,0,0.0,0.29411764705882354,3,0.0,False,False
right,720575941626202267,KCg,0,0.0,0.08823529411764706,1,0.0,False,False
right,720575941626344300,KCg,0,0.0,0.0,0,0.0,False,False
right,720575941626464906,KCab,0,0.0,0.058823529411764705,1,1.0,False,False
right,720575941626527370,KCg,0,0.0,0.14705882352941177,1,0.0,False,False
right,720575941626943545,KCg,0,0.0,0.20588235294117646,3,0.2857142857142857,False,False
right,720575941627600441,KC,0,0.0,0.0,0,0.0,False,False
right,720575941627618617,KCg,0,0.0,0.3235294117647059,3,0.0909090909090909,False,False
right,720575941627653689,KCa'b',0,0.0,0.0,0,0.0,False,False
right,720575941627690278,KCapbp,0,0.0,0.0,0,0.0,False,False
right,720575941628651046,KCa'b',0,0.0,0.2647058823529412,2,0.0,False,False
right,720575941628742694,KCg,0,0.0,0.14705882352941174,3,0.20000000000000004,False,False
right,720575941628763174,KCab,58,0.008,1.4705882352941178,3,0.6,False,True
right,720575941628765990,KCa'b',0,0.0,0.11764705882352941,2,0.0,False,False
right,720575941628935481,KCa'b',0,0.0,0.17647058823529413,1,0.0,False,False
right,720575941629497580,KCa'b',40,0.0,0.823529411764706,3,0.4642857142857142,False,True
right,720575941629690662,KCab,16,0.0,0.6470588235294118,1,1.0,False,True
right,720575941629765356,KCg,9,0.0,0.5882352941176471,2,0.85,False,True
right,720575941629810726,KCg,0,0.0,0.11764705882352941,2,0.0,False,False
right,720575941629924578,KCg,44,0.0,0.8823529411764707,4,0.0,False,True
right,720575941629942754,KCg,0,0.0,0.0,0,0.0,False,False
right,720575941630033378,KCa'b',0,0.0,0.029411764705882353,1,0.0,False,False
right,720575941630034658,KCa'b',0,0.0,0.0,0,0.0,False,False
right,720575941630052332,KCg,0,0.0,0.0,0,0.0,False,False
right,720575941630160610,KCg,0,0.0,0.058823529411764705,1,0.0,False,False
right,720575941630161634,KCg,0,0.0,0.0,0,0.0,False,False
right,720575941630166754,KCab,10,0.002,1.088235294117647,4,0.3243243243243244,False,True
right,720575941630236130,KCab,0,0.0,0.0,0,0.0,False,False
right,720575941630259426,KCa'b',0,0.0,0.4411764705882353,1,0.0,False,False
right,720575941630390498,KCab,29,0.002,1.0,3,0.0,False,True
right,720575941630412514,KCg,2,0.0,0.8235294117647058,4,0.2857142857142857,False,True
right,720575941630641634,KC,0,0.0,0.0,0,0.0,False,False
right,720575941630644194,KCg,1,0.046,0.7941176470588235,1,0.0,False,True
right,720575941630660578,KCg,0,0.0,0.0,0,0.0,False,False
right,720575941630758816,KCab,5,0.0,0.6470588235294118,2,0.9545454545454546,False,True
right,720575941630863340,KCab,0,0.0,0.0,0,0.0,False,False
right,720575941630935712,KCa'b',0,0.0,0.0,0,0.0,False,False
right,720575941630940652,KCapbp,0,0.0,0.029411764705882353,1,0.0,False,False
right,720575941630984172,KCg,0,0.0,0.20588235294117646,2,0.5714285714285714,False,False
right,720575941630989765,KCa'b',0,0.0,0.0,0,0.0,False,False
right,720575941631089388,KCab,17,0.002,1.1470588235294117,3,0.38461538461538464,False,True
right,720575941631166917,KCg,0,0.0,0.0,0,0.0,False,False
right,720575941631235554,KCg,36,0.0,1.0,4,0.23529411764705882,False,True
right,720575941631375547,KCg,0,0.0,0.3823529411764706,2,0.0,False,False
right,720575941631402171,KCab,0,0.0,0.1764705882352941,2,0.0,False,False
right,720575941631705541,KCg,1,0.0,0.5294117647058824,2,0.9444444444444444,False,True
right,720575941631729644,KCab,25,0.0,0.7647058823529411,2,0.5384615384615384,False,True
right,720575941631815877,KCg,0,0.0,0.3823529411764706,4,0.0,False,False
right,720575941632038341,KCab,0,0.0,0.14705882352941177,1,1.0,False,False
right,720575941632039109,KCab,0,0.0,0.0,0,0.0,False,False
right,720575941632040133,KCab,0,0.0,0.0,0,0.0,False,False
right,720575941632040645,KCg,0,0.0,0.3529411764705882,2,0.0,False,False
right,720575941632125893,KCab,0,0.0,0.3235294117647059,4,0.0,False,False
right,720575941632187628,KCa'b',0,0.0,0.5,3,0.7058823529411764,False,False
right,720575941632192672,KCg,0,0.0,0.17647058823529413,1,1.0,False,False
right,720575941632202693,KCa'b',0,0.0,0.0,0,0.0,False,False
right,720575941632223468,KCg,0,0.0,0.0,0,0.0,False,False
right,720575941632247200,KCab,11,0.002,0.9411764705882353,1,1.0,False,True
right,720575941632251589,KCg,0,0.0,0.3823529411764706,4,0.0,False,False
right,720575941632309152,KCg,0,0.0,0.0,0,0.0,False,False
right,720575941632352748,KCab,5,0.04,1.1764705882352942,3,0.0,False,True
right,720575941632563397,KCab,0,0.0,0.08823529411764706,1,1.0,False,False
right,720575941632692128,KCa'b',0,0.0,0.23529411764705882,1,0.0,False,False
right,720575941632713632,KCg,0,0.0,0.38235294117647056,1,0.0,False,False
right,720575941632730784,KCg,0,0.0,0.35294117647058826,2,0.08333333333333333,False,False
right,720575941632733115,KCg,42,0.146,1.4117647058823528,2,0.43750000000000006,False,True
right,720575941632737211,KCab,0,0.0,0.0,0,0.0,False,False
right,720575941632739515,KCg,0,0.012,0.6176470588235294,1,0.0,False,False
right,720575941633072325,KCab,0,0.0,0.0,0,0.0,False,False
right,720575941633214651,KCa'b',0,0.0,0.08823529411764706,1,0.0,False,False
right,720575941633219259,KC,0,0.0,0.0,0,0.0,False,False
right,720575941633249952,KCg,0,0.0,0.0,0,0.0,False,False
right,720575941638205557,KCg,0,0.0,0.3235294117647059,4,0.7272727272727272,False,False
right,720575941638397301,KCab,0,0.0,0.14705882352941177,1,0.0,False,False
right,720575941638524021,KCg,0,0.0,0.0,0,0.0,False,False
right,720575941638924917,KCab,0,0.0,0.0,0,0.0,False,False
right,720575941638942837,KCapbp,0,0.0,0.17647058823529413,2,0.0,False,False
right,720575941639255669,KCa'b',0,0.0,0.0,0,0.0,False,False
right,720575941639378463,KCab,1,0.0,0.5294117647058824,1,1.0,False,True
right,720575941639423263,KCg,0,0.0,0.0,0,0.0,False,False
right,720575941639439647,KCg,0,0.0,0.029411764705882353,1,0.0,False,False
right,720575941639496223,KCg,0,0.0,0.029411764705882353,1,1.0,False,False
right,720575941639610143,KCg,34,0.0,0.6764705882352942,2,0.43478260869565216,False,True
right,720575941639610911,KCab,10,0.01,0.8529411764705883,3,0.0,False,True
right,720575941639613983,KCab,0,0.0,0.0,0,0.0,False,False
right,720575941639741983,KCa'b',0,0.0,0.35294117647058826,5,0.08333333333333333,False,False
right,720575941639809055,KCg,0,0.0,0.5294117647058824,2,0.5555555555555556,False,False
right,720575941639844213,KCg,36,0.046,1.4705882352941178,4,0.0,False,True
right,720575941640132127,KCg,30,0.0,0.9117647058823529,4,0.7096774193548386,False,True
right,720575941640155679,KCg,0,0.0,0.0,0,0.0,False,False
right,720575941641078629,KCab,66,0.046,1.2941176470588236,2,0.5,True,True
right,720575941641887314,KCg,0,0.0,0.058823529411764705,1,1.0,False,False
right,720575941641931295,KCab,27,0.076,1.5,3,0.0,False,True
right,720575941642378853,KCg,0,0.0,0.38235294117647056,5,0.0,False,False
right,720575941642479973,KCab,59,0.004,1.3235294117647058,3,0.7777777777777777,False,True
right,720575941642482533,KCab,25,0.004,0.8235294117647058,3,0.0,False,True
right,720575941642584165,KCg,0,0.0,0.14705882352941177,1,0.0,False,False
right,720575941642903928,KCg,0,0.0,0.38235294117647056,1,0.0,False,False
right,720575941642943905,KCg,30,0.0,0.9411764705882353,2,0.59375,False,True
right,720575941642950817,KCg,0,0.0,0.0,0,0.0,False,False
right,720575941642973010,KCab,0,0.0,1.0294117647058822,3,1.0,False,False
right,720575941642988114,KCab,0,0.0,0.0,0,0.0,False,False
right,720575941643073125,KCab,0,0.0,0.2647058823529412,1,1.0,False,False
right,720575941643123045,KCab,0,0.0,0.058823529411764705,1,0.0,False,False
right,720575941643127653,KC,0,0.0,0.0,0,0.0,False,False
right,720575941643128933,KCg,0,0.0,0.0,0,0.0,False,False
right,720575941643149413,KCg,0,0.0,0.2647058823529412,3,0.0,False,False
right,720575941643170661,KCg,2,0.0,0.7941176470588236,7,0.0,False,True
right,720575941643237281,KC,0,0.0,0.0,0,0.0,False,False
right,720575941643292754,KCg,56,0.014,1.9117647058823528,4,0.3384615384615384,False,True
right,720575941643304530,KCg,0,0.0,0.0,0,0.0,False,False
right,720575941643672658,KCg,0,0.0,0.0,0,0.0,False,False
right,720575941644055672,KCg,0,0.0,0.0,0,0.0,False,False
right,720575941644065185,KCab,60,0.046,2.735294117647059,4,1.0,True,True
right,720575941644070817,KCg,0,0.0,0.0,0,0.0,False,False
right,720575941644077473,KCab,2,0.0,0.7058823529411765,3,0.0,False,True
right,720575941644187041,KCab,0,0.0,0.20588235294117646,1,1.0,False,False
right,720575941644308306,KCg,0,0.0,0.5882352941176471,2,0.0,False,False
right,720575941644346824,KCab,21,0.002,0.5294117647058824,2,0.0,False,True
right,720575941644463736,KCg,31,0.01,0.9411764705882353,5,0.0,False,True
right,720575941644523896,KCg,68,0.14,1.2941176470588234,6,0.0,True,True
right,720575941644530808,KCa'b',0,0.0,0.0,0,0.0,False,False
right,720575941644547704,KCab,0,0.0,0.0,0,0.0,False,False
right,720575941644548216,KCab,0,0.0,0.29411764705882354,1,0.0,False,False
right,720575941644567496,KCab,0,0.0,0.029411764705882353,1,1.0,False,False
right,720575941644568008,KCab,0,0.0,0.0,0,0.0,False,False
right,720575941644574664,KCg,26,0.002,1.147058823529412,3,0.0,False,True
right,720575941644575176,KCab,0,0.0,0.5,2,0.4117647058823529,False,False
right,720575941644708984,KCg,0,0.0,0.0,0,0.0,False,False
right,720575941644724424,KCg,0,0.0,0.0,0,0.0,False,False
right,720575941644788168,KCg,0,0.0,0.0,0,0.0,False,False
right,720575941645023905,KCg,63,0.004,0.823529411764706,3,0.39285714285714285,True,True
right,720575941645213128,KC,0,0.0,0.0,0,0.0,False,False
right,720575941650293489,KCa'b',0,0.0,0.14705882352941177,1,1.0,False,False
right,720575941650345493,KCab,0,0.0,0.20588235294117646,1,1.0,False,False
right,720575941650717973,KCab,0,0.0,0.47058823529411764,2,0.5625,False,False
right,720575941650892309,KCg,0,0.0,0.029411764705882353,1,0.0,False,False
right,720575941650896405,KCa'b',69,0.03,1.6764705882352942,13,0.07017543859649122,True,True
right,720575941650990613,KCa'b',2,0.0,0.5882352941176471,2,0.75,False,True
right,720575941651115281,KCg,0,0.0,0.47058823529411764,4,0.0625,False,False
right,720575941651144725,KCg,0,0.0,0.0,0,0.0,False,False
right,720575941651225617,KCa'b',3,0.0,0.8823529411764706,3,0.9333333333333333,False,True
right,720575941651433713,KC,0,0.0,0.029411764705882353,1,0.0,False,False
right,720575941651470869,KCab,0,0.0,0.11764705882352941,2,0.25,False,False
right,720575941651620881,KCab,0,0.0,0.3823529411764706,3,0.0,False,False
right,720575941651916565,KCa'b',0,0.0,0.0,0,0.0,False,False
right,720575941652080149,KCg,0,0.0,0.23529411764705882,1,0.0,False,False
right,720575941652140817,KCa'b',0,0.0,0.029411764705882353,1,0.0,False,False
right,720575941652146449,KCg,66,0.02,1.0,5,0.3235294117647059,True,True
right,720575941652162321,KCab,2,0.0,0.6470588235294118,3,1.0,False,True
right,720575941652173297,KC,0,0.0,0.0,0,0.0,False,False
right,720575941652369393,KCg,0,0.0,0.2647058823529412,1,1.0,False,False
right,720575941652385009,KCab,0,0.0,0.029411764705882353,1,0.0,False,False
right,720575941652482321,KCg,0,0.0,0.0,0,0.0,False,False
right,720575941652697105,KCg,0,0.0,0.17647058823529413,1,0.0,False,False
right,720575941652928529,KCg,45,0.002,1.3235294117647058,3,0.35555555555555557,False,True
right,720575941652957201,KCab,0,0.0,0.0,0,0.0,False,False
right,720575941652974809,KCa'b',0,0.0,0.029411764705882353,1,0.0,False,False
right,720575941653252369,KCg,0,0.0,0.0,0,0.0,False,False
right,720575941653253649,KCg,0,0.0,0.1764705882352941,3,0.0,False,False
right,720575941653261585,KCab,0,0.0,0.11764705882352941,2,0.5,False,False
right,720575941653512977,KCab,30,0.0,0.9117647058823529,2,1.0,False,True
right,720575941653577713,KCg,0,0.004,0.4117647058823529,1,0.0,False,False
right,720575941653588180,KCapbp,0,0.0,0.0,0,0.0,False,False
right,720575941653753105,KCa'b',0,0.0,0.14705882352941177,1,0.0,False,False
right,720575941653848537,KCa'b',0,0.0,0.029411764705882353,1,1.0,False,False
right,720575941653870553,KCa'b',0,0.0,0.20588235294117646,1,0.0,False,False
right,720575941653940697,KCg,0,0.0,0.0,0,0.0,False,False
right,720575941654105049,KCg,0,0.0,0.0,0,0.0,False,False
right,720575941654152148,KCab,0,0.0,0.08823529411764706,1,0.0,False,False
right,720575941654195417,KCg,0,0.0,0.0,0,0.0,False,False
right,720575941654599124,KCg,3,0.0,0.5882352941176471,1,0.0,False,True
right,720575941654854868,KCab,66,0.024,1.0294117647058822,5,0.0,True,True
right,720575941655162580,KCapbp,0,0.0,0.029411764705882353,1,1.0,False,False
right,720575941655216601,KCab,0,0.0,0.4411764705882353,2,0.0,False,False
right,720575941655225817,KCab,5,0.01,0.7647058823529412,4,0.0,False,True
right,720575941655457492,KCg,0,0.0,0.0,0,0.0,False,False
right,720575941655658708,KCab,0,0.0,0.0,0,0.0,False,False
right,720575941655938521,KCab,22,0.008,1.3529411764705883,3,0.3695652173913043,False,True
right,720575941656374296,KCab,0,0.0,0.0,0,0.0,False,False
right,720575941656721432,KC,0,0.0,0.47058823529411764,3,0.0,False,False
right,720575941657568792,KCa'b',2,0.0,0.7058823529411764,2,1.0,False,True
right,720575941657632024,KCapbp,1,0.0,0.38235294117647056,1,0.0,False,True
right,720575941657750808,KCg,8,0.006,1.0,4,0.058823529411764705,False,True
right,720575941658005784,KCab,68,0.11,1.2647058823529411,3,0.0,True,True
right,720575941658032208,KCg,0,0.0,0.4117647058823529,2,0.0,False,False
right,720575941658032464,KCab,25,0.0,0.8529411764705883,3,1.0,False,True
right,720575941658036816,KCg,0,0.0,0.23529411764705882,1,0.0,False,False
right,720575941658589520,KCg,0,0.0,0.11764705882352941,1,1.0,False,False
right,720575941658862416,KCg,8,0.0,0.5294117647058824,4,0.0,False,True
right,720575941659028048,KCg,0,0.0,0.0,0,0.0,False,False
right,720575941660346192,KCg,0,0.0,0.0,0,0.0,False,False
right,720575941660443192,KCg,0,0.0,0.0,0,0.0,False,False
right,720575941661499704,KCg,0,0.0,0.0,0,0.0,False,False
right,720575941661502008,KCg,0,0.0,0.5588235294117647,2,0.0,False,False
right,720575941661502520,KCab,0,0.012,0.5882352941176471,1,0.0,False,False
right,720575941661503032,KCab,66,0.036,1.1764705882352942,3,0.0,True,True
right,720575941661639992,KCab,22,0.05,1.1470588235294117,3,0.23076923076923078,False,True
right,720575941662065976,KCg,0,0.0,0.0,0,0.0,False,False
right,720575941662074168,KCg,0,0.0,0.0,0,0.0,False,False
right,720575941662422652,KCg,0,0.0,0.058823529411764705,2,0.0,False,False
right,720575941662582140,KCg,16,0.0,0.9705882352941176,2,1.0,False,True
right,720575941662676092,KCab,0,0.0,0.2647058823529412,1,0.0,False,False
right,720575941665916403,KCg,0,0.0,0.0,0,0.0,False,False
right,720575941667266547,KCg,36,0.006,1.0,2,0.4117647058823529,False,True
right,720575941667266803,KCg,0,0.0,0.14705882352941174,3,0.6000000000000001,False,False
right,720575941667452147,KCg,0,0.0,0.11764705882352941,2,0.0,False,False
right,720575941667555315,KCg,0,0.0,0.2647058823529412,1,1.0,False,False
right,720575941667641075,KCg,0,0.0,0.0,0,0.0,False,False
right,720575941667685619,KCa'b',64,0.118,1.2058823529411764,2,0.0,True,True
right,720575941667828657,KC,0,0.0,0.0,0,0.0,False,False
right,720575941667841969,KCab,5,0.0,0.5294117647058824,1,1.0,False,True
right,720575941668013555,KCab,28,0.004,0.9705882352941176,3,0.48484848484848486,False,True
right,720575941668461299,KCg,0,0.0,0.0,0,0.0,False,False
right,720575941668483827,KCab,0,0.0,0.0,0,0.0,False,False
right,720575941668487923,KCa'b',0,0.0,0.0,0,0.0,False,False
right,720575941668531443,KCapbp,0,0.0,0.0,0,0.0,False,False
right,720575941668888497,KCab,0,0.0,0.2647058823529412,1,0.0,False,False
right,720575941668999345,KCg,0,0.0,0.0,0,0.0,False,False
right,720575941669019825,KCg,10,0.026,1.0294117647058822,2,0.0,False,True
right,720575941669044391,KCg,0,0.0,0.11764705882352941,1,0.0,False,False
right,720575941669445297,KCab,0,0.0,0.11764705882352941,1,0.0,False,False
right,720575941670348711,KCg,65,0.082,1.6176470588235294,4,0.0,True,True
right,720575941670382247,KCg,0,0.0,0.029411764705882353,1,0.0,False,False
right,720575941670384295,KCg,0,0.0,0.0,0,0.0,False,False
right,720575941671052455,KCg,0,0.0,0.35294117647058826,1,0.0,False,False
right,720575941671064999,KC,0,0.0,0.0,0,0.0,False,False
right,720575941671348391,KCg,35,0.006,1.2058823529411764,5,0.6341463414634146,False,True
right,720575941679148477,KCab,21,0.026,0.7647058823529411,2,0.0,False,True
right,720575941679976125,KCg,0,0.0,0.029411764705882353,1,0.0,False,False
right,720575941680049853,KCg,19,0.026,1.1470588235294117,4,0.0,False,True
right,720575941680100029,KCg,0,0.0,0.17647058823529413,1,0.0,False,False
right,720575941680288701,KCab,2,0.006,0.7647058823529412,3,0.0,False,True
right,720575941680991933,KCab,34,0.012,1.8235294117647056,2,1.0,False,True
right,720575941681952445,KCg,0,0.0,0.14705882352941177,3,0.0,False,False
right,720575941685420783,KCa'b',0,0.0,0.0,0,0.0,False,False
right,720575941686481420,KC,0,0.0,0.29411764705882354,2,0.6,False,False
right,720575941686580748,KCg,0,0.0,0.3823529411764706,2,0.0,False,False
right,720575941687111663,KCab,50,0.018,1.1470588235294117,2,0.5641025641025642,False,True
right,720575941687270518,KCa'b',0,0.0,0.0,0,0.0,False,False
right,720575941687566831,KCab,0,0.0,0.3529411764705882,5,0.41666666666666674,False,False
right,720575941687567884,KCab,3,0.0,0.7941176470588236,5,0.2222222222222222,False,True
right,720575941687722358,KCab,18,0.0,0.8823529411764706,3,0.3,False,True
right,720575941687861366,KCa'b',0,0.0,0.29411764705882354,1,1.0,False,False
right,720575941688177420,KC,0,0.0,0.0,0,0.0,False,False
right,720575941688181260,KCa'b',0,0.0,0.058823529411764705,1,0.0,False,False
right,720575941688262924,KCg,0,0.0,0.058823529411764705,1,0.0,False,False
right,720575941688292982,KC,0,0.0,0.0,0,0.0,False,False
right,720575941688312438,KCg,0,0.0,0.0,0,0.0,False,False
right,720575941689101807,KCapbp,0,0.0,0.3235294117647059,1,0.0,False,False
right,720575941689536219,KCab,0,0.0,0.0,0,0.0,False,False
right,720575941689608923,KCa'b',23,0.024,0.6176470588235294,1,0.0,False,True
right,720575941689618651,KCg,0,0.0,0.38235294117647056,1,0.0,False,False
right,720575941689806043,KCab,0,0.0,0.3235294117647059,1,0.0,False,False
right,720575941689827035,KCab,1,0.0,0.8823529411764706,3,0.7333333333333333,False,True
right,720575941689908888,KCab,6,0.0,0.676470588235294,4,0.0,False,True
right,720575941689913240,KCg,0,0.0,0.6764705882352942,3,0.0,False,False
right,720575941689916568,KCab,0,0.0,0.11764705882352941,1,0.0,False,False
right,720575941689920664,KCab,2,0.0,0.5588235294117647,3,0.0,False,True
right,720575941689925851,KCg,0,0.0,0.7647058823529412,5,0.0,False,False
right,720575941689965430,KCg,0,0.0,0.058823529411764705,1,0.0,False,False
right,720575941689991643,KCab,0,0.0,0.2647058823529412,2,0.0,False,False
right,720575941690129560,KCg,7,0.012,0.9117647058823529,3,0.09677419354838711,False,True
right,720575941690130584,KCg,0,0.0,0.5588235294117647,2,0.7368421052631579,False,False
right,720575941690326747,KCab,0,0.0,0.08823529411764706,1,0.0,False,False
right,720575941690627480,KCg,0,0.0,0.0,0,0.0,False,False
right,720575941690929115,KCab,16,0.0,0.9411764705882353,3,0.5,False,True
right,720575941702050266,KCa'b',0,0.0,0.5882352941176471,2,0.0,False,False
right,720575941702182874,KCab,0,0.0,0.5,5,0.058823529411764705,False,False
right,720575941702184922,KCg,0,0.0,0.17647058823529413,2,0.0,False,False
right,720575941702343386,KCg,0,0.0,0.20588235294117646,1,0.0,False,False
right,720575941702399706,KCab,0,0.0,0.0,0,0.0,False,False
right,720575941702524378,KCab,0,0.0,0.0,0,0.0,False,False
right,720575941702824666,KCab,66,0.17,2.117647058823529,5,0.013888888888888892,True,True
right,720575941703416026,KCg,0,0.012,0.7352941176470589,2,0.0,False,False
right,720575941721956410,KCg,10,0.002,0.6764705882352942,2,0.34782608695652173,False,True
right,720575941722064698,KC,0,0.0,0.0,0,0.0,False,False
right,720575941722415418,KCa'b',0,0.0,0.0,0,0.0,False,False
right,720575941722491194,KCab,6,0.0,0.6176470588235294,1,1.0,False,True
right,720575941722847290,KCa'b',0,0.0,0.0,0,0.0,False,False
right,720575941722853946,KCab,0,0.0,0.38235294117647056,1,1.0,False,False
right,720575941722979386,KCg,0,0.0,0.0,0,0.0,False,False
right,720575941723491642,KCg,0,0.0,0.0,0,0.0,False,False
right,720575941730295851,KCg,0,0.0,0.2647058823529412,3,0.0,False,False
right,720575941730333483,KCg,4,0.0,0.7058823529411765,2,0.7916666666666666,False,True
right,720575941730667819,KCab,0,0.0,0.3823529411764706,2,0.923076923076923,False,False
right,720575941731415851,KC,0,0.0,0.1764705882352941,2,0.6666666666666667,False,False
right,720575941731489835,KC,0,0.0,0.0,0,0.0,False,False
right,720575941731650091,KCab,18,0.054,0.5882352941176471,1,0.0,False,True
right,720575941731662891,KCg,12,0.0,0.8823529411764706,4,0.0,False,True
right,720575941731786539,KCab,0,0.0,0.2647058823529412,1,1.0,False,False
right,720575941731831339,KCg,0,0.0,0.3235294117647059,3,0.45454545454545453,False,False
right,720575941731940395,KCg,0,0.0,0.14705882352941177,1,0.0,False,False
right,720575941732179499,KCab,0,0.0,0.1764705882352941,2,0.6666666666666667,False,False
right,720575941732194347,KC,29,0.026,0.8235294117647058,2,0.0,False,True
right,720575941732220203,KCab,8,0.0,0.7647058823529411,1,1.0,False,True
right,720575941732221739,KCg,0,0.0,0.0,0,0.0,False,False
right,720575941732549931,KCab,39,0.03,0.7647058823529412,2,0.0,False,True
right,720575941732643371,KCa'b',0,0.0,0.4117647058823529,2,1.0,False,False
left,720575941351118640,KCa'b',0,0.0,0.3333333333333333,3,0.9,False,False
left,720575941351883568,KCapbp,0,0.0,0.03333333333333333,1,0.0,False,False
left,720575941351937840,KCab,0,0.0,0.4666666666666667,3,0.0,False,False
left,720575941352042288,KCg,3,0.002,1.0666666666666667,6,0.0,False,True
left,720575941352043312,KCg,0,0.0,0.13333333333333333,2,0.0,False,False
left,720575941352049712,KCg,0,0.0,0.03333333333333333,1,0.0,False,False
left,720575941352132912,KCa'b',0,0.0,0.0,0,0.0,False,False
left,720575941352155952,KCab,4,0.004,0.7666666666666666,2,0.0,False,True
left,720575941352202800,KCg,0,0.0,0.16666666666666666,2,0.0,False,False
left,720575941352617776,KCg,5,0.0,0.9,6,0.7037037037037036,False,True
left,720575941353901616,KCab,0,0.0,0.5333333333333333,2,0.75,False,False
left,720575941392018436,KCapbp,0,0.0,0.0,0,0.0,False,False
left,720575941392174340,KCa'b',0,0.0,0.5666666666666667,2,1.0,False,False
left,720575941392445846,KC,66,0.026,1.9333333333333331,4,0.7586206896551726,True,True
left,720575941392449540,KC,0,0.0,0.0,0,0.0,False,False
left,720575941392452612,KC,0,0.0,0.0,0,0.0,False,False
left,720575941392620438,KCab,0,0.0,0.3333333333333333,1,1.0,False,False
left,720575941392621206,KCg,0,0.0,0.0,0,0.0,False,False
left,720575941392627862,KCg,0,0.0,0.23333333333333334,2,0.0,False,False
left,720575941392629142,KCg,0,0.0,0.5,2,0.0,False,False
left,720575941392637334,KCapbp,0,0.0,0.0,0,0.0,False,False
left,720575941392641430,KCab,0,0.0,0.6666666666666666,2,0.75,False,False
left,720575941392642454,KCg,0,0.0,0.0,0,0.0,False,False
left,720575941392902660,KCg,0,0.0,0.5,3,0.0,False,False
left,720575941393212054,KCg,0,0.0,0.1,3,0.0,False,False
left,720575941393700502,KCg,0,0.0,0.0,0,0.0,False,False
left,720575941399576867,KCa'b',0,0.0,0.3,3,0.0,False,False
left,720575941399747363,KC,0,0.0,0.16666666666666669,2,0.0,False,False
left,720575941400595491,KCg,0,0.0,0.0,0,0.0,False,False
left,720575941400734243,KCab,0,0.0,0.26666666666666666,2,0.875,False,False
left,720575941400738339,KCg,0,0.0,0.0,0,0.0,False,False
left,720575941400741411,KCa'b',6,0.002,0.8666666666666667,3,0.0,False,True
left,720575941400838179,KCg,0,0.0,0.03333333333333333,1,1.0,False,False
left,720575941400971555,KCg,64,0.156,2.2666666666666666,4,0.22058823529411764,True,True
left,720575941401083171,KCab,0,0.0,0.5,3,0.0,False,False
left,720575941401084451,KCab,0,0.0,0.4,1,1.0,False,False
left,720575941401382435,KCg,0,0.0,0.03333333333333333,1,0.0,False,False
left,720575941401704483,KCab,40,0.006,0.8333333333333333,2,0.0,False,True
left,720575941402048803,KCg,0,0.0,0.0,0,0.0,False,False
left,720575941402615408,KCg,0,0.0,0.5,1,0.0,False,False
left,720575941402696048,KCab,0,0.0,0.1,2,0.6666666666666666,False,False
left,720575941402858787,KCg,0,0.0,0.19999999999999998,3,0.0,False,False
left,720575941403140643,KCg,8,0.006,1.0333333333333334,5,0.0,False,True
left,720575941403304739,KCg,0,0.0,0.0,0,0.0,False,False
left,720575941403840880,KC,0,0.0,0.3333333333333333,2,0.0,False,False
left,720575941403979120,KCg,0,0.0,0.0,0,0.0,False,False
left,720575941403983472,KCg,0,0.0,0.03333333333333333,1,0.0,False,False
left,720575941403986032,KCg,0,0.0,0.3666666666666667,2,0.6363636363636364,False,False
left,720575941403992432,KC,0,0.0,0.23333333333333334,2,0.8571428571428572,False,False
left,720575941403995760,KCab,0,0.0,0.3666666666666667,2,1.0,False,False
left,720575941404184176,KCg,0,0.0,0.0,0,0.0,False,False
left,720575941404459632,KCab,63,0.034,1.3666666666666665,4,0.04878048780487806,True,True
left,720575941406258606,KC,0,0.0,0.23333333333333334,2,0.14285714285714285,False,False
left,720575941406260336,KCg,0,0.0,0.03333333333333333,1,0.0,False,False
left,720575941407426607,KCa'b',0,0.0,0.06666666666666667,2,0.5,False,False
left,720575941407480623,KCa'b',0,0.0,0.43333333333333335,3,0.0,False,False
left,720575941407483439,KCa'b',0,0.0,0.3333333333333333,2,1.0,False,False
left,720575941407631151,KCg,0,0.0,0.13333333333333333,1,0.0,False,False
left,720575941407686191,KCa'b',0,0.0,0.19999999999999998,3,0.16666666666666669,False,False
left,720575941408056367,KCab,0,0.0,0.0,0,0.0,False,False
left,720575941408398383,KCg,68,0.05,2.0,2,0.6166666666666667,True,True
left,720575941408633006,KCg,0,0.0,0.36666666666666664,2,0.0,False,False
left,720575941408963243,KCg,0,0.0,0.0,0,0.0,False,False
left,720575941409591343,KCg,11,0.0,0.8,2,0.0,False,True
left,720575941410173355,KCg,46,0.032,1.5,4,0.0,False,True
left,720575941410191275,KCg,0,0.0,0.23333333333333334,3,0.4285714285714286,False,False
left,720575941410429099,KCg,0,0.0,0.0,0,0.0,False,False
left,720575941410768811,KCg,0,0.0,0.0,0,0.0,False,False
left,720575941411137451,KCg,0,0.0,0.5,3,1.0,False,False
left,720575941411501483,KCab,0,0.0,0.16666666666666666,1,0.0,False,False
left,720575941411710831,KCab,0,0.0,0.23333333333333334,1,1.0,False,False
left,720575941411746671,KCg,0,0.0,0.26666666666666666,1,0.0,False,False
left,720575941411896175,KCg,0,0.0,0.5666666666666667,2,0.0,False,False
left,720575941412065391,KCg,0,0.0,0.0,0,0.0,False,False
left,720575941412145323,KCa'b',0,0.0,0.4666666666666667,3,1.0,False,False
left,720575941412166545,KC,0,0.0,0.03333333333333333,1,0.0,False,False
left,720575941412183185,KCab,0,0.0,0.3666666666666667,2,0.0,False,False
left,720575941412204203,KCab,31,0.038,1.2666666666666666,2,0.0,False,True
left,720575941412255087,KCab,0,0.0,0.0,0,0.0,False,False
left,720575941412275823,KCg,9,0.018,0.9333333333333333,2,0.0,False,True
left,720575941412287087,KCg,0,0.0,0.0,0,0.0,False,False
left,720575941412299631,KC,42,0.022,1.3333333333333333,3,0.0,False,True
left,720575941412376468,KCg,0,0.0,0.03333333333333333,1,0.0,False,False
left,720575941412854955,KCg,0,0.0,0.1,1,0.0,False,False
left,720575941413169297,KCg,0,0.0,0.30000000000000004,2,0.3333333333333333,False,False
left,720575941413213329,KCab,0,0.0,0.16666666666666666,2,0.8,False,False
left,720575941413228689,KCab,0,0.0,0.33333333333333337,2,0.0,False,False
left,720575941413332628,KCg,0,0.0,0.0,0,0.0,False,False
left,720575941413336980,KCg,0,0.0,0.23333333333333334,1,1.0,False,False
left,720575941413350804,KCg,14,0.014,0.9666666666666666,3,0.0,False,True
left,720575941413485201,KCg,0,0.0,0.03333333333333333,1,0.0,False,False
left,720575941413487761,KCg,0,0.0,0.03333333333333333,1,0.0,False,False
left,720575941413773716,KCg,47,0.068,2.1999999999999997,5,0.0,False,True
left,720575941413845649,KCg,12,0.0,0.6,1,0.0,False,True
left,720575941413846417,KC,0,0.0,0.26666666666666666,4,0.0,False,False
left,720575941413874833,KCab,1,0.0,0.5,2,0.8,False,True
left,720575941413902225,KC,59,0.002,1.2666666666666666,3,0.5526315789473684,True,True
left,720575941414121876,KCab,2,0.0,0.6333333333333333,1,0.0,False,True
left,720575941414169492,KC,5,0.046,1.2666666666666668,4,0.026315789473684206,False,True
left,720575941414169748,KCg,0,0.0,0.0,0,0.0,False,False
left,720575941414170004,KCab,0,0.0,0.0,0,0.0,False,False
left,720575941414172564,KCab,35,0.006,0.9333333333333333,3,0.0,False,True
left,720575941414514065,KCapbp,0,0.0,0.36666666666666664,1,0.0,False,False
left,720575941414549788,KCa'b',9,0.002,1.0333333333333332,5,0.03225806451612904,False,True
left,720575941414565148,KCg,0,0.0,0.5666666666666667,4,0.0,False,False
left,720575941415487260,KCg,0,0.0,0.0,0,0.0,False,False
left,720575941415487516,KCab,0,0.0,0.4666666666666667,2,0.5,False,False
left,720575941415563804,KCg,0,0.0,0.03333333333333333,1,0.0,False,False
left,720575941415639580,KCg,0,0.0,0.03333333333333333,1,0.0,False,False
left,720575941415760156,KCg,1,0.0,0.7333333333333334,2,0.0,False,True
left,720575941415807260,KCab,0,0.0,0.3333333333333333,2,0.0,False,False
left,720575941415830300,KC,21,0.0,0.7333333333333334,3,0.3636363636363636,False,True
left,720575941416287260,KCg,0,0.0,0.03333333333333333,1,1.0,False,False
left,720575941416313628,KCg,0,0.0,0.16666666666666666,1,0.0,False,False
left,720575941416585756,KCg,0,0.0,0.39999999999999997,2,0.08333333333333334,False,False
left,720575941425445972,KCg,0,0.0,0.3333333333333333,1,1.0,False,False
left,720575941426718036,KCg,0,0.0,0.1,1,0.0,False,False
left,720575941426739540,KC,0,0.0,0.5333333333333333,3,0.0,False,False
left,720575941427621972,KCg,0,0.0,0.0,0,0.0,False,False
left,720575941428797944,KCab,13,0.0,0.9666666666666666,5,0.0,False,True
left,720575941428927992,KCg,0,0.0,0.0,0,0.0,False,False
left,720575941428941487,KCg,0,0.0,0.2,1,0.0,False,False
left,720575941429005961,KC,0,0.0,0.23333333333333334,1,0.0,False,False
left,720575941429009656,KCa'b',0,0.0,0.3333333333333333,3,0.0,False,False
left,720575941429067512,KCg,0,0.0,0.5333333333333333,3,0.0,False,False
left,720575941429438639,KCab,49,0.01,1.7333333333333334,3,0.4807692307692308,False,True
left,720575941429614767,KC,35,0.0,0.8666666666666667,3,1.0,False,True
left,720575941429943905,KC,2,0.0,0.4666666666666667,1,0.0,False,True
left,720575941429974881,KCab,14,0.0,0.9333333333333333,2,0.0,False,True
left,720575941429976495,KC,45,0.002,1.0666666666666667,3,0.5625,False,True
left,720575941430007689,KCab,0,0.0,0.0,0,0.0,False,False
left,720575941430012847,KCg,0,0.0,0.36666666666666664,4,0.8181818181818182,False,False
left,720575941430048175,KCg,0,0.0,0.1,1,0.0,False,False
left,720575941430051977,KCab,4,0.0,0.5666666666666667,3,0.0,False,True
left,720575941430053039,KCg,0,0.0,0.3333333333333333,2,0.9,False,False
left,720575941430167032,KCg,10,0.002,0.7999999999999999,4,0.20833333333333337,False,True
left,720575941430244745,KCg,0,0.0,0.03333333333333333,1,0.0,False,False
left,720575941430275759,KCa'b',0,0.0,0.0,0,0.0,False,False
left,720575941430361481,KCg,0,0.0,0.13333333333333333,2,0.0,False,False
left,720575941430362799,KCg,0,0.0,0.7333333333333334,5,0.5909090909090908,False,False
left,720575941430407928,KCab,10,0.058,0.9666666666666667,2,0.0,False,True
left,720575941430512120,KCab,0,0.0,0.13333333333333333,2,0.0,False,False
left,720575941430682543,KC,4,0.0,0.5666666666666667,3,0.7647058823529412,False,True
left,720575941430694793,KCab,0,0.0,0.0,0,0.0,False,False
left,720575941430706351,KCg,0,0.0,0.36666666666666664,1,0.0,False,False
left,720575941430722479,KCg,0,0.0,0.0,0,0.0,False,False
left,720575941430746287,KCab,25,0.0,1.6333333333333335,6,0.346938775510204,False,True
left,720575941430811384,KC,0,0.0,0.0,0,0.0,False,False
left,720575941430850808,KCg,21,0.01,0.8,4,0.0,False,True
left,720575941430853368,KCg,0,0.0,0.5333333333333333,3,0.0,False,False
left,720575941430854392,KCg,34,0.002,0.9666666666666667,2,0.5862068965517241,False,True
left,720575941430878049,KCg,50,0.002,1.2,3,0.5555555555555556,False,True
left,720575941430926606,KCab,38,0.09,1.3333333333333333,3,0.0,False,True
left,720575941431058785,KCg,0,0.0,0.33333333333333337,2,0.0,False,False
left,720575941431086807,KCg,0,0.0,0.06666666666666667,1,1.0,False,False
left,720575941431091081,KCab,33,0.13,1.8333333333333335,4,0.19999999999999998,False,True
left,720575941431165688,KCg,18,0.004,0.8999999999999999,3,0.1851851851851852,False,True
left,720575941431172311,KCab,0,0.0,0.0,0,0.0,False,False
left,720575941431189463,KCg,0,0.0,0.3,1,0.0,False,False
left,720575941431189719,KCab,66,0.074,1.7,6,0.0,True,True
left,720575941431202263,KCg,1,0.0,0.8666666666666667,3,0.46153846153846156,False,True
left,720575941431210199,KCab,41,0.01,1.5666666666666667,3,0.5106382978723405,False,True
left,720575941431219809,KCab,0,0.0,0.03333333333333333,1,0.0,False,False
left,720575941431355863,KCa'b',0,0.0,0.0,0,0.0,False,False
left,720575941431609336,KCg,0,0.0,0.9333333333333332,4,0.03571428571428572,False,False
left,720575941431899662,KCab,53,0.038,1.9,3,0.3333333333333333,False,True
left,720575941431916503,KCg,9,0.002,0.6333333333333333,1,0.0,False,True
left,720575941431917015,KCab,7,0.0,0.9666666666666667,3,0.7931034482758621,False,True
left,720575941432048559,KCa'b',0,0.0,0.0,0,0.0,False,False
left,720575941432162062,KC,0,0.0,0.16666666666666666,2,0.0,False,False
left,720575941432174862,KCab,10,0.0,0.6666666666666666,3,0.45,False,True
left,720575941432611543,KCab,0,0.0,0.36666666666666664,2,0.0,False,False
left,720575941432634287,KCab,0,0.0,0.0,0,0.0,False,False
left,720575941433347726,KCapbp,0,0.0,0.26666666666666666,1,0.0,False,False
left,720575941433427553,KCg,0,0.0,0.23333333333333334,1,0.0,False,False
left,720575941433907488,KCa'b',0,0.0,0.1,1,0.0,False,False
left,720575941434400142,KCab,6,0.0,0.9,5,0.0,False,True
left,720575941434514062,KCg,10,0.0,1.0333333333333334,4,0.3870967741935483,False,True
left,720575941434515854,KCg,0,0.0,0.0,0,0.0,False,False
left,720575941434516110,KCg,0,0.0,0.0,0,0.0,False,False
left,720575941434518926,KCg,0,0.0,0.5333333333333333,4,0.8125,False,False
left,720575941434712718,KCg,0,0.0,0.36666666666666664,1,0.0,False,False
left,720575941434883360,KC,9,0.0,0.9,4,0.4814814814814815,False,True
left,720575941435005472,KCg,0,0.0,0.13333333333333333,2,0.0,False,False
left,720575941435036814,KCg,0,0.0,0.26666666666666666,2,0.0,False,False
left,720575941435475854,KCg,0,0.0,0.1,1,0.0,False,False
left,720575941435604256,KCg,0,0.0,0.33333333333333337,2,0.0,False,False
left,720575941435604512,KC,0,0.0,0.03333333333333333,1,0.0,False,False
left,720575941435612192,KC,24,0.0,0.8999999999999999,5,0.29629629629629634,False,True
left,720575941435970080,KCa'b',7,0.0,0.9,4,0.9259259259259259,False,True
left,720575941436362514,KCab,0,0.0,0.03333333333333333,1,1.0,False,False
left,720575941437254207,KCg,15,0.002,1.2333333333333334,2,0.9189189189189189,False,True
left,720575941437282367,KCg,0,0.0,0.13333333333333333,1,0.0,False,False
left,720575941437308178,KCg,0,0.0,0.43333333333333335,2,0.0,False,False
left,720575941437373472,KCa'b',71,0.032,1.6666666666666665,5,0.16,True,True
left,720575941437396498,KCab,0,0.0,0.39999999999999997,2,0.0,False,False
left,720575941437397266,KCg,0,0.0,0.36666666666666664,1,0.0,False,False
left,720575941437406252,KCab,3,0.0,0.5,1,0.0,False,True
left,720575941437407788,KCg,28,0.0,0.9333333333333333,4,0.0,False,True
left,720575941437408300,KCab,11,0.0,1.5000000000000002,7,0.3777777777777777,False,True
left,720575941437503276,KC,22,0.1,1.3666666666666667,5,0.0,False,True
left,720575941437532434,KCg,0,0.0,0.26666666666666666,1,0.0,False,False
left,720575941437552351,KCab,0,0.0,0.36666666666666664,2,0.0,False,False
left,720575941438073823,KCg,0,0.0,0.4333333333333333,3,0.15384615384615385,False,False
left,720575941438079020,KCg,0,0.0,0.4,4,0.0,False,False
left,720575941438097452,KCab,0,0.0,0.03333333333333333,1,0.0,False,False
left,720575941438107154,KC,0,0.0,0.0,0,0.0,False,False
left,720575941438114066,KCg,0,0.0,0.13333333333333333,2,0.75,False,False
left,720575941438423615,KCg,0,0.0,0.2,2,0.0,False,False
left,720575941438426687,KCg,0,0.0,0.0,0,0.0,False,False
left,720575941438429247,KCa'b',0,0.0,0.0,0,0.0,False,False
left,720575941438436671,KCa'b',0,0.0,0.1,1,0.0,False,False
left,720575941438437183,KCa'b',36,0.0,1.4666666666666668,3,0.75,False,True
left,720575941438513887,KCab,8,0.0,0.8,2,0.0,False,True
left,720575941438642962,KCg,11,0.0,0.7,3,0.0,False,True
left,720575941438653503,KCab,1,0.006,0.7333333333333333,3,0.0,False,True
left,720575941438674399,KCab,72,0.032,1.7,4,0.37254901960784315,True,True
left,720575941438701535,KCa'b',0,0.0,0.06666666666666667,2,0.0,False,False
left,720575941438893279,KCab,0,0.0,0.36666666666666664,2,0.0,False,False
left,720575941438958047,KCab,34,0.028,1.3,6,0.10256410256410256,False,True
left,720575941438993727,KCab,0,0.0,0.3666666666666667,2,0.0,False,False
left,720575941439226197,KCg,0,0.0,0.30000000000000004,4,0.0,False,False
left,720575941439238485,KCab,0,0.0,0.43333333333333335,2,0.0,False,False
left,720575941439283423,KC,0,0.0,0.26666666666666666,1,0.0,False,False
left,720575941439284447,KCg,6,0.0,0.8666666666666667,5,0.0,False,True
left,720575941439292639,KCg,0,0.0,0.23333333333333334,2,0.7142857142857142,False,False
left,720575941439295711,KC,0,0.0,0.0,0,0.0,False,False
left,720575941439458133,KCg,0,0.0,0.0,0,0.0,False,False
left,720575941439614783,KCapbp,0,0.0,0.1,2,0.0,False,False
left,720575941439623259,KCg,0,0.0,0.0,0,0.0,False,False
left,720575941439628588,KCg,0,0.0,0.0,0,0.0,False,False
left,720575941439628751,KCa'b',0,0.0,0.0,0,0.0,False,False
left,720575941439630287,KCab,0,0.0,0.03333333333333333,1,1.0,False,False
left,720575941439710159,KCab,0,0.0,0.6666666666666667,2,0.39999999999999997,False,False
left,720575941439719119,KC,37,0.018,1.3333333333333333,4,0.025,False,True
left,720575941439750607,KCg,0,0.0,1.0333333333333332,3,0.32258064516129037,False,False
left,720575941440073813,KCg,0,0.0,0.3333333333333333,2,0.0,False,False
left,720575941440097231,KCg,0,0.0,0.0,0,0.0,False,False
left,720575941440172095,KCab,0,0.0,0.23333333333333334,2,0.14285714285714285,False,False
left,720575941440297919,KCa'b',0,0.0,0.4,1,0.0,False,False
left,720575941440653915,KCab,0,0.0,0.13333333333333333,1,1.0,False,False
left,720575941440718287,KCg,0,0.0,0.0,0,0.0,False,False
left,720575941440804699,KCg,0,0.0,0.43333333333333335,1,1.0,False,False
left,720575941440869979,KCa'b',0,0.0,0.5,2,0.0,False,False
left,720575941440897983,KCab,0,0.0,0.13333333333333333,2,1.0,False,False
left,720575941440915903,KCab,0,0.0,0.3333333333333333,1,0.0,False,False
left,720575941440931023,KCg,0,0.0,0.03333333333333333,1,0.0,False,False
left,720575941440936399,KCab,15,0.006,0.6666666666666667,3,0.0,False,True
left,720575941441076431,KC,0,0.0,0.2,1,0.0,False,False
left,720575941441090255,KCg,0,0.0,0.23333333333333334,1,0.0,False,False
left,720575941441227099,KCa'b',0,0.0,0.1,1,0.0,False,False
left,720575941441555407,KCg,0,0.0,0.0,0,0.0,False,False
left,720575941441560271,KCab,0,0.0,0.13333333333333333,1,0.0,False,False
left,720575941441718363,KCg,0,0.0,0.43333333333333335,4,0.0,False,False
left,720575941441946459,KCg,0,0.0,0.0,0,0.0,False,False
left,720575941442191551,KCg,0,0.0,0.16666666666666666,2,1.0,False,False
left,720575941442976938,KC,0,0.0,0.5333333333333333,2,0.3125,False,False
left,720575941443805866,KCg,0,0.0,0.7666666666666666,3,0.26086956521739135,False,False
left,720575941444008618,KCab,70,0.05,1.6,4,0.3125,True,True
left,720575941445249706,KCg,0,0.0,0.06666666666666667,1,0.0,False,False
left,720575941445372586,KCg,0,0.0,0.0,0,0.0,False,False
left,720575941446459924,KC,2,0.0,0.6666666666666667,2,1.0,False,True
left,720575941446846740,KCg,0,0.0,0.2,1,1.0,False,False
left,720575941446848532,KCg,0,0.0,0.0,0,0.0,False,False
left,720575941447127316,KCg,0,0.0,0.4666666666666667,2,1.0,False,False
left,720575941447162132,KCab,25,0.0,1.2,3,0.25,False,True
left,720575941447340564,KCab,0,0.0,0.0,0,0.0,False,False
left,720575941448740884,KCa'b',0,0.0,0.3666666666666667,2,0.0,False,False
left,720575941448776629,KCab,1,0.0,0.6000000000000001,4,1.0,False,True
left,720575941448880309,KCab,19,0.002,1.1,2,0.6969696969696969,False,True
left,720575941448992437,KCab,0,0.0,0.5,2,0.0,False,False
left,720575941449031956,KCa'b',0,0.0,0.33333333333333337,2,0.0,False,False
left,720575941449083741,KCg,0,0.0,0.03333333333333333,1,0.0,False,False
left,720575941449253981,KCab,0,0.004,1.0,3,0.26666666666666666,False,False
left,720575941449255773,KCab,12,0.016,1.1,5,0.0303030303030303,False,True
left,720575941449349213,KCg,16,0.052,1.0666666666666667,3,0.0,False,True
left,720575941449357493,KCab,0,0.0,0.13333333333333333,1,0.0,False,False
left,720575941449376605,KCapbp,0,0.0,0.6333333333333333,2,0.0,False,False
left,720575941449392718,KCab,0,0.0,0.4,1,1.0,False,False
left,720575941449394357,KCab,0,0.0,0.0,0,0.0,False,False
left,720575941449553486,KCa'b',0,0.0,0.6666666666666666,2,0.0,False,False
left,720575941449556558,KC,1,0.0,0.6,3,0.0,False,True
left,720575941449558094,KCa'b',0,0.0,0.5,4,0.0,False,False
left,720575941449565518,KCab,29,0.032,1.2666666666666666,5,0.0,False,True
left,720575941449568861,KCab,19,0.004,1.0666666666666667,3,0.0,False,True
left,720575941449571406,KCab,0,0.0,0.5333333333333333,2,1.0,False,False
left,720575941449689437,KCg,0,0.0,0.03333333333333333,1,0.0,False,False
left,720575941449743738,KCapbp,15,0.0,1.366666666666667,3,0.8292682926829268,False,True
left,720575941449793870,KCab,1,0.0,0.8333333333333333,3,0.64,False,True
left,720575941449835086,KCab,0,0.0,0.1,2,0.0,False,False
left,720575941449907066,KCab,27,0.02,0.9333333333333332,5,0.0,False,True
left,720575941450185053,KCg,0,0.0,0.0,0,0.0,False,False
left,720575941450204509,KCapbp,0,0.0,0.6333333333333333,3,0.4210526315789474,False,False
left,720575941450269006,KCg,0,0.0,0.3,4,0.0,False,False
left,720575941450283079,KCg,0,0.0,0.26666666666666666,2,0.0,False,False
left,720575941450587463,KCg,0,0.0,0.1,2,0.0,False,False
left,720575941450891086,KCa'b',0,0.0,0.7,2,0.5714285714285715,False,False
left,720575941450907214,KCg,57,0.16,2.2666666666666666,7,0.0,True,True
left,720575941450971305,KCapbp,0,0.0,0.0,0,0.0,False,False
left,720575941451020922,KCab,1,0.0,0.43333333333333335,2,0.0,False,True
left,720575941451021946,KCg,0,0.0,0.0,0,0.0,False,False
left,720575941451085993,KCg,0,0.0,0.0,0,0.0,False,False
left,720575941451227817,KCa'b',0,0.0,0.0,0,0.0,False,False
left,720575941451584334,KCab,10,0.0,0.7666666666666666,4,0.0,False,True
left,720575941451600206,KCa'b',0,0.0,0.4,2,1.0,False,False
left,720575941451667066,KCg,66,0.016,1.7666666666666666,4,0.6226415094339623,True,True
left,720575941451762759,KCg,0,0.0,0.1,1,1.0,False,False
left,720575941451975495,KCg,0,0.0,0.0,0,0.0,False,False
left,720575941451979847,KCg,0,0.0,0.06666666666666667,1,0.0,False,False
left,720575941452100167,KCg,0,0.0,0.0,0,0.0,False,False
left,720575941452177018,KCg,0,0.0,0.0,0,0.0,False,False
left,720575941452198057,KCa'b',0,0.0,0.16666666666666666,1,0.0,False,False
left,720575941452201897,KCg,0,0.0,0.23333333333333334,1,0.0,False,False
left,720575941452212649,KCab,45,0.002,1.2000000000000002,5,0.5555555555555556,False,True
left,720575941452212905,KCg,0,0.0,0.0,0,0.0,False,False
left,720575941452213417,KCab,34,0.002,1.5333333333333334,6,0.32608695652173914,False,True
left,720575941452228521,KCg,0,0.0,0.7000000000000001,4,0.38095238095238093,False,False
left,720575941452229289,KC,0,0.0,0.0,0,0.0,False,False
left,720575941452236201,KCg,0,0.0,0.36666666666666664,3,0.09090909090909091,False,False
left,720575941452284329,KCg,0,0.0,0.2333333333333333,4,0.0,False,False
left,720575941452396871,KCab,0,0.0,0.3,1,0.0,False,False
left,720575941452415303,KCab,55,0.002,1.4333333333333333,5,0.6046511627906976,True,True
left,720575941452441415,KC,0,0.0,0.1,1,0.0,False,False
left,720575941452453703,KC,2,0.0,0.7666666666666666,4,0.9130434782608696,False,True
left,720575941452519593,KCg,0,0.0,0.36666666666666664,3,0.09090909090909091,False,False
left,720575941452536115,KCa'b',0,0.0,0.5,2,0.13333333333333333,False,False
left,720575941452537159,KCg,0,0.0,0.39999999999999997,3,0.0,False,False
left,720575941452717895,KCg,0,0.0,0.0,0,0.0,False,False
left,720575941452913321,KCab,0,0.0,0.13333333333333333,1,0.0,False,False
left,720575941452937129,KCg,0,0.0,0.0,0,0.0,False,False
left,720575941453396649,KCg,0,0.0,0.0,0,0.0,False,False
left,720575941453461043,KCg,21,0.006,1.1,3,0.0,False,True
left,720575941453578665,KCab,0,0.0,0.0,0,0.0,False,False
left,720575941453744691,KC,0,0.0,0.43333333333333335,2,0.0,False,False
left,720575941454204723,KCg,0,0.0,0.03333333333333333,1,0.0,False,False
left,720575941454556723,KCg,0,0.0,0.23333333333333334,1,0.0,False,False
left,720575941454560563,KC,0,0.0,0.0,0,0.0,False,False
left,720575941454836275,KCab,3,0.006,0.7666666666666666,2,0.0,False,True
left,720575941455032813,KCab,0,0.0,0.16666666666666669,2,0.0,False,False
left,720575941455181037,KCg,35,0.014,1.4333333333333333,3,0.5813953488372092,False,True
left,720575941455187507,KCab,5,0.0,0.8333333333333334,1,1.0,False,True
left,720575941455506669,KCg,0,0.0,0.03333333333333333,1,0.0,False,False
left,720575941455562989,KCg,0,0.0,0.0,0,0.0,False,False
left,720575941455638253,KCab,0,0.0,0.0,0,0.0,False,False
left,720575941455673325,KCg,70,0.152,3.4333333333333336,6,0.4368932038834951,True,True
left,720575941455902445,KCg,7,0.012,0.9666666666666666,3,0.0,False,True
left,720575941456337133,KCg,2,0.0,0.7333333333333333,4,0.0,False,True
left,720575941456461296,KCg,7,0.0,0.5333333333333333,1,0.0,False,True
left,720575941456577517,KCg,0,0.0,0.5666666666666667,2,0.0,False,False
left,720575941456947693,KCab,0,0.0,0.1,1,0.0,False,False
left,720575941456948127,KCab,0,0.0,0.23333333333333334,1,0.0,False,False
left,720575941457003679,KCg,0,0.0,0.5333333333333333,3,0.0,False,False
left,720575941457437343,KCg,0,0.0,0.3,2,0.0,False,False
left,720575941457814768,KCg,0,0.0,0.0,0,0.0,False,False
left,720575941457866992,KC,29,0.022,1.2333333333333332,4,0.0,False,True
left,720575941457889862,KCg,0,0.0,0.0,0,0.0,False,False
left,720575941458028959,KCg,0,0.0,0.5,1,0.0,False,False
left,720575941458166943,KCab,11,0.002,0.7333333333333333,2,0.0,False,True
left,720575941458182047,KCg,0,0.0,0.06666666666666667,1,0.0,False,False
left,720575941458276255,KCg,0,0.0,0.0,0,0.0,False,False
left,720575941458283935,KCg,0,0.0,0.0,0,0.0,False,False
left,720575941458337695,KCg,0,0.0,0.39999999999999997,2,0.8333333333333334,False,False
left,720575941458351942,KCg,0,0.0,0.0,0,0.0,False,False
left,720575941458368493,KCab,67,0.156,1.8666666666666667,2,0.0,True,True
left,720575941458440688,KC,0,0.0,0.16666666666666666,1,0.0,False,False
left,720575941458466800,KC,1,0.0,0.5,2,0.0,False,True
left,720575941458467568,KCab,0,0.0,0.1,1,0.0,False,False
left,720575941458475504,KCapbp,1,0.0,0.6666666666666666,3,0.95,False,True
left,720575941458478064,KCg,33,0.022,1.2666666666666666,3,0.34210526315789475,False,True
left,720575941458481136,KCab,0,0.0,0.3666666666666667,2,0.2727272727272727,False,False
left,720575941458669983,KCg,2,0.0,0.6666666666666667,4,0.6,False,True
left,720575941458832454,KC,0,0.0,0.0,0,0.0,False,False
left,720575941458942278,KCab,16,0.002,1.2,6,0.11111111111111112,False,True
left,720575941458961734,KCg,0,0.0,0.3333333333333333,1,0.0,False,False
left,720575941459004400,KCg,0,0.0,0.13333333333333333,1,0.0,False,False
left,720575941459045958,KCg,0,0.0,0.0,0,0.0,False,False
left,720575941459116102,KCab,0,0.0,0.0,0,0.0,False,False
left,720575941459385414,KCg,0,0.0,0.5333333333333333,2,0.0,False,False
left,720575941459595078,KC,39,0.06,1.2999999999999998,5,0.0,False,True
left,720575941459596614,KCg,0,0.0,0.0,0,0.0,False,False
left,720575941459597894,KCab,0,0.0,0.3333333333333333,3,0.0,False,False
left,720575941459613380,KCg,42,0.0,0.9333333333333333,3,0.0,False,True
left,720575941459650500,KCg,1,0.0,0.6666666666666666,3,0.0,False,True
left,720575941459803888,KCab,0,0.0,0.03333333333333333,1,0.0,False,False
left,720575941460218579,KCg,20,0.018,1.0333333333333334,2,0.0,False,True
left,720575941460384211,KCg,0,0.0,0.0,0,0.0,False,False
left,720575941460581331,KCab,0,0.0,0.13333333333333333,2,0.0,False,False
left,720575941460724420,KCg,0,0.0,0.0,0,0.0,False,False
left,720575941460795859,KCg,1,0.0,0.4666666666666667,1,1.0,False,True
left,720575941460847812,KCg,0,0.0,0.1,2,0.0,False,False
left,720575941460859859,KCab,9,0.0,0.5666666666666667,1,1.0,False,True
left,720575941460871891,KCab,39,0.012,1.2666666666666666,3,0.0,False,True
left,720575941460893139,KCapbp,0,0.0,0.0,0,0.0,False,False
left,720575941460897988,KCg,0,0.0,0.0,0,0.0,False,False
left,720575941461423248,KCab,0,0.0,0.06666666666666667,1,0.0,False,False
left,720575941461430928,KC,11,0.004,1.1,3,0.0,False,True
left,720575941461435536,KCab,5,0.0,0.8666666666666667,3,1.0,False,True
left,720575941461443472,KCa'b',0,0.0,0.3333333333333333,2,0.0,False,False
left,720575941461443984,KCab,12,0.0,0.7,2,0.0,False,True
left,720575941461460179,KCa'b',0,0.0,0.0,0,0.0,False,False
left,720575941461647248,KCa'b',0,0.0,0.4666666666666667,1,0.0,False,False
left,720575941461713296,KCg,0,0.0,0.5,3,0.0,False,False
left,720575941461737741,KC,0,0.0,0.06666666666666667,2,0.5,False,False
left,720575941461744784,KC,0,0.0,0.7,4,0.0,False,False
left,720575941462152592,KCg,4,0.0,0.8666666666666667,2,0.0,False,True
left,720575941462414480,KCa'b',0,0.0,0.0,0,0.0,False,False
left,720575941462721293,KC,0,0.0,0.0,0,0.0,False,False
left,720575941462723853,KCab,53,0.048,1.6333333333333333,5,0.08163265306122448,False,True
left,720575941462769165,KCab,0,0.0,0.1,1,0.0,False,False
left,720575941463033744,KCg,0,0.0,0.0,0,0.0,False,False
left,720575941463286541,KC,3,0.0,0.6666666666666666,2,1.0,False,True
left,720575941463333133,KCg,0,0.0,0.43333333333333335,6,0.30769230769230765,False,False
left,720575941464734294,KCab,21,0.0,0.9333333333333333,2,1.0,False,True
left,720575941465715798,KCg,0,0.0,0.0,0,0.0,False,False
left,720575941465804886,KCg,0,0.0,0.0,0,0.0,False,False
left,720575941465922646,KCg,3,0.0,0.6333333333333333,5,0.052631578947368425,False,True
left,720575941466045782,KCab,2,0.0,0.7333333333333334,4,0.2727272727272727,False,True
left,720575941466379606,KC,2,0.0,0.7999999999999999,3,0.0,False,True
left,720575941466574102,KCab,3,0.0,0.7333333333333334,3,1.0,False,True
left,720575941466792470,KCa'b',0,0.0,0.03333333333333333,1,0.0,False,False
left,720575941466815254,KCab,0,0.0,0.3,1,0.0,False,False
left,720575941466838806,KCab,0,0.0,0.7666666666666666,3,0.0,False,False
left,720575941466895894,KCa'b',1,0.0,0.7999999999999999,5,0.7916666666666667,False,True
left,720575941467506966,KCa'b',0,0.0,0.7333333333333334,2,0.0,False,False
left,720575941467520022,KCab,21,0.002,1.7666666666666666,4,0.47169811320754723,False,True
left,720575941467890454,KCa'b',0,0.0,0.0,0,0.0,False,False
left,720575941468614877,KCg,30,0.006,1.8666666666666667,4,0.6785714285714286,False,True
left,720575941468652253,KC,72,0.196,3.966666666666667,5,0.7478991596638656,True,True
left,720575941468814045,KCg,0,0.0,0.26666666666666666,2,0.0,False,False
left,720575941468877789,KCab,14,0.0,0.7666666666666667,1,1.0,False,True
left,720575941468928221,KCg,0,0.0,0.6,3,0.0,False,False
left,720575941468932061,KCa'b',0,0.0,0.0,0,0.0,False,False
left,720575941468974813,KCapbp,0,0.0,0.13333333333333333,1,0.0,False,False
left,720575941468992989,KCg,53,0.062,1.7,5,0.27450980392156865,False,True
left,720575941468999389,KCg,0,0.0,0.4,4,0.0,False,False
left,720575941469219083,KCg,72,0.04,2.033333333333333,5,0.19672131147540986,True,True
left,720575941469321437,KCg,0,0.0,0.0,0,0.0,False,False
left,720575941469889245,KCa'b',0,0.0,0.0,0,0.0,False,False
left,720575941470035831,KC,0,0.0,0.13333333333333333,3,0.75,False,False
left,720575941470149751,KCg,0,0.0,0.5333333333333333,2,0.75,False,False
left,720575941470261367,KCg,23,0.0,0.9333333333333333,3,0.9285714285714286,False,True
left,720575941470411787,KCg,0,0.0,0.2,1,0.0,False,False
left,720575941470412043,KCg,48,0.042,2.2,4,0.3787878787878788,False,True
left,720575941470541067,KCg,1,0.0,1.0666666666666669,4,0.0,False,True
left,720575941470545675,KCab,0,0.0,0.06666666666666667,1,1.0,False,False
left,720575941470609271,KCg,0,0.0,0.4,1,0.0,False,False
left,720575941470640395,KC,0,0.0,0.6,2,0.0,False,False
left,720575941470658059,KCg,0,0.0,0.0,0,0.0,False,False
left,720575941470761335,KCg,0,0.0,0.0,0,0.0,False,False
left,720575941470763895,KCg,0,0.0,0.0,0,0.0,False,False
left,720575941470784375,KCab,7,0.0,0.7666666666666666,3,0.1739130434782609,False,True
left,720575941470876736,KC,28,0.08,1.3666666666666667,4,0.0,False,True
left,720575941470942475,KCa'b',0,0.0,0.13333333333333333,1,0.0,False,False
left,720575941471043851,KC,7,0.0,0.8333333333333334,3,0.88,False,True
left,720575941471086091,KC,1,0.024,0.7666666666666666,2,0.0,False,True
left,720575941471089527,KCab,0,0.0,0.3,3,0.0,False,False
left,720575941471106571,KC,0,0.0,0.36666666666666664,1,1.0,False,False
left,720575941471126283,KCab,0,0.0,0.3666666666666667,3,0.2727272727272727,False,False
left,720575941471138624,KC,23,0.0,0.8,2,0.0,False,True
left,720575941471152651,KCg,0,0.0,0.06666666666666667,1,0.0,False,False
left,720575941471407883,KCa'b',0,0.0,0.3333333333333333,2,0.0,False,False
left,720575941471465280,KC,0,0.0,0.0,0,0.0,False,False
left,720575941471513152,KC,17,0.0,1.0666666666666667,3,0.375,False,True
left,720575941471514432,KC,0,0.0,0.26666666666666666,2,0.0,False,False
left,720575941471515968,KC,0,0.0,0.13333333333333333,1,0.0,False,False
left,720575941471528256,KC,0,0.0,0.23333333333333334,3,0.0,False,False
left,720575941471715680,KCa'b',0,0.0,0.5666666666666667,3,0.8823529411764706,False,False
left,720575941471844363,KCg,0,0.0,0.06666666666666667,1,1.0,False,False
left,720575941472748586,KCg,0,0.0,0.2,1,0.0,False,False
left,720575941472762922,KCa'b',0,0.0,0.0,0,0.0,False,False
left,720575941472777824,KCab,0,0.0,0.0,0,0.0,False,False
left,720575941472819296,KCg,0,0.0,0.03333333333333333,1,0.0,False,False
left,720575941472849467,KCapbp,0,0.0,0.03333333333333333,1,1.0,False,False
left,720575941473055328,KCg,0,0.0,0.5333333333333333,2,0.0,False,False
left,720575941473093472,KCa'b',0,0.0,0.13333333333333333,3,0.5,False,False
left,720575941473330747,KC,0,0.0,0.03333333333333333,1,0.0,False,False
left,720575941473634858,KCg,3,0.0,0.9,4,0.18518518518518517,False,True
left,720575941474230843,KCab,37,0.01,1.0,3,0.0,False,True
left,720575941474276650,KCg,0,0.0,0.4666666666666667,2,0.0,False,False
left,720575941474536763,KCg,0,0.0,0.4,3,0.16666666666666666,False,False
left,720575941474567466,KCab,0,0.0,0.3666666666666667,2,0.0,False,False
left,720575941474568234,KCa'b',0,0.0,0.0,0,0.0,False,False
left,720575941474570811,KCa'b',0,0.0,0.06666666666666667,1,0.0,False,False
left,720575941474636859,KC,47,0.022,1.6,7,0.041666666666666664,False,True
left,720575941474646577,KCa'b',42,0.052,1.7000000000000002,4,0.0,False,True
left,720575941474871089,KCapbp,0,0.0,0.1,1,0.0,False,False
left,720575941474921521,KCa'b',53,0.0,1.6666666666666665,4,0.88,False,True
left,720575941474975530,KCab,1,0.002,0.7333333333333334,2,0.0,False,True
left,720575941474977851,KCab,0,0.0,0.0,0,0.0,False,False
left,720575941474978875,KC,0,0.0,0.26666666666666666,1,0.0,False,False
left,720575941475015739,KC,53,0.0,1.0666666666666667,5,0.1875,False,True
left,720575941475060027,KCg,0,0.0,0.7,3,0.4761904761904762,False,False
left,720575941475193118,KCg,25,0.056,1.0,3,0.0,False,True
left,720575941475332411,KCab,32,0.006,0.9666666666666666,4,0.0,False,True
left,720575941475425076,KCab,0,0.0,0.16666666666666666,2,0.8,False,False
left,720575941475490612,KC,0,0.0,0.13333333333333333,3,0.25,False,False
left,720575941475532097,KCa'b',0,0.0,0.43333333333333335,3,0.0,False,False
left,720575941475534900,KCg,0,0.0,0.06666666666666667,1,0.0,False,False
left,720575941475578433,KC,0,0.0,0.3,1,0.0,False,False
left,720575941475636289,KCg,27,0.004,0.8666666666666667,2,0.0,False,True
left,720575941475878942,KCg,0,0.0,0.03333333333333333,1,1.0,False,False
left,720575941475881777,KC,4,0.0,0.7333333333333334,3,0.0,False,True
left,720575941475882545,KCg,0,0.0,0.1,1,1.0,False,False
left,720575941475884849,KCg,0,0.0,0.0,0,0.0,False,False
left,720575941475915313,KCg,0,0.0,0.06666666666666667,1,1.0,False,False
left,720575941475998826,KCg,0,0.0,0.3,2,0.0,False,False
left,720575941476018218,KCg,0,0.0,0.0,0,0.0,False,False
left,720575941476108849,KCa'b',0,0.0,0.2,1,0.0,False,False
left,720575941476110385,KCab,0,0.0,0.0,0,0.0,False,False
left,720575941476257851,KCg,0,0.0,0.3333333333333333,4,0.0,False,False
left,720575941476302897,KCg,33,0.02,1.0666666666666667,2,0.0,False,True
left,720575941476304926,KCg,0,0.0,0.3333333333333333,2,0.1,False,False
left,720575941476304945,KCab,2,0.0,0.6666666666666666,4,0.85,False,True
left,720575941476307742,KCab,0,0.0,0.8666666666666667,3,0.0,False,False
left,720575941476321585,KC,0,0.0,0.7333333333333334,3,0.0,False,False
left,720575941476397876,KC,0,0.0,0.36666666666666664,1,0.0,False,False
left,720575941476404276,KCg,0,0.0,0.6,2,0.0,False,False
left,720575941476413726,KCg,20,0.0,1.2666666666666666,4,0.9736842105263159,False,True
left,720575941476419124,KC,6,0.062,0.8,1,0.0,False,True
left,720575941476427828,KCab,44,0.096,1.5666666666666667,2,0.0,False,True
left,720575941476495681,KC,0,0.0,0.06666666666666667,1,0.0,False,False
left,720575941476568628,KCg,0,0.0,0.23333333333333334,1,1.0,False,False
left,720575941476612404,KCa'b',0,0.0,0.1,1,0.0,False,False
left,720575941476647729,KCg,63,0.004,1.5666666666666669,4,0.48936170212765956,True,True
left,720575941476659009,KCg,16,0.006,0.7666666666666666,2,0.0,False,True
left,720575941476741940,KCg,0,0.0,0.4666666666666667,2,0.0,False,False
left,720575941476762945,KCg,0,0.0,0.0,0,0.0,False,False
left,720575941476794689,KCapbp,0,0.0,0.2,1,0.0,False,False
left,720575941476802846,KCg,0,0.0,0.3,3,0.0,False,False
left,720575941476848926,KCab,13,0.028,1.2,4,0.11111111111111112,False,True
left,720575941476854593,KCa'b',0,0.0,0.13333333333333333,2,0.0,False,False
left,720575941476863297,KC,52,0.042,2.0666666666666664,4,0.22580645161290325,False,True
left,720575941476950833,KC,0,0.0,0.3333333333333333,1,0.0,False,False
left,720575941477257281,KCg,32,0.108,0.9333333333333333,2,0.03571428571428571,False,True
left,720575941477408106,KC,37,0.136,1.2,4,0.0,False,True
left,720575941477495601,KCg,0,0.0,0.0,0,0.0,False,False
left,720575941477531422,KCab,0,0.004,0.8666666666666667,3,0.07692307692307691,False,False
left,720575941477545578,KCg,0,0.0,0.4666666666666667,3,0.0,False,False
left,720575941477546602,KCg,1,0.0,0.7666666666666666,2,0.0,False,True
left,720575941477552490,KC,0,0.0,0.4666666666666667,2,0.0,False,False
left,720575941477554794,KCab,56,0.158,1.7666666666666666,3,0.0,True,True
left,720575941477556586,KC,0,0.0,0.03333333333333333,1,1.0,False,False
left,720575941477690218,KCg,0,0.0,0.1,1,0.0,False,False
left,720575941477734250,KCab,0,0.0,0.36666666666666664,1,0.0,False,False
left,720575941477737066,KCg,0,0.0,0.0,0,0.0,False,False
left,720575941477803585,KCg,50,0.038,1.7333333333333334,4,0.5192307692307692,False,True
left,720575941478097258,KCg,38,0.082,1.5000000000000002,6,0.0,False,True
left,720575941478178528,KCa'b',0,0.0,0.7666666666666666,2,0.0,False,False
left,720575941478245425,KCa'b',4,0.0,0.8333333333333333,3,0.0,False,True
left,720575941478291998,KCg,0,0.0,0.7666666666666666,3,0.0,False,False
left,720575941478322818,KCapbp,0,0.0,0.5333333333333333,2,0.0,False,False
left,720575941478359146,KCab,1,0.0,0.6666666666666667,2,0.35,False,True
left,720575941478426218,KCg,0,0.0,0.4,1,0.0,False,False
left,720575941478432874,KCa'b',0,0.0,0.16666666666666666,1,0.0,False,False
left,720575941478538049,KCab,0,0.0,0.0,0,0.0,False,False
left,720575941478581610,KCg,5,0.066,1.0666666666666669,2,0.0,False,True
left,720575941478689898,KCg,0,0.0,0.0,0,0.0,False,False
left,720575941479224288,KCg,0,0.0,0.06666666666666667,1,0.0,False,False
left,720575941479382658,KC,38,0.0,1.4666666666666668,2,1.0,False,True
left,720575941479439490,KC,0,0.0,0.03333333333333333,1,1.0,False,False
left,720575941479501186,KC,0,0.0,0.0,0,0.0,False,False
left,720575941479606914,KC,56,0.098,2.033333333333333,3,0.0,True,True
left,720575941479717506,KCab,0,0.0,0.06666666666666667,2,0.0,False,False
left,720575941479745130,KCg,0,0.0,0.0,0,0.0,False,False
left,720575941479763363,KCg,33,0.002,1.3666666666666667,5,0.6097560975609756,False,True
left,720575941479900867,KCapbp,0,0.0,0.0,0,0.0,False,False
left,720575941479920608,KCg,0,0.0,0.03333333333333333,1,0.0,False,False
left,720575941480004259,KCg,14,0.0,1.0666666666666667,7,0.34375000000000006,False,True
left,720575941480076879,KCg,0,0.0,0.26666666666666666,1,1.0,False,False
left,720575941480115107,KCg,60,0.008,1.6666666666666667,4,0.8,True,True
left,720575941480124290,KCg,0,0.0,0.23333333333333334,1,0.0,False,False
left,720575941480151426,KCab,1,0.0,0.5333333333333333,3,0.0,False,True
left,720575941480299855,KCg,0,0.0,0.03333333333333333,1,0.0,False,False
left,720575941480345679,KCa'b',0,0.0,0.6,2,0.22222222222222224,False,False
left,720575941480349519,KCa'b',0,0.0,0.0,0,0.0,False,False
left,720575941480390991,KC,0,0.0,0.0,0,0.0,False,False
left,720575941480391247,KCapbp,0,0.0,0.06666666666666667,1,0.0,False,False
left,720575941480406402,KCg,6,0.0,0.7666666666666666,2,0.9565217391304348,False,True
left,720575941480422307,KC,40,0.0,1.1,3,0.5757575757575757,False,True
left,720575941480424322,KCg,0,0.0,0.06666666666666667,1,0.0,False,False
left,720575941480449187,KCg,29,0.0,1.1333333333333333,5,0.5294117647058824,False,True
left,720575941480457635,KCg,0,0.0,0.6666666666666666,3,0.0,False,False
left,720575941480458403,KCg,0,0.0,0.0,0,0.0,False,False
left,720575941480711503,KCab,0,0.0,0.13333333333333333,2,0.0,False,False
left,720575941480760143,KCg,1,0.0,0.4666666666666667,1,0.0,False,True
left,720575941480856515,KCg,30,0.08,1.6333333333333335,4,0.0,False,True
left,720575941480875715,KCg,0,0.0,0.16666666666666666,1,0.0,False,False
left,720575941481015491,KCa'b',0,0.0,0.23333333333333334,2,1.0,False,False
left,720575941481051843,KCab,0,0.0,0.19999999999999998,2,0.0,False,False
left,720575941481054659,KCg,0,0.0,0.16666666666666666,1,0.0,False,False
left,720575941481057731,KCab,3,0.0,0.7333333333333334,2,1.0,False,True
left,720575941481138627,KCg,0,0.0,0.0,0,0.0,False,False
left,720575941481331586,KCg,2,0.0,0.5333333333333333,2,0.875,False,True
left,720575941481392770,KCg,63,0.042,2.033333333333333,3,0.639344262295082,True,True
left,720575941481435389,KCab,3,0.0,0.6666666666666666,2,1.0,False,True
left,720575941481503162,KCab,0,0.0,0.4666666666666667,4,0.2142857142857143,False,False
left,720575941481579971,KCg,0,0.0,0.03333333333333333,1,0.0,False,False
left,720575941481615613,KCg,0,0.0,0.0,0,0.0,False,False
left,720575941481636291,KCab,12,0.0,0.7,3,0.0,False,True
left,720575941481643706,KCa'b',0,0.0,0.03333333333333333,1,0.0,False,False
left,720575941482152387,KCg,0,0.0,0.19999999999999998,2,0.0,False,False
left,720575941482238662,KCg,0,0.0,0.6333333333333333,4,0.5263157894736842,False,False
left,720575941482619389,KC,0,0.0,0.36666666666666664,1,1.0,False,False
left,720575941482969085,KCab,13,0.024,1.2333333333333332,5,0.2702702702702703,False,True
left,720575941483104963,KCg,0,0.0,0.0,0,0.0,False,False
left,720575941483166906,KC,0,0.0,0.0,0,0.0,False,False
left,720575941483215546,KCapbp,0,0.0,0.03333333333333333,1,0.0,False,False
left,720575941483318269,KCg,0,0.0,0.3333333333333333,3,0.0,False,False
left,720575941483601149,KC,0,0.0,0.13333333333333333,1,0.0,False,False
left,720575941483859898,KCg,0,0.0,0.0,0,0.0,False,False
left,720575941484300550,KCg,0,0.0,0.0,0,0.0,False,False
left,720575941484304194,KCab,0,0.0,0.43333333333333335,2,1.0,False,False
left,720575941484446786,KCa'b',0,0.0,0.3,6,0.0,False,False
left,720575941484815110,KCab,18,0.026,0.8999999999999999,2,0.2592592592592593,False,True
left,720575941485305229,KCg,0,0.0,0.26666666666666666,1,0.0,False,False
left,720575941485321538,KCg,0,0.0,0.30000000000000004,5,0.5555555555555556,False,False
left,720575941485488962,KCab,0,0.0,0.1,1,0.0,False,False
left,720575941485494338,KCg,0,0.0,0.5,2,0.4666666666666667,False,False
left,720575941485496386,KCa'b',0,0.0,0.3333333333333333,4,0.2,False,False
left,720575941485500994,KCapbp,0,0.0,0.13333333333333333,2,0.25,False,False
left,720575941485503298,KCab,11,0.0,1.1,2,0.7878787878787878,False,True
left,720575941485514562,KCg,0,0.0,0.0,0,0.0,False,False
left,720575941485612038,KCg,0,0.0,0.26666666666666666,5,0.125,False,False
left,720575941485798406,KCab,0,0.0,0.4,3,0.41666666666666663,False,False
left,720575941485814790,KCg,0,0.0,0.23333333333333334,2,0.0,False,False
left,720575941485935110,KCg,20,0.006,0.9999999999999999,4,0.0,False,True
left,720575941486071618,KCg,1,0.0,0.7666666666666666,3,0.04347826086956522,False,True
left,720575941486103437,KCab,0,0.0,0.23333333333333334,2,0.14285714285714285,False,False
left,720575941486115725,KCg,33,0.008,1.5,4,0.17777777777777778,False,True
left,720575941486123149,KCg,0,0.0,0.4,2,0.25,False,False
left,720575941486210566,KC,0,0.0,0.13333333333333333,2,0.0,False,False
left,720575941486238982,KC,0,0.0,0.0,0,0.0,False,False
left,720575941486248198,KCab,0,0.0,0.0,0,0.0,False,False
left,720575941486260998,KCab,0,0.0,0.16666666666666666,1,1.0,False,False
left,720575941486723280,KCg,0,0.0,0.0,0,0.0,False,False
left,720575941486882512,KCa'b',0,0.0,0.1,1,0.0,False,False
left,720575941486916560,KCg,0,0.0,0.3333333333333333,4,0.1,False,False
left,720575941486961360,KCg,0,0.0,0.23333333333333334,2,0.0,False,False
left,720575941487098320,KCa'b',0,0.0,0.03333333333333333,1,0.0,False,False
left,720575941487252432,KCa'b',0,0.0,0.5666666666666667,2,0.0,False,False
left,720575941487311501,KCg,0,0.0,0.6666666666666666,3,0.0,False,False
left,720575941487498192,KCab,47,0.016,1.8666666666666665,4,0.375,False,True
left,720575941487507085,KCg,0,0.0,0.06666666666666667,2,0.0,False,False
left,720575941488361269,KCapbp,0,0.0,0.0,0,0.0,False,False
left,720575941488394549,KCa'b',0,0.0,0.06666666666666667,1,0.0,False,False
left,720575941488736457,KCg,0,0.0,0.2,1,0.0,False,False
left,720575941488907984,KCab,0,0.0,0.4666666666666667,4,0.14285714285714285,False,False
left,720575941489265973,KCg,6,0.002,0.6666666666666666,2,0.0,False,True
left,720575941489333964,KCg,0,0.0,0.06666666666666667,1,0.0,False,False
left,720575941489384396,KCg,0,0.0,0.2,2,0.0,False,False
left,720575941489409228,KCab,5,0.002,0.5666666666666667,2,0.058823529411764705,False,True
left,720575941489582544,KC,0,0.0,0.0,0,0.0,False,False
left,720575941489604553,KCg,0,0.0,0.0,0,0.0,False,False
left,720575941489794505,KCg,50,0.022,1.2666666666666668,3,0.0,False,True
left,720575941489795785,KCg,0,0.0,0.0,0,0.0,False,False
left,720575941489824743,KCa'b',0,0.0,0.0,0,0.0,False,False
left,720575941489928393,KCa'b',0,0.0,0.4666666666666667,2,0.2857142857142857,False,False
left,720575941490059317,KCg,0,0.0,0.03333333333333333,1,1.0,False,False
left,720575941490062645,KC,0,0.0,0.26666666666666666,1,0.0,False,False
left,720575941490140878,KCab,0,0.0,0.4666666666666667,3,0.7857142857142858,False,False
left,720575941490144206,KCa'b',0,0.0,0.3,2,0.7777777777777778,False,False
left,720575941490203852,KCg,0,0.0,0.06666666666666667,1,1.0,False,False
left,720575941490318286,KCa'b',0,0.0,0.0,0,0.0,False,False
left,720575941490361033,KC,12,0.0,0.6333333333333333,2,0.8421052631578948,False,True
left,720575941490418894,KCg,0,0.0,0.43333333333333335,2,0.0,False,False
left,720575941490432972,KCg,0,0.0,0.5666666666666667,2,0.5294117647058824,False,False
left,720575941490433228,KCg,0,0.0,0.2,3,0.0,False,False
left,720575941490585548,KCg,0,0.0,0.03333333333333333,1,0.0,False,False
left,720575941490633932,KCa'b',0,0.0,0.23333333333333334,2,0.0,False,False
left,720575941490634441,KCg,2,0.0,0.9,4,0.0,False,True
left,720575941490703079,KCab,0,0.0,0.6333333333333333,4,0.0,False,False
left,720575941490740430,KC,27,0.0,0.9,3,1.0,False,True
left,720575941490755047,KCg,0,0.0,0.03333333333333333,1,0.0,False,False
left,720575941490761678,KCab,0,0.0,0.43333333333333335,1,0.0,False,False
left,720575941490771509,KCg,28,0.002,0.9333333333333333,2,0.9642857142857143,False,True
left,720575941490826037,KCa'b',0,0.0,0.1,1,0.0,False,False
left,720575941490835175,KCg,0,0.0,0.43333333333333335,4,0.0,False,False
left,720575941490866919,KCg,0,0.0,0.1,1,0.0,False,False
left,720575941490894055,KCg,20,0.014,0.9999999999999999,4,0.0,False,True
left,720575941490894311,KCab,7,0.006,0.9333333333333333,4,0.0,False,True
left,720575941490907111,KCab,0,0.0,0.26666666666666666,3,0.125,False,False
left,720575941491291367,KCg,0,0.0,0.0,0,0.0,False,False
left,720575941491311820,KCab,7,0.016,1.3333333333333333,4,0.0,False,True
left,720575941491352039,KCg,0,0.0,0.03333333333333333,1,0.0,False,False
left,720575941491422670,KCg,0,0.0,0.03333333333333333,1,0.0,False,False
left,720575941491467468,KCg,2,0.0,0.7,3,0.04761904761904762,False,True
left,720575941491537356,KCab,12,0.0,0.7666666666666666,4,0.13043478260869568,False,True
left,720575941492015847,KCapbp,0,0.0,0.3666666666666667,2,0.0,False,False
left,720575941492027623,KCa'b',0,0.0,0.0,0,0.0,False,False
left,720575941492122800,KCg,0,0.0,0.0,0,0.0,False,False
left,720575941492228528,KCg,0,0.0,0.0,0,0.0,False,False
left,720575941492232368,KCab,1,0.0,0.5666666666666667,3,0.0,False,True
left,720575941492240560,KCg,0,0.0,0.06666666666666667,1,0.0,False,False
left,720575941492241328,KCab,0,0.0,0.0,0,0.0,False,False
left,720575941492506544,KCg,0,0.0,0.0,0,0.0,False,False
left,720575941492665063,KCapbp,0,0.0,0.0,0,0.0,False,False
left,720575941492918192,KCg,0,0.0,0.0,0,0.0,False,False
left,720575941493243568,KCg,0,0.0,0.06666666666666667,2,0.0,False,False
left,720575941493522864,KCa'b',0,0.0,0.39999999999999997,2,0.0,False,False
left,720575941493609648,KCab,17,0.0,0.9333333333333333,2,1.0,False,True
left,720575941493929086,KCg,0,0.0,0.23333333333333334,1,0.0,False,False
left,720575941493936510,KCab,0,0.0,0.0,0,0.0,False,False
left,720575941493980030,KCg,6,0.0,0.7333333333333333,5,0.045454545454545456,False,True
left,720575941493980542,KCab,8,0.0,0.6666666666666666,2,1.0,False,True
left,720575941493981822,KCab,37,0.006,1.8333333333333333,3,0.5454545454545455,False,True
left,720575941493997438,KCg,0,0.0,0.0,0,0.0,False,False
left,720575941494215367,KCg,0,0.0,0.2,1,0.0,False,False
left,720575941494279550,KCab,32,0.002,1.4666666666666666,5,0.0,False,True
left,720575941494301822,KC,0,0.0,0.23333333333333334,2,0.2857142857142857,False,False
left,720575941494549120,KCab,0,0.0,0.0,0,0.0,False,False
left,720575941494718848,KCg,0,0.0,0.43333333333333335,2,0.0,False,False
left,720575941495011015,KCg,0,0.0,0.0,0,0.0,False,False
left,720575941495251655,KCg,30,0.002,1.2999999999999998,4,0.4102564102564103,False,True
left,720575941495611520,KCg,0,0.0,0.23333333333333334,1,1.0,False,False
left,720575941495644871,KC,0,0.0,0.0,0,0.0,False,False
left,720575941495649223,KC,0,0.0,0.0,0,0.0,False,False
left,720575941495649991,KC,0,0.0,0.0,0,0.0,False,False
left,720575941495657415,KCab,0,0.0,0.0,0,0.0,False,False
left,720575941495667655,KCg,8,0.006,0.7333333333333334,4,0.0,False,True
left,720575941495937918,KCg,0,0.0,0.03333333333333333,1,0.0,False,False
left,720575941495944135,KCa'b',0,0.0,0.0,0,0.0,False,False
left,720575941496063872,KC,0,0.0,0.33333333333333337,2,0.0,False,False
left,720575941496284800,KC,0,0.0,0.0,0,0.0,False,False
left,720575941496304256,KCab,0,0.0,0.16666666666666666,1,1.0,False,False
left,720575941496309888,KCg,0,0.0,0.23333333333333334,1,0.0,False,False
left,720575941496326784,KCg,0,0.0,0.0,0,0.0,False,False
left,720575941496577408,KCg,1,0.008,1.2000000000000002,2,0.0,False,True
left,720575941496734592,KCa'b',0,0.0,0.0,0,0.0,False,False
left,720575941496801609,KCa'b',0,0.0,0.23333333333333334,1,0.0,False,False
left,720575941496893819,KCab,13,0.0,1.0666666666666667,1,1.0,False,True
left,720575941496895867,KCg,0,0.0,0.2,3,0.0,False,False
left,720575941496913889,KCg,0,0.0,0.0,0,0.0,False,False
left,720575941497035975,KCg,0,0.0,0.0,0,0.0,False,False
left,720575941497429833,KCab,43,0.142,1.9,7,0.07017543859649122,False,True
left,720575941497567611,KCab,52,0.006,1.1,5,0.0303030303030303,False,True
left,720575941497658953,KCg,0,0.0,0.0,0,0.0,False,False
left,720575941497660283,KCg,0,0.0,0.2,2,0.0,False,False
left,720575941497678203,KC,0,0.0,0.06666666666666667,1,1.0,False,False
left,720575941497866209,KCab,0,0.0,0.06666666666666667,2,0.5,False,False
left,720575941497869025,KCg,0,0.0,0.23333333333333334,1,0.0,False,False
left,720575941498061385,KCab,5,0.002,1.1333333333333333,4,0.0,False,True
left,720575941498066249,KCab,39,0.0,1.0666666666666667,2,1.0,False,True
left,720575941498067273,KC,0,0.0,0.5333333333333333,3,0.0,False,False
left,720575941498070857,KCg,0,0.0,0.6,4,0.0,False,False
left,720575941498084731,KCab,14,0.004,1.2333333333333334,3,0.5135135135135135,False,True
left,720575941498106849,KCab,30,0.03,1.4,4,0.40476190476190477,False,True
left,720575941498196352,KCg,0,0.0,0.0,0,0.0,False,False
left,720575941498255433,KCg,24,0.004,1.1,4,0.45454545454545453,False,True
left,720575941498324809,KC,15,0.0,0.6,2,0.0,False,True
left,720575941498602977,KC,0,0.0,0.3666666666666667,2,0.2727272727272727,False,False
left,720575941498617057,KCg,0,0.0,0.4,1,1.0,False,False
left,720575941498661193,KCg,0,0.0,0.33333333333333337,3,0.0,False,False
left,720575941498688674,KCg,0,0.0,0.06666666666666667,2,1.0,False,False
left,720575941498750882,KCg,0,0.0,0.16666666666666669,2,0.6,False,False
left,720575941498920098,KCab,0,0.0,0.36666666666666664,4,0.6363636363636365,False,False
left,720575941499027618,KCa'b',40,0.002,1.4000000000000001,4,0.5714285714285714,False,True
left,720575941499137442,KCg,0,0.0,0.2,2,0.0,False,False
left,720575941499179170,KCab,0,0.0,0.0,0,0.0,False,False
left,720575941499233097,KCg,0,0.0,0.1,2,0.6666666666666666,False,False
left,720575941499383202,KCg,0,0.0,0.5,3,0.0,False,False
left,720575941499535585,KCab,1,0.0,0.7,2,0.0,False,True
left,720575941501104779,KC,0,0.0,0.5,2,0.0,False,False
left,720575941501105803,KCapbp,0,0.0,0.16666666666666666,2,0.0,False,False
left,720575941501548267,KCapbp,0,0.0,0.03333333333333333,1,0.0,False,False
left,720575941501730955,KC,61,0.106,1.9666666666666668,3,0.0,True,True
left,720575941501743499,KCapbp,0,0.0,0.0,0,0.0,False,False
left,720575941501932939,KCg,0,0.0,0.7,5,0.6190476190476191,False,False
left,720575941501937547,KCg,0,0.0,0.0,0,0.0,False,False
left,720575941502162059,KCa'b',0,0.0,0.23333333333333334,1,1.0,False,False
left,720575941502253362,KCg,0,0.0,0.3,1,0.0,False,False
left,720575941502338610,KCa'b',0,0.0,0.0,0,0.0,False,False
left,720575941502407730,KCa'b',0,0.0,0.13333333333333333,1,0.0,False,False
left,720575941502477803,KCab,63,0.016,1.6666666666666667,3,0.5599999999999999,True,True
left,720575941502485739,KCab,23,0.006,1.1666666666666667,4,0.02857142857142857,False,True
left,720575941502518578,KC,0,0.0,0.0,0,0.0,False,False
left,720575941502546923,KCab,0,0.0,0.7000000000000001,3,0.0,False,False
left,720575941502552811,KCg,0,0.0,0.2,1,0.0,False,False
left,720575941502762475,KCab,0,0.0,0.36666666666666664,1,0.0,False,False
left,720575941502974295,KCapbp,0,0.0,0.0,0,0.0,False,False
left,720575941503013207,KCg,0,0.0,0.0,0,0.0,False,False
left,720575941503019863,KCg,0,0.0,0.0,0,0.0,False,False
left,720575941503039979,KCg,0,0.0,0.36666666666666664,1,0.0,False,False
left,720575941503141867,KCg,0,0.0,0.1,2,0.3333333333333333,False,False
left,720575941503179755,KCg,0,0.0,0.23333333333333334,2,0.0,False,False
left,720575941503187851,KCg,9,0.0,0.8,2,0.0,False,True
left,720575941503429975,KCab,39,0.0,1.4333333333333336,5,1.0,False,True
left,720575941503459890,KCab,1,0.0,0.5666666666666667,3,0.8823529411764706,False,True
left,720575941503697602,KCab,1,0.0,0.6,1,1.0,False,True
left,720575941503767090,KCg,7,0.0,0.6,2,0.8333333333333334,False,True
left,720575941503772098,KCg,48,0.004,1.3666666666666667,5,0.4146341463414634,False,True
left,720575941503776706,KCab,0,0.0,0.4,3,0.49999999999999994,False,False
left,720575941503839467,KCg,10,0.01,1.7333333333333334,3,0.423076923076923,False,True
left,720575941503878194,KCa'b',0,0.0,0.23333333333333334,1,0.0,False,False
left,720575941503969189,KCg,0,0.0,0.0,0,0.0,False,False
left,720575941504075202,KCg,0,0.0,0.0,0,0.0,False,False
left,720575941504088258,KC,5,0.0,0.5333333333333333,2,0.4375,False,True
left,720575941504095909,KCg,0,0.0,0.06666666666666667,1,0.0,False,False
left,720575941504174501,KCab,0,0.0,0.4333333333333333,2,1.0,False,False
left,720575941504199474,KCab,0,0.0,0.4666666666666667,3,0.2142857142857143,False,False
left,720575941504211762,KCg,0,0.0,0.0,0,0.0,False,False
left,720575941504220210,KCab,0,0.0,0.1,1,1.0,False,False
left,720575941504842034,KC,0,0.0,0.0,0,0.0,False,False
left,720575941505078181,KCab,0,0.0,0.6,4,0.0,False,False
left,720575941505095077,KCab,0,0.0,0.0,0,0.0,False,False
left,720575941505126565,KCg,0,0.0,0.4,1,0.0,False,False
left,720575941505196709,KCg,56,0.0,1.3333333333333333,3,0.8,True,True
left,720575941505197989,KCg,0,0.0,0.0,0,0.0,False,False
left,720575941505212581,KCab,15,0.0,1.0333333333333334,3,0.0,False,True
left,720575941505235260,KCg,0,0.0,0.0,0,0.0,False,False
left,720575941505238588,KCa'b',0,0.0,0.1,2,0.6666666666666666,False,False
left,720575941505241916,KCg,0,0.0,0.0,0,0.0,False,False
left,720575941505242940,KCg,1,0.002,0.8333333333333333,4,0.0,False,True
left,720575941505244476,KC,10,0.004,0.6666666666666666,2,0.0,False,True
left,720575941505254204,KCg,0,0.0,0.0,0,0.0,False,False
left,720575941505258556,KCab,4,0.0,0.6666666666666666,2,0.95,False,True
left,720575941505333669,KCab,62,0.08,2.066666666666667,4,0.45161290322580644,True,True
left,720575941505363516,KC,0,0.0,0.03333333333333333,1,0.0,False,False
left,720575941505373207,KCg,13,0.0,1.1666666666666667,3,0.9714285714285713,False,True
left,720575941505379237,KCg,0,0.0,0.1,1,1.0,False,False
left,720575941505382460,KCa'b',39,0.006,2.0666666666666664,4,0.9516129032258066,False,True
left,720575941505426114,KCab,0,0.0,0.16666666666666666,1,0.0,False,False
left,720575941505429564,KCg,0,0.0,0.0,0,0.0,False,False
left,720575941505546917,KCab,2,0.002,0.8666666666666667,3,0.0,False,True
left,720575941505596466,KCab,4,0.002,0.9,3,0.11111111111111112,False,True
left,720575941505862972,KCg,0,0.0,0.2,1,0.0,False,False
left,720575941505871895,KCg,0,0.0,0.13333333333333333,1,0.0,False,False
left,720575941505893180,KCab,20,0.0,1.1333333333333333,3,0.5882352941176471,False,True
left,720575941505898300,KCg,0,0.0,0.26666666666666666,2,0.0,False,False
left,720575941505900092,KCg,1,0.0,0.6666666666666666,3,0.45,False,True
left,720575941505920060,KCab,21,0.044,1.9,3,0.0,False,True
left,720575941505954725,KCab,10,0.026,0.8999999999999999,2,0.0,False,True
left,720575941505958053,KCg,0,0.0,0.03333333333333333,1,0.0,False,False
left,720575941505960613,KCg,0,0.0,0.06666666666666667,2,0.5,False,False
left,720575941505972389,KCg,0,0.0,0.3666666666666667,3,0.2727272727272727,False,False
left,720575941505974949,KCab,3,0.0,0.5666666666666667,3,0.411764705882353,False,True
left,720575941505975356,KC,0,0.0,0.43333333333333335,1,0.0,False,False
left,720575941506082398,KCa'b',0,0.0,0.03333333333333333,1,1.0,False,False
left,720575941506083607,KCab,0,0.0,0.5333333333333333,3,0.125,False,False
left,720575941506103205,KCg,0,0.0,0.23333333333333334,2,0.14285714285714285,False,False
left,720575941506129221,KCab,55,0.026,1.1,5,0.0,True,True
left,720575941506168087,KCapbp,0,0.0,0.0,0,0.0,False,False
left,720575941506209474,KCg,0,0.0,0.03333333333333333,1,0.0,False,False
left,720575941506281125,KCab,20,0.006,0.7,3,0.0,False,True
left,720575941506284055,KCapbp,0,0.0,0.1,1,1.0,False,False
left,720575941506316894,KCg,4,0.004,0.7666666666666666,2,0.0,False,True
left,720575941506446405,KCapbp,0,0.0,0.16666666666666666,1,1.0,False,False
left,720575941506545980,KCg,1,0.0,1.0666666666666669,5,0.0,False,True
left,720575941506718999,KC,0,0.0,0.0,0,0.0,False,False
left,720575941506802501,KCa'b',0,0.0,0.0,0,0.0,False,False
left,720575941506803781,KCg,0,0.0,0.1,1,0.0,False,False
left,720575941507020055,KCg,64,0.088,2.0666666666666664,6,0.0,True,True
left,720575941507173701,KCab,29,0.014,1.2666666666666666,5,0.0,False,True
left,720575941507303458,KCg,0,0.0,0.2,2,0.5,False,False
left,720575941507338846,KCab,22,0.01,1.0666666666666667,2,0.0,False,True
left,720575941507393570,KCa'b',0,0.0,0.6333333333333333,4,0.31578947368421056,False,False
left,720575941507483777,KCg,0,0.0,0.1,2,1.0,False,False
left,720575941507541573,KCa'b',0,0.0,0.06666666666666667,2,0.5,False,False
left,720575941507550302,KCab,1,0.0,0.5333333333333333,2,1.0,False,True
left,720575941507811969,KCab,0,0.0,0.7333333333333334,2,0.0,False,False
left,720575941507866753,KCab,42,0.028,1.7333333333333334,5,0.0,False,True
left,720575941507876898,KCab,68,0.032,2.566666666666667,6,0.5844155844155844,True,True
left,720575941507932962,KCab,0,0.0,0.3,1,0.0,False,False
left,720575941507961182,KCg,0,0.0,0.03333333333333333,1,1.0,False,False
left,720575941508000862,KC,21,0.0,1.2333333333333334,6,0.24324324324324323,False,True
left,720575941508055831,KCg,0,0.0,0.1,1,0.0,False,False
left,720575941508156545,KC,9,0.0,0.8666666666666666,2,0.0,False,True
left,720575941508179073,KCg,0,0.0,0.0,0,0.0,False,False
left,720575941508222242,KCab,1,0.0,0.7333333333333333,3,0.45454545454545453,False,True
left,720575941508354064,KCg,0,0.0,0.0,0,0.0,False,False
left,720575941508359262,KCg,0,0.0,0.6333333333333333,2,0.0,False,False
left,720575941508382224,KCab,28,0.084,1.0333333333333334,2,0.0,False,True
left,720575941508404062,KCab,0,0.0,0.16666666666666666,1,0.0,False,False
left,720575941508974802,KCab,7,0.0,0.8333333333333335,3,0.0,False,True
left,720575941509120094,KCg,0,0.0,0.3,3,0.0,False,False
left,720575941509527586,KC,0,0.0,0.0,0,0.0,False,False
left,720575941509528336,KCg,0,0.0,0.3,4,0.11111111111111112,False,False
left,720575941509700368,KCg,0,0.0,0.2,2,0.3333333333333333,False,False
left,720575941509731856,KC,17,0.0,1.0666666666666667,4,0.0,False,True
left,720575941509741584,KC,0,0.0,0.13333333333333333,2,0.75,False,False
left,720575941510120976,KC,0,0.0,0.0,0,0.0,False,False
left,720575941510126096,KC,0,0.0,0.2,1,0.0,False,False
left,720575941510151696,KCab,0,0.0,0.5666666666666667,3,0.0,False,False
left,720575941510248402,KCa'b',0,0.0,0.0,0,0.0,False,False
left,720575941510347730,KCg,0,0.004,0.7999999999999999,4,0.0,False,False
left,720575941510903568,KCg,3,0.0,0.7,3,0.0,False,True
left,720575941510904786,KCg,3,0.0,0.6666666666666667,3,0.6,False,True
left,720575941510927314,KC,0,0.0,0.5,3,0.0,False,False
left,720575941511369938,KCa'b',0,0.0,0.4666666666666667,2,0.0,False,False
left,720575941511378130,KCg,0,0.0,0.8,5,0.0,False,False
left,720575941511774284,KCa'b',0,0.0,0.23333333333333334,1,0.0,False,False
left,720575941512822604,KCa'b',0,0.0,0.3,1,0.0,False,False
left,720575941512850252,KCab,2,0.0,0.6333333333333333,2,0.6315789473684211,False,True
left,720575941512851409,KCa'b',0,0.0,0.0,0,0.0,False,False
left,720575941512882243,KCg,0,0.0,0.3,5,0.22222222222222224,False,False
left,720575941512892748,KCg,23,0.078,1.4666666666666668,2,0.0,False,True
left,720575941513019724,KCg,0,0.0,0.4,3,0.0,False,False
left,720575941513047628,KCab,0,0.0,0.5,2,0.6,False,False
left,720575941513066193,KCab,7,0.0,1.0333333333333332,3,0.903225806451613,False,True
left,720575941513091395,KCg,0,0.0,0.03333333333333333,1,0.0,False,False
left,720575941513438161,KCab,28,0.06,1.0333333333333334,2,0.25806451612903225,False,True
left,720575941513448913,KCab,0,0.0,0.3333333333333333,3,0.30000000000000004,False,False
left,720575941513469772,KCg,0,0.0,0.0,0,0.0,False,False
left,720575941513483084,KC,0,0.0,0.0,0,0.0,False,False
left,720575941513494604,KCg,9,0.008,0.9666666666666666,2,0.0,False,True
left,720575941513644291,KCab,5,0.0,0.7,1,1.0,False,True
left,720575941513735756,KCab,0,0.0,0.4,2,0.0,False,False
left,720575941513743436,KCab,11,0.004,0.9,4,0.0,False,True
left,720575941513785337,KCab,9,0.008,0.9333333333333332,5,0.0,False,True
left,720575941513828442,KCg,0,0.0,0.1,2,0.6666666666666666,False,False
left,720575941514016977,KCa'b',0,0.0,0.1,2,0.0,False,False
left,720575941514019651,KCa'b',0,0.0,0.6,2,0.16666666666666669,False,False
left,720575941514056524,KCab,0,0.0,0.0,0,0.0,False,False
left,720575941514163971,KCapbp,0,0.0,0.03333333333333333,1,1.0,False,False
left,720575941514247315,KCg,0,0.0,0.5,2,0.0,False,False
left,720575941514250586,KCg,0,0.0,0.26666666666666666,1,0.0,False,False
left,720575941514331203,KCg,0,0.0,0.0,0,0.0,False,False
left,720575941514542179,KCg,1,0.0,0.6,2,0.0,False,True
left,720575941514544739,KCab,0,0.0,0.6666666666666667,2,0.6499999999999999,False,False
left,720575941514574595,KCg,3,0.01,0.7999999999999999,3,0.20833333333333334,False,True
left,720575941514575619,KCg,3,0.0,0.5,1,1.0,False,True
left,720575941514751811,KCg,0,0.0,0.0,0,0.0,False,False
left,720575941514756963,KCg,57,0.0,1.4333333333333333,4,0.6744186046511628,True,True
left,720575941514757731,KCg,0,0.0,0.0,0,0.0,False,False
left,720575941514778179,KCab,36,0.002,1.7000000000000002,2,1.0,False,True
left,720575941514796108,KCg,0,0.0,0.13333333333333333,1,0.0,False,False
left,720575941514844665,KCg,0,0.0,0.0,0,0.0,False,False
left,720575941514848858,KCab,0,0.0,0.3,1,0.0,False,False
left,720575941514862426,KCg,0,0.0,0.0,0,0.0,False,False
left,720575941514888282,KCg,0,0.0,0.0,0,0.0,False,False
left,720575941514915065,KCg,4,0.0,0.7333333333333334,3,0.0,False,True
left,720575941514936579,KCg,0,0.0,0.3,3,0.0,False,False
left,720575941514960121,KCg,39,0.01,1.1,2,0.0,False,True
left,720575941515007043,KCa'b',0,0.002,1.0,3,0.0,False,False
left,720575941515116099,KCg,21,0.004,1.3666666666666667,5,0.36585365853658536,False,True
left,720575941515172451,KC,0,0.0,0.3333333333333333,1,1.0,False,False
left,720575941515199075,KCab,0,0.0,0.0,0,0.0,False,False
left,720575941515199331,KCg,0,0.0,0.36666666666666664,1,0.0,False,False
left,720575941515220217,KCab,5,0.0,0.7333333333333333,1,1.0,False,True
left,720575941515222521,KCg,0,0.0,0.1,1,0.0,False,False
left,720575941515242074,KCg,0,0.0,0.0,0,0.0,False,False
left,720575941515244890,KCg,0,0.0,0.13333333333333333,2,0.75,False,False
left,720575941515245667,KCg,11,0.002,0.8333333333333333,3,0.44,False,True
left,720575941515259385,KC,5,0.002,1.0666666666666667,5,0.0,False,True
left,720575941515261274,KCa'b',0,0.0,0.13333333333333333,1,0.0,False,False
left,720575941515495827,KC,33,0.0,1.0,3,0.4,False,True
left,720575941515513187,KCab,38,0.016,1.4000000000000001,6,0.023809523809523808,False,True
left,720575941515633242,KCa'b',0,0.0,0.26666666666666666,1,1.0,False,False
left,720575941515642115,KCg,0,0.008,0.7,2,0.0,False,False
left,720575941515653011,KCg,0,0.0,0.3,1,0.0,False,False
left,720575941515963539,KCa'b',0,0.0,0.4666666666666666,3,0.0,False,False
left,720575941516018067,KCab,0,0.0,0.03333333333333333,1,0.0,False,False
left,720575941516024057,KCg,0,0.0,0.3,2,0.0,False,False
left,720575941516035219,KCg,0,0.0,0.0,0,0.0,False,False
left,720575941516066371,KCg,31,0.0,1.6,4,0.6666666666666666,False,True
left,720575941516101369,KCa'b',0,0.0,0.39999999999999997,2,0.0,False,False
left,720575941516397971,KCg,0,0.0,0.26666666666666666,2,0.125,False,False
left,720575941516458131,KCab,0,0.0,0.4,2,0.7499999999999999,False,False
left,720575941516686252,KCa'b',0,0.0,0.0,0,0.0,False,False
left,720575941517083096,KCg,0,0.0,0.03333333333333333,1,0.0,False,False
left,720575941517093486,KCapbp,0,0.0,0.0,0,0.0,False,False
left,720575941517101715,KCab,40,0.002,0.8999999999999999,2,1.0,False,True
left,720575941517148163,KC,1,0.0,0.6,2,0.0,False,True
left,720575941517265774,KC,0,0.0,0.1,1,0.0,False,False
left,720575941517381742,KCg,1,0.002,0.6,1,0.0,False,True
left,720575941517492590,KC,10,0.042,0.7333333333333333,1,0.0,False,True
left,720575941517731756,KCg,0,0.0,0.0,0,0.0,False,False
left,720575941517735852,KCg,0,0.0,0.3,3,0.7777777777777778,False,False
left,720575941517765036,KCg,4,0.0,0.7666666666666666,3,0.0,False,True
left,720575941517857452,KCg,0,0.0,0.3333333333333333,2,0.0,False,False
left,720575941517858220,KCg,10,0.0,0.9666666666666666,5,0.0,False,True
left,720575941518158040,KCab,3,0.0,0.8666666666666667,3,0.3846153846153846,False,True
left,720575941518251736,KCg,0,0.0,0.0,0,0.0,False,False
left,720575941518257880,KCapbp,0,0.0,0.0,0,0.0,False,False
left,720575941518776430,KCg,0,0.0,0.4666666666666667,2,0.0,False,False
left,720575941518777966,KCg,0,0.0,0.13333333333333333,1,0.0,False,False
left,720575941518780339,KC,20,0.0,0.8333333333333333,2,1.0,False,True
left,720575941518828504,KCg,14,0.0,0.7666666666666666,3,0.7391304347826088,False,True
left,720575941518908888,KCab,0,0.0,0.0,0,0.0,False,False
left,720575941519069550,KC,20,0.012,0.8666666666666667,3,0.0,False,True
left,720575941519084142,KCg,0,0.0,0.43333333333333335,2,0.0,False,False
left,720575941519136110,KC,6,0.0,0.5333333333333333,1,0.0,False,True
left,720575941519144302,KCg,0,0.0,0.06666666666666667,1,0.0,False,False
left,720575941519182552,KCab,51,0.026,1.5333333333333332,3,0.5217391304347827,False,True
left,720575941519346286,KC,9,0.0,0.4666666666666667,1,0.0,False,True
left,720575941519525047,KCab,0,0.0,0.0,0,0.0,False,False
left,720575941519579864,KCg,0,0.0,0.2,3,0.0,False,False
left,720575941519704174,KCab,35,0.012,1.0,2,0.4,False,True
left,720575941520010419,KCab,32,0.08,1.3333333333333335,4,0.0,False,True
left,720575941520059315,KCg,0,0.0,0.4666666666666667,3,0.5714285714285714,False,False
left,720575941520060851,KCg,0,0.0,0.06666666666666667,1,0.0,False,False
left,720575941520092343,KCab,18,0.04,1.2999999999999998,4,0.43589743589743596,False,True
left,720575941520171959,KCab,1,0.0,0.7,3,0.0,False,True
left,720575941520364467,KCg,11,0.002,0.7999999999999999,3,0.20833333333333334,False,True
left,720575941520370099,KCab,38,0.0,1.2,5,0.0,False,True
left,720575941520394163,KCa'b',4,0.0,1.1666666666666665,3,0.5714285714285715,False,True
left,720575941520432307,KC,0,0.0,0.0,0,0.0,False,False
left,720575941520564663,KCab,0,0.0,0.4666666666666667,3,0.0,False,False
left,720575941520701879,KC,54,0.068,1.4,2,0.4523809523809524,False,True
left,720575941520708279,KCg,0,0.0,0.8,4,0.0,False,False
left,720575941520949495,KCg,0,0.0,0.0,0,0.0,False,False
left,720575941521300919,KCg,63,0.002,1.5333333333333334,4,0.6304347826086956,True,True
left,720575941521455287,KCab,0,0.004,1.0333333333333332,3,0.0,False,False
left,720575941521642487,KCab,0,0.0,0.4666666666666667,3,0.0,False,False
left,720575941521652983,KCg,0,0.0,0.0,0,0.0,False,False
left,720575941521950967,KCa'b',0,0.0,0.06666666666666667,1,0.0,False,False
left,720575941521991671,KC,0,0.0,0.03333333333333333,1,0.0,False,False
left,720575941522216011,KCg,0,0.0,0.0,0,0.0,False,False
left,720575941522286003,KCg,0,0.0,0.5,3,0.0,False,False
left,720575941522360243,KCg,67,0.044,1.7,5,0.29411764705882354,True,True
left,720575941522443255,KCg,40,0.01,1.4333333333333333,6,0.20930232558139533,False,True
left,720575941522503415,KC,0,0.0,0.0,0,0.0,False,False
left,720575941522511863,KCab,0,0.0,0.5,2,0.0,False,False
left,720575941522517323,KC,0,0.014,0.7333333333333333,1,0.0,False,False
left,720575941522746615,KC,0,0.0,0.13333333333333333,2,1.0,False,False
left,720575941522771703,KCab,0,0.0,0.5666666666666667,3,0.0,False,False
left,720575941522802423,KCg,0,0.0,0.1,2,0.0,False,False
left,720575941523093495,KCab,0,0.0,0.6666666666666666,2,0.5,False,False
left,720575941523144011,KCg,0,0.0,0.03333333333333333,1,0.0,False,False
left,720575941523377227,KCab,0,0.0,0.7666666666666666,5,0.43478260869565216,False,False
left,720575941523519051,KCg,3,0.0,0.5666666666666667,1,1.0,False,True
left,720575941523788619,KCab,0,0.0,0.1,2,0.3333333333333333,False,False
left,720575941523820619,KCa'b',0,0.0,0.0,0,0.0,False,False
left,720575941524481794,KCa'b',0,0.0,0.16666666666666666,1,0.0,False,False
left,720575941524575991,KCa'b',0,0.0,0.16666666666666666,3,0.4,False,False
left,720575941524686436,KCg,0,0.0,0.3,1,0.0,False,False
left,720575941524725069,KCapbp,0,0.0,0.0,0,0.0,False,False
left,720575941524728322,KCa'b',0,0.0,0.26666666666666666,2,0.0,False,False
left,720575941524774681,KCab,6,0.0,0.8666666666666667,2,1.0,False,True
left,720575941524791065,KCg,56,0.044,2.0,5,0.31666666666666665,True,True
left,720575941525012761,KCg,0,0.0,0.0,0,0.0,False,False
left,720575941525079833,KCg,9,0.0,0.7999999999999999,3,0.20833333333333334,False,True
left,720575941525278539,KCa'b',40,0.032,1.5,3,0.0,False,True
left,720575941525296973,KCg,0,0.0,0.0,0,0.0,False,False
left,720575941525685069,KC,64,0.0,1.2333333333333332,6,0.2972972972972973,True,True
left,720575941525697026,KCg,0,0.0,0.03333333333333333,1,0.0,False,False
left,720575941525754790,KC,0,0.0,0.0,0,0.0,False,False
left,720575941525754980,KCg,0,0.0,0.3666666666666667,3,0.0,False,False
left,720575941525810020,KC,0,0.0,0.26666666666666666,1,1.0,False,False
left,720575941525824514,KCa'b',1,0.0,0.43333333333333335,1,0.0,False,True
left,720575941525882114,KCab,0,0.0,0.43333333333333335,1,1.0,False,False
left,720575941525912141,KC,24,0.016,1.0333333333333332,4,0.0,False,True
left,720575941525912601,KCg,0,0.0,0.0,0,0.0,False,False
left,720575941525923842,KCa'b',0,0.0,0.06666666666666667,2,1.0,False,False
left,720575941525991012,KCg,0,0.0,0.0,0,0.0,False,False
left,720575941526028388,KCg,0,0.0,0.8,5,0.08333333333333333,False,False
left,720575941526036301,KCg,53,0.04,1.2666666666666668,4,0.0,False,True
left,720575941526049538,KCab,0,0.0,0.0,0,0.0,False,False
left,720575941526050893,KCg,0,0.0,0.4666666666666667,3,0.0,False,False
left,720575941526103117,KCg,4,0.0,0.5666666666666667,2,0.7058823529411765,False,True
left,720575941526271513,KCg,0,0.0,0.23333333333333334,4,0.4285714285714286,False,False
left,720575941526308866,KCg,8,0.002,1.1333333333333333,3,0.411764705882353,False,True
left,720575941526322690,KCab,6,0.0,1.0333333333333332,3,0.5483870967741936,False,True
left,720575941526337561,KCab,16,0.018,1.4,3,0.0,False,True
left,720575941526354178,KCg,0,0.0,0.0,0,0.0,False,False
left,720575941526358018,KCab,0,0.0,0.16666666666666666,1,0.0,False,False
left,720575941526360486,KCg,33,0.004,1.0333333333333332,3,0.09677419354838711,False,True
left,720575941526393700,KCab,0,0.0,0.1,3,0.0,False,False
left,720575941526567780,KCg,0,0.0,0.0,0,0.0,False,False
left,720575941526618370,KCg,0,0.0,0.5666666666666667,3,0.5294117647058824,False,False
left,720575941526801229,KCg,0,0.0,0.0,0,0.0,False,False
left,720575941526831204,KCg,0,0.0,0.0,0,0.0,False,False
left,720575941526860932,KCg,0,0.0,0.23333333333333334,3,0.0,False,False
left,720575941526887524,KCg,70,0.078,2.033333333333333,10,0.03278688524590164,True,True
left,720575941527008132,KCa'b',0,0.0,0.26666666666666666,1,0.0,False,False
left,720575941527045732,KCg,2,0.0,0.7666666666666666,2,1.0,False,True
left,720575941527087129,KCa'b',1,0.0,0.5,2,0.9333333333333333,False,True
left,720575941527087492,KCab,0,0.0,0.19999999999999998,2,0.16666666666666669,False,False
left,720575941527126950,KCa'b',0,0.0,0.0,0,0.0,False,False
left,720575941527162278,KCg,0,0.0,0.0,0,0.0,False,False
left,720575941527165094,KCapbp,12,0.0,1.3666666666666667,4,0.5365853658536586,False,True
left,720575941527544486,KCab,0,0.0,0.3,1,0.0,False,False
left,720575941527673165,KCg,0,0.0,0.0,0,0.0,False,False
left,720575941527674552,KCg,0,0.0,0.26666666666666666,2,0.0,False,False
left,720575941527887800,KCab,0,0.0,0.0,0,0.0,False,False
left,720575941527909197,KCg,0,0.0,0.0,0,0.0,False,False
left,720575941527990148,KC,0,0.0,0.23333333333333334,1,0.0,False,False
left,720575941528126340,KCab,3,0.0,0.8666666666666667,3,0.5769230769230769,False,True
left,720575941528415001,KCg,0,0.0,0.0,0,0.0,False,False
left,720575941528635780,KCab,1,0.0,0.4666666666666667,1,1.0,False,True
left,720575941528657796,KC,9,0.016,1.0666666666666667,3,0.25,False,True
left,720575941528682884,KCg,0,0.0,0.43333333333333335,4,0.23076923076923078,False,False
left,720575941528949892,KCg,0,0.0,0.5666666666666667,4,0.058823529411764705,False,False
left,720575941529279876,KCa'b',0,0.0,0.19999999999999998,2,0.0,False,False
left,720575941529420728,KC,0,0.0,0.6666666666666666,3,0.05,False,False
left,720575941529807288,KCa'b',0,0.0,0.4666666666666667,1,0.0,False,False
left,720575941530046084,KCg,0,0.0,0.16666666666666666,1,0.0,False,False
left,720575941530094776,KCg,0,0.0,0.03333333333333333,1,1.0,False,False
left,720575941530135755,KCa'b',3,0.0,0.7666666666666667,1,1.0,False,True
left,720575941530367947,KCg,0,0.0,0.7333333333333333,3,0.18181818181818182,False,False
left,720575941530542283,KCg,0,0.0,0.5333333333333333,3,0.0,False,False
left,720575941530577540,KCg,0,0.0,0.1,1,0.0,False,False
left,720575941530880184,KCg,0,0.0,0.23333333333333334,1,0.0,False,False
left,720575941530911435,KCg,0,0.0,0.06666666666666667,1,0.0,False,False
left,720575941531380453,KC,0,0.0,0.8333333333333333,3,0.0,False,False
left,720575941531394179,KCapbp,0,0.0,0.5666666666666667,3,0.823529411764706,False,False
left,720575941531395045,KCg,0,0.0,0.16666666666666666,1,0.0,False,False
left,720575941531412965,KC,24,0.002,1.2333333333333334,3,0.7027027027027027,False,True
left,720575941531518411,KCapbp,0,0.0,0.0,0,0.0,False,False
left,720575941531710693,KCg,0,0.0,0.36666666666666664,3,0.0,False,False
left,720575941532146405,KCapbp,0,0.0,0.0,0,0.0,False,False
left,720575941532146917,KCg,0,0.0,0.0,0,0.0,False,False
left,720575941532312707,KCab,0,0.0,0.0,0,0.0,False,False
left,720575941532428419,KCg,0,0.0,0.43333333333333335,6,0.07692307692307691,False,False
left,720575941532735461,KCg,0,0.0,0.13333333333333333,1,0.0,False,False
left,720575941532828650,KCab,0,0.0,0.03333333333333333,1,0.0,False,False
left,720575941532868586,KCa'b',0,0.0,0.13333333333333333,1,1.0,False,False
left,720575941532872114,KC,46,0.08,1.6666666666666665,5,0.06000000000000001,False,True
left,720575941532883544,KCg,0,0.0,0.36666666666666664,1,0.0,False,False
left,720575941532933464,KCab,0,0.0,0.7,4,0.5238095238095238,False,False
left,720575941532980312,KCg,0,0.0,0.13333333333333333,1,0.0,False,False
left,720575941533003352,KCg,0,0.0,0.13333333333333333,2,0.25,False,False
left,720575941533036978,KCa'b',0,0.0,0.23333333333333334,1,0.0,False,False
left,720575941533101656,KC,22,0.0,0.9666666666666666,2,0.6206896551724138,False,True
left,720575941533420931,KCa'b',1,0.0,0.8666666666666666,4,0.7307692307692308,False,True
left,720575941533685258,KC,45,0.026,1.7666666666666666,4,0.0,False,True
left,720575941533890826,KCg,0,0.0,0.0,0,0.0,False,False
left,720575941533928114,KCab,37,0.0,1.2,5,0.8333333333333334,False,True
left,720575941534117554,KCg,0,0.0,0.0,0,0.0,False,False
left,720575941534149354,KCab,0,0.0,0.4,1,0.0,False,False
left,720575941534207320,KCab,0,0.0,0.39999999999999997,2,0.0,False,False
left,720575941534251034,KCg,0,0.0,0.0,0,0.0,False,False
left,720575941534264242,KCa'b',0,0.0,0.03333333333333333,1,1.0,False,False
left,720575941534267114,KCab,0,0.0,0.6,3,0.0,False,False
left,720575941534281906,KCapbp,0,0.0,0.6,2,0.0,False,False
left,720575941534323378,KCg,0,0.0,0.26666666666666666,3,0.0,False,False
left,720575941534421786,KC,39,0.0,0.8666666666666667,2,0.8846153846153847,False,True
left,720575941534485002,KCg,0,0.0,0.0,0,0.0,False,False
left,720575941534558808,KCg,25,0.018,0.8999999999999999,3,0.2592592592592593,False,True
left,720575941534561880,KCapbp,0,0.0,0.43333333333333335,3,0.0,False,False
left,720575941534677994,KCg,0,0.0,0.03333333333333333,1,0.0,False,False
left,720575941534708402,KCab,31,0.022,1.2333333333333334,2,0.4054054054054054,False,True
left,720575941534876865,KCa'b',17,0.006,1.4000000000000001,3,0.49999999999999994,False,True
left,720575941534879937,KC,0,0.0,0.0,0,0.0,False,False
left,720575941534886682,KCg,0,0.0,0.0,0,0.0,False,False
left,720575941534946826,KCg,0,0.0,0.26666666666666666,2,0.0,False,False
left,720575941535009985,KCa'b',2,0.0,0.9333333333333333,3,0.5,False,True
left,720575941535139265,KCa'b',0,0.0,0.06666666666666667,1,1.0,False,False
left,720575941535251434,KCg,0,0.0,0.5333333333333333,4,0.125,False,False
left,720575941535283890,KCg,0,0.0,0.13333333333333333,3,0.0,False,False
left,720575941535285426,KCg,0,0.0,0.03333333333333333,1,0.0,False,False
left,720575941535377384,KCab,52,0.016,1.9666666666666666,7,0.3559322033898305,False,True
left,720575941535428890,KC,0,0.0,0.1,1,0.0,False,False
left,720575941535475994,KCa'b',0,0.0,0.6,2,0.9444444444444444,False,False
left,720575941535485930,KCab,66,0.05,2.3666666666666663,3,1.0,True,True
left,720575941535520449,KCg,3,0.0,0.6,3,0.0,False,True
left,720575941535552193,KC,0,0.0,0.4666666666666667,1,0.0,False,False
left,720575941535570113,KCg,0,0.0,0.16666666666666666,2,0.2,False,False
left,720575941535593754,KC,0,0.0,0.2,1,1.0,False,False
left,720575941535613450,KCg,8,0.0,0.7333333333333333,2,0.0,False,True
left,720575941535617034,KCg,0,0.0,0.0,0,0.0,False,False
left,720575941535800090,KCab,50,0.082,2.3333333333333335,4,0.5857142857142857,False,True
left,720575941535809763,KCg,0,0.0,0.0,0,0.0,False,False
left,720575941535818266,KCg,0,0.0,0.0,0,0.0,False,False
left,720575941535897832,KCg,0,0.0,0.1,1,0.0,False,False
left,720575941535994802,KCg,2,0.0,0.6333333333333333,2,0.0,False,True
left,720575941536106522,KCg,0,0.0,0.33333333333333337,3,0.0,False,False
left,720575941536157978,KC,0,0.0,0.36666666666666664,1,1.0,False,False
left,720575941536216858,KCab,0,0.0,0.0,0,0.0,False,False
left,720575941536218906,KCg,0,0.0,0.4333333333333333,3,0.0,False,False
left,720575941536239130,KCg,44,0.0,1.1333333333333333,3,1.0,False,True
left,720575941536242714,KCg,0,0.0,0.4666666666666667,3,0.0,False,False
left,720575941536688872,KCg,0,0.0,0.0,0,0.0,False,False
left,720575941536781283,KCa'b',0,0.0,0.1,1,1.0,False,False
left,720575941536790243,KC,0,0.0,0.0,0,0.0,False,False
left,720575941536826344,KCab,37,0.016,1.2666666666666668,5,0.3157894736842105,False,True
left,720575941536844018,KCa'b',0,0.0,0.1,1,1.0,False,False
left,720575941536926179,KC,15,0.03,1.0333333333333334,3,0.0,False,True
left,720575941536983523,KCg,0,0.0,0.0,0,0.0,False,False
left,720575941536989466,KCg,0,0.0,0.0,0,0.0,False,False
left,720575941537025010,KCab,3,0.0,0.7333333333333334,2,0.7272727272727272,False,True
left,720575941537055720,KCa'b',0,0.0,0.0,0,0.0,False,False
left,720575941537280483,KCa'b',0,0.0,0.0,0,0.0,False,False
left,720575941537335745,KCa'b',0,0.0,0.0,0,0.0,False,False
left,720575941537590243,KCg,0,0.0,0.06666666666666667,1,1.0,False,False
left,720575941537623272,KCa'b',0,0.0,0.0,0,0.0,False,False
left,720575941537759720,KCg,11,0.012,1.2666666666666666,5,0.0,False,True
left,720575941537896597,KCg,0,0.0,0.5,4,0.0,False,False
left,720575941537913749,KCg,0,0.0,0.16666666666666669,2,0.0,False,False
left,720575941537949426,KCg,0,0.0,0.0,0,0.0,False,False
left,720575941537954802,KCg,5,0.0,0.7666666666666666,2,0.43478260869565216,False,True
left,720575941538004629,KCab,40,0.0,1.1666666666666667,6,0.14285714285714285,False,True
left,720575941538095346,KC,35,0.0,1.7333333333333334,2,1.0,False,True
left,720575941538096114,KCab,0,0.0,0.13333333333333333,1,1.0,False,False
left,720575941538119922,KCg,2,0.0,0.7,4,0.0,False,True
left,720575941538123925,KCg,0,0.0,0.5333333333333333,4,0.125,False,False
left,720575941538232469,KCg,0,0.0,0.3,1,0.0,False,False
left,720575941538253298,KCab,0,0.0,0.0,0,0.0,False,False
left,720575941538280341,KC,0,0.0,0.6666666666666667,4,0.0,False,False
left,720575941538288533,KCg,0,0.0,0.13333333333333333,1,0.0,False,False
left,720575941538291861,KCab,3,0.0,0.7666666666666666,3,0.7391304347826088,False,True
left,720575941538316693,KCab,40,0.016,1.833333333333333,4,0.490909090909091,False,True
left,720575941538343829,KCg,0,0.0,0.4666666666666667,2,0.5,False,False
left,720575941538346738,KCg,0,0.0,0.5,2,0.9333333333333333,False,False
left,720575941538358733,KCg,1,0.0,0.6333333333333333,2,1.0,False,True
left,720575941538546301,KCg,0,0.0,0.3,2,0.0,False,False
left,720575941538654947,KCab,0,0.0,0.5,2,0.0,False,False
left,720575941538655381,KC,12,0.0,1.1666666666666667,3,0.7428571428571429,False,True
left,720575941538677397,KCg,5,0.0,0.6333333333333333,5,0.4736842105263158,False,True
left,720575941538679957,KC,0,0.0,0.0,0,0.0,False,False
left,720575941538701283,KCab,9,0.012,1.0666666666666667,2,0.0,False,True
left,720575941538928114,KCg,11,0.0,0.8,4,0.0,False,True
left,720575941538961635,KCg,0,0.0,0.13333333333333333,1,0.0,False,False
left,720575941538963698,KCg,32,0.006,1.6666666666666665,4,0.26,False,True
left,720575941538988949,KCab,33,0.0,0.7666666666666666,4,0.8260869565217391,False,True
left,720575941539094221,KCa'b',1,0.0,0.8999999999999999,6,0.9259259259259259,False,True
left,720575941539356146,KC,27,0.092,1.9,4,0.03508771929824561,False,True
left,720575941539395453,KCab,0,0.0,0.0,0,0.0,False,False
left,720575941539397245,KCab,0,0.0,0.36666666666666664,2,0.8181818181818182,False,False
left,720575941539411917,KC,48,0.024,1.8,4,0.0,False,True
left,720575941539426765,KC,0,0.0,0.23333333333333334,1,0.0,False,False
left,720575941539446989,KCab,57,0.062,1.5666666666666664,4,0.5319148936170214,True,True
left,720575941539524989,KC,0,0.0,0.06666666666666667,1,0.0,False,False
left,720575941539545549,KCa'b',0,0.0,0.2,1,0.0,False,False
left,720575941540051442,KCg,0,0.0,0.36666666666666664,1,0.0,False,False
left,720575941540218573,KCg,0,0.0,0.0,0,0.0,False,False
left,720575941540412541,KCg,0,0.0,0.03333333333333333,1,0.0,False,False
left,720575941540642845,KC,0,0.0,0.0,0,0.0,False,False
left,720575941541307421,KC,1,0.0,0.6333333333333333,2,0.0,False,True
left,720575941541325085,KCab,27,0.064,1.3666666666666667,2,0.0,False,True
left,720575941541494876,KCg,24,0.0,1.2333333333333334,4,0.6486486486486487,False,True
left,720575941541504092,KC,0,0.0,0.0,0,0.0,False,False
left,720575941541507164,KCab,41,0.01,0.9666666666666667,1,1.0,False,True
left,720575941541511260,KCg,0,0.0,0.7333333333333334,5,0.0,False,False
left,720575941541511772,KCg,0,0.0,0.4666666666666667,2,0.3571428571428571,False,False
left,720575941541512796,KCg,0,0.0,0.5666666666666667,4,0.0,False,False
left,720575941541518940,KCg,0,0.0,0.0,0,0.0,False,False
left,720575941541519964,KC,57,0.01,1.2666666666666668,3,0.9473684210526316,True,True
left,720575941541522012,KC,0,0.0,0.30000000000000004,3,0.0,False,False
left,720575941541799453,KCab,23,0.0,0.7333333333333333,1,0.0,False,True
left,720575941541817885,KCg,0,0.0,0.6,5,0.3888888888888889,False,False
left,720575941541819421,KCg,0,0.0,0.1,2,0.3333333333333333,False,False
left,720575941542081565,KCg,0,0.0,0.5333333333333333,2,0.0,False,False
left,720575941542511389,KCg,0,0.0,0.2,1,0.0,False,False
left,720575941542519581,KCg,0,0.0,0.13333333333333333,1,0.0,False,False
left,720575941542778204,KCab,3,0.0,0.5333333333333333,1,1.0,False,True
left,720575941542966557,KCg,0,0.0,0.06666666666666667,1,0.0,False,False
left,720575941543109917,KCa'b',0,0.0,0.7999999999999999,3,0.5416666666666666,False,False
left,720575941543178781,KCg,0,0.0,0.06666666666666667,1,1.0,False,False
left,720575941543222301,KCg,0,0.0,0.5666666666666667,4,0.0,False,False
left,720575941543234845,KCa'b',0,0.0,0.43333333333333335,2,0.0,False,False
left,720575941543589381,KCg,31,0.002,0.9,1,1.0,False,True
left,720575941543695621,KCa'b',0,0.0,0.16666666666666666,1,1.0,False,False
left,720575941543702277,KCg,0,0.0,0.0,0,0.0,False,False
left,720575941543835397,KC,0,0.0,0.3,2,0.5555555555555556,False,False
left,720575941543981061,KCg,0,0.0,0.36666666666666664,1,0.0,False,False
left,720575941544042245,KCg,28,0.006,1.5,3,0.26666666666666666,False,True
left,720575941544043452,KCa'b',0,0.0,0.0,0,0.0,False,False
left,720575941544116668,KCab,18,0.0,1.1666666666666667,4,0.7999999999999999,False,True
left,720575941544299964,KCg,0,0.0,0.4666666666666667,1,1.0,False,False
left,720575941544415005,KCapbp,0,0.0,0.26666666666666666,1,0.0,False,False
left,720575941544778428,KCab,0,0.0,0.0,0,0.0,False,False
left,720575941545087237,KCab,39,0.048,1.3333333333333335,3,0.0,False,True
left,720575941545288809,KCab,18,0.0,0.9,2,1.0,False,True
left,720575941545383273,KCg,0,0.0,0.03333333333333333,1,0.0,False,False
left,720575941545391977,KCab,13,0.0,0.9333333333333333,4,0.7142857142857142,False,True
left,720575941545415356,KCa'b',0,0.0,0.0,0,0.0,False,False
left,720575941545416124,KCg,31,0.0,1.4,3,0.33333333333333337,False,True
left,720575941545659068,KCg,0,0.0,0.5666666666666667,3,0.9411764705882353,False,False
left,720575941545673916,KCg,0,0.0,0.6,2,0.5,False,False
left,720575941545765737,KCg,0,0.0,0.39999999999999997,2,0.0,False,False
left,720575941546041276,KC,0,0.0,0.4666666666666667,2,0.9285714285714286,False,False
left,720575941546101609,KCg,0,0.0,0.0,0,0.0,False,False
left,720575941546106473,KCab,0,0.0,0.0,0,0.0,False,False
left,720575941546122857,KCg,0,0.0,0.4666666666666667,3,0.14285714285714285,False,False
left,720575941546128828,KCg,0,0.0,0.1,1,0.0,False,False
left,720575941546235060,KCa'b',20,0.0,0.7666666666666667,3,0.3043478260869565,False,True
left,720575941546326021,KCg,0,0.0,0.0,0,0.0,False,False
left,720575941546337980,KCab,60,0.156,1.9000000000000001,4,0.0,True,True
left,720575941546531508,KCab,0,0.0,0.4,1,1.0,False,False
left,720575941546723208,KCab,0,0.0,0.3333333333333333,2,0.0,False,False
left,720575941546728124,KC,0,0.0,0.5,3,0.3333333333333333,False,False
left,720575941546883508,KC,0,0.0,0.16666666666666666,3,0.6000000000000001,False,False
left,720575941547122824,KCg,0,0.0,0.0,0,0.0,False,False
left,720575941547124360,KCg,0,0.0,0.0,0,0.0,False,False
left,720575941547435400,KCg,0,0.0,0.43333333333333335,3,0.0,False,False
left,720575941547461921,KCa'b',0,0.0,0.16666666666666666,1,0.0,False,False
left,720575941547779208,KCg,0,0.0,0.5,2,0.0,False,False
left,720575941547786888,KCg,6,0.0,1.0333333333333334,4,0.22580645161290322,False,True
left,720575941547788424,KCg,0,0.0,0.06666666666666667,2,0.0,False,False
left,720575941547790216,KCg,16,0.0,0.6333333333333333,3,0.0,False,True
left,720575941547810952,KC,0,0.0,0.4666666666666667,3,1.0,False,False
left,720575941547811208,KCg,0,0.0,0.5,4,0.2,False,False
left,720575941547813768,KCg,4,0.002,0.5666666666666667,1,0.0,False,True
left,720575941547831101,KCab,0,0.0,0.26666666666666666,1,0.0,False,False
left,720575941548008809,KCg,0,0.0,0.0,0,0.0,False,False
left,720575941548010356,KCa'b',2,0.0,0.5333333333333333,2,0.0,False,True
left,720575941548268724,KCab,3,0.0,0.9666666666666666,6,0.0,False,True
left,720575941548778557,KCa'b',0,0.0,0.4666666666666667,2,0.0,False,False
left,720575941548831549,KCa'b',0,0.0,0.43333333333333335,2,0.0,False,False
left,720575941548851060,KCg,0,0.0,0.23333333333333334,2,0.8571428571428572,False,False
left,720575941548886845,KCg,2,0.0,0.7333333333333333,3,0.5,False,True
left,720575941548903028,KCg,0,0.0,0.43333333333333335,1,1.0,False,False
left,720575941548946312,KCab,0,0.0,0.36666666666666664,1,0.0,False,False
left,720575941549045364,KCab,0,0.0,0.23333333333333334,1,0.0,False,False
left,720575941549055604,KCab,0,0.0,0.26666666666666666,1,0.0,False,False
left,720575941549056628,KC,25,0.012,0.8333333333333334,1,0.0,False,True
left,720575941549063540,KCg,1,0.0,0.7666666666666666,4,0.1739130434782609,False,True
left,720575941549093153,KCg,0,0.0,0.7666666666666666,5,0.08695652173913045,False,False
left,720575941549178228,KCg,0,0.0,0.0,0,0.0,False,False
left,720575941549185597,KCg,54,0.08,1.6333333333333333,6,0.04081632653061224,False,True
left,720575941549190205,KC,49,0.162,2.1333333333333333,5,0.0,False,True
left,720575941549191997,KCab,0,0.0,0.4,2,0.25,False,False
left,720575941549234292,KCg,0,0.0,0.0,0,0.0,False,False
left,720575941549435937,KCa'b',46,0.044,1.2,3,0.25,False,True
left,720575941549615988,KC,0,0.0,0.0,0,0.0,False,False
left,720575941549619572,KC,62,0.096,1.9,5,0.2280701754385965,True,True
left,720575941549680244,KCg,0,0.0,0.5333333333333333,3,0.0,False,False
left,720575941549681012,KCab,29,0.0,1.4,3,0.5714285714285715,False,True
left,720575941549955071,KCg,0,0.0,0.16666666666666666,1,0.0,False,False
left,720575941550090557,KCg,21,0.0,1.0999999999999999,5,0.0,False,True
left,720575941550105855,KCg,2,0.0,0.9333333333333333,4,0.2857142857142857,False,True
left,720575941550405921,KCa'b',0,0.0,0.0,0,0.0,False,False
left,720575941550578750,KCg,0,0.0,0.5333333333333333,3,0.0,False,False
left,720575941550863871,KCg,20,0.012,1.6333333333333333,3,0.2448979591836735,False,True
left,720575941551157247,KCg,0,0.0,0.6,6,0.05555555555555556,False,False
left,720575941551179519,KCg,1,0.0,0.7,4,0.6190476190476191,False,True
left,720575941551395646,KCab,0,0.0,0.0,0,0.0,False,False
left,720575941551408500,KCg,0,0.0,0.03333333333333333,1,0.0,False,False
left,720575941551409012,KCg,0,0.0,0.0,0,0.0,False,False
left,720575941551411774,KCg,33,0.026,1.3,3,0.0,False,True
left,720575941551492863,KCab,0,0.0,0.06666666666666667,2,0.5,False,False
left,720575941551652095,KCab,0,0.0,0.43333333333333335,2,0.23076923076923078,False,False
left,720575941551694471,KCab,2,0.0,0.7666666666666666,3,0.0,False,True
left,720575941551695751,KCg,0,0.0,0.0,0,0.0,False,False
left,720575941551892798,KCa'b',1,0.0,0.8,3,0.8749999999999999,False,True
left,720575941551911998,KCg,0,0.0,0.4666666666666667,3,0.07142857142857142,False,False
left,720575941552220222,KCa'b',0,0.0,0.13333333333333333,2,0.25,False,False
left,720575941552280894,KCg,0,0.0,0.3,2,0.11111111111111112,False,False
left,720575941552296346,KCg,15,0.008,0.9333333333333332,4,0.0,False,True
left,720575941552537918,KCg,1,0.0,0.43333333333333335,1,1.0,False,True
left,720575941552833563,KCg,0,0.0,0.13333333333333333,2,0.0,False,False
left,720575941552872766,KCg,0,0.0,0.2,2,0.0,False,False
left,720575941552881179,KCg,0,0.0,0.03333333333333333,1,0.0,False,False
left,720575941552901767,KCg,0,0.0,0.3333333333333333,1,1.0,False,False
left,720575941552984859,KCab,0,0.0,0.5666666666666667,4,0.0,False,False
left,720575941553198107,KCab,0,0.0,0.0,0,0.0,False,False
left,720575941553201435,KCab,5,0.004,0.8666666666666667,4,0.03846153846153846,False,True
left,720575941553235591,KC,0,0.0,0.3333333333333333,2,0.9,False,False
left,720575941553247827,KCa'b',0,0.0,0.39999999999999997,2,0.0,False,False
left,720575941553249927,KCg,0,0.0,0.2333333333333333,3,0.14285714285714288,False,False
left,720575941553254023,KCg,0,0.0,0.3,2,0.0,False,False
left,720575941553286535,KCab,3,0.0,0.7333333333333334,3,0.5454545454545454,False,True
left,720575941553287047,KCab,10,0.0,0.6,2,0.0,False,True
left,720575941553322323,KCg,0,0.0,0.06666666666666667,1,0.0,False,False
left,720575941553355930,KCg,4,0.0,0.9333333333333333,4,0.0,False,True
left,720575941553361050,KCg,0,0.0,0.5,2,0.0,False,False
left,720575941553484442,KCg,43,0.0,1.2333333333333334,2,1.0,False,True
left,720575941553566235,KCg,0,0.0,0.0,0,0.0,False,False
left,720575941553644571,KCg,0,0.0,0.23333333333333334,1,0.0,False,False
left,720575941553652507,KC,7,0.002,0.6,2,0.05555555555555556,False,True
left,720575941553696154,KCg,0,0.0,0.0,0,0.0,False,False
left,720575941553749402,KCg,0,0.0,0.36666666666666664,1,0.0,False,False
left,720575941554066660,KCg,52,0.28,2.6333333333333333,3,0.0,False,True
left,720575941554095361,KCg,0,0.0,0.16666666666666666,1,0.0,False,False
left,720575941554123418,KCab,0,0.0,0.19999999999999998,3,0.0,False,False
left,720575941554169242,KCab,0,0.0,0.3,2,0.888888888888889,False,False
left,720575941554178970,KC,0,0.0,0.36666666666666664,2,0.0,False,False
left,720575941554386689,KCg,0,0.0,0.16666666666666669,3,0.0,False,False
left,720575941554709843,KCg,0,0.0,0.4666666666666667,2,0.0,False,False
left,720575941554768211,KCg,1,0.0,0.5666666666666667,3,1.0,False,True
left,720575941554775297,KC,0,0.0,0.0,0,0.0,False,False
left,720575941554794241,KCg,0,0.0,0.3333333333333333,3,0.1,False,False
left,720575941554807041,KCg,0,0.0,0.13333333333333333,2,0.0,False,False
left,720575941555085284,KCg,27,0.0,1.2666666666666666,4,0.1842105263157895,False,True
left,720575941555108179,KCab,0,0.0,0.0,0,0.0,False,False
left,720575941555137619,KC,0,0.0,0.3666666666666667,2,0.6363636363636364,False,False
left,720575941555162084,KCab,0,0.0,0.0,0,0.0,False,False
left,720575941555270628,KCg,0,0.0,0.26666666666666666,2,0.75,False,False
left,720575941555273444,KCab,0,0.0,0.3,1,0.0,False,False
left,720575941555280100,KCab,0,0.0,0.0,0,0.0,False,False
left,720575941555325185,KCg,19,0.002,1.0333333333333332,3,0.0,False,True
left,720575941555441818,KCab,3,0.0,1.1666666666666667,4,0.39999999999999997,False,True
left,720575941555468954,KCab,0,0.0,0.43333333333333335,1,0.0,False,False
left,720575941555471332,KCg,0,0.0,0.16666666666666666,1,0.0,False,False
left,720575941555567332,KCg,24,0.0,0.8999999999999999,2,1.0,False,True
left,720575941555718995,KCg,8,0.012,1.0666666666666667,3,0.09375,False,True
left,720575941555750884,KCg,0,0.002,0.8333333333333334,3,0.0,False,False
left,720575941555757796,KCab,0,0.0,0.16666666666666669,2,0.0,False,False
left,720575941555798611,KCg,0,0.0,0.7333333333333334,2,0.40909090909090906,False,False
left,720575941555868900,KCab,0,0.0,0.0,0,0.0,False,False
left,720575941555878372,KCg,0,0.0,0.0,0,0.0,False,False
left,720575941556208804,KCg,1,0.0,0.7333333333333334,2,0.6363636363636364,False,True
left,720575941556321700,KCg,0,0.0,0.23333333333333334,3,0.0,False,False
left,720575941556414628,KC,5,0.0,0.4666666666666667,1,0.0,False,True
left,720575941556420260,KCab,61,0.056,1.633333333333333,4,0.0,True,True
left,720575941556611492,KCab,1,0.0,0.6333333333333333,3,0.0,False,True
left,720575941556621139,KCg,0,0.0,0.0,0,0.0,False,False
left,720575941556977828,KC,0,0.0,0.0,0,0.0,False,False
left,720575941557146404,KCg,0,0.0,0.0,0,0.0,False,False
left,720575941557228772,KCab,28,0.012,1.2,3,0.11111111111111112,False,True
left,720575941557248484,KCg,0,0.0,0.39999999999999997,2,0.0,False,False
left,720575941557544868,KCg,0,0.0,0.13333333333333333,1,0.0,False,False
left,720575941557787407,KC,3,0.0,0.5,2,0.0,False,True
left,720575941558233203,KCab,0,0.0,0.03333333333333333,1,0.0,False,False
left,720575941558345587,KCg,0,0.0,0.36666666666666664,2,0.0,False,False
left,720575941558798884,KCa'b',0,0.0,0.16666666666666666,1,0.0,False,False
left,720575941559042798,KCg,0,0.0,0.3666666666666667,3,0.0,False,False
left,720575941559246451,KCg,71,0.18,3.0666666666666664,6,0.1956521739130435,True,True
left,720575941559323630,KCg,0,0.0,0.19999999999999998,3,0.0,False,False
left,720575941559340845,KCab,58,0.054,2.5,5,0.3466666666666667,True,True
left,720575941559631219,KCg,33,0.012,0.7333333333333333,1,0.0,False,True
left,720575941559634035,KCab,31,0.026,1.3,3,0.0,False,True
left,720575941559733107,KCab,0,0.0,0.4,2,0.5833333333333333,False,False
left,720575941559793390,KCg,27,0.012,1.2333333333333332,5,0.0,False,True
left,720575941559831790,KCab,0,0.0,0.7333333333333334,2,0.0,False,False
left,720575941559867663,KCg,0,0.0,0.0,0,0.0,False,False
left,720575941559891571,KCab,0,0.0,0.0,0,0.0,False,False
left,720575941560030991,KCa'b',21,0.016,0.8,3,0.0,False,True
left,720575941560040430,KCab,0,0.0,0.4666666666666667,1,0.0,False,False
left,720575941560073587,KC,0,0.0,0.43333333333333335,2,0.0,False,False
left,720575941560103795,KCg,0,0.0,0.0,0,0.0,False,False
left,720575941560118643,KCab,29,0.004,1.3333333333333333,4,0.0,False,True
left,720575941560241709,KCg,0,0.0,0.3333333333333333,1,0.0,False,False
left,720575941560319277,KCg,0,0.0,0.3,1,0.0,False,False
left,720575941560330541,KCg,6,0.016,1.1333333333333333,3,0.0,False,True
left,720575941560333613,KCg,24,0.0,0.8,2,1.0,False,True
left,720575941560506413,KCg,0,0.0,0.36666666666666664,2,0.0,False,False
left,720575941560515629,KCg,0,0.0,0.03333333333333333,1,0.0,False,False
left,720575941560555309,KCg,7,0.002,0.9666666666666666,6,0.0,False,True
left,720575941560650355,KCapbp,0,0.0,0.13333333333333333,2,0.75,False,False
left,720575941560921901,KCg,0,0.0,0.7,2,0.0,False,False
left,720575941560956973,KCg,0,0.0,0.4,3,0.0,False,False
left,720575941560968493,KCg,33,0.026,1.3333333333333335,3,0.0,False,True
left,720575941560983597,KCg,0,0.0,0.0,0,0.0,False,False
left,720575941560993069,KCapbp,0,0.0,0.16666666666666666,1,0.0,False,False
left,720575941561966226,KCab,0,0.0,0.0,0,0.0,False,False
left,720575941562393256,KCab,0,0.0,0.2,3,0.0,False,False
left,720575941562462888,KCg,0,0.0,0.3,2,0.0,False,False
left,720575941562562216,KCab,0,0.0,0.0,0,0.0,False,False
left,720575941562822568,KC,27,0.0,1.1666666666666667,5,0.857142857142857,False,True
left,720575941562925319,KCg,0,0.0,0.23333333333333334,4,0.5714285714285714,False,False
left,720575941563050642,KCa'b',0,0.0,0.5,2,0.0,False,False
left,720575941563073170,KCab,0,0.0,0.03333333333333333,1,1.0,False,False
left,720575941563226368,KCg,0,0.0,0.26666666666666666,2,0.0,False,False
left,720575941563278226,KCab,0,0.0,0.1,2,0.0,False,False
left,720575941563378066,KCab,0,0.0,0.2,3,0.3333333333333333,False,False
left,720575941563407767,KCg,0,0.0,0.0,0,0.0,False,False
left,720575941563591680,KCg,0,0.0,0.16666666666666666,2,0.0,False,False
left,720575941563704832,KCg,64,0.06,1.6333333333333333,3,0.0,True,True
left,720575941563716096,KCab,0,0.0,0.26666666666666666,3,0.125,False,False
left,720575941563738770,KC,0,0.0,0.0,0,0.0,False,False
left,720575941563781778,KCa'b',0,0.0,0.06666666666666667,1,0.0,False,False
left,720575941564023606,KCg,41,0.002,1.4666666666666668,5,0.20454545454545453,False,True
left,720575941564098194,KCab,0,0.0,0.23333333333333334,1,1.0,False,False
left,720575941564124167,KCab,0,0.0,0.2,1,0.0,False,False
left,720575941564128775,KC,57,0.056,1.4999999999999998,5,0.0,True,True
left,720575941564147624,KCa'b',1,0.0,0.7333333333333333,5,0.22727272727272727,False,True
left,720575941564150279,KCab,0,0.0,0.0,0,0.0,False,False
left,720575941564159488,KCab,0,0.0,0.03333333333333333,1,0.0,False,False
left,720575941564208274,KCapbp,0,0.0,0.13333333333333333,1,0.0,False,False
left,720575941564252935,KCg,32,0.0,1.5,5,0.5333333333333333,False,True
left,720575941564299527,KCg,0,0.0,0.0,0,0.0,False,False
left,720575941564309511,KCg,0,0.0,0.5333333333333333,4,0.3125,False,False
left,720575941564371968,KCab,14,0.0,0.6,3,0.7777777777777778,False,True
left,720575941564384354,KCab,0,0.0,0.16666666666666669,4,0.0,False,False
left,720575941564415842,KCg,13,0.006,1.0333333333333332,4,0.0,False,True
left,720575941564437090,KCg,0,0.0,0.23333333333333334,2,0.8571428571428572,False,False
left,720575941564470535,KCab,1,0.0,0.7,4,0.2857142857142857,False,True
left,720575941564496023,KCg,0,0.0,0.26666666666666666,1,0.0,False,False
left,720575941564508007,KCab,0,0.0,0.5,3,0.0,False,False
left,720575941564550759,KCab,10,0.0,0.7333333333333333,1,1.0,False,True
left,720575941564659047,KCg,0,0.0,0.0,0,0.0,False,False
left,720575941564766727,KCab,0,0.0,0.26666666666666666,1,0.0,False,False
left,720575941564768354,KC,0,0.0,0.0,0,0.0,False,False
left,720575941564784738,KCab,0,0.0,0.1,1,1.0,False,False
left,720575941564808711,KC,0,0.0,0.39999999999999997,2,0.9166666666666666,False,False
left,720575941564814599,KCg,1,0.0,0.7333333333333334,2,0.0,False,True
left,720575941564829591,KCg,0,0.0,0.4,3,0.25,False,False
left,720575941564876951,KCab,0,0.002,0.6,2,0.0,False,False
left,720575941565090450,KCg,0,0.0,0.0,0,0.0,False,False
left,720575941565103970,KCab,9,0.0,0.5333333333333333,1,1.0,False,True
left,720575941565315218,KCg,0,0.0,0.0,0,0.0,False,False
left,720575941565343895,KCab,0,0.0,0.26666666666666666,2,0.0,False,False
left,720575941565461607,KCg,0,0.0,0.16666666666666666,3,0.0,False,False
left,720575941565497959,KCg,0,0.0,0.5,2,0.0,False,False
left,720575941565518080,KCab,12,0.006,1.1666666666666665,2,0.4000000000000001,False,True
left,720575941565616231,KC,0,0.0,0.03333333333333333,1,0.0,False,False
left,720575941565616487,KCab,1,0.0,0.6333333333333333,2,0.8947368421052632,False,True
left,720575941565719606,KCab,0,0.0,0.0,0,0.0,False,False
left,720575941565791591,KCab,0,0.0,0.3333333333333333,2,0.0,False,False
left,720575941565819438,KCab,34,0.014,0.7666666666666667,1,0.0,False,True
left,720575941565830198,KCg,0,0.0,0.3333333333333333,1,0.0,False,False
left,720575941566028846,KC,0,0.0,0.13333333333333333,2,0.0,False,False
left,720575941566244967,KCg,0,0.0,0.39999999999999997,2,0.0,False,False
left,720575941566248295,KCg,0,0.0,0.36666666666666664,1,0.0,False,False
left,720575941566249319,KC,40,0.028,1.4666666666666666,2,0.5,False,True
left,720575941566436967,KC,30,0.03,1.0,3,0.0,False,True
left,720575941567016238,KCab,0,0.0,0.5666666666666667,4,0.411764705882353,False,False
left,720575941567339514,KCa'b',0,0.0,0.03333333333333333,1,0.0,False,False
left,720575941567365934,KC,0,0.0,0.03333333333333333,1,0.0,False,False
left,720575941567367156,KCa'b',16,0.002,0.6333333333333333,1,0.0,False,True
left,720575941567705970,KCg,32,0.0,1.4,3,0.761904761904762,False,True
left,720575941567755822,KCg,16,0.096,0.9,1,0.0,False,True
left,720575941567778350,KCab,0,0.0,0.4,1,1.0,False,False
left,720575941567791092,KCa'b',25,0.004,1.1,5,0.1212121212121212,False,True
left,720575941567828782,KCg,0,0.0,0.6,4,0.0,False,False
left,720575941567849262,KCa'b',0,0.0,0.0,0,0.0,False,False
left,720575941568243706,KCg,0,0.0,0.0,0,0.0,False,False
left,720575941568260346,KCg,0,0.0,0.5666666666666667,4,0.0,False,False
left,720575941568313390,KCa'b',0,0.0,0.16666666666666666,3,1.0,False,False
left,720575941568428282,KCab,40,0.0,1.2,4,0.5,False,True
left,720575941568548090,KCg,1,0.0,0.7,2,0.2380952380952381,False,True
left,720575941568567154,KCg,0,0.0,0.0,0,0.0,False,False
left,720575941568657396,KCg,0,0.0,0.3,1,0.0,False,False
left,720575941568687986,KCab,11,0.0,1.1333333333333333,2,0.6764705882352942,False,True
left,720575941568732018,KCg,0,0.0,0.0,0,0.0,False,False
left,720575941568776050,KC,0,0.0,0.4666666666666667,3,0.0,False,False
left,720575941568866804,KC,0,0.0,0.3,3,0.22222222222222224,False,False
left,720575941568869620,KCg,0,0.0,0.0,0,0.0,False,False
left,720575941568903412,KCg,0,0.0,0.4666666666666667,1,0.0,False,False
left,720575941568934906,KCg,0,0.0,0.4666666666666667,2,0.2857142857142857,False,False
left,720575941569138938,KCg,0,0.0,0.03333333333333333,1,0.0,False,False
left,720575941569245298,KC,0,0.0,0.0,0,0.0,False,False
left,720575941569298546,KC,0,0.0,0.2,1,0.0,False,False
left,720575941569518068,KCab,0,0.0,0.06666666666666667,1,0.0,False,False
left,720575941569530356,KCab,0,0.0,0.23333333333333334,2,0.5714285714285714,False,False
left,720575941569559796,KCab,0,0.0,0.36666666666666664,1,0.0,False,False
left,720575941569561588,KCg,6,0.002,0.8333333333333333,5,0.0,False,True
left,720575941570205172,KCab,0,0.0,0.0,0,0.0,False,False
left,720575941570789620,KCapbp,0,0.0,0.5666666666666667,5,0.058823529411764705,False,False
left,720575941571403080,KCab,7,0.0,0.8,3,0.29166666666666663,False,True
left,720575941571483806,KC,0,0.0,0.03333333333333333,1,1.0,False,False
left,720575941571495582,KCg,0,0.0,0.0,0,0.0,False,False
left,720575941571498398,KCg,0,0.0,0.0,0,0.0,False,False
left,720575941571499934,KCab,0,0.0,0.03333333333333333,1,0.0,False,False
left,720575941571502494,KCg,1,0.0,0.8333333333333334,3,0.52,False,True
left,720575941571511710,KCg,0,0.0,0.0,0,0.0,False,False
left,720575941571535774,KCab,0,0.0,0.0,0,0.0,False,False
left,720575941571536798,KCg,0,0.0,0.0,0,0.0,False,False
left,720575941571891208,KCg,38,0.0,1.0,3,0.5666666666666667,False,True
left,720575941571942139,KCab,3,0.0,1.0,2,1.0,False,True
left,720575941572058526,KCg,0,0.0,0.3666666666666667,3,0.0,False,False
left,720575941572075934,KCg,14,0.044,1.1666666666666667,3,0.0,False,True
left,720575941572080030,KCa'b',0,0.0,0.26666666666666666,4,0.375,False,False
left,720575941572355400,KCg,0,0.0,0.43333333333333335,3,0.0,False,False
left,720575941572358728,KCg,0,0.0,0.1,1,0.0,False,False
left,720575941572363848,KC,0,0.0,0.06666666666666667,2,0.0,False,False
left,720575941572486472,KCg,0,0.0,0.23333333333333334,1,0.0,False,False
left,720575941572489800,KCab,0,0.0,0.5333333333333333,6,0.0625,False,False
left,720575941572662281,KCa'b',2,0.0,0.7,3,0.9523809523809524,False,True
left,720575941572667976,KCab,0,0.0,0.4,1,0.0,False,False
left,720575941572670280,KCa'b',0,0.0,0.3333333333333333,3,0.0,False,False
left,720575941573030301,KCg,0,0.0,0.13333333333333333,2,1.0,False,False
left,720575941573044296,KCab,47,0.0,0.9666666666666666,2,0.6206896551724138,False,True
left,720575941573062139,KCab,0,0.0,0.5,2,1.0,False,False
left,720575941573066235,KCg,0,0.0,0.03333333333333333,1,1.0,False,False
left,720575941573147387,KCg,0,0.0,0.7666666666666666,6,0.08695652173913045,False,False
left,720575941573206415,KCab,2,0.002,1.0666666666666667,3,0.40625,False,True
left,720575941573296891,KCg,0,0.0,0.0,0,0.0,False,False
left,720575941573299528,KCg,0,0.0,0.6666666666666666,2,0.55,False,False
left,720575941573313275,KCg,0,0.0,0.03333333333333333,1,0.0,False,False
left,720575941573451407,KCg,0,0.0,0.5,1,0.0,False,False
left,720575941573499549,KCab,0,0.0,0.16666666666666666,1,1.0,False,False
left,720575941573501435,KCg,0,0.0,0.13333333333333333,2,0.25,False,False
left,720575941573508765,KCg,0,0.0,0.0,0,0.0,False,False
left,720575941573519006,KCg,0,0.0,0.2,2,0.0,False,False
left,720575941573561501,KCab,0,0.0,0.03333333333333333,1,0.0,False,False
left,720575941573612041,KCg,0,0.0,0.3,2,0.0,False,False
left,720575941573678493,KCab,58,0.086,2.0,4,0.03333333333333333,True,True
left,720575941573678601,KCab,0,0.0,0.5333333333333333,4,0.0,False,False
left,720575941573682333,KCg,0,0.0,0.0,0,0.0,False,False
left,720575941573686685,KCab,47,0.01,1.1666666666666667,1,1.0,False,True
left,720575941573728521,KCg,0,0.0,0.39999999999999997,3,0.0,False,False
left,720575941573823496,KCab,0,0.0,0.39999999999999997,3,0.0,False,False
left,720575941573934331,KCg,0,0.0,0.06666666666666667,2,0.0,False,False
left,720575941573938952,KCg,0,0.0,0.0,0,0.0,False,False
left,720575941573996041,KC,0,0.0,0.06666666666666667,2,1.0,False,False
left,720575941574020873,KCg,1,0.0,0.5,1,0.0,False,True
left,720575941574173366,KCg,50,0.124,1.5,2,0.3333333333333333,False,True
left,720575941574196488,KCab,27,0.04,1.1,2,0.0,False,True
left,720575941574197000,KC,0,0.0,0.0,0,0.0,False,False
left,720575941574234376,KCab,28,0.026,1.2000000000000002,4,0.0,False,True
left,720575941574325405,KCg,15,0.0,0.7666666666666666,2,0.0,False,True
left,720575941574343240,KCab,20,0.042,1.2666666666666666,4,0.0,False,True
left,720575941574346056,KCg,1,0.0,0.6333333333333333,3,0.0,False,True
left,720575941574346397,KCab,6,0.0,0.7333333333333334,3,0.13636363636363635,False,True
left,720575941574352783,KCab,0,0.0,0.06666666666666667,1,0.0,False,False
left,720575941574353673,KCab,60,0.012,1.866666666666667,4,0.6607142857142858,True,True
left,720575941574413321,KCab,0,0.0,0.4,3,0.0,False,False
left,720575941574414696,KCab,0,0.0,0.4,1,0.0,False,False
left,720575941574416393,KCg,0,0.0,0.2,2,0.0,False,False
left,720575941574503016,KCab,0,0.0,0.5333333333333333,4,0.6250000000000001,False,False
left,720575941574535016,KCg,34,0.024,1.0666666666666667,4,0.03125,False,True
left,720575941574553672,KCg,4,0.006,1.1333333333333335,4,0.14705882352941174,False,True
left,720575941574632591,KCg,0,0.0,0.0,0,0.0,False,False
left,720575941574681609,KCab,1,0.0,0.4666666666666667,2,0.0,False,True
left,720575941574684937,KCab,0,0.0,0.43333333333333335,2,0.0,False,False
left,720575941574694031,KCab,0,0.0,0.3333333333333333,2,0.0,False,False
left,720575941574707343,KCab,36,0.0,1.2,4,0.9444444444444444,False,True
left,720575941574795933,KCg,0,0.0,0.4,1,0.0,False,False
left,720575941574931869,KCg,0,0.0,0.0,0,0.0,False,False
left,720575941574939830,KCg,0,0.0,0.0,0,0.0,False,False
left,720575941574970216,KCg,0,0.0,0.5,3,0.8666666666666667,False,False
left,720575941575004829,KC,18,0.024,1.4333333333333333,3,0.41860465116279066,False,True
left,720575941575102095,KCg,14,0.0,0.9333333333333333,3,0.2142857142857143,False,True
left,720575941575109046,KC,0,0.0,0.0,0,0.0,False,False
left,720575941575253686,KCg,0,0.0,0.4666666666666667,2,0.0,False,False
left,720575941575340982,KCg,23,0.0,0.7666666666666666,3,0.0,False,True
left,720575941575428712,KCab,6,0.0,0.8999999999999999,3,0.44444444444444453,False,True
left,720575941575527528,KCab,53,0.006,1.2333333333333334,3,0.7567567567567567,False,True
left,720575941575542120,KCg,0,0.0,0.0,0,0.0,False,False
left,720575941575552872,KCg,0,0.0,0.5,1,1.0,False,False
left,720575941575597725,KCab,0,0.0,0.0,0,0.0,False,False
left,720575941575655862,KCab,1,0.008,0.8999999999999999,3,0.0,False,True
left,720575941575687862,KCg,0,0.0,0.0,0,0.0,False,False
left,720575941575721320,KCab,1,0.0,0.6666666666666667,2,0.7,False,True
left,720575941575840251,KCg,0,0.0,0.43333333333333335,2,0.07692307692307691,False,False
left,720575941575841896,KCg,2,0.006,0.9333333333333333,2,0.0,False,True
left,720575941575891638,KCg,0,0.0,0.2,1,1.0,False,False
left,720575941575910760,KCapbp,0,0.0,0.0,0,0.0,False,False
left,720575941575911272,KC,0,0.0,0.23333333333333334,2,0.0,False,False
left,720575941575933544,KCg,0,0.0,0.0,0,0.0,False,False
left,720575941576168296,KCapbp,0,0.0,0.16666666666666669,2,0.0,False,False
left,720575941576372150,KCa'b',0,0.0,1.0333333333333334,5,0.22580645161290322,False,False
left,720575941576531304,KCab,0,0.0,0.43333333333333335,2,0.9230769230769231,False,False
left,720575941577019830,KCa'b',0,0.0,0.8333333333333334,3,0.5599999999999999,False,False
left,720575941577388889,KCab,0,0.0,0.06666666666666667,2,0.0,False,False
left,720575941577395048,KCg,0,0.0,0.16666666666666666,1,0.0,False,False
left,720575941577395801,KCg,10,0.0,1.1333333333333333,2,0.7352941176470589,False,True
left,720575941577784153,KCab,9,0.02,0.8666666666666667,2,0.0,False,True
left,720575941578174545,KCab,23,0.0,0.7,2,0.4761904761904762,False,True
left,720575941578638581,KCg,5,0.0,0.7666666666666666,4,0.0,False,True
left,720575941578646517,KC,0,0.0,0.39999999999999997,2,0.0,False,False
left,720575941578730833,KCg,0,0.0,0.43333333333333335,2,0.0,False,False
left,720575941578739793,KCg,0,0.0,0.0,0,0.0,False,False
left,720575941578742005,KCa'b',0,0.0,0.03333333333333333,1,0.0,False,False
left,720575941578742097,KC,0,0.0,0.26666666666666666,1,0.0,False,False
left,720575941578744309,KC,0,0.0,0.8333333333333334,6,0.0,False,False
left,720575941578747473,KCg,11,0.0,0.9666666666666667,1,1.0,False,True
left,720575941578748497,KCa'b',0,0.0,0.13333333333333333,2,0.0,False,False
left,720575941578751825,KCab,0,0.0,0.0,0,0.0,False,False
left,720575941578753105,KCab,0,0.0,0.03333333333333333,1,0.0,False,False
left,720575941578939729,KCab,0,0.0,0.03333333333333333,1,1.0,False,False
left,720575941578992629,KCab,0,0.0,0.03333333333333333,1,0.0,False,False
left,720575941578998353,KCg,0,0.0,0.16666666666666669,2,1.0,False,False
left,720575941579062261,KCab,27,0.004,1.3333333333333335,5,0.0,False,True
left,720575941579291217,KCab,0,0.0,0.26666666666666666,2,1.0,False,False
left,720575941579318097,KCab,0,0.0,0.0,0,0.0,False,False
left,720575941579331409,KCab,0,0.0,0.0,0,0.0,False,False
left,720575941579372277,KCg,0,0.0,0.1,2,0.6666666666666666,False,False
left,720575941579446773,KCg,2,0.0,0.7666666666666667,5,0.3043478260869565,False,True
left,720575941579453941,KCg,2,0.002,0.6333333333333333,2,0.10526315789473685,False,True
left,720575941579577169,KCab,0,0.0,0.03333333333333333,1,0.0,False,False
left,720575941579628153,KC,0,0.0,0.2,1,0.0,False,False
left,720575941579661905,KCg,0,0.0,0.0,0,0.0,False,False
left,720575941579863889,KC,28,0.004,1.6666666666666667,3,0.8400000000000001,False,True
left,720575941580089333,KCa'b',0,0.0,0.0,0,0.0,False,False
left,720575941580836729,KCg,0,0.0,0.0,0,0.0,False,False
left,720575941580949625,KCg,0,0.0,0.06666666666666667,2,0.0,False,False
left,720575941581382009,KCab,4,0.0,0.7666666666666667,3,0.5217391304347826,False,True
left,720575941581386873,KCab,0,0.0,0.1,2,0.0,False,False
left,720575941582737785,KCab,12,0.0,0.5666666666666667,2,0.0,False,True
left,720575941583299679,KC,52,0.038,1.5666666666666669,8,0.0,False,True
left,720575941583320671,KCg,0,0.0,0.0,0,0.0,False,False
left,720575941583489119,KCg,0,0.0,0.4,1,0.0,False,False
left,720575941583497606,KCg,43,0.012,1.9,2,0.6842105263157895,False,True
left,720575941583546502,KCg,0,0.0,0.1,1,0.0,False,False
left,720575941583622751,KC,4,0.002,0.6,1,0.0,False,True
left,720575941583652191,KC,0,0.0,0.13333333333333333,1,0.0,False,False
left,720575941583668063,KCapbp,0,0.0,0.1,1,0.0,False,False
left,720575941583692127,KCg,0,0.0,0.4,1,0.0,False,False
left,720575941583897478,KCg,0,0.0,0.2,1,1.0,False,False
left,720575941583997318,KCab,0,0.0,0.4,1,0.0,False,False
left,720575941584007775,KCab,22,0.018,1.0,2,0.0,False,True
left,720575941584017759,KC,0,0.0,0.0,0,0.0,False,False
left,720575941584057695,KCg,0,0.0,0.0,0,0.0,False,False
left,720575941584064095,KC,0,0.0,0.0,0,0.0,False,False
left,720575941584188894,KC,0,0.0,0.13333333333333333,2,0.75,False,False
left,720575941584391775,KCg,0,0.0,0.3,2,0.4444444444444445,False,False
left,720575941584865414,KCg,0,0.0,0.36666666666666664,1,1.0,False,False
left,720575941585067142,KCg,0,0.0,0.0,0,0.0,False,False
left,720575941585258462,KCab,10,0.0,1.1333333333333333,5,0.7058823529411765,False,True
left,720575941585412574,KCab,65,0.008,1.7666666666666668,5,0.4339622641509434,True,True
left,720575941585415390,KCg,0,0.0,0.23333333333333334,4,0.7142857142857143,False,False
left,720575941585422302,KCg,0,0.0,0.5333333333333333,3,0.625,False,False
left,720575941585594846,KCg,2,0.0,0.4666666666666667,2,0.0,False,True
left,720575941585628126,KCa'b',0,0.0,0.0,0,0.0,False,False
left,720575941585848454,KCab,59,0.1,2.833333333333333,5,0.4,True,True
left,720575941585867142,KCg,68,0.002,2.1333333333333333,5,0.6875000000000001,True,True
left,720575941586001118,KC,1,0.002,0.7,1,0.0,False,True
left,720575941586053598,KCg,0,0.0,0.03333333333333333,1,0.0,False,False
left,720575941586135174,KCg,49,0.034,1.3666666666666667,3,0.17073170731707318,False,True
left,720575941586872132,KCa'b',50,0.01,1.5,3,1.0,False,True
left,720575941586964548,KCg,0,0.0,0.5666666666666667,4,0.17647058823529413,False,False
left,720575941587950903,KCapbp,0,0.0,0.0,0,0.0,False,False
left,720575941587991863,KCg,0,0.0,0.0,0,0.0,False,False
left,720575941588014404,KCa'b',19,0.0,1.5333333333333332,4,0.5869565217391305,False,True
left,720575941588026692,KCab,0,0.0,0.0,0,0.0,False,False
left,720575941588048196,KCg,1,0.0,0.8333333333333333,4,0.3600000000000001,False,True
left,720575941588208126,KCab,0,0.0,0.33333333333333337,2,0.7,False,False
left,720575941588304964,KCg,0,0.0,0.36666666666666664,1,0.0,False,False
left,720575941588544055,KC,26,0.014,1.7,3,0.4117647058823529,False,True
left,720575941588587332,KCg,0,0.0,0.1,1,0.0,False,False
left,720575941588636996,KCab,1,0.0,0.6,1,1.0,False,True
left,720575941588651844,KCg,0,0.0,0.16666666666666666,1,0.0,False,False
left,720575941588678654,KCa'b',0,0.0,0.0,0,0.0,False,False
left,720575941588878647,KCg,5,0.002,0.6333333333333333,4,0.0,False,True
left,720575941588895031,KCab,0,0.0,0.5333333333333333,4,0.0,False,False
left,720575941588910660,KCg,0,0.0,0.6333333333333333,4,0.31578947368421056,False,False
left,720575941588918596,KCab,51,0.014,1.1666666666666667,3,0.08571428571428572,False,True
left,720575941588980023,KCg,0,0.004,0.7,2,0.0,False,False
left,720575941589205303,KCg,0,0.0,0.3,2,0.0,False,False
left,720575941589237303,KCab,0,0.0,0.6,2,0.0,False,False
left,720575941589298999,KCab,0,0.0,0.0,0,0.0,False,False
left,720575941589485111,KCa'b',1,0.002,0.6666666666666666,2,0.0,False,True
left,720575941589589303,KCab,31,0.0,1.1666666666666665,2,0.4000000000000001,False,True
left,720575941589625854,KCg,0,0.0,0.06666666666666667,2,0.5,False,False
left,720575941589918860,KCg,51,0.052,1.5333333333333332,3,0.0,False,True
left,720575941590066942,KCa'b',0,0.0,0.19999999999999998,2,1.0,False,False
left,720575941590190590,KCg,0,0.0,0.3333333333333333,2,0.0,False,False
left,720575941590213260,KCab,0,0.0,0.03333333333333333,1,1.0,False,False
left,720575941590252172,KCg,0,0.0,0.3,2,0.888888888888889,False,False
left,720575941590471422,KC,0,0.0,0.0,0,0.0,False,False
left,720575941590514828,KCg,0,0.0,0.06666666666666667,1,0.0,False,False
left,720575941590694540,KCg,0,0.0,0.6,3,0.0,False,False
left,720575941590714110,KCab,0,0.0,0.06666666666666667,2,0.0,False,False
left,720575941590948748,KCg,0,0.0,0.0,0,0.0,False,False
left,720575941591098110,KCab,17,0.008,0.9666666666666666,2,0.0,False,True
left,720575941591350412,KCg,0,0.0,0.06666666666666667,1,1.0,False,False
left,720575941591428492,KCab,0,0.0,0.2,1,0.0,False,False
left,720575941591445355,KCg,0,0.0,0.1,1,0.0,False,False
left,720575941591729150,KCa'b',2,0.0,0.6666666666666666,1,1.0,False,True
left,720575941591757566,KCa'b',0,0.0,0.6666666666666666,4,0.35000000000000003,False,False
left,720575941591790632,KCab,0,0.0,0.36666666666666664,2,0.0,False,False
left,720575941591922216,KCab,0,0.0,0.1,1,0.0,False,False
left,720575941591937064,KC,0,0.0,0.36666666666666664,3,1.0,False,False
left,720575941591938600,KC,0,0.0,0.19999999999999998,2,0.0,False,False
left,720575941591947048,KCab,0,0.0,0.1,1,1.0,False,False
left,720575941592404587,KCab,62,0.008,1.7000000000000002,3,0.5294117647058824,True,True
left,720575941592452392,KCab,45,0.006,1.4666666666666668,4,0.3181818181818182,False,True
left,720575941592480808,KCg,0,0.0,0.39999999999999997,2,0.0,False,False
left,720575941592491560,KCab,0,0.0,0.8333333333333333,5,0.08,False,False
left,720575941592495656,KCg,0,0.0,0.0,0,0.0,False,False
left,720575941592659414,KCab,6,0.0,0.8,2,0.3333333333333333,False,True
left,720575941592779115,KCg,0,0.0,0.36666666666666664,1,0.0,False,False
left,720575941592800296,KCg,0,0.0,0.30000000000000004,2,0.0,False,False
left,720575941592835179,KCab,4,0.006,0.8333333333333334,1,0.0,False,True
left,720575941592920616,KCapbp,0,0.0,0.23333333333333334,1,1.0,False,False
left,720575941592925580,KCab,15,0.0,0.7999999999999999,4,0.0,False,True
left,720575941592925736,KCg,0,0.0,0.06666666666666667,1,0.0,False,False
left,720575941593172331,KCg,0,0.0,0.03333333333333333,1,0.0,False,False
left,720575941593757654,KCg,0,0.0,0.0,0,0.0,False,False
left,720575941593821803,KCg,0,0.0,0.6000000000000001,2,0.0,False,False
left,720575941593827030,KCg,0,0.0,0.0,0,0.0,False,False
left,720575941594246439,KCab,56,0.0,1.3666666666666665,5,0.5609756097560976,True,True
left,720575941594253351,KCg,34,0.124,1.2000000000000002,3,0.0,False,True
left,720575941594253863,KCab,67,0.04,2.166666666666667,3,0.723076923076923,True,True
left,720575941594356007,KC,62,0.0,1.1333333333333335,4,0.588235294117647,True,True
left,720575941594356263,KCab,35,0.0,1.0666666666666667,4,0.3125,False,True
left,720575941594413861,KCg,0,0.0,0.2,2,0.5,False,False
left,720575941594436133,KCab,0,0.0,0.0,0,0.0,False,False
left,720575941594485031,KC,0,0.0,0.36666666666666664,3,0.0,False,False
left,720575941594502183,KCab,0,0.0,0.16666666666666666,1,0.0,False,False
left,720575941594505686,KCab,2,0.006,0.6666666666666666,2,0.0,False,True
left,720575941594550053,KCg,7,0.0,0.9333333333333335,7,0.2857142857142857,False,True
left,720575941594559015,KCab,0,0.0,0.0,0,0.0,False,False
left,720575941594787697,KCab,58,0.01,1.5666666666666667,4,0.9574468085106383,True,True
left,720575941594908967,KCab,0,0.0,0.3,2,0.0,False,False
left,720575941594914855,KCab,0,0.0,0.16666666666666666,3,0.0,False,False
left,720575941594928423,KCab,21,0.024,1.4666666666666666,3,0.25,False,True
left,720575941594933799,KCab,11,0.0,0.8666666666666667,3,0.6538461538461539,False,True
left,720575941595021425,KCab,0,0.0,0.4666666666666666,4,0.07142857142857144,False,False
left,720575941595025777,KCab,8,0.0,0.8333333333333333,3,0.64,False,True
left,720575941595106417,KCa'b',0,0.0,0.0,0,0.0,False,False
left,720575941595487857,KCg,0,0.0,0.23333333333333334,2,0.0,False,False
left,720575941595521137,KCg,0,0.0,0.06666666666666667,1,0.0,False,False
left,720575941595774341,KCapbp,0,0.0,0.03333333333333333,1,1.0,False,False
left,720575941596121989,KC,39,0.0,1.1333333333333333,3,0.6176470588235294,False,True
left,720575941596256156,KCg,0,0.0,0.8666666666666667,3,0.15384615384615383,False,False
left,720575941596592320,KC,55,0.008,1.2333333333333334,2,0.7297297297297297,True,True
left,720575941596627845,KCa'b',0,0.0,0.1,2,0.0,False,False
left,720575941597215900,KC,39,0.0,0.9666666666666666,2,0.37931034482758624,False,True
left,720575941597468572,KCg,0,0.0,0.06666666666666667,1,0.0,False,False
left,720575941597535388,KCab,0,0.0,0.23333333333333334,2,0.7142857142857142,False,False
left,720575941597555333,KCg,0,0.0,0.36666666666666664,1,0.0,False,False
left,720575941597599132,KCapbp,0,0.0,0.2,1,1.0,False,False
left,720575941597680320,KC,0,0.0,0.2,1,0.0,False,False
left,720575941597804736,KCab,58,0.012,1.6333333333333333,4,0.8163265306122449,True,True
left,720575941597967516,KCg,38,0.0,1.4,5,0.5952380952380953,False,True
left,720575941598254748,KCg,0,0.0,0.13333333333333333,3,0.0,False,False
left,720575941598492969,KC,3,0.0,0.6333333333333333,2,0.0,False,True
left,720575941598569513,KCa'b',0,0.0,0.26666666666666666,2,1.0,False,False
left,720575941598661276,KC,5,0.002,0.6666666666666666,2,0.2,False,True
left,720575941598929856,KCg,0,0.0,0.43333333333333335,4,0.23076923076923078,False,False
left,720575941599288220,KCapbp,0,0.0,0.0,0,0.0,False,False
left,720575941599302953,KCa'b',0,0.0,0.6,3,0.05555555555555556,False,False
left,720575941599424553,KCa'b',0,0.0,0.13333333333333333,1,0.0,False,False
left,720575941599547689,KCg,6,0.036,1.3,3,0.02564102564102564,False,True
left,720575941599668777,KCab,0,0.0,0.0,0,0.0,False,False
left,720575941599669545,KCg,22,0.01,0.9333333333333332,3,0.0,False,True
left,720575941599900828,KCg,1,0.0,0.6,2,0.7777777777777778,False,True
left,720575941600147753,KCa'b',0,0.0,0.1,1,1.0,False,False
left,720575941600149801,KC,0,0.002,0.7666666666666666,3,0.0,False,False
left,720575941600267456,KC,0,0.0,0.0,0,0.0,False,False
left,720575941600707113,KCa'b',0,0.0,0.03333333333333333,1,0.0,False,False
left,720575941600799785,KCab,48,0.032,1.1,3,0.0,False,True
left,720575941601558262,KCg,0,0.0,0.0,0,0.0,False,False
left,720575941601718713,KCab,0,0.0,0.16666666666666666,1,1.0,False,False
left,720575941602383350,KCab,0,0.0,0.06666666666666667,2,0.0,False,False
left,720575941602836470,KCg,0,0.0,0.06666666666666667,1,0.0,False,False
left,720575941602864057,KCab,0,0.0,0.5666666666666667,2,0.0,False,False
left,720575941602983414,KC,0,0.0,0.19999999999999998,2,0.16666666666666669,False,False
left,720575941603010489,KCg,0,0.0,0.0,0,0.0,False,False
left,720575941603067070,KCg,0,0.0,0.0,0,0.0,False,False
left,720575941603333110,KCab,0,0.0,0.0,0,0.0,False,False
left,720575941603415737,KCab,36,0.0,0.8,1,1.0,False,True
left,720575941603578102,KCg,0,0.0,0.0,0,0.0,False,False
left,720575941603821302,KCab,0,0.0,0.3,2,0.4444444444444445,False,False
left,720575941603834358,KCab,0,0.0,0.0,0,0.0,False,False
left,720575941604015294,KCa'b',4,0.0,0.9333333333333333,2,1.0,False,True
left,720575941604121590,KCg,40,0.014,0.9999999999999999,8,0.0,False,True
left,720575941604205758,KCa'b',0,0.0,0.36666666666666664,1,0.0,False,False
left,720575941604466366,KCg,0,0.0,0.0,0,0.0,False,False
left,720575941604718526,KCab,0,0.0,0.3,1,0.0,False,False
left,720575941604971710,KCab,0,0.0,0.5,3,0.5333333333333333,False,False
left,720575941605174718,KCapbp,0,0.0,0.3333333333333333,1,0.0,False,False
left,720575941606135405,KC,0,0.0,0.0,0,0.0,False,False
left,720575941606477165,KCab,5,0.0,0.8333333333333333,4,0.68,False,True
left,720575941606502765,KC,61,0.108,1.7000000000000002,3,0.49019607843137253,True,True
left,720575941606516333,KCg,21,0.0,0.9666666666666668,5,0.20689655172413793,False,True
left,720575941606590317,KC,47,0.136,1.5666666666666667,2,0.0,False,True
left,720575941606620781,KCab,0,0.0,0.0,0,0.0,False,False
left,720575941607208557,KCg,0,0.0,0.1,1,1.0,False,False
left,720575941607243885,KCab,6,0.0,0.8666666666666666,3,0.0,False,True
left,720575941607355245,KCg,0,0.0,0.36666666666666664,5,0.0,False,False
left,720575941608592749,KCg,0,0.0,0.0,0,0.0,False,False
left,720575941609026122,KCg,63,0.042,1.4666666666666668,4,0.0,True,True
left,720575941609054794,KCapbp,0,0.0,0.06666666666666667,1,0.0,False,False
left,720575941609362921,KC,35,0.0,1.0999999999999999,8,0.393939393939394,False,True
left,720575941609656749,KCg,1,0.0,0.8,5,0.0,False,True
left,720575941609943114,KC,51,0.002,1.4333333333333333,6,0.37209302325581395,False,True
left,720575941610262761,KC,0,0.0,0.6333333333333333,5,0.6315789473684211,False,False
left,720575941610359882,KCab,0,0.0,0.03333333333333333,1,1.0,False,False
left,720575941610370793,KCg,1,0.0,0.6,3,0.0,False,True
left,720575941610674153,KCab,30,0.0,1.2000000000000002,9,0.0,False,True
left,720575941610675433,KCab,0,0.0,0.0,0,0.0,False,False
left,720575941610722122,KCab,0,0.0,0.1,2,0.6666666666666666,False,False
left,720575941610784685,KCab,30,0.002,0.9333333333333332,4,0.0,False,True
left,720575941610876746,KCg,0,0.0,0.2,1,0.0,False,False
left,720575941610887145,KCa'b',0,0.0,0.06666666666666667,1,0.0,False,False
left,720575941610899174,KCab,0,0.0,0.13333333333333333,1,1.0,False,False
left,720575941610918377,KCg,0,0.0,0.06666666666666667,1,0.0,False,False
left,720575941610961897,KCab,0,0.0,0.0,0,0.0,False,False
left,720575941610997225,KCg,0,0.0,0.5333333333333333,3,0.0,False,False
left,720575941611016681,KC,0,0.0,0.5666666666666667,3,0.35294117647058826,False,False
left,720575941611037929,KCg,0,0.0,0.03333333333333333,1,0.0,False,False
left,720575941611041126,KCab,13,0.0,0.5666666666666667,1,0.0,False,True
left,720575941611044841,KCab,38,0.0,1.2,3,0.8055555555555556,False,True
left,720575941611105382,KCa'b',0,0.0,0.06666666666666667,1,0.0,False,False
left,720575941611107686,KCg,0,0.0,0.03333333333333333,1,1.0,False,False
left,720575941611119590,KCg,0,0.0,0.0,0,0.0,False,False
left,720575941611192678,KCab,1,0.0,0.7333333333333334,2,0.0,False,True
left,720575941611204966,KC,46,0.0,1.0333333333333332,5,0.5806451612903226,False,True
left,720575941611340134,KCg,0,0.0,0.06666666666666667,2,0.5,False,False
left,720575941611465702,KCg,0,0.0,0.3,1,0.0,False,False
left,720575941611484390,KCab,70,0.144,2.1666666666666665,3,0.3384615384615385,True,True
left,720575941611485417,KCg,10,0.034,0.8333333333333334,1,0.0,False,True
left,720575941611552173,KCab,3,0.0,0.5666666666666667,2,0.0,False,True
left,720575941611556781,KCg,0,0.0,0.43333333333333335,2,0.0,False,False
left,720575941611560365,KCa'b',0,0.0,0.16666666666666666,1,1.0,False,False
left,720575941611572713,KCg,0,0.0,0.3,1,0.0,False,False
left,720575941611574761,KCab,0,0.0,0.3333333333333333,2,0.0,False,False
left,720575941611602605,KCab,0,0.0,0.2,2,0.0,False,False
left,720575941611766374,KCa'b',0,0.0,0.5666666666666667,4,0.7058823529411765,False,False
left,720575941611767526,KCab,1,0.016,0.6666666666666666,2,0.0,False,True
left,720575941612047434,KCg,1,0.0,0.7,3,0.380952380952381,False,True
left,720575941612059100,KC,0,0.0,0.0,0,0.0,False,False
left,720575941612140262,KCab,1,0.0,0.6,3,0.0,False,True
left,720575941612225299,KCg,0,0.0,0.23333333333333334,1,0.0,False,False
left,720575941612426314,KCab,0,0.0,0.0,0,0.0,False,False
left,720575941612616412,KCg,0,0.0,0.43333333333333335,3,0.3846153846153846,False,False
left,720575941612707302,KCg,0,0.0,0.43333333333333335,4,0.7692307692307692,False,False
left,720575941612751590,KCg,0,0.0,0.19999999999999998,2,0.8333333333333334,False,False
left,720575941612979932,KCg,0,0.0,0.3,2,0.0,False,False
left,720575941613051100,KCab,0,0.0,0.1,2,1.0,False,False
left,720575941613052057,KC,13,0.0,0.6333333333333333,2,0.052631578947368425,False,True
left,720575941613193491,KCab,18,0.0,1.0666666666666667,5,0.0,False,True
left,720575941613255577,KCab,0,0.0,0.3333333333333333,1,0.0,False,False
left,720575941613262233,KCapbp,0,0.0,0.0,0,0.0,False,False
left,720575941613296147,KCab,6,0.0,0.9666666666666667,3,0.0,False,True
left,720575941613299219,KCab,4,0.0,0.7666666666666666,3,0.8260869565217391,False,True
left,720575941613344409,KCa'b',0,0.0,0.0,0,0.0,False,False
left,720575941613376988,KCg,5,0.0,0.8333333333333333,4,0.48,False,True
left,720575941613547539,KC,2,0.0,0.6666666666666666,3,0.0,False,True
left,720575941613602067,KCa'b',6,0.0,0.6,1,0.0,False,True
left,720575941613646182,KC,35,0.0,0.9666666666666666,4,0.3448275862068966,False,True
left,720575941613667292,KCa'b',0,0.0,0.0,0,0.0,False,False
left,720575941613970707,KCg,0,0.0,0.3666666666666667,2,0.0,False,False
left,720575941614629139,KCg,0,0.0,0.0,0,0.0,False,False
left,720575941614944665,KCg,0,0.0,0.5,2,0.0,False,False
left,720575941615362773,KCab,0,0.0,0.1,1,0.0,False,False
left,720575941615379097,KCa'b',7,0.0,0.6,2,0.0,False,True
left,720575941616275353,KCab,61,0.106,1.6666666666666667,6,0.02,True,True
left,720575941616282777,KCg,0,0.0,0.3,1,0.0,False,False
left,720575941616453845,KCa'b',0,0.0,0.3333333333333333,1,0.0,False,False
left,720575941616467157,KCg,1,0.0,0.7,2,0.5238095238095238,False,True
left,720575941616624853,KCa'b',0,0.0,0.43333333333333335,4,0.3846153846153846,False,False
left,720575941616689365,KC,0,0.0,0.0,0,0.0,False,False
left,720575941617210069,KCg,24,0.0,0.9333333333333333,4,0.0,False,True
left,720575941617211093,KCg,0,0.0,0.06666666666666667,1,0.0,False,False
left,720575941617213909,KCab,0,0.0,0.23333333333333334,2,1.0,False,False
left,720575941617530837,KCab,0,0.0,0.5333333333333333,3,0.3125,False,False
left,720575941618410879,KC,47,0.0,1.2333333333333334,4,0.8378378378378377,False,True
left,720575941618411647,KCab,46,0.004,1.1,2,0.3939393939393939,False,True
left,720575941618935423,KCg,53,0.052,1.3,3,0.0,False,True
left,720575941618997717,KCg,0,0.0,0.3333333333333333,1,1.0,False,False
left,720575941619515519,KC,0,0.0,0.0,0,0.0,False,False
left,720575941619527295,KCg,0,0.0,0.3333333333333333,4,0.0,False,False
left,720575941619528831,KC,0,0.0,0.5,2,0.0,False,False
left,720575941619539071,KC,0,0.0,0.06666666666666667,1,0.0,False,False
left,720575941621014655,KCab,20,0.0,0.9,2,0.5555555555555556,False,True
left,720575941622207228,KCg,0,0.0,0.03333333333333333,1,0.0,False,False
left,720575941623100668,KCab,0,0.0,0.3,5,0.22222222222222224,False,False
left,720575941623442684,KCg,1,0.0,0.7333333333333333,4,0.0,False,True
left,720575941623540732,KCab,0,0.0,0.1,1,0.0,False,False
left,720575941623789770,KCapbp,0,0.0,0.26666666666666666,1,0.0,False,False
left,720575941624014491,KCab,0,0.0,0.6,3,0.0,False,False
left,720575941624144124,KCg,68,0.01,2.0999999999999996,4,0.7619047619047621,True,True
left,720575941624149898,KCab,33,0.058,1.6666666666666667,4,0.0,False,True
left,720575941624166282,KCg,0,0.0,0.43333333333333335,2,0.0,False,False
left,720575941624788123,KCa'b',0,0.0,0.03333333333333333,1,0.0,False,False
left,720575941624935626,KC,51,0.006,1.0333333333333332,4,0.0,False,True
left,720575941624985708,KCg,0,0.0,0.16666666666666666,1,0.0,False,False
left,720575941625019756,KCab,14,0.002,0.9333333333333333,2,0.39285714285714285,False,True
left,720575941625078892,KCg,0,0.0,0.4666666666666667,2,0.2857142857142857,False,False
left,720575941625156507,KCg,0,0.0,0.0,0,0.0,False,False
left,720575941625194651,KCab,0,0.0,0.5333333333333333,2,0.3125,False,False
left,720575941625196955,KCab,0,0.0,0.4666666666666667,2,0.0,False,False
left,720575941625207434,KCab,5,0.012,0.6666666666666666,2,0.0,False,True
left,720575941625212298,KCg,34,0.0,0.9,3,0.4444444444444445,False,True
left,720575941625218442,KC,0,0.0,0.0,0,0.0,False,False
left,720575941625345388,KCg,0,0.0,0.13333333333333333,1,0.0,False,False
left,720575941625349514,KC,0,0.0,0.3666666666666667,2,0.4545454545454545,False,False
left,720575941625445514,KCab,12,0.0,1.3333333333333333,5,0.6000000000000001,False,True
left,720575941625493403,KCab,5,0.004,0.7,2,0.0,False,True
left,720575941625495451,KCab,0,0.0,0.0,0,0.0,False,False
left,720575941625530314,KCab,39,0.038,1.8000000000000003,4,0.5740740740740741,False,True
left,720575941625557147,KCg,0,0.0,0.06666666666666667,1,0.0,False,False
left,720575941625569179,KC,0,0.0,0.0,0,0.0,False,False
left,720575941625570203,KCg,0,0.0,0.0,0,0.0,False,False
left,720575941625693036,KCg,0,0.0,0.0,0,0.0,False,False
left,720575941625698668,KCg,49,0.008,0.8999999999999999,2,0.0,False,True
left,720575941625737068,KCg,0,0.0,0.6,4,0.0,False,False
left,720575941625737580,KCab,0,0.0,0.3333333333333333,3,0.0,False,False
left,720575941625858186,KCab,0,0.0,0.6,4,0.0,False,False
left,720575941625886858,KCa'b',0,0.0,0.4,1,1.0,False,False
left,720575941625895737,KCg,4,0.0,0.7333333333333334,2,0.0,False,True
left,720575941625907594,KCg,0,0.0,0.4666666666666667,2,0.5,False,False
left,720575941625927993,KCab,0,0.0,0.0,0,0.0,False,False
left,720575941625937977,KCg,0,0.0,0.3,2,0.0,False,False
left,720575941626050762,KCab,0,0.004,0.8333333333333334,2,0.0,False,False
left,720575941626102986,KCa'b',0,0.0,0.13333333333333333,1,0.0,False,False
left,720575941626173834,KC,0,0.0,0.4,1,0.0,False,False
left,720575941626183050,KCab,0,0.0,0.0,0,0.0,False,False
left,720575941626910875,KCab,0,0.0,0.0,0,0.0,False,False
left,720575941626958137,KCab,0,0.0,0.13333333333333333,1,0.0,False,False
left,720575941627040057,KCapbp,0,0.0,0.0,0,0.0,False,False
left,720575941627123820,KCab,52,0.046,2.3000000000000003,3,0.34782608695652173,False,True
left,720575941627345721,KCg,2,0.028,0.9333333333333333,2,0.0,False,True
left,720575941627646521,KCab,32,0.0,1.2,4,0.8333333333333334,False,True
left,720575941628558374,KC,3,0.0,1.0666666666666667,3,0.34375,False,True
left,720575941628639270,KC,13,0.0,0.8,5,0.37499999999999994,False,True
left,720575941628738342,KCg,0,0.0,0.23333333333333334,2,0.0,False,False
left,720575941629399590,KC,0,0.0,0.0,0,0.0,False,False
left,720575941629424934,KC,0,0.0,0.3666666666666667,5,0.0,False,False
left,720575941629425446,KCg,0,0.0,0.36666666666666664,1,0.0,False,False
left,720575941629687334,KCab,0,0.0,0.03333333333333333,1,1.0,False,False
left,720575941629962534,KCab,22,0.004,1.0,4,0.5333333333333333,False,True
left,720575941629992940,KCg,0,0.0,0.4,4,0.0,False,False
left,720575941630045922,KCg,57,0.02,2.3,5,0.5362318840579711,True,True
left,720575941630178530,KCg,67,0.132,2.0,5,0.0,True,True
left,720575941630291426,KCab,0,0.0,0.2,1,0.0,False,False
left,720575941630319330,KCab,31,0.002,1.0,6,0.16666666666666666,False,True
left,720575941630510277,KC,0,0.0,0.8,3,0.20833333333333331,False,False
left,720575941630640098,KC,0,0.0,0.0,0,0.0,False,False
left,720575941630656994,KCab,18,0.006,0.7333333333333333,3,0.0,False,True
left,720575941630697157,KCab,6,0.0,0.7,2,0.9523809523809524,False,True
left,720575941630710498,KC,2,0.0,0.6333333333333333,3,0.0,False,True
left,720575941630933740,KCab,0,0.0,0.4666666666666667,2,0.3571428571428571,False,False
left,720575941630936812,KCg,0,0.0,0.0,0,0.0,False,False
left,720575941630998764,KCab,15,0.0,1.0666666666666667,5,0.0,False,True
left,720575941631048940,KCg,0,0.0,0.26666666666666666,2,0.0,False,False
left,720575941631049964,KC,2,0.0,0.6,3,0.8333333333333334,False,True
left,720575941631086572,KCab,0,0.0,0.0,0,0.0,False,False
left,720575941631267308,KCg,0,0.0,0.5333333333333333,3,0.5625,False,False
left,720575941631500731,KCa'b',0,0.0,0.3,1,1.0,False,False
left,720575941631699180,KCg,0,0.0,0.0,0,0.0,False,False
left,720575941631722732,KCab,0,0.0,0.16666666666666666,1,0.0,False,False
left,720575941631896005,KCg,0,0.0,0.26666666666666666,2,0.0,False,False
left,720575941632032965,KC,8,0.026,0.7999999999999999,2,0.0,False,True
left,720575941632033477,KCab,0,0.0,0.2,1,1.0,False,False
left,720575941632103877,KCg,0,0.0,0.0,0,0.0,False,False
left,720575941632167072,KC,0,0.0,0.0,0,0.0,False,False
left,720575941632169632,KCg,36,0.0,0.7999999999999999,2,1.0,False,True
left,720575941632193733,KCg,1,0.002,1.1666666666666665,4,0.0,False,True
left,720575941632226464,KCab,0,0.0,0.0,0,0.0,False,False
left,720575941632234978,KCg,0,0.0,0.4,2,0.0,False,False
left,720575941632247788,KCab,0,0.0,0.39999999999999997,2,0.16666666666666669,False,False
left,720575941632473275,KCg,0,0.0,0.26666666666666666,1,0.0,False,False
left,720575941632551621,KCg,0,0.0,0.23333333333333334,2,0.0,False,False
left,720575941632722080,KCg,50,0.128,1.6,6,0.0,False,True
left,720575941633193669,KCab,48,0.01,1.1,2,1.0,False,True
left,720575941633239995,KCg,0,0.0,0.1,2,0.0,False,False
left,720575941633346720,KCa'b',0,0.0,0.0,0,0.0,False,False
left,720575941634278843,KCg,0,0.0,0.0,0,0.0,False,False
left,720575941638372469,KC,0,0.0,0.19999999999999998,2,0.0,False,False
left,720575941638508575,KC,26,0.01,0.7,1,0.0,False,True
left,720575941638977397,KCab,2,0.0,0.4666666666666667,1,0.0,False,True
left,720575941639544095,KCa'b',0,0.0,0.43333333333333335,3,0.30769230769230765,False,False
left,720575941639589919,KCg,0,0.0,0.0,0,0.0,False,False
left,720575941639594015,KCg,0,0.0,0.5666666666666667,4,0.5294117647058824,False,False
left,720575941639595295,KCg,0,0.0,0.5,4,0.0,False,False
left,720575941639596063,KCg,0,0.0,0.03333333333333333,1,0.0,False,False
left,720575941639601183,KCab,0,0.0,0.23333333333333334,1,1.0,False,False
left,720575941639617311,KCa'b',0,0.0,0.1,1,0.0,False,False
left,720575941639761695,KCab,59,0.02,1.0,2,0.2,True,True
left,720575941639768095,KCg,0,0.0,0.3333333333333333,4,0.0,False,False
left,720575941639781663,KCab,0,0.0,0.4666666666666667,3,0.0,False,False
left,720575941639884575,KCg,0,0.0,0.5666666666666667,2,0.0,False,False
left,720575941640028703,KCg,0,0.0,0.0,0,0.0,False,False
left,720575941640130847,KC,0,0.0,0.0,0,0.0,False,False
left,720575941640156447,KCa'b',0,0.0,0.26666666666666666,3,0.0,False,False
left,720575941640160799,KCg,0,0.0,0.0,0,0.0,False,False
left,720575941640779551,KCg,0,0.0,0.0,0,0.0,False,False
left,720575941642042450,KCg,0,0.0,0.13333333333333333,1,0.0,False,False
left,720575941642374757,KCa'b',0,0.0,0.4666666666666666,3,0.0,False,False
left,720575941642394213,KCg,0,0.0,0.1,1,0.0,False,False
left,720575941642682981,KCg,0,0.0,0.13333333333333333,1,0.0,False,False
left,720575941642751864,KCab,0,0.0,0.2,1,1.0,False,False
left,720575941642797925,KCg,0,0.0,0.5333333333333333,4,0.1875,False,False
left,720575941642842785,KCa'b',0,0.0,0.1,2,0.0,False,False
left,720575941642994849,KCab,10,0.0,1.1333333333333333,2,0.0,False,True
left,720575941643015762,KCg,0,0.0,0.3333333333333333,3,0.9,False,False
left,720575941643032737,KCg,0,0.0,0.8,5,0.0,False,False
left,720575941643047112,KCg,0,0.0,0.0,0,0.0,False,False
left,720575941643071589,KCa'b',0,0.0,0.03333333333333333,1,0.0,False,False
left,720575941643162213,KCab,26,0.002,0.8666666666666667,7,0.0,False,True
left,720575941643187045,KCab,0,0.0,0.0,0,0.0,False,False
left,720575941643222610,KCg,0,0.0,0.03333333333333333,1,0.0,False,False
left,720575941643259080,KC,4,0.0,0.9666666666666666,4,0.5517241379310346,False,True
left,720575941643336786,KCa'b',0,0.0,0.0,0,0.0,False,False
left,720575941643337298,KCg,0,0.0,0.2,1,0.0,False,False
left,720575941643582309,KCapbp,0,0.0,0.06666666666666667,2,0.0,False,False
left,720575941643679570,KCab,0,0.0,0.06666666666666667,2,0.5,False,False
left,720575941643765624,KCa'b',30,0.112,1.4000000000000001,4,0.0,False,True
left,720575941643979602,KCab,35,0.014,1.1666666666666667,3,0.0,False,True
left,720575941643981138,KCab,38,0.0,1.6666666666666665,5,0.9000000000000001,False,True
left,720575941644043681,KCg,0,0.0,0.16666666666666669,2,0.0,False,False
left,720575941644073633,KCg,0,0.0,0.6,2,0.0,False,False
left,720575941644120993,KCa'b',5,0.0,1.0,4,0.3333333333333333,False,True
left,720575941644131704,KC,71,0.006,1.666666666666667,6,0.3799999999999999,True,True
left,720575941644171896,KCg,0,0.0,0.0,0,0.0,False,False
left,720575941644236920,KCa'b',0,0.0,0.19999999999999998,3,0.6666666666666667,False,False
left,720575941644316065,KCg,16,0.066,1.0,4,0.03333333333333333,False,True
left,720575941644349128,KCab,44,0.0,0.8999999999999999,5,0.0,False,True
left,720575941644487800,KCg,0,0.0,0.0,0,0.0,False,False
left,720575941644499656,KC,23,0.122,1.7,4,0.11764705882352942,False,True
left,720575941644511352,KC,0,0.0,0.0,0,0.0,False,False
left,720575941644520056,KCg,0,0.0,0.5666666666666667,3,0.0,False,False
left,720575941644522104,KC,26,0.016,0.9666666666666666,4,0.0,False,True
left,720575941644550264,KCab,10,0.0,1.1666666666666667,5,0.0,False,True
left,720575941644556232,KC,61,0.006,1.3333333333333335,3,0.6,True,True
left,720575941644758177,KCg,17,0.006,0.7333333333333333,3,0.0,False,True
left,720575941644900808,KCab,0,0.0,0.0,0,0.0,False,False
left,720575941645085010,KCa'b',0,0.0,0.03333333333333333,1,0.0,False,False
left,720575941645231736,KCg,0,0.0,0.36666666666666664,1,0.0,False,False
left,720575941645608136,KCg,0,0.0,0.03333333333333333,1,1.0,False,False
left,720575941646239176,KCg,0,0.0,0.3666666666666667,2,0.0,False,False
left,720575941649791509,KCapbp,0,0.0,0.0,0,0.0,False,False
left,720575941650340885,KCa'b',0,0.0,0.03333333333333333,1,0.0,False,False
left,720575941650604565,KC,0,0.0,0.43333333333333335,2,0.46153846153846156,False,False
left,720575941650717717,KCg,0,0.0,0.3333333333333333,3,0.5,False,False
left,720575941650770709,KC,15,0.0,0.7,2,0.28571428571428575,False,True
left,720575941650888725,KCg,58,0.03,1.6333333333333333,5,0.0,True,True
left,720575941651066389,KCab,32,0.0,1.1333333333333333,5,0.0,False,True
left,720575941651195409,KCab,0,0.0,0.6000000000000001,2,0.0,False,False
left,720575941651471637,KCg,0,0.0,0.0,0,0.0,False,False
left,720575941651481877,KCab,6,0.0,0.8333333333333333,3,0.92,False,True
left,720575941651485205,KCg,0,0.0,0.16666666666666666,2,0.0,False,False
left,720575941651503601,KCab,0,0.0,0.0,0,0.0,False,False
left,720575941651515665,KC,0,0.0,0.26666666666666666,2,0.0,False,False
left,720575941651576049,KCg,0,0.0,0.06666666666666667,1,0.0,False,False
left,720575941651586801,KCab,54,0.05,1.3,2,0.0,False,True
left,720575941651754005,KCg,0,0.014,0.8999999999999999,2,0.0,False,False
left,720575941651854321,KCa'b',0,0.0,0.6333333333333333,3,0.052631578947368425,False,False
left,720575941651953169,KCa'b',0,0.0,0.0,0,0.0,False,False
left,720575941652065553,KCab,0,0.0,0.5333333333333333,2,0.4375,False,False
left,720575941652076817,KCg,0,0.0,0.26666666666666666,2,0.125,False,False
left,720575941652224497,KCg,0,0.0,0.5,2,0.7333333333333333,False,False
left,720575941652252657,KCg,0,0.0,0.0,0,0.0,False,False
left,720575941652563473,KCg,0,0.0,0.06666666666666667,2,0.5,False,False
left,720575941652685841,KCg,1,0.008,0.7333333333333333,1,0.0,False,True
left,720575941652737241,KC,0,0.0,0.6666666666666667,2,0.6,False,False
left,720575941652872977,KCg,0,0.0,0.5666666666666667,3,0.35294117647058826,False,False
left,720575941652936977,KCg,0,0.0,0.0,0,0.0,False,False
left,720575941653212945,KC,0,0.0,0.0,0,0.0,False,False
left,720575941653235729,KC,0,0.0,0.3,1,0.0,False,False
left,720575941653238545,KCab,0,0.0,0.0,0,0.0,False,False
left,720575941653247249,KCg,0,0.0,0.26666666666666666,2,0.0,False,False
left,720575941653256721,KCab,42,0.036,1.2666666666666666,4,0.15789473684210528,False,True
left,720575941653463508,KCg,53,0.168,2.5,3,0.3066666666666667,False,True
left,720575941653476373,KCg,3,0.0,0.7333333333333333,2,0.9545454545454546,False,True
left,720575941653506260,KCab,33,0.006,1.366666666666667,6,0.02439024390243902,False,True
left,720575941653567985,KCg,0,0.0,0.5,3,0.06666666666666667,False,False
left,720575941653626129,KC,0,0.0,0.3666666666666667,5,0.6363636363636364,False,False
left,720575941653900505,KCab,0,0.0,0.4333333333333333,3,0.07692307692307693,False,False
left,720575941653931225,KCg,0,0.0,0.5333333333333333,3,0.875,False,False
left,720575941653932505,KC,0,0.0,0.43333333333333335,1,0.0,False,False
left,720575941653935833,KC,0,0.0,0.3333333333333333,1,0.0,False,False
left,720575941653938649,KC,57,0.038,1.5999999999999999,12,0.0,True,True
left,720575941653938905,KCg,0,0.0,0.0,0,0.0,False,False
left,720575941653942233,KC,0,0.0,0.4666666666666667,1,0.0,False,False
left,720575941653944537,KCa'b',0,0.0,0.06666666666666667,1,0.0,False,False
left,720575941654292692,KCab,0,0.0,0.03333333333333333,1,0.0,False,False
left,720575941654495956,KC,4,0.0,0.7,3,0.0,False,True
left,720575941654514193,KCg,0,0.0,0.06666666666666667,1,0.0,False,False
left,720575941654557401,KCab,1,0.0,0.9666666666666666,6,0.1724137931034483,False,True
left,720575941654611417,KCg,0,0.0,0.13333333333333333,1,1.0,False,False
left,720575941654617049,KCab,38,0.01,2.1666666666666665,4,0.5846153846153846,False,True
left,720575941654772436,KCg,0,0.0,0.06666666666666667,1,0.0,False,False
left,720575941655148249,KCg,16,0.036,1.0666666666666667,5,0.125,False,True
left,720575941655426772,KCg,5,0.0,0.6666666666666666,1,0.0,False,True
left,720575941655932377,KCa'b',0,0.0,0.4666666666666667,3,0.7142857142857143,False,False
left,720575941655984601,KCab,5,0.0,1.2333333333333334,3,0.32432432432432434,False,True
left,720575941656534808,KCg,0,0.0,0.0,0,0.0,False,False
left,720575941656564304,KC,0,0.0,0.6666666666666666,2,0.0,False,False
left,720575941656959312,KCa'b',0,0.0,0.1,1,1.0,False,False
left,720575941657569048,KCab,0,0.0,0.0,0,0.0,False,False
left,720575941657888080,KC,0,0.0,0.6,2,0.4444444444444445,False,False
left,720575941657988120,KCab,0,0.0,0.0,0,0.0,False,False
left,720575941658216272,KCg,0,0.0,0.0,0,0.0,False,False
left,720575941658271568,KCg,15,0.108,0.9666666666666667,2,0.0,False,True
left,720575941658584400,KC,1,0.0,0.5666666666666667,1,0.0,False,True
left,720575941658803480,KCg,14,0.02,1.0666666666666667,4,0.0,False,True
left,720575941659330896,KC,34,0.13,1.0666666666666669,2,0.0,False,True
left,720575941660431672,KCa'b',0,0.0,0.16666666666666666,1,1.0,False,False
left,720575941661254712,KCg,0,0.0,0.5333333333333333,3,0.75,False,False
left,720575941661345336,KCab,0,0.0,0.6,4,0.0,False,False
left,720575941661490488,KCab,0,0.0,0.13333333333333333,1,1.0,False,False
left,720575941661646648,KCab,0,0.0,0.06666666666666667,1,0.0,False,False
left,720575941661646904,KCg,0,0.0,0.03333333333333333,1,0.0,False,False
left,720575941661676088,KC,0,0.0,0.0,0,0.0,False,False
left,720575941662078776,KCg,0,0.0,0.0,0,0.0,False,False
left,720575941662304056,KCg,0,0.0,0.7333333333333333,3,0.4090909090909091,False,False
left,720575941662458492,KCab,0,0.0,0.0,0,0.0,False,False
left,720575941662463356,KCapbp,0,0.0,0.23333333333333334,1,0.0,False,False
left,720575941662746748,KCab,0,0.0,0.0,0,0.0,False,False
left,720575941662770044,KCg,0,0.0,0.13333333333333333,1,0.0,False,False
left,720575941662807420,KCab,0,0.0,0.4666666666666667,2,0.3571428571428571,False,False
left,720575941663081852,KCa'b',0,0.0,0.26666666666666666,2,0.0,False,False
left,720575941663408764,KC,4,0.0,0.5333333333333333,2,0.0625,False,True
left,720575941663981948,KC,0,0.0,0.5,2,0.0,False,False
left,720575941666201843,KCg,59,0.152,2.533333333333333,6,0.4605263157894737,True,True
left,720575941667643569,KC,67,0.036,2.1666666666666665,4,0.7538461538461538,True,True
left,720575941667942131,KCg,0,0.0,0.13333333333333333,1,0.0,False,False
left,720575941668016627,KCab,0,0.0,0.5,4,0.0,False,False
left,720575941668047603,KCg,2,0.0,0.5666666666666667,1,0.0,False,True
left,720575941668103089,KCg,2,0.002,1.0333333333333334,3,0.0,False,True
left,720575941668261363,KCab,6,0.01,1.5,4,0.0,False,True
left,720575941668509171,KCg,0,0.0,0.03333333333333333,1,0.0,False,False
left,720575941668712113,KCg,0,0.0,0.3333333333333333,1,0.0,False,False
left,720575941668872625,KCg,0,0.0,0.0,0,0.0,False,False
left,720575941669106855,KCg,20,0.0,0.8666666666666667,2,0.0,False,True
left,720575941669351079,KC,0,0.0,0.3,1,0.0,False,False
left,720575941669461937,KCab,0,0.0,0.0,0,0.0,False,False
left,720575941669470385,KCg,0,0.0,0.16666666666666666,2,0.0,False,False
left,720575941669470641,KCab,19,0.0,0.7,2,0.4761904761904762,False,True
left,720575941669482929,KCab,0,0.0,0.03333333333333333,1,0.0,False,False
left,720575941669486513,KCg,0,0.0,0.4666666666666667,2,0.0,False,False
left,720575941669688999,KCg,0,0.0,0.0,0,0.0,False,False
left,720575941670132913,KCg,0,0.0,0.0,0,0.0,False,False
left,720575941670391207,KCg,43,0.0,1.3666666666666667,2,0.6341463414634146,False,True
left,720575941670456999,KCg,0,0.0,0.16666666666666666,1,0.0,False,False
left,720575941670467495,KCab,17,0.002,1.1,2,0.6363636363636362,False,True
left,720575941670620327,KCapbp,0,0.0,0.03333333333333333,1,0.0,False,False
left,720575941670865329,KCab,12,0.0,1.0333333333333332,3,0.6774193548387097,False,True
left,720575941671111335,KCab,13,0.0,0.7,3,0.8571428571428572,False,True
left,720575941671315879,KCab,1,0.0,1.0,3,0.36666666666666664,False,True
left,720575941671644839,KCa'b',0,0.0,0.4,1,0.0,False,False
left,720575941679137213,KCg,0,0.0,0.0,0,0.0,False,False
left,720575941680017341,KCg,0,0.0,0.0,0,0.0,False,False
left,720575941680020413,KCa'b',0,0.0,0.3,1,1.0,False,False
left,720575941680020669,KCa'b',0,0.0,0.4,1,0.0,False,False
left,720575941680064445,KCab,6,0.032,0.8666666666666667,2,0.0,False,True
left,720575941680324541,KCg,0,0.0,0.0,0,0.0,False,False
left,720575941680356541,KCg,0,0.0,0.1,1,1.0,False,False
left,720575941680381117,KCg,0,0.0,0.33333333333333337,4,0.6,False,False
left,720575941681284797,KCapbp,0,0.0,0.23333333333333334,1,0.0,False,False
left,720575941685239023,KCab,25,0.062,1.0666666666666667,2,0.0,False,True
left,720575941685675247,KC,0,0.0,0.6333333333333333,5,0.4210526315789474,False,False
left,720575941686720630,KCab,3,0.002,0.7666666666666666,2,0.0,False,True
left,720575941686871535,KCab,0,0.0,0.30000000000000004,2,0.6666666666666666,False,False
left,720575941686893039,KCg,0,0.0,0.23333333333333334,1,1.0,False,False
left,720575941686952175,KCg,1,0.0,0.7333333333333334,3,0.0,False,True
left,720575941687018223,KCg,0,0.0,0.3333333333333333,3,0.4,False,False
left,720575941687197423,KCg,0,0.0,0.26666666666666666,3,0.375,False,False
left,720575941687574511,KCg,0,0.0,0.0,0,0.0,False,False
left,720575941687587311,KCg,10,0.006,0.7999999999999999,5,0.04166666666666667,False,True
left,720575941687632758,KCg,0,0.0,0.36666666666666664,1,0.0,False,False
left,720575941687754508,KCg,8,0.0,0.7666666666666666,4,0.3478260869565218,False,True
left,720575941687756556,KCab,0,0.0,0.3333333333333333,2,0.0,False,False
left,720575941687825164,KCab,0,0.0,0.0,0,0.0,False,False
left,720575941687825903,KCg,0,0.0,0.1,2,0.0,False,False
left,720575941687885430,KCab,16,0.0,0.9666666666666666,3,0.7241379310344828,False,True
left,720575941687981324,KC,10,0.0,0.6666666666666666,2,0.0,False,True
left,720575941688153051,KCab,0,0.0,0.13333333333333333,2,0.0,False,False
left,720575941688166156,KCg,0,0.0,0.03333333333333333,1,1.0,False,False
left,720575941688177676,KCg,0,0.0,0.0,0,0.0,False,False
left,720575941688300662,KCg,0,0.0,0.23333333333333334,3,0.0,False,False
left,720575941688305270,KCg,6,0.004,0.8,4,0.0,False,True
left,720575941688314742,KC,0,0.0,0.0,0,0.0,False,False
left,720575941688475611,KCg,0,0.0,0.5666666666666667,3,0.823529411764706,False,False
left,720575941688490392,KCab,0,0.0,0.6,3,0.0,False,False
left,720575941688839692,KCa'b',0,0.0,0.03333333333333333,1,0.0,False,False
left,720575941688843160,KCg,0,0.0,0.13333333333333333,1,0.0,False,False
left,720575941689503707,KC,0,0.0,0.0,0,0.0,False,False
left,720575941689575643,KCg,0,0.0,0.13333333333333333,1,0.0,False,False
left,720575941689605595,KCab,0,0.0,0.0,0,0.0,False,False
left,720575941689700059,KCab,0,0.0,0.3,1,1.0,False,False
left,720575941689797016,KC,0,0.0,0.13333333333333333,2,0.0,False,False
left,720575941689895832,KCab,66,0.08,1.6333333333333335,3,0.0,True,True
left,720575941690091160,KCa'b',65,0.094,1.2,2,0.0,True,True
left,720575941690114200,KCg,25,0.076,1.5666666666666667,6,0.2127659574468085,False,True
left,720575941690341083,KCg,0,0.0,0.39999999999999997,2,0.0,False,False
left,720575941690345179,KCab,0,0.0,0.3,1,0.0,False,False
left,720575941690584728,KCg,0,0.0,0.6,3,0.0,False,False
left,720575941691085720,KCab,0,0.0,0.7999999999999999,5,0.0,False,False
left,720575941692473563,KCg,0,0.0,0.0,0,0.0,False,False
left,720575941692701592,KC,0,0.0,0.06666666666666667,2,0.0,False,False
left,720575941702037210,KCg,0,0.0,0.0,0,0.0,False,False
left,720575941702037466,KCg,0,0.0,0.03333333333333333,1,0.0,False,False
left,720575941702084314,KCab,0,0.0,0.03333333333333333,1,1.0,False,False
left,720575941702087386,KC,0,0.0,0.1,2,0.6666666666666666,False,False
left,720575941702296282,KCa'b',0,0.0,0.06666666666666667,1,0.0,False,False
left,720575941702387674,KCab,0,0.0,0.5333333333333333,2,0.0,False,False
left,720575941702771674,KCa'b',0,0.0,0.0,0,0.0,False,False
left,720575941702773722,KCg,0,0.0,0.0,0,0.0,False,False
left,720575941702790362,KCg,0,0.0,0.1,1,0.0,False,False
left,720575941720986426,KCg,18,0.0,0.8666666666666667,4,0.0,False,True
left,720575941721235770,KCg,1,0.0,0.5333333333333333,1,1.0,False,True
left,720575941721244986,KCg,0,0.0,0.0,0,0.0,False,False
left,720575941722064186,KCab,0,0.0,0.0,0,0.0,False,False
left,720575941722383930,KCab,6,0.0,0.8666666666666667,2,1.0,False,True
left,720575941722398266,KCg,1,0.004,0.8333333333333334,1,0.0,False,True
left,720575941722410042,KCg,0,0.0,0.33333333333333337,2,0.39999999999999997,False,False
left,720575941730446635,KCab,0,0.0,0.06666666666666667,2,0.0,False,False
left,720575941730626091,KCab,0,0.0,0.19999999999999998,2,0.0,False,False
left,720575941730636843,KCab,53,0.01,1.1666666666666665,3,0.8285714285714286,False,True
left,720575941731520299,KC,0,0.0,0.4666666666666667,1,0.0,False,False
left,720575941731611691,KCab,0,0.0,0.26666666666666666,2,0.0,False,False
left,720575941731623723,KCg,0,0.0,0.4666666666666667,3,0.8571428571428572,False,False
left,720575941731659819,KCg,0,0.0,0.0,0,0.0,False,False
left,720575941731686443,KC,54,0.002,1.1666666666666667,3,0.5428571428571428,False,True
left,720575941731789611,KCg,0,0.0,0.7,3,0.04761904761904762,False,False
left,720575941731833643,KCg,0,0.0,0.0,0,0.0,False,False
left,720575941732181803,KC,28,0.0,1.1333333333333333,2,0.5,False,True
left,720575941732201259,KCg,0,0.0,0.0,0,0.0,False,False
left,720575941732219947,KCg,0,0.0,0.3,5,0.22222222222222224,False,False
left,720575941732226603,KC,0,0.0,0.0,0,0.0,False,False
left,720575941733677867,KCapbp,0,0.0,0.03333333333333333,1,0.0,False,False
